A0A0F9HFW2	3dcoffee	lddt	0.646978
A0A0F9HFW2	3dcoffee	lddt_columns	197/216
A0A0F9HFW2	3dcoffee_osc	lddt	0.709376
A0A0F9HFW2	3dcoffee_osc	lddt_columns	197/216
A0A0F9HFW2	3dcoffee	time	357.97
A0A0F9HFW2	caretta	lddt	0.822106
A0A0F9HFW2	caretta	lddt_columns	165/177
A0A0F9HFW2	caretta_osc	lddt	0.881895
A0A0F9HFW2	caretta_osc	lddt_columns	165/177
A0A0F9HFW2	caretta	time	45.53
A0A0F9HFW2	clustalo	lddt	0.788821
A0A0F9HFW2	clustalo	lddt_columns	168/182
A0A0F9HFW2	clustalo_osc	lddt	0.854557
A0A0F9HFW2	clustalo_osc	lddt_columns	168/182
A0A0F9HFW2	clustalo	time	0.10
A0A0F9HFW2	famsa	lddt	0.798885
A0A0F9HFW2	famsa	lddt_columns	168/181
A0A0F9HFW2	famsa_osc	lddt	0.860703
A0A0F9HFW2	famsa_osc	lddt_columns	168/181
A0A0F9HFW2	famsa	time	0.08
A0A0F9HFW2	foldmason_fast	lddt	0.812811
A0A0F9HFW2	foldmason_fast	lddt_columns	165/177
A0A0F9HFW2	foldmason_fast_osc	lddt	0.871924
A0A0F9HFW2	foldmason_fast_osc	lddt_columns	165/177
A0A0F9HFW2	foldmason_fast	time	1.55
A0A0F9HFW2	foldmason	lddt	0.804064
A0A0F9HFW2	foldmason	lddt_columns	167/178
A0A0F9HFW2	foldmason_osc	lddt	0.857026
A0A0F9HFW2	foldmason_osc	lddt_columns	167/178
A0A0F9HFW2	foldmason_refine100	lddt	0.805119
A0A0F9HFW2	foldmason_refine100	lddt_columns	171/178
A0A0F9HFW2	foldmason_refine100_osc	lddt	0.838077
A0A0F9HFW2	foldmason_refine100_osc	lddt_columns	171/178
A0A0F9HFW2	foldmason_refine100_rosc	lddt	0.798398
A0A0F9HFW2	foldmason_refine100_rosc	lddt_columns	165/179
A0A0F9HFW2	foldmason_refine100_rosc_osc	lddt	0.866140
A0A0F9HFW2	foldmason_refine100_rosc_osc	lddt_columns	165/179
A0A0F9HFW2	foldmason_refine100_rosc	time	3.79
A0A0F9HFW2	foldmason_refine100	time	3.99
A0A0F9HFW2	foldmason	time	0.52
A0A0F9HFW2	mafft_3di	lddt	0.819504
A0A0F9HFW2	mafft_3di	lddt_columns	164/177
A0A0F9HFW2	mafft_3di_osc	lddt	0.884465
A0A0F9HFW2	mafft_3di_osc	lddt_columns	164/177
A0A0F9HFW2	mafft_3di	time	0.27
A0A0F9HFW2	mafft	lddt	0.802932
A0A0F9HFW2	mafft	lddt_columns	168/179
A0A0F9HFW2	mafft_osc	lddt	0.855505
A0A0F9HFW2	mafft_osc	lddt_columns	168/179
A0A0F9HFW2	mafft	time	0.48
A0A0F9HFW2	matt	lddt	0.682536
A0A0F9HFW2	matt	lddt_columns	171/210
A0A0F9HFW2	matt_osc	lddt	0.838203
A0A0F9HFW2	matt_osc	lddt_columns	171/210
A0A0F9HFW2	matt	time	1289.70
A0A0F9HFW2	mtmalign	lddt	0.696990
A0A0F9HFW2	mtmalign	lddt_columns	174/208
A0A0F9HFW2	mtmalign_osc	lddt	0.833183
A0A0F9HFW2	mtmalign_osc	lddt_columns	174/208
A0A0F9HFW2	mtmalign	time	18.26
A0A0F9HFW2	muscle	lddt	0.734727
A0A0F9HFW2	muscle	lddt_columns	170/191
A0A0F9HFW2	muscle_osc	lddt	0.825488
A0A0F9HFW2	muscle_osc	lddt_columns	170/191
A0A0F9HFW2	muscle	time	1.79
A0A0F9HFW2	mustang	lddt	0.721549
A0A0F9HFW2	mustang	lddt_columns	169/199
A0A0F9HFW2	mustang_osc	lddt	0.849634
A0A0F9HFW2	mustang_osc	lddt_columns	169/199
A0A0F9HFW2	mustang	time	100.98
A0A0F9HFW2	usalign	lddt	0.758622
A0A0F9HFW2	usalign	lddt_columns	167/191
A0A0F9HFW2	usalign_osc	lddt	0.867646
A0A0F9HFW2	usalign_osc	lddt_columns	167/191
A0A0F9HFW2	usalign	time	6.95
A0A0G0MVR5	3dcoffee	lddt	0.544743
A0A0G0MVR5	3dcoffee	lddt_columns	171/215
A0A0G0MVR5	3dcoffee_osc	lddt	0.684911
A0A0G0MVR5	3dcoffee_osc	lddt_columns	171/215
A0A0G0MVR5	3dcoffee	time	350.18
A0A0G0MVR5	caretta	lddt	0.600951
A0A0G0MVR5	caretta	lddt_columns	176/187
A0A0G0MVR5	caretta_osc	lddt	0.638510
A0A0G0MVR5	caretta_osc	lddt_columns	176/187
A0A0G0MVR5	caretta	time	50.00
A0A0G0MVR5	clustalo	lddt	0.538872
A0A0G0MVR5	clustalo	lddt_columns	191/213
A0A0G0MVR5	clustalo_osc	lddt	0.600941
A0A0G0MVR5	clustalo_osc	lddt_columns	191/213
A0A0G0MVR5	clustalo	time	0.12
A0A0G0MVR5	famsa	lddt	0.559652
A0A0G0MVR5	famsa	lddt_columns	170/201
A0A0G0MVR5	famsa_osc	lddt	0.661706
A0A0G0MVR5	famsa_osc	lddt_columns	170/201
A0A0G0MVR5	famsa	time	0.14
A0A0G0MVR5	foldmason_fast	lddt	0.580439
A0A0G0MVR5	foldmason_fast	lddt_columns	171/199
A0A0G0MVR5	foldmason_fast_osc	lddt	0.675482
A0A0G0MVR5	foldmason_fast_osc	lddt_columns	171/199
A0A0G0MVR5	foldmason_fast	time	1.48
A0A0G0MVR5	foldmason	lddt	0.608697
A0A0G0MVR5	foldmason	lddt_columns	180/195
A0A0G0MVR5	foldmason_osc	lddt	0.659422
A0A0G0MVR5	foldmason_osc	lddt_columns	180/195
A0A0G0MVR5	foldmason_refine100	lddt	0.615599
A0A0G0MVR5	foldmason_refine100	lddt_columns	192/195
A0A0G0MVR5	foldmason_refine100_osc	lddt	0.625217
A0A0G0MVR5	foldmason_refine100_osc	lddt_columns	192/195
A0A0G0MVR5	foldmason_refine100_rosc	lddt	0.599938
A0A0G0MVR5	foldmason_refine100_rosc	lddt_columns	179/198
A0A0G0MVR5	foldmason_refine100_rosc_osc	lddt	0.663618
A0A0G0MVR5	foldmason_refine100_rosc_osc	lddt_columns	179/198
A0A0G0MVR5	foldmason_refine100_rosc	time	4.39
A0A0G0MVR5	foldmason_refine100	time	4.47
A0A0G0MVR5	foldmason	time	0.24
A0A0G0MVR5	mafft_3di	lddt	0.583242
A0A0G0MVR5	mafft_3di	lddt_columns	159/194
A0A0G0MVR5	mafft_3di_osc	lddt	0.711629
A0A0G0MVR5	mafft_3di_osc	lddt_columns	159/194
A0A0G0MVR5	mafft_3di	time	0.31
A0A0G0MVR5	mafft	lddt	0.469829
A0A0G0MVR5	mafft	lddt_columns	197/244
A0A0G0MVR5	mafft_osc	lddt	0.581920
A0A0G0MVR5	mafft_osc	lddt_columns	197/244
A0A0G0MVR5	mafft	time	0.50
A0A0G0MVR5	matt	lddt	0.227311
A0A0G0MVR5	matt	lddt_columns	194/478
A0A0G0MVR5	matt_osc	lddt	0.560074
A0A0G0MVR5	matt_osc	lddt_columns	194/478
A0A0G0MVR5	matt	time	70.11
A0A0G0MVR5	mtmalign	lddt	0.290262
A0A0G0MVR5	mtmalign	lddt_columns	187/408
A0A0G0MVR5	mtmalign_osc	lddt	0.633298
A0A0G0MVR5	mtmalign_osc	lddt_columns	187/408
A0A0G0MVR5	mtmalign	time	37.34
A0A0G0MVR5	muscle	lddt	0.490233
A0A0G0MVR5	muscle	lddt_columns	170/225
A0A0G0MVR5	muscle_osc	lddt	0.648838
A0A0G0MVR5	muscle_osc	lddt_columns	170/225
A0A0G0MVR5	muscle	time	1.69
A0A0G0MVR5	mustang	lddt	0.378942
A0A0G0MVR5	mustang	lddt_columns	173/302
A0A0G0MVR5	mustang_osc	lddt	0.661506
A0A0G0MVR5	mustang_osc	lddt_columns	173/302
A0A0G0MVR5	mustang	time	30.76
A0A0G0MVR5	usalign	lddt	0.390134
A0A0G0MVR5	usalign	lddt_columns	195/310
A0A0G0MVR5	usalign_osc	lddt	0.620214
A0A0G0MVR5	usalign_osc	lddt_columns	195/310
A0A0G0MVR5	usalign	time	5.10
A0A0Q9LYH2	3dcoffee	lddt	0.717753
A0A0Q9LYH2	3dcoffee	lddt_columns	183/194
A0A0Q9LYH2	3dcoffee_osc	lddt	0.760897
A0A0Q9LYH2	3dcoffee_osc	lddt_columns	183/194
A0A0Q9LYH2	3dcoffee	time	299.53
A0A0Q9LYH2	caretta	lddt	0.733115
A0A0Q9LYH2	caretta	lddt_columns	184/189
A0A0Q9LYH2	caretta_osc	lddt	0.753036
A0A0Q9LYH2	caretta_osc	lddt_columns	184/189
A0A0Q9LYH2	caretta	time	47.11
A0A0Q9LYH2	clustalo	lddt	0.684491
A0A0Q9LYH2	clustalo	lddt_columns	186/199
A0A0Q9LYH2	clustalo_osc	lddt	0.732332
A0A0Q9LYH2	clustalo_osc	lddt_columns	186/199
A0A0Q9LYH2	clustalo	time	0.11
A0A0Q9LYH2	famsa	lddt	0.651054
A0A0Q9LYH2	famsa	lddt_columns	190/205
A0A0Q9LYH2	famsa_osc	lddt	0.702453
A0A0Q9LYH2	famsa_osc	lddt_columns	190/205
A0A0Q9LYH2	famsa	time	0.07
A0A0Q9LYH2	foldmason_fast	lddt	0.718990
A0A0Q9LYH2	foldmason_fast	lddt_columns	185/191
A0A0Q9LYH2	foldmason_fast_osc	lddt	0.742309
A0A0Q9LYH2	foldmason_fast_osc	lddt_columns	185/191
A0A0Q9LYH2	foldmason_fast	time	1.52
A0A0Q9LYH2	foldmason	lddt	0.735276
A0A0Q9LYH2	foldmason	lddt_columns	184/189
A0A0Q9LYH2	foldmason_osc	lddt	0.755256
A0A0Q9LYH2	foldmason_osc	lddt_columns	184/189
A0A0Q9LYH2	foldmason_refine100	lddt	0.736480
A0A0Q9LYH2	foldmason_refine100	lddt_columns	184/189
A0A0Q9LYH2	foldmason_refine100_osc	lddt	0.756493
A0A0Q9LYH2	foldmason_refine100_osc	lddt_columns	184/189
A0A0Q9LYH2	foldmason_refine100_rosc	lddt	0.678965
A0A0Q9LYH2	foldmason_refine100_rosc	lddt_columns	178/202
A0A0Q9LYH2	foldmason_refine100_rosc_osc	lddt	0.770511
A0A0Q9LYH2	foldmason_refine100_rosc_osc	lddt_columns	178/202
A0A0Q9LYH2	foldmason_refine100_rosc	time	4.74
A0A0Q9LYH2	foldmason_refine100	time	4.72
A0A0Q9LYH2	foldmason	time	0.34
A0A0Q9LYH2	mafft_3di	lddt	0.688740
A0A0Q9LYH2	mafft_3di	lddt_columns	175/189
A0A0Q9LYH2	mafft_3di_osc	lddt	0.743840
A0A0Q9LYH2	mafft_3di_osc	lddt_columns	175/189
A0A0Q9LYH2	mafft_3di	time	0.31
A0A0Q9LYH2	mafft	lddt	0.707826
A0A0Q9LYH2	mafft	lddt_columns	182/193
A0A0Q9LYH2	mafft_osc	lddt	0.750606
A0A0Q9LYH2	mafft_osc	lddt_columns	182/193
A0A0Q9LYH2	mafft	time	0.43
A0A0Q9LYH2	matt	lddt	0.578447
A0A0Q9LYH2	matt	lddt_columns	194/241
A0A0Q9LYH2	matt_osc	lddt	0.718587
A0A0Q9LYH2	matt_osc	lddt_columns	194/241
A0A0Q9LYH2	matt	time	958.80
A0A0Q9LYH2	mtmalign	lddt	0.524599
A0A0Q9LYH2	mtmalign	lddt_columns	194/266
A0A0Q9LYH2	mtmalign_osc	lddt	0.719296
A0A0Q9LYH2	mtmalign_osc	lddt_columns	194/266
A0A0Q9LYH2	mtmalign	time	14.65
A0A0Q9LYH2	muscle	lddt	0.670097
A0A0Q9LYH2	muscle	lddt_columns	182/203
A0A0Q9LYH2	muscle_osc	lddt	0.747415
A0A0Q9LYH2	muscle_osc	lddt_columns	182/203
A0A0Q9LYH2	muscle	time	1.46
A0A0Q9LYH2	mustang	lddt	0.602435
A0A0Q9LYH2	mustang	lddt_columns	180/229
A0A0Q9LYH2	mustang_osc	lddt	0.766431
A0A0Q9LYH2	mustang_osc	lddt_columns	180/229
A0A0Q9LYH2	mustang	time	64.01
A0A0Q9LYH2	usalign	lddt	0.661647
A0A0Q9LYH2	usalign	lddt_columns	190/212
A0A0Q9LYH2	usalign_osc	lddt	0.738258
A0A0Q9LYH2	usalign_osc	lddt_columns	190/212
A0A0Q9LYH2	usalign	time	5.30
A0A150M8U2	3dcoffee	lddt	0.609610
A0A150M8U2	3dcoffee	lddt_columns	174/201
A0A150M8U2	3dcoffee_osc	lddt	0.704205
A0A150M8U2	3dcoffee_osc	lddt_columns	174/201
A0A150M8U2	3dcoffee	time	267.23
A0A150M8U2	caretta	lddt	0.648895
A0A150M8U2	caretta	lddt_columns	173/185
A0A150M8U2	caretta_osc	lddt	0.693905
A0A150M8U2	caretta_osc	lddt_columns	173/185
A0A150M8U2	caretta	time	85.55
A0A150M8U2	clustalo	lddt	0.460592
A0A150M8U2	clustalo	lddt_columns	189/253
A0A150M8U2	clustalo_osc	lddt	0.616560
A0A150M8U2	clustalo_osc	lddt_columns	189/253
A0A150M8U2	clustalo	time	0.16
A0A150M8U2	famsa	lddt	0.653071
A0A150M8U2	famsa	lddt_columns	158/176
A0A150M8U2	famsa_osc	lddt	0.727471
A0A150M8U2	famsa_osc	lddt_columns	158/176
A0A150M8U2	famsa	time	0.07
A0A150M8U2	foldmason_fast	lddt	0.642457
A0A150M8U2	foldmason_fast	lddt_columns	173/182
A0A150M8U2	foldmason_fast_osc	lddt	0.675879
A0A150M8U2	foldmason_fast_osc	lddt_columns	173/182
A0A150M8U2	foldmason_fast	time	0.44
A0A150M8U2	foldmason	lddt	0.637641
A0A150M8U2	foldmason	lddt_columns	185/189
A0A150M8U2	foldmason_osc	lddt	0.651427
A0A150M8U2	foldmason_osc	lddt_columns	185/189
A0A150M8U2	foldmason_refine100	lddt	0.653671
A0A150M8U2	foldmason_refine100	lddt_columns	182/184
A0A150M8U2	foldmason_refine100_osc	lddt	0.660855
A0A150M8U2	foldmason_refine100_osc	lddt_columns	182/184
A0A150M8U2	foldmason_refine100_rosc	lddt	0.573908
A0A150M8U2	foldmason_refine100_rosc	lddt_columns	173/204
A0A150M8U2	foldmason_refine100_rosc_osc	lddt	0.676747
A0A150M8U2	foldmason_refine100_rosc_osc	lddt_columns	173/204
A0A150M8U2	foldmason_refine100_rosc	time	4.63
A0A150M8U2	foldmason_refine100	time	4.90
A0A150M8U2	foldmason	time	0.26
A0A150M8U2	mafft_3di	lddt	0.617748
A0A150M8U2	mafft_3di	lddt_columns	157/190
A0A150M8U2	mafft_3di_osc	lddt	0.747593
A0A150M8U2	mafft_3di_osc	lddt_columns	157/190
A0A150M8U2	mafft_3di	time	0.32
A0A150M8U2	mafft	lddt	0.542472
A0A150M8U2	mafft	lddt_columns	174/212
A0A150M8U2	mafft_osc	lddt	0.660943
A0A150M8U2	mafft_osc	lddt_columns	174/212
A0A150M8U2	mafft	time	0.42
A0A150M8U2	matt	lddt	0.340903
A0A150M8U2	matt	lddt_columns	206/356
A0A150M8U2	matt_osc	lddt	0.589133
A0A150M8U2	matt_osc	lddt_columns	206/356
A0A150M8U2	matt	time	58.25
A0A150M8U2	mtmalign	lddt	0.389635
A0A150M8U2	mtmalign	lddt_columns	178/315
A0A150M8U2	mtmalign_osc	lddt	0.689523
A0A150M8U2	mtmalign_osc	lddt_columns	178/315
A0A150M8U2	mtmalign	time	12.27
A0A150M8U2	muscle	lddt	0.528235
A0A150M8U2	muscle	lddt_columns	155/214
A0A150M8U2	muscle_osc	lddt	0.729305
A0A150M8U2	muscle_osc	lddt_columns	155/214
A0A150M8U2	muscle	time	1.64
A0A150M8U2	mustang	lddt	0.498018
A0A150M8U2	mustang	lddt_columns	173/244
A0A150M8U2	mustang_osc	lddt	0.702406
A0A150M8U2	mustang_osc	lddt_columns	173/244
A0A150M8U2	mustang	time	28.25
A0A150M8U2	usalign	lddt	0.517082
A0A150M8U2	usalign	lddt_columns	191/244
A0A150M8U2	usalign_osc	lddt	0.660566
A0A150M8U2	usalign_osc	lddt_columns	191/244
A0A150M8U2	usalign	time	4.21
A0A1B1NTB9	3dcoffee	lddt	0.518815
A0A1B1NTB9	3dcoffee	lddt_columns	203/228
A0A1B1NTB9	3dcoffee_osc	lddt	0.582709
A0A1B1NTB9	3dcoffee_osc	lddt_columns	203/228
A0A1B1NTB9	3dcoffee	time	278.21
A0A1B1NTB9	caretta	lddt	0.559692
A0A1B1NTB9	caretta	lddt_columns	200/208
A0A1B1NTB9	caretta_osc	lddt	0.582080
A0A1B1NTB9	caretta_osc	lddt_columns	200/208
A0A1B1NTB9	caretta	time	46.49
A0A1B1NTB9	clustalo	lddt	0.482126
A0A1B1NTB9	clustalo	lddt_columns	187/216
A0A1B1NTB9	clustalo_osc	lddt	0.556894
A0A1B1NTB9	clustalo_osc	lddt_columns	187/216
A0A1B1NTB9	clustalo	time	0.12
A0A1B1NTB9	famsa	lddt	0.446850
A0A1B1NTB9	famsa	lddt_columns	182/223
A0A1B1NTB9	famsa_osc	lddt	0.547513
A0A1B1NTB9	famsa_osc	lddt_columns	182/223
A0A1B1NTB9	famsa	time	0.08
A0A1B1NTB9	foldmason_fast	lddt	0.518806
A0A1B1NTB9	foldmason_fast	lddt_columns	200/212
A0A1B1NTB9	foldmason_fast_osc	lddt	0.549935
A0A1B1NTB9	foldmason_fast_osc	lddt_columns	200/212
A0A1B1NTB9	foldmason_fast	time	1.68
A0A1B1NTB9	foldmason	lddt	0.552461
A0A1B1NTB9	foldmason	lddt_columns	199/207
A0A1B1NTB9	foldmason_osc	lddt	0.574671
A0A1B1NTB9	foldmason_osc	lddt_columns	199/207
A0A1B1NTB9	foldmason_refine100	lddt	0.556547
A0A1B1NTB9	foldmason_refine100	lddt_columns	201/206
A0A1B1NTB9	foldmason_refine100_osc	lddt	0.570392
A0A1B1NTB9	foldmason_refine100_osc	lddt_columns	201/206
A0A1B1NTB9	foldmason_refine100_rosc	lddt	0.550884
A0A1B1NTB9	foldmason_refine100_rosc	lddt_columns	196/207
A0A1B1NTB9	foldmason_refine100_rosc_osc	lddt	0.581801
A0A1B1NTB9	foldmason_refine100_rosc_osc	lddt_columns	196/207
A0A1B1NTB9	foldmason_refine100_rosc	time	8.95
A0A1B1NTB9	foldmason_refine100	time	5.31
A0A1B1NTB9	foldmason	time	0.23
A0A1B1NTB9	mafft_3di	lddt	0.549622
A0A1B1NTB9	mafft_3di	lddt_columns	189/201
A0A1B1NTB9	mafft_3di_osc	lddt	0.584518
A0A1B1NTB9	mafft_3di_osc	lddt_columns	189/201
A0A1B1NTB9	mafft_3di	time	0.45
A0A1B1NTB9	mafft	lddt	0.497609
A0A1B1NTB9	mafft	lddt_columns	192/212
A0A1B1NTB9	mafft_osc	lddt	0.549444
A0A1B1NTB9	mafft_osc	lddt_columns	192/212
A0A1B1NTB9	mafft	time	0.45
A0A1B1NTB9	matt	lddt	0.397602
A0A1B1NTB9	matt	lddt_columns	237/310
A0A1B1NTB9	matt_osc	lddt	0.520071
A0A1B1NTB9	matt_osc	lddt_columns	237/310
A0A1B1NTB9	matt	time	57.44
A0A1B1NTB9	mtmalign	lddt	0.402062
A0A1B1NTB9	mtmalign	lddt_columns	237/312
A0A1B1NTB9	mtmalign_osc	lddt	0.529297
A0A1B1NTB9	mtmalign_osc	lddt_columns	237/312
A0A1B1NTB9	mtmalign	time	12.57
A0A1B1NTB9	muscle	lddt	0.423535
A0A1B1NTB9	muscle	lddt_columns	202/245
A0A1B1NTB9	muscle_osc	lddt	0.513694
A0A1B1NTB9	muscle_osc	lddt_columns	202/245
A0A1B1NTB9	muscle	time	1.68
A0A1B1NTB9	mustang	lddt	0.463019
A0A1B1NTB9	mustang	lddt_columns	210/256
A0A1B1NTB9	mustang_osc	lddt	0.564442
A0A1B1NTB9	mustang_osc	lddt_columns	210/256
A0A1B1NTB9	mustang	time	32.51
A0A1B1NTB9	usalign	lddt	0.494487
A0A1B1NTB9	usalign	lddt_columns	209/247
A0A1B1NTB9	usalign_osc	lddt	0.584394
A0A1B1NTB9	usalign_osc	lddt_columns	209/247
A0A1B1NTB9	usalign	time	4.94
A0A1F6CR99	3dcoffee	lddt	0.623702
A0A1F6CR99	3dcoffee	lddt_columns	180/207
A0A1F6CR99	3dcoffee_osc	lddt	0.717258
A0A1F6CR99	3dcoffee_osc	lddt_columns	180/207
A0A1F6CR99	3dcoffee	time	291.92
A0A1F6CR99	caretta	lddt	0.598034
A0A1F6CR99	caretta	lddt_columns	172/208
A0A1F6CR99	caretta_osc	lddt	0.723204
A0A1F6CR99	caretta_osc	lddt_columns	172/208
A0A1F6CR99	caretta	time	47.56
A0A1F6CR99	clustalo	lddt	0.599653
A0A1F6CR99	clustalo	lddt_columns	179/209
A0A1F6CR99	clustalo_osc	lddt	0.700153
A0A1F6CR99	clustalo_osc	lddt_columns	179/209
A0A1F6CR99	clustalo	time	0.11
A0A1F6CR99	famsa	lddt	0.574200
A0A1F6CR99	famsa	lddt_columns	180/214
A0A1F6CR99	famsa_osc	lddt	0.682660
A0A1F6CR99	famsa_osc	lddt_columns	180/214
A0A1F6CR99	famsa	time	0.07
A0A1F6CR99	foldmason_fast	lddt	0.615170
A0A1F6CR99	foldmason_fast	lddt_columns	182/199
A0A1F6CR99	foldmason_fast_osc	lddt	0.672631
A0A1F6CR99	foldmason_fast_osc	lddt_columns	182/199
A0A1F6CR99	foldmason_fast	time	1.39
A0A1F6CR99	foldmason	lddt	0.592968
A0A1F6CR99	foldmason	lddt_columns	180/213
A0A1F6CR99	foldmason_osc	lddt	0.701679
A0A1F6CR99	foldmason_osc	lddt_columns	180/213
A0A1F6CR99	foldmason_refine100	lddt	0.651515
A0A1F6CR99	foldmason_refine100	lddt_columns	196/198
A0A1F6CR99	foldmason_refine100_osc	lddt	0.658163
A0A1F6CR99	foldmason_refine100_osc	lddt_columns	196/198
A0A1F6CR99	foldmason_refine100_rosc	lddt	0.595326
A0A1F6CR99	foldmason_refine100_rosc	lddt_columns	176/211
A0A1F6CR99	foldmason_refine100_rosc_osc	lddt	0.713715
A0A1F6CR99	foldmason_refine100_rosc_osc	lddt_columns	176/211
A0A1F6CR99	foldmason_refine100_rosc	time	4.65
A0A1F6CR99	foldmason_refine100	time	4.69
A0A1F6CR99	foldmason	time	0.24
A0A1F6CR99	mafft_3di	lddt	0.650851
A0A1F6CR99	mafft_3di	lddt_columns	177/196
A0A1F6CR99	mafft_3di_osc	lddt	0.720716
A0A1F6CR99	mafft_3di_osc	lddt_columns	177/196
A0A1F6CR99	mafft_3di	time	0.40
A0A1F6CR99	mafft	lddt	0.557708
A0A1F6CR99	mafft	lddt_columns	197/227
A0A1F6CR99	mafft_osc	lddt	0.642638
A0A1F6CR99	mafft_osc	lddt_columns	197/227
A0A1F6CR99	mafft	time	0.49
A0A1F6CR99	matt	lddt	0.396777
A0A1F6CR99	matt	lddt_columns	210/327
A0A1F6CR99	matt_osc	lddt	0.617838
A0A1F6CR99	matt_osc	lddt_columns	210/327
A0A1F6CR99	matt	time	781.92
A0A1F6CR99	mtmalign	lddt	0.407528
A0A1F6CR99	mtmalign	lddt_columns	201/320
A0A1F6CR99	mtmalign_osc	lddt	0.648801
A0A1F6CR99	mtmalign_osc	lddt_columns	201/320
A0A1F6CR99	mtmalign	time	14.57
A0A1F6CR99	muscle	lddt	0.554639
A0A1F6CR99	muscle	lddt_columns	176/222
A0A1F6CR99	muscle_osc	lddt	0.699602
A0A1F6CR99	muscle_osc	lddt_columns	176/222
A0A1F6CR99	muscle	time	1.54
A0A1F6CR99	mustang	lddt	0.453505
A0A1F6CR99	mustang	lddt_columns	183/278
A0A1F6CR99	mustang_osc	lddt	0.688930
A0A1F6CR99	mustang_osc	lddt_columns	183/278
A0A1F6CR99	mustang	time	68.57
A0A1F6CR99	usalign	lddt	0.493630
A0A1F6CR99	usalign	lddt_columns	200/265
A0A1F6CR99	usalign_osc	lddt	0.654060
A0A1F6CR99	usalign_osc	lddt_columns	200/265
A0A1F6CR99	usalign	time	5.64
A0A1G1JTQ0	3dcoffee	lddt	0.631918
A0A1G1JTQ0	3dcoffee	lddt_columns	164/188
A0A1G1JTQ0	3dcoffee_osc	lddt	0.724393
A0A1G1JTQ0	3dcoffee_osc	lddt_columns	164/188
A0A1G1JTQ0	3dcoffee	time	267.11
A0A1G1JTQ0	caretta	lddt	0.665163
A0A1G1JTQ0	caretta	lddt_columns	156/169
A0A1G1JTQ0	caretta_osc	lddt	0.720594
A0A1G1JTQ0	caretta_osc	lddt_columns	156/169
A0A1G1JTQ0	caretta	time	43.22
A0A1G1JTQ0	clustalo	lddt	0.608193
A0A1G1JTQ0	clustalo	lddt_columns	165/177
A0A1G1JTQ0	clustalo_osc	lddt	0.652425
A0A1G1JTQ0	clustalo_osc	lddt_columns	165/177
A0A1G1JTQ0	clustalo	time	0.09
A0A1G1JTQ0	famsa	lddt	0.616665
A0A1G1JTQ0	famsa	lddt_columns	160/177
A0A1G1JTQ0	famsa_osc	lddt	0.682185
A0A1G1JTQ0	famsa_osc	lddt_columns	160/177
A0A1G1JTQ0	famsa	time	0.07
A0A1G1JTQ0	foldmason_fast	lddt	0.634676
A0A1G1JTQ0	foldmason_fast	lddt_columns	164/174
A0A1G1JTQ0	foldmason_fast_osc	lddt	0.673375
A0A1G1JTQ0	foldmason_fast_osc	lddt_columns	164/174
A0A1G1JTQ0	foldmason_fast	time	2.95
A0A1G1JTQ0	foldmason	lddt	0.673101
A0A1G1JTQ0	foldmason	lddt_columns	164/171
A0A1G1JTQ0	foldmason_osc	lddt	0.701831
A0A1G1JTQ0	foldmason_osc	lddt_columns	164/171
A0A1G1JTQ0	foldmason_refine100	lddt	0.677108
A0A1G1JTQ0	foldmason_refine100	lddt_columns	167/171
A0A1G1JTQ0	foldmason_refine100_osc	lddt	0.693326
A0A1G1JTQ0	foldmason_refine100_osc	lddt_columns	167/171
A0A1G1JTQ0	foldmason_refine100_rosc	lddt	0.668645
A0A1G1JTQ0	foldmason_refine100_rosc	lddt_columns	160/172
A0A1G1JTQ0	foldmason_refine100_rosc_osc	lddt	0.718794
A0A1G1JTQ0	foldmason_refine100_rosc_osc	lddt_columns	160/172
A0A1G1JTQ0	foldmason_refine100_rosc	time	4.20
A0A1G1JTQ0	foldmason_refine100	time	4.21
A0A1G1JTQ0	foldmason	time	0.22
A0A1G1JTQ0	mafft_3di	lddt	0.668028
A0A1G1JTQ0	mafft_3di	lddt_columns	160/174
A0A1G1JTQ0	mafft_3di_osc	lddt	0.726480
A0A1G1JTQ0	mafft_3di_osc	lddt_columns	160/174
A0A1G1JTQ0	mafft_3di	time	0.30
A0A1G1JTQ0	mafft	lddt	0.637209
A0A1G1JTQ0	mafft	lddt_columns	160/173
A0A1G1JTQ0	mafft_osc	lddt	0.688983
A0A1G1JTQ0	mafft_osc	lddt_columns	160/173
A0A1G1JTQ0	mafft	time	0.35
A0A1G1JTQ0	matt	lddt	0.460989
A0A1G1JTQ0	matt	lddt_columns	167/250
A0A1G1JTQ0	matt_osc	lddt	0.690103
A0A1G1JTQ0	matt_osc	lddt_columns	167/250
A0A1G1JTQ0	matt	time	68.69
A0A1G1JTQ0	mtmalign	lddt	0.446088
A0A1G1JTQ0	mtmalign	lddt_columns	164/261
A0A1G1JTQ0	mtmalign_osc	lddt	0.709932
A0A1G1JTQ0	mtmalign_osc	lddt_columns	164/261
A0A1G1JTQ0	mtmalign	time	12.20
A0A1G1JTQ0	muscle	lddt	0.557852
A0A1G1JTQ0	muscle	lddt_columns	162/194
A0A1G1JTQ0	muscle_osc	lddt	0.668045
A0A1G1JTQ0	muscle_osc	lddt_columns	162/194
A0A1G1JTQ0	muscle	time	1.48
A0A1G1JTQ0	mustang	lddt	0.516600
A0A1G1JTQ0	mustang	lddt_columns	159/225
A0A1G1JTQ0	mustang_osc	lddt	0.731038
A0A1G1JTQ0	mustang_osc	lddt_columns	159/225
A0A1G1JTQ0	mustang	time	45.48
A0A1G1JTQ0	usalign	lddt	0.568503
A0A1G1JTQ0	usalign	lddt_columns	166/208
A0A1G1JTQ0	usalign_osc	lddt	0.712341
A0A1G1JTQ0	usalign_osc	lddt_columns	166/208
A0A1G1JTQ0	usalign	time	4.48
A0A1G1LTA3	3dcoffee	lddt	0.583709
A0A1G1LTA3	3dcoffee	lddt_columns	503/566
A0A1G1LTA3	3dcoffee_osc	lddt	0.656817
A0A1G1LTA3	3dcoffee_osc	lddt_columns	503/566
A0A1G1LTA3	3dcoffee	time	1193.70
A0A1G1LTA3	caretta	lddt	0.569829
A0A1G1LTA3	caretta	lddt_columns	495/525
A0A1G1LTA3	caretta_osc	lddt	0.604364
A0A1G1LTA3	caretta_osc	lddt_columns	495/525
A0A1G1LTA3	caretta	time	75.54
A0A1G1LTA3	clustalo	lddt	0.599143
A0A1G1LTA3	clustalo	lddt_columns	526/554
A0A1G1LTA3	clustalo_osc	lddt	0.631037
A0A1G1LTA3	clustalo_osc	lddt_columns	526/554
A0A1G1LTA3	clustalo	time	0.63
A0A1G1LTA3	famsa	lddt	0.585122
A0A1G1LTA3	famsa	lddt_columns	499/564
A0A1G1LTA3	famsa_osc	lddt	0.661341
A0A1G1LTA3	famsa_osc	lddt_columns	499/564
A0A1G1LTA3	famsa	time	0.22
A0A1G1LTA3	foldmason_fast	lddt	0.627873
A0A1G1LTA3	foldmason_fast	lddt_columns	513/539
A0A1G1LTA3	foldmason_fast_osc	lddt	0.659696
A0A1G1LTA3	foldmason_fast_osc	lddt_columns	513/539
A0A1G1LTA3	foldmason_fast	time	2.56
A0A1G1LTA3	foldmason	lddt	0.633344
A0A1G1LTA3	foldmason	lddt_columns	522/553
A0A1G1LTA3	foldmason_osc	lddt	0.670956
A0A1G1LTA3	foldmason_osc	lddt_columns	522/553
A0A1G1LTA3	foldmason_refine100	lddt	0.649033
A0A1G1LTA3	foldmason_refine100	lddt_columns	536/543
A0A1G1LTA3	foldmason_refine100_osc	lddt	0.657509
A0A1G1LTA3	foldmason_refine100_osc	lddt_columns	536/543
A0A1G1LTA3	foldmason_refine100_rosc	lddt	0.592648
A0A1G1LTA3	foldmason_refine100_rosc	lddt_columns	494/584
A0A1G1LTA3	foldmason_refine100_rosc_osc	lddt	0.700620
A0A1G1LTA3	foldmason_refine100_rosc_osc	lddt_columns	494/584
A0A1G1LTA3	foldmason_refine100_rosc	time	14.54
A0A1G1LTA3	foldmason_refine100	time	16.72
A0A1G1LTA3	foldmason	time	1.18
A0A1G1LTA3	mafft_3di	lddt	0.622615
A0A1G1LTA3	mafft_3di	lddt_columns	493/554
A0A1G1LTA3	mafft_3di_osc	lddt	0.699653
A0A1G1LTA3	mafft_3di_osc	lddt_columns	493/554
A0A1G1LTA3	mafft_3di	time	0.73
A0A1G1LTA3	mafft	lddt	0.618232
A0A1G1LTA3	mafft	lddt_columns	510/556
A0A1G1LTA3	mafft_osc	lddt	0.673994
A0A1G1LTA3	mafft_osc	lddt_columns	510/556
A0A1G1LTA3	mafft	time	1.67
A0A1G1LTA3	matt	lddt	0.187471
A0A1G1LTA3	matt	lddt_columns	739/1671
A0A1G1LTA3	matt_osc	lddt	0.423903
A0A1G1LTA3	matt_osc	lddt_columns	739/1671
A0A1G1LTA3	matt	time	745.66
A0A1G1LTA3	mtmalign	lddt	0.225847
A0A1G1LTA3	mtmalign	lddt_columns	715/1450
A0A1G1LTA3	mtmalign_osc	lddt	0.458012
A0A1G1LTA3	mtmalign_osc	lddt_columns	715/1450
A0A1G1LTA3	mtmalign	time	108.38
A0A1G1LTA3	muscle	lddt	0.564119
A0A1G1LTA3	muscle	lddt_columns	499/596
A0A1G1LTA3	muscle_osc	lddt	0.673778
A0A1G1LTA3	muscle_osc	lddt_columns	499/596
A0A1G1LTA3	muscle	time	7.52
A0A1G1LTA3	mustang	lddt	0.450764
A0A1G1LTA3	mustang	lddt_columns	572/785
A0A1G1LTA3	mustang_osc	lddt	0.618618
A0A1G1LTA3	mustang_osc	lddt_columns	572/785
A0A1G1LTA3	mustang	time	400.17
A0A1G1LTA3	usalign	lddt	0.322706
A0A1G1LTA3	usalign	lddt_columns	672/1017
A0A1G1LTA3	usalign_osc	lddt	0.488381
A0A1G1LTA3	usalign_osc	lddt_columns	672/1017
A0A1G1LTA3	usalign	time	40.61
A0A1G9C126	3dcoffee	lddt	0.674142
A0A1G9C126	3dcoffee	lddt_columns	177/202
A0A1G9C126	3dcoffee_osc	lddt	0.769359
A0A1G9C126	3dcoffee_osc	lddt_columns	177/202
A0A1G9C126	3dcoffee	time	281.33
A0A1G9C126	caretta	lddt	0.850350
A0A1G9C126	caretta	lddt_columns	162/167
A0A1G9C126	caretta_osc	lddt	0.876596
A0A1G9C126	caretta_osc	lddt_columns	162/167
A0A1G9C126	caretta	time	84.83
A0A1G9C126	clustalo	lddt	0.764944
A0A1G9C126	clustalo	lddt_columns	172/180
A0A1G9C126	clustalo_osc	lddt	0.800522
A0A1G9C126	clustalo_osc	lddt_columns	172/180
A0A1G9C126	clustalo	time	0.10
A0A1G9C126	famsa	lddt	0.785753
A0A1G9C126	famsa	lddt_columns	165/176
A0A1G9C126	famsa_osc	lddt	0.838136
A0A1G9C126	famsa_osc	lddt_columns	165/176
A0A1G9C126	famsa	time	0.07
A0A1G9C126	foldmason_fast	lddt	0.826908
A0A1G9C126	foldmason_fast	lddt_columns	162/169
A0A1G9C126	foldmason_fast_osc	lddt	0.862639
A0A1G9C126	foldmason_fast_osc	lddt_columns	162/169
A0A1G9C126	foldmason_fast	time	0.50
A0A1G9C126	foldmason	lddt	0.826973
A0A1G9C126	foldmason	lddt_columns	162/168
A0A1G9C126	foldmason_osc	lddt	0.857602
A0A1G9C126	foldmason_osc	lddt_columns	162/168
A0A1G9C126	foldmason_refine100	lddt	0.829498
A0A1G9C126	foldmason_refine100	lddt_columns	162/168
A0A1G9C126	foldmason_refine100_osc	lddt	0.860220
A0A1G9C126	foldmason_refine100_osc	lddt_columns	162/168
A0A1G9C126	foldmason_refine100_rosc	lddt	0.829498
A0A1G9C126	foldmason_refine100_rosc	lddt_columns	162/168
A0A1G9C126	foldmason_refine100_rosc_osc	lddt	0.860220
A0A1G9C126	foldmason_refine100_rosc_osc	lddt_columns	162/168
A0A1G9C126	foldmason_refine100_rosc	time	3.70
A0A1G9C126	foldmason_refine100	time	3.72
A0A1G9C126	foldmason	time	0.26
A0A1G9C126	mafft_3di	lddt	0.849130
A0A1G9C126	mafft_3di	lddt_columns	162/167
A0A1G9C126	mafft_3di_osc	lddt	0.875338
A0A1G9C126	mafft_3di_osc	lddt_columns	162/167
A0A1G9C126	mafft_3di	time	0.28
A0A1G9C126	mafft	lddt	0.844347
A0A1G9C126	mafft	lddt_columns	166/168
A0A1G9C126	mafft_osc	lddt	0.854520
A0A1G9C126	mafft_osc	lddt_columns	166/168
A0A1G9C126	mafft	time	0.39
A0A1G9C126	matt	lddt	0.720799
A0A1G9C126	matt	lddt_columns	163/195
A0A1G9C126	matt_osc	lddt	0.862305
A0A1G9C126	matt_osc	lddt_columns	163/195
A0A1G9C126	matt	time	1204.69
A0A1G9C126	mtmalign	lddt	0.719648
A0A1G9C126	mtmalign	lddt_columns	170/197
A0A1G9C126	mtmalign_osc	lddt	0.833945
A0A1G9C126	mtmalign_osc	lddt_columns	170/197
A0A1G9C126	mtmalign	time	16.29
A0A1G9C126	muscle	lddt	0.737424
A0A1G9C126	muscle	lddt_columns	162/186
A0A1G9C126	muscle_osc	lddt	0.846672
A0A1G9C126	muscle_osc	lddt_columns	162/186
A0A1G9C126	muscle	time	1.66
A0A1G9C126	mustang	lddt	0.727786
A0A1G9C126	mustang	lddt_columns	165/192
A0A1G9C126	mustang_osc	lddt	0.846878
A0A1G9C126	mustang_osc	lddt_columns	165/192
A0A1G9C126	mustang	time	97.75
A0A1G9C126	usalign	lddt	0.812314
A0A1G9C126	usalign	lddt_columns	165/175
A0A1G9C126	usalign_osc	lddt	0.861545
A0A1G9C126	usalign_osc	lddt_columns	165/175
A0A1G9C126	usalign	time	6.38
A0A1H3Q0U3	3dcoffee	lddt	0.524818
A0A1H3Q0U3	3dcoffee	lddt_columns	634/772
A0A1H3Q0U3	3dcoffee_osc	lddt	0.639053
A0A1H3Q0U3	3dcoffee_osc	lddt_columns	634/772
A0A1H3Q0U3	3dcoffee	time	1785.47
A0A1H3Q0U3	caretta	lddt	0.477439
A0A1H3Q0U3	caretta	lddt_columns	639/671
A0A1H3Q0U3	caretta_osc	lddt	0.501349
A0A1H3Q0U3	caretta_osc	lddt_columns	639/671
A0A1H3Q0U3	caretta	time	108.16
A0A1H3Q0U3	clustalo	lddt	0.459767
A0A1H3Q0U3	clustalo	lddt_columns	742/838
A0A1H3Q0U3	clustalo_osc	lddt	0.519251
A0A1H3Q0U3	clustalo_osc	lddt_columns	742/838
A0A1H3Q0U3	clustalo	time	1.20
A0A1H3Q0U3	famsa	lddt	0.475056
A0A1H3Q0U3	famsa	lddt_columns	634/799
A0A1H3Q0U3	famsa_osc	lddt	0.598690
A0A1H3Q0U3	famsa_osc	lddt_columns	634/799
A0A1H3Q0U3	famsa	time	0.36
A0A1H3Q0U3	foldmason_fast	lddt	0.578353
A0A1H3Q0U3	foldmason_fast	lddt_columns	649/700
A0A1H3Q0U3	foldmason_fast_osc	lddt	0.623801
A0A1H3Q0U3	foldmason_fast_osc	lddt_columns	649/700
A0A1H3Q0U3	foldmason_fast	time	3.84
A0A1H3Q0U3	foldmason	lddt	0.570015
A0A1H3Q0U3	foldmason	lddt_columns	636/725
A0A1H3Q0U3	foldmason_osc	lddt	0.649782
A0A1H3Q0U3	foldmason_osc	lddt_columns	636/725
A0A1H3Q0U3	foldmason_refine100	lddt	0.584675
A0A1H3Q0U3	foldmason_refine100	lddt_columns	663/710
A0A1H3Q0U3	foldmason_refine100_osc	lddt	0.626122
A0A1H3Q0U3	foldmason_refine100_osc	lddt_columns	663/710
A0A1H3Q0U3	foldmason_refine100_rosc	lddt	0.568910
A0A1H3Q0U3	foldmason_refine100_rosc	lddt_columns	633/726
A0A1H3Q0U3	foldmason_refine100_rosc_osc	lddt	0.652494
A0A1H3Q0U3	foldmason_refine100_rosc_osc	lddt_columns	633/726
A0A1H3Q0U3	foldmason_refine100_rosc	time	57.79
A0A1H3Q0U3	foldmason_refine100	time	36.50
A0A1H3Q0U3	foldmason	time	2.15
A0A1H3Q0U3	mafft_3di	lddt	0.564422
A0A1H3Q0U3	mafft_3di	lddt_columns	606/724
A0A1H3Q0U3	mafft_3di_osc	lddt	0.674326
A0A1H3Q0U3	mafft_3di_osc	lddt_columns	606/724
A0A1H3Q0U3	mafft_3di	time	1.23
A0A1H3Q0U3	mafft	lddt	0.524724
A0A1H3Q0U3	mafft	lddt_columns	697/757
A0A1H3Q0U3	mafft_osc	lddt	0.569894
A0A1H3Q0U3	mafft_osc	lddt_columns	697/757
A0A1H3Q0U3	mafft	time	3.87
A0A1H3Q0U3	matt	lddt	0.046167
A0A1H3Q0U3	matt	lddt_columns	1508/5785
A0A1H3Q0U3	matt_osc	lddt	0.177105
A0A1H3Q0U3	matt_osc	lddt_columns	1508/5785
A0A1H3Q0U3	matt	time	6749.75
A0A1H3Q0U3	mtmalign	lddt	0.159297
A0A1H3Q0U3	mtmalign	lddt_columns	1388/2692
A0A1H3Q0U3	mtmalign_osc	lddt	0.308954
A0A1H3Q0U3	mtmalign_osc	lddt_columns	1388/2692
A0A1H3Q0U3	mtmalign	time	216.77
A0A1H3Q0U3	muscle	lddt	0.463142
A0A1H3Q0U3	muscle	lddt_columns	628/827
A0A1H3Q0U3	muscle_osc	lddt	0.609902
A0A1H3Q0U3	muscle_osc	lddt_columns	628/827
A0A1H3Q0U3	muscle	time	15.17
A0A1H3Q0U3	mustang	lddt	0.453653
A0A1H3Q0U3	mustang	lddt_columns	625/918
A0A1H3Q0U3	mustang_osc	lddt	0.666326
A0A1H3Q0U3	mustang_osc	lddt_columns	625/918
A0A1H3Q0U3	mustang	time	710.99
A0A1H3Q0U3	usalign	lddt	0.210323
A0A1H3Q0U3	usalign	lddt_columns	1210/2098
A0A1H3Q0U3	usalign_osc	lddt	0.364675
A0A1H3Q0U3	usalign_osc	lddt_columns	1210/2098
A0A1H3Q0U3	usalign	time	68.37
A0A1I3M533	3dcoffee	lddt	0.395179
A0A1I3M533	3dcoffee	lddt_columns	869/1054
A0A1I3M533	3dcoffee_osc	lddt	0.479308
A0A1I3M533	3dcoffee_osc	lddt_columns	869/1054
A0A1I3M533	3dcoffee	time	1414.13
A0A1I3M533	caretta	lddt	0.382630
A0A1I3M533	caretta	lddt_columns	733/735
A0A1I3M533	caretta_osc	lddt	0.383674
A0A1I3M533	caretta_osc	lddt_columns	733/735
A0A1I3M533	caretta	time	116.12
A0A1I3M533	clustalo	lddt	0.360376
A0A1I3M533	clustalo	lddt_columns	946/1035
A0A1I3M533	clustalo_osc	lddt	0.394281
A0A1I3M533	clustalo_osc	lddt_columns	946/1035
A0A1I3M533	clustalo	time	2.12
A0A1I3M533	famsa	lddt	0.373629
A0A1I3M533	famsa	lddt_columns	755/894
A0A1I3M533	famsa_osc	lddt	0.442416
A0A1I3M533	famsa_osc	lddt_columns	755/894
A0A1I3M533	famsa	time	0.37
A0A1I3M533	foldmason_fast	lddt	0.438962
A0A1I3M533	foldmason_fast	lddt_columns	799/889
A0A1I3M533	foldmason_fast_osc	lddt	0.488407
A0A1I3M533	foldmason_fast_osc	lddt_columns	799/889
A0A1I3M533	foldmason_fast	time	2.85
A0A1I3M533	foldmason	lddt	0.456764
A0A1I3M533	foldmason	lddt_columns	835/898
A0A1I3M533	foldmason_osc	lddt	0.491226
A0A1I3M533	foldmason_osc	lddt_columns	835/898
A0A1I3M533	foldmason_refine100	lddt	0.462930
A0A1I3M533	foldmason_refine100	lddt_columns	839/893
A0A1I3M533	foldmason_refine100_osc	lddt	0.492725
A0A1I3M533	foldmason_refine100_osc	lddt_columns	839/893
A0A1I3M533	foldmason_refine100_rosc	lddt	0.448804
A0A1I3M533	foldmason_refine100_rosc	lddt_columns	822/912
A0A1I3M533	foldmason_refine100_rosc_osc	lddt	0.497944
A0A1I3M533	foldmason_refine100_rosc_osc	lddt_columns	822/912
A0A1I3M533	foldmason_refine100_rosc	time	53.93
A0A1I3M533	foldmason_refine100	time	43.42
A0A1I3M533	foldmason	time	2.03
A0A1I3M533	mafft_3di	lddt	0.429497
A0A1I3M533	mafft_3di	lddt_columns	822/964
A0A1I3M533	mafft_3di_osc	lddt	0.503692
A0A1I3M533	mafft_3di_osc	lddt_columns	822/964
A0A1I3M533	mafft_3di	time	2.11
A0A1I3M533	mafft	lddt	0.361553
A0A1I3M533	mafft	lddt_columns	918/1034
A0A1I3M533	mafft_osc	lddt	0.407240
A0A1I3M533	mafft_osc	lddt_columns	918/1034
A0A1I3M533	mafft	time	5.85
A0A1I3M533	matt	lddt	0.027960
A0A1I3M533	matt	lddt_columns	1084/7528
A0A1I3M533	matt_osc	lddt	0.194172
A0A1I3M533	matt_osc	lddt_columns	1084/7528
A0A1I3M533	matt	time	11569.28
A0A1I3M533	mtmalign	lddt	0.061034
A0A1I3M533	mtmalign	lddt_columns	1305/5602
A0A1I3M533	mtmalign_osc	lddt	0.262002
A0A1I3M533	mtmalign_osc	lddt_columns	1305/5602
A0A1I3M533	mtmalign	time	171.57
A0A1I3M533	muscle	lddt	0.253208
A0A1I3M533	muscle	lddt_columns	903/1439
A0A1I3M533	muscle_osc	lddt	0.403507
A0A1I3M533	muscle_osc	lddt_columns	903/1439
A0A1I3M533	muscle	time	17.90
A0A1I3M533	mustang	lddt	0.247014
A0A1I3M533	mustang	lddt_columns	959/1670
A0A1I3M533	mustang_osc	lddt	0.430149
A0A1I3M533	mustang_osc	lddt_columns	959/1670
A0A1I3M533	mustang	time	5258.98
A0A1I3M533	usalign	lddt	0.084897
A0A1I3M533	usalign	lddt_columns	1497/4523
A0A1I3M533	usalign_osc	lddt	0.256506
A0A1I3M533	usalign_osc	lddt_columns	1497/4523
A0A1I3M533	usalign	time	41.59
A0A1J5DN52	3dcoffee	lddt	0.680032
A0A1J5DN52	3dcoffee	lddt_columns	310/348
A0A1J5DN52	3dcoffee_osc	lddt	0.763391
A0A1J5DN52	3dcoffee_osc	lddt_columns	310/348
A0A1J5DN52	3dcoffee	time	471.02
A0A1J5DN52	caretta	lddt	0.654274
A0A1J5DN52	caretta	lddt_columns	323/366
A0A1J5DN52	caretta_osc	lddt	0.741376
A0A1J5DN52	caretta_osc	lddt_columns	323/366
A0A1J5DN52	caretta	time	57.98
A0A1J5DN52	clustalo	lddt	0.672982
A0A1J5DN52	clustalo	lddt_columns	325/366
A0A1J5DN52	clustalo_osc	lddt	0.757881
A0A1J5DN52	clustalo_osc	lddt_columns	325/366
A0A1J5DN52	clustalo	time	0.33
A0A1J5DN52	famsa	lddt	0.655467
A0A1J5DN52	famsa	lddt_columns	312/373
A0A1J5DN52	famsa_osc	lddt	0.783619
A0A1J5DN52	famsa_osc	lddt_columns	312/373
A0A1J5DN52	famsa	time	0.13
A0A1J5DN52	foldmason_fast	lddt	0.678734
A0A1J5DN52	foldmason_fast	lddt_columns	321/363
A0A1J5DN52	foldmason_fast_osc	lddt	0.767540
A0A1J5DN52	foldmason_fast_osc	lddt_columns	321/363
A0A1J5DN52	foldmason_fast	time	1.23
A0A1J5DN52	foldmason	lddt	0.677561
A0A1J5DN52	foldmason	lddt_columns	322/364
A0A1J5DN52	foldmason_osc	lddt	0.765939
A0A1J5DN52	foldmason_osc	lddt_columns	322/364
A0A1J5DN52	foldmason_refine100	lddt	0.678481
A0A1J5DN52	foldmason_refine100	lddt_columns	325/364
A0A1J5DN52	foldmason_refine100_osc	lddt	0.759899
A0A1J5DN52	foldmason_refine100_osc	lddt_columns	325/364
A0A1J5DN52	foldmason_refine100_rosc	lddt	0.632998
A0A1J5DN52	foldmason_refine100_rosc	lddt_columns	307/385
A0A1J5DN52	foldmason_refine100_rosc_osc	lddt	0.793825
A0A1J5DN52	foldmason_refine100_rosc_osc	lddt_columns	307/385
A0A1J5DN52	foldmason_refine100_rosc	time	9.81
A0A1J5DN52	foldmason_refine100	time	11.25
A0A1J5DN52	foldmason	time	0.81
A0A1J5DN52	mafft_3di	lddt	0.680127
A0A1J5DN52	mafft_3di	lddt_columns	316/364
A0A1J5DN52	mafft_3di_osc	lddt	0.783438
A0A1J5DN52	mafft_3di_osc	lddt_columns	316/364
A0A1J5DN52	mafft_3di	time	0.48
A0A1J5DN52	mafft	lddt	0.651735
A0A1J5DN52	mafft	lddt_columns	321/374
A0A1J5DN52	mafft_osc	lddt	0.759343
A0A1J5DN52	mafft_osc	lddt_columns	321/374
A0A1J5DN52	mafft	time	0.65
A0A1J5DN52	matt	lddt	0.353646
A0A1J5DN52	matt	lddt_columns	405/688
A0A1J5DN52	matt_osc	lddt	0.600761
A0A1J5DN52	matt_osc	lddt_columns	405/688
A0A1J5DN52	matt	time	222.26
A0A1J5DN52	mtmalign	lddt	0.360837
A0A1J5DN52	mtmalign	lddt_columns	386/672
A0A1J5DN52	mtmalign_osc	lddt	0.628193
A0A1J5DN52	mtmalign_osc	lddt_columns	386/672
A0A1J5DN52	mtmalign	time	46.91
A0A1J5DN52	muscle	lddt	0.621411
A0A1J5DN52	muscle	lddt_columns	304/387
A0A1J5DN52	muscle_osc	lddt	0.791073
A0A1J5DN52	muscle_osc	lddt_columns	304/387
A0A1J5DN52	muscle	time	4.07
A0A1J5DN52	mustang	lddt	0.538495
A0A1J5DN52	mustang	lddt_columns	311/456
A0A1J5DN52	mustang_osc	lddt	0.789561
A0A1J5DN52	mustang_osc	lddt_columns	311/456
A0A1J5DN52	mustang	time	129.31
A0A1J5DN52	usalign	lddt	0.502270
A0A1J5DN52	usalign	lddt_columns	355/479
A0A1J5DN52	usalign_osc	lddt	0.677711
A0A1J5DN52	usalign_osc	lddt_columns	355/479
A0A1J5DN52	usalign	time	23.76
A0A1J5HL60	3dcoffee	lddt	0.694446
A0A1J5HL60	3dcoffee	lddt_columns	185/201
A0A1J5HL60	3dcoffee_osc	lddt	0.754506
A0A1J5HL60	3dcoffee_osc	lddt_columns	185/201
A0A1J5HL60	3dcoffee	time	352.08
A0A1J5HL60	caretta	lddt	0.708194
A0A1J5HL60	caretta	lddt_columns	181/189
A0A1J5HL60	caretta_osc	lddt	0.739495
A0A1J5HL60	caretta_osc	lddt_columns	181/189
A0A1J5HL60	caretta	time	47.66
A0A1J5HL60	clustalo	lddt	0.671731
A0A1J5HL60	clustalo	lddt_columns	188/198
A0A1J5HL60	clustalo_osc	lddt	0.707462
A0A1J5HL60	clustalo_osc	lddt_columns	188/198
A0A1J5HL60	clustalo	time	0.12
A0A1J5HL60	famsa	lddt	0.647053
A0A1J5HL60	famsa	lddt_columns	177/206
A0A1J5HL60	famsa_osc	lddt	0.753067
A0A1J5HL60	famsa_osc	lddt_columns	177/206
A0A1J5HL60	famsa	time	0.08
A0A1J5HL60	foldmason_fast	lddt	0.694788
A0A1J5HL60	foldmason_fast	lddt_columns	191/196
A0A1J5HL60	foldmason_fast_osc	lddt	0.712976
A0A1J5HL60	foldmason_fast_osc	lddt_columns	191/196
A0A1J5HL60	foldmason_fast	time	1.56
A0A1J5HL60	foldmason	lddt	0.705013
A0A1J5HL60	foldmason	lddt_columns	188/194
A0A1J5HL60	foldmason_osc	lddt	0.727514
A0A1J5HL60	foldmason_osc	lddt_columns	188/194
A0A1J5HL60	foldmason_refine100	lddt	0.708939
A0A1J5HL60	foldmason_refine100	lddt_columns	188/193
A0A1J5HL60	foldmason_refine100_osc	lddt	0.727794
A0A1J5HL60	foldmason_refine100_osc	lddt_columns	188/193
A0A1J5HL60	foldmason_refine100_rosc	lddt	0.696557
A0A1J5HL60	foldmason_refine100_rosc	lddt_columns	185/196
A0A1J5HL60	foldmason_refine100_rosc_osc	lddt	0.737974
A0A1J5HL60	foldmason_refine100_rosc_osc	lddt_columns	185/196
A0A1J5HL60	foldmason_refine100_rosc	time	5.41
A0A1J5HL60	foldmason_refine100	time	5.30
A0A1J5HL60	foldmason	time	8.79
A0A1J5HL60	mafft_3di	lddt	0.700435
A0A1J5HL60	mafft_3di	lddt_columns	181/194
A0A1J5HL60	mafft_3di_osc	lddt	0.750743
A0A1J5HL60	mafft_3di_osc	lddt_columns	181/194
A0A1J5HL60	mafft_3di	time	0.34
A0A1J5HL60	mafft	lddt	0.588894
A0A1J5HL60	mafft	lddt_columns	179/228
A0A1J5HL60	mafft_osc	lddt	0.750100
A0A1J5HL60	mafft_osc	lddt_columns	179/228
A0A1J5HL60	mafft	time	0.41
A0A1J5HL60	matt	lddt	0.500234
A0A1J5HL60	matt	lddt_columns	192/276
A0A1J5HL60	matt_osc	lddt	0.719086
A0A1J5HL60	matt_osc	lddt_columns	192/276
A0A1J5HL60	matt	time	66.39
A0A1J5HL60	mtmalign	lddt	0.490769
A0A1J5HL60	mtmalign	lddt_columns	196/287
A0A1J5HL60	mtmalign_osc	lddt	0.718626
A0A1J5HL60	mtmalign_osc	lddt_columns	196/287
A0A1J5HL60	mtmalign	time	14.50
A0A1J5HL60	muscle	lddt	0.616636
A0A1J5HL60	muscle	lddt_columns	180/216
A0A1J5HL60	muscle_osc	lddt	0.739963
A0A1J5HL60	muscle_osc	lddt_columns	180/216
A0A1J5HL60	muscle	time	1.81
A0A1J5HL60	mustang	lddt	0.573543
A0A1J5HL60	mustang	lddt_columns	178/239
A0A1J5HL60	mustang_osc	lddt	0.770095
A0A1J5HL60	mustang_osc	lddt_columns	178/239
A0A1J5HL60	mustang	time	51.89
A0A1J5HL60	usalign	lddt	0.633729
A0A1J5HL60	usalign	lddt_columns	188/222
A0A1J5HL60	usalign_osc	lddt	0.748339
A0A1J5HL60	usalign_osc	lddt_columns	188/222
A0A1J5HL60	usalign	time	6.02
A0A1M3NI87	3dcoffee	lddt	0.631071
A0A1M3NI87	3dcoffee	lddt_columns	521/554
A0A1M3NI87	3dcoffee_osc	lddt	0.671043
A0A1M3NI87	3dcoffee_osc	lddt_columns	521/554
A0A1M3NI87	3dcoffee	time	1138.31
A0A1M3NI87	caretta	lddt	0.491127
A0A1M3NI87	caretta	lddt_columns	545/573
A0A1M3NI87	caretta_osc	lddt	0.516359
A0A1M3NI87	caretta_osc	lddt_columns	545/573
A0A1M3NI87	caretta	time	92.87
A0A1M3NI87	clustalo	lddt	0.590198
A0A1M3NI87	clustalo	lddt_columns	612/650
A0A1M3NI87	clustalo_osc	lddt	0.626844
A0A1M3NI87	clustalo_osc	lddt_columns	612/650
A0A1M3NI87	clustalo	time	1.20
A0A1M3NI87	famsa	lddt	0.628842
A0A1M3NI87	famsa	lddt_columns	546/596
A0A1M3NI87	famsa_osc	lddt	0.686429
A0A1M3NI87	famsa_osc	lddt_columns	546/596
A0A1M3NI87	famsa	time	0.26
A0A1M3NI87	foldmason_fast	lddt	0.593209
A0A1M3NI87	foldmason_fast	lddt_columns	572/648
A0A1M3NI87	foldmason_fast_osc	lddt	0.672027
A0A1M3NI87	foldmason_fast_osc	lddt_columns	572/648
A0A1M3NI87	foldmason_fast	time	1.83
A0A1M3NI87	foldmason	lddt	0.639510
A0A1M3NI87	foldmason	lddt_columns	564/607
A0A1M3NI87	foldmason_osc	lddt	0.688267
A0A1M3NI87	foldmason_osc	lddt_columns	564/607
A0A1M3NI87	foldmason_refine100	lddt	0.645210
A0A1M3NI87	foldmason_refine100	lddt_columns	580/603
A0A1M3NI87	foldmason_refine100_osc	lddt	0.670796
A0A1M3NI87	foldmason_refine100_osc	lddt_columns	580/603
A0A1M3NI87	foldmason_refine100_rosc	lddt	0.639510
A0A1M3NI87	foldmason_refine100_rosc	lddt_columns	564/607
A0A1M3NI87	foldmason_refine100_rosc_osc	lddt	0.688267
A0A1M3NI87	foldmason_refine100_rosc_osc	lddt_columns	564/607
A0A1M3NI87	foldmason_refine100_rosc	time	25.87
A0A1M3NI87	foldmason_refine100	time	24.95
A0A1M3NI87	foldmason	time	1.62
A0A1M3NI87	mafft_3di	lddt	0.591818
A0A1M3NI87	mafft_3di	lddt_columns	563/654
A0A1M3NI87	mafft_3di_osc	lddt	0.687476
A0A1M3NI87	mafft_3di_osc	lddt_columns	563/654
A0A1M3NI87	mafft_3di	time	1.15
A0A1M3NI87	mafft	lddt	0.576628
A0A1M3NI87	mafft	lddt_columns	593/659
A0A1M3NI87	mafft_osc	lddt	0.640806
A0A1M3NI87	mafft_osc	lddt_columns	593/659
A0A1M3NI87	mafft	time	2.87
A0A1M3NI87	matt	lddt	0.077722
A0A1M3NI87	matt	lddt_columns	902/3748
A0A1M3NI87	matt_osc	lddt	0.322953
A0A1M3NI87	matt_osc	lddt_columns	902/3748
A0A1M3NI87	matt	time	2538.62
A0A1M3NI87	mtmalign	lddt	0.118076
A0A1M3NI87	mtmalign	lddt_columns	1151/3182
A0A1M3NI87	mtmalign_osc	lddt	0.326428
A0A1M3NI87	mtmalign_osc	lddt_columns	1151/3182
A0A1M3NI87	mtmalign	time	126.42
A0A1M3NI87	muscle	lddt	0.494952
A0A1M3NI87	muscle	lddt_columns	556/751
A0A1M3NI87	muscle_osc	lddt	0.668542
A0A1M3NI87	muscle_osc	lddt_columns	556/751
A0A1M3NI87	muscle	time	12.36
A0A1M3NI87	mustang	lddt	0.416031
A0A1M3NI87	mustang	lddt_columns	605/935
A0A1M3NI87	mustang_osc	lddt	0.642958
A0A1M3NI87	mustang_osc	lddt_columns	605/935
A0A1M3NI87	mustang	time	651.15
A0A1M3NI87	usalign	lddt	0.168230
A0A1M3NI87	usalign	lddt_columns	1354/2486
A0A1M3NI87	usalign_osc	lddt	0.308877
A0A1M3NI87	usalign_osc	lddt_columns	1354/2486
A0A1M3NI87	usalign	time	36.73
A0A1N7IG91	3dcoffee	lddt	0.584433
A0A1N7IG91	3dcoffee	lddt_columns	168/206
A0A1N7IG91	3dcoffee_osc	lddt	0.716626
A0A1N7IG91	3dcoffee_osc	lddt_columns	168/206
A0A1N7IG91	3dcoffee	time	371.72
A0A1N7IG91	caretta	lddt	0.554321
A0A1N7IG91	caretta	lddt_columns	178/206
A0A1N7IG91	caretta_osc	lddt	0.641518
A0A1N7IG91	caretta_osc	lddt_columns	178/206
A0A1N7IG91	caretta	time	48.38
A0A1N7IG91	clustalo	lddt	0.528074
A0A1N7IG91	clustalo	lddt_columns	174/222
A0A1N7IG91	clustalo_osc	lddt	0.673749
A0A1N7IG91	clustalo_osc	lddt_columns	174/222
A0A1N7IG91	clustalo	time	0.15
A0A1N7IG91	famsa	lddt	0.598612
A0A1N7IG91	famsa	lddt_columns	172/195
A0A1N7IG91	famsa_osc	lddt	0.678659
A0A1N7IG91	famsa_osc	lddt_columns	172/195
A0A1N7IG91	famsa	time	0.11
A0A1N7IG91	foldmason_fast	lddt	0.597921
A0A1N7IG91	foldmason_fast	lddt_columns	189/199
A0A1N7IG91	foldmason_fast_osc	lddt	0.629557
A0A1N7IG91	foldmason_fast_osc	lddt_columns	189/199
A0A1N7IG91	foldmason_fast	time	1.64
A0A1N7IG91	foldmason	lddt	0.577105
A0A1N7IG91	foldmason	lddt_columns	188/207
A0A1N7IG91	foldmason_osc	lddt	0.635430
A0A1N7IG91	foldmason_osc	lddt_columns	188/207
A0A1N7IG91	foldmason_refine100	lddt	0.595502
A0A1N7IG91	foldmason_refine100	lddt_columns	199/201
A0A1N7IG91	foldmason_refine100_osc	lddt	0.601487
A0A1N7IG91	foldmason_refine100_osc	lddt_columns	199/201
A0A1N7IG91	foldmason_refine100_rosc	lddt	0.576965
A0A1N7IG91	foldmason_refine100_rosc	lddt_columns	184/206
A0A1N7IG91	foldmason_refine100_rosc_osc	lddt	0.645950
A0A1N7IG91	foldmason_refine100_rosc_osc	lddt_columns	184/206
A0A1N7IG91	foldmason_refine100_rosc	time	4.70
A0A1N7IG91	foldmason_refine100	time	4.98
A0A1N7IG91	foldmason	time	0.24
A0A1N7IG91	mafft_3di	lddt	0.574590
A0A1N7IG91	mafft_3di	lddt_columns	166/205
A0A1N7IG91	mafft_3di_osc	lddt	0.709584
A0A1N7IG91	mafft_3di_osc	lddt_columns	166/205
A0A1N7IG91	mafft_3di	time	0.31
A0A1N7IG91	mafft	lddt	0.539434
A0A1N7IG91	mafft	lddt_columns	184/216
A0A1N7IG91	mafft_osc	lddt	0.633248
A0A1N7IG91	mafft_osc	lddt_columns	184/216
A0A1N7IG91	mafft	time	0.57
A0A1N7IG91	matt	lddt	0.325653
A0A1N7IG91	matt	lddt_columns	207/361
A0A1N7IG91	matt_osc	lddt	0.567926
A0A1N7IG91	matt_osc	lddt_columns	207/361
A0A1N7IG91	matt	time	57.48
A0A1N7IG91	mtmalign	lddt	0.330253
A0A1N7IG91	mtmalign	lddt_columns	201/373
A0A1N7IG91	mtmalign_osc	lddt	0.612857
A0A1N7IG91	mtmalign_osc	lddt_columns	201/373
A0A1N7IG91	mtmalign	time	14.86
A0A1N7IG91	muscle	lddt	0.416405
A0A1N7IG91	muscle	lddt_columns	158/269
A0A1N7IG91	muscle_osc	lddt	0.708943
A0A1N7IG91	muscle_osc	lddt_columns	158/269
A0A1N7IG91	muscle	time	1.75
A0A1N7IG91	mustang	lddt	0.396531
A0A1N7IG91	mustang	lddt_columns	178/297
A0A1N7IG91	mustang_osc	lddt	0.661628
A0A1N7IG91	mustang_osc	lddt_columns	178/297
A0A1N7IG91	mustang	time	36.10
A0A1N7IG91	usalign	lddt	0.442617
A0A1N7IG91	usalign	lddt_columns	194/280
A0A1N7IG91	usalign_osc	lddt	0.638829
A0A1N7IG91	usalign_osc	lddt_columns	194/280
A0A1N7IG91	usalign	time	5.63
A0A1W9PGV8	3dcoffee	lddt	0.658088
A0A1W9PGV8	3dcoffee	lddt_columns	555/582
A0A1W9PGV8	3dcoffee_osc	lddt	0.690103
A0A1W9PGV8	3dcoffee_osc	lddt_columns	555/582
A0A1W9PGV8	3dcoffee	time	1092.03
A0A1W9PGV8	caretta	lddt	0.527440
A0A1W9PGV8	caretta	lddt_columns	540/586
A0A1W9PGV8	caretta_osc	lddt	0.572370
A0A1W9PGV8	caretta_osc	lddt_columns	540/586
A0A1W9PGV8	caretta	time	92.07
A0A1W9PGV8	clustalo	lddt	0.666262
A0A1W9PGV8	clustalo	lddt_columns	572/615
A0A1W9PGV8	clustalo_osc	lddt	0.716349
A0A1W9PGV8	clustalo_osc	lddt_columns	572/615
A0A1W9PGV8	clustalo	time	0.71
A0A1W9PGV8	famsa	lddt	0.689128
A0A1W9PGV8	famsa	lddt_columns	544/600
A0A1W9PGV8	famsa_osc	lddt	0.760067
A0A1W9PGV8	famsa_osc	lddt_columns	544/600
A0A1W9PGV8	famsa	time	0.22
A0A1W9PGV8	foldmason_fast	lddt	0.716517
A0A1W9PGV8	foldmason_fast	lddt_columns	564/585
A0A1W9PGV8	foldmason_fast_osc	lddt	0.743196
A0A1W9PGV8	foldmason_fast_osc	lddt_columns	564/585
A0A1W9PGV8	foldmason_fast	time	4.31
A0A1W9PGV8	foldmason	lddt	0.718991
A0A1W9PGV8	foldmason	lddt_columns	555/584
A0A1W9PGV8	foldmason_osc	lddt	0.756559
A0A1W9PGV8	foldmason_osc	lddt_columns	555/584
A0A1W9PGV8	foldmason_refine100	lddt	0.724721
A0A1W9PGV8	foldmason_refine100	lddt_columns	581/583
A0A1W9PGV8	foldmason_refine100_osc	lddt	0.727216
A0A1W9PGV8	foldmason_refine100_osc	lddt_columns	581/583
A0A1W9PGV8	foldmason_refine100_rosc	lddt	0.718975
A0A1W9PGV8	foldmason_refine100_rosc	lddt_columns	552/584
A0A1W9PGV8	foldmason_refine100_rosc_osc	lddt	0.760654
A0A1W9PGV8	foldmason_refine100_rosc_osc	lddt_columns	552/584
A0A1W9PGV8	foldmason_refine100_rosc	time	21.51
A0A1W9PGV8	foldmason_refine100	time	24.09
A0A1W9PGV8	foldmason	time	1.36
A0A1W9PGV8	mafft_3di	lddt	0.724302
A0A1W9PGV8	mafft_3di	lddt_columns	541/581
A0A1W9PGV8	mafft_3di_osc	lddt	0.777855
A0A1W9PGV8	mafft_3di_osc	lddt_columns	541/581
A0A1W9PGV8	mafft_3di	time	0.88
A0A1W9PGV8	mafft	lddt	0.709775
A0A1W9PGV8	mafft	lddt_columns	549/590
A0A1W9PGV8	mafft_osc	lddt	0.762782
A0A1W9PGV8	mafft_osc	lddt_columns	549/590
A0A1W9PGV8	mafft	time	1.61
A0A1W9PGV8	matt	lddt	0.107744
A0A1W9PGV8	matt	lddt_columns	1035/3004
A0A1W9PGV8	matt_osc	lddt	0.312718
A0A1W9PGV8	matt_osc	lddt_columns	1035/3004
A0A1W9PGV8	matt	time	1827.94
A0A1W9PGV8	mtmalign	lddt	0.227595
A0A1W9PGV8	mtmalign	lddt_columns	948/1887
A0A1W9PGV8	mtmalign_osc	lddt	0.453030
A0A1W9PGV8	mtmalign_osc	lddt_columns	948/1887
A0A1W9PGV8	mtmalign	time	165.89
A0A1W9PGV8	muscle	lddt	0.654405
A0A1W9PGV8	muscle	lddt_columns	536/633
A0A1W9PGV8	muscle_osc	lddt	0.772832
A0A1W9PGV8	muscle_osc	lddt_columns	536/633
A0A1W9PGV8	muscle	time	9.05
A0A1W9PGV8	mustang	lddt	0.543644
A0A1W9PGV8	mustang	lddt_columns	552/767
A0A1W9PGV8	mustang_osc	lddt	0.755389
A0A1W9PGV8	mustang_osc	lddt_columns	552/767
A0A1W9PGV8	mustang	time	376.41
A0A1W9PGV8	usalign	lddt	0.257450
A0A1W9PGV8	usalign	lddt_columns	843/1613
A0A1W9PGV8	usalign_osc	lddt	0.492606
A0A1W9PGV8	usalign_osc	lddt_columns	843/1613
A0A1W9PGV8	usalign	time	50.18
A0A252F4I6	3dcoffee	lddt	0.743754
A0A252F4I6	3dcoffee	lddt_columns	159/168
A0A252F4I6	3dcoffee_osc	lddt	0.785853
A0A252F4I6	3dcoffee_osc	lddt_columns	159/168
A0A252F4I6	3dcoffee	time	268.06
A0A252F4I6	caretta	lddt	0.746733
A0A252F4I6	caretta	lddt_columns	162/166
A0A252F4I6	caretta_osc	lddt	0.765171
A0A252F4I6	caretta_osc	lddt_columns	162/166
A0A252F4I6	caretta	time	45.99
A0A252F4I6	clustalo	lddt	0.707404
A0A252F4I6	clustalo	lddt_columns	161/170
A0A252F4I6	clustalo_osc	lddt	0.746949
A0A252F4I6	clustalo_osc	lddt_columns	161/170
A0A252F4I6	clustalo	time	0.09
A0A252F4I6	famsa	lddt	0.700312
A0A252F4I6	famsa	lddt_columns	160/168
A0A252F4I6	famsa_osc	lddt	0.735327
A0A252F4I6	famsa_osc	lddt_columns	160/168
A0A252F4I6	famsa	time	0.06
A0A252F4I6	foldmason_fast	lddt	0.715306
A0A252F4I6	foldmason_fast	lddt_columns	162/170
A0A252F4I6	foldmason_fast_osc	lddt	0.750629
A0A252F4I6	foldmason_fast_osc	lddt_columns	162/170
A0A252F4I6	foldmason_fast	time	1.33
A0A252F4I6	foldmason	lddt	0.730219
A0A252F4I6	foldmason	lddt_columns	163/170
A0A252F4I6	foldmason_osc	lddt	0.761578
A0A252F4I6	foldmason_osc	lddt_columns	163/170
A0A252F4I6	foldmason_refine100	lddt	0.740289
A0A252F4I6	foldmason_refine100	lddt_columns	165/168
A0A252F4I6	foldmason_refine100_osc	lddt	0.753749
A0A252F4I6	foldmason_refine100_osc	lddt_columns	165/168
A0A252F4I6	foldmason_refine100_rosc	lddt	0.733591
A0A252F4I6	foldmason_refine100_rosc	lddt_columns	162/169
A0A252F4I6	foldmason_refine100_rosc_osc	lddt	0.765289
A0A252F4I6	foldmason_refine100_rosc_osc	lddt_columns	162/169
A0A252F4I6	foldmason_refine100_rosc	time	4.42
A0A252F4I6	foldmason_refine100	time	4.38
A0A252F4I6	foldmason	time	0.34
A0A252F4I6	mafft_3di	lddt	0.732481
A0A252F4I6	mafft_3di	lddt_columns	159/166
A0A252F4I6	mafft_3di_osc	lddt	0.764728
A0A252F4I6	mafft_3di_osc	lddt_columns	159/166
A0A252F4I6	mafft_3di	time	0.32
A0A252F4I6	mafft	lddt	0.699789
A0A252F4I6	mafft	lddt_columns	163/175
A0A252F4I6	mafft_osc	lddt	0.751307
A0A252F4I6	mafft_osc	lddt_columns	163/175
A0A252F4I6	mafft	time	0.39
A0A252F4I6	matt	lddt	0.578026
A0A252F4I6	matt	lddt_columns	173/213
A0A252F4I6	matt_osc	lddt	0.711673
A0A252F4I6	matt_osc	lddt_columns	173/213
A0A252F4I6	matt	time	77.47
A0A252F4I6	mtmalign	lddt	0.579708
A0A252F4I6	mtmalign	lddt_columns	173/218
A0A252F4I6	mtmalign_osc	lddt	0.730499
A0A252F4I6	mtmalign_osc	lddt_columns	173/218
A0A252F4I6	mtmalign	time	13.32
A0A252F4I6	muscle	lddt	0.574880
A0A252F4I6	muscle	lddt_columns	160/204
A0A252F4I6	muscle_osc	lddt	0.732972
A0A252F4I6	muscle_osc	lddt_columns	160/204
A0A252F4I6	muscle	time	1.47
A0A252F4I6	mustang	lddt	0.679301
A0A252F4I6	mustang	lddt_columns	161/183
A0A252F4I6	mustang_osc	lddt	0.772125
A0A252F4I6	mustang_osc	lddt_columns	161/183
A0A252F4I6	mustang	time	35.36
A0A252F4I6	usalign	lddt	0.679946
A0A252F4I6	usalign	lddt_columns	165/185
A0A252F4I6	usalign_osc	lddt	0.762363
A0A252F4I6	usalign_osc	lddt_columns	165/185
A0A252F4I6	usalign	time	4.83
A0A2A3AK07	3dcoffee	lddt	0.307939
A0A2A3AK07	3dcoffee	lddt_columns	1173/1769
A0A2A3AK07	3dcoffee_osc	lddt	0.464403
A0A2A3AK07	3dcoffee_osc	lddt_columns	1173/1769
A0A2A3AK07	3dcoffee	time	3146.56
A0A2A3AK07	caretta	lddt	0.360122
A0A2A3AK07	caretta	lddt_columns	942/971
A0A2A3AK07	caretta_osc	lddt	0.371208
A0A2A3AK07	caretta_osc	lddt_columns	942/971
A0A2A3AK07	caretta	time	177.36
A0A2A3AK07	clustalo	lddt	0.253402
A0A2A3AK07	clustalo	lddt_columns	1764/1971
A0A2A3AK07	clustalo_osc	lddt	0.283138
A0A2A3AK07	clustalo_osc	lddt_columns	1764/1971
A0A2A3AK07	clustalo	time	5.90
A0A2A3AK07	famsa	lddt	0.314117
A0A2A3AK07	famsa	lddt_columns	1097/1304
A0A2A3AK07	famsa_osc	lddt	0.373389
A0A2A3AK07	famsa_osc	lddt_columns	1097/1304
A0A2A3AK07	famsa	time	0.56
A0A2A3AK07	foldmason_fast	lddt	0.393605
A0A2A3AK07	foldmason_fast	lddt_columns	1232/1308
A0A2A3AK07	foldmason_fast_osc	lddt	0.417886
A0A2A3AK07	foldmason_fast_osc	lddt_columns	1232/1308
A0A2A3AK07	foldmason_fast	time	4.72
A0A2A3AK07	foldmason	lddt	0.405746
A0A2A3AK07	foldmason	lddt_columns	1147/1280
A0A2A3AK07	foldmason_osc	lddt	0.452794
A0A2A3AK07	foldmason_osc	lddt_columns	1147/1280
A0A2A3AK07	foldmason_refine100	lddt	0.407833
A0A2A3AK07	foldmason_refine100	lddt_columns	1198/1278
A0A2A3AK07	foldmason_refine100_osc	lddt	0.435068
A0A2A3AK07	foldmason_refine100_osc	lddt_columns	1198/1278
A0A2A3AK07	foldmason_refine100_rosc	lddt	0.388153
A0A2A3AK07	foldmason_refine100_rosc	lddt_columns	1115/1325
A0A2A3AK07	foldmason_refine100_rosc_osc	lddt	0.461258
A0A2A3AK07	foldmason_refine100_rosc_osc	lddt_columns	1115/1325
A0A2A3AK07	foldmason_refine100_rosc	time	97.47
A0A2A3AK07	foldmason_refine100	time	110.08
A0A2A3AK07	foldmason	time	3.88
A0A2A3AK07	mafft_3di	lddt	0.381570
A0A2A3AK07	mafft_3di	lddt_columns	1150/1417
A0A2A3AK07	mafft_3di_osc	lddt	0.470161
A0A2A3AK07	mafft_3di_osc	lddt_columns	1150/1417
A0A2A3AK07	mafft_3di	time	5.89
A0A2A3AK07	mafft	lddt	0.286125
A0A2A3AK07	mafft	lddt_columns	1460/1692
A0A2A3AK07	mafft_osc	lddt	0.331592
A0A2A3AK07	mafft_osc	lddt_columns	1460/1692
A0A2A3AK07	mafft	time	10.99
A0A2A3AK07	matt	lddt	0.041445
A0A2A3AK07	matt	lddt_columns	1768/8892
A0A2A3AK07	matt_osc	lddt	0.208444
A0A2A3AK07	matt_osc	lddt_columns	1768/8892
A0A2A3AK07	matt	time	13543.24
A0A2A3AK07	mtmalign	lddt	0.101301
A0A2A3AK07	mtmalign	lddt_columns	2352/6158
A0A2A3AK07	mtmalign_osc	lddt	0.265226
A0A2A3AK07	mtmalign_osc	lddt_columns	2352/6158
A0A2A3AK07	mtmalign	time	471.97
A0A2A3AK07	muscle	lddt	0.189054
A0A2A3AK07	muscle	lddt_columns	1358/2388
A0A2A3AK07	muscle_osc	lddt	0.332446
A0A2A3AK07	muscle_osc	lddt_columns	1358/2388
A0A2A3AK07	muscle	time	35.71
A0A2A3AK07	mustang	lddt	0.225168
A0A2A3AK07	mustang	lddt_columns	1288/2458
A0A2A3AK07	mustang_osc	lddt	0.429708
A0A2A3AK07	mustang_osc	lddt_columns	1288/2458
A0A2A3AK07	mustang	time	11520.86
A0A2A3AK07	usalign	lddt	0.130859
A0A2A3AK07	usalign	lddt_columns	2753/5231
A0A2A3AK07	usalign_osc	lddt	0.248646
A0A2A3AK07	usalign_osc	lddt_columns	2753/5231
A0A2A3AK07	usalign	time	84.14
A0A2E1ZTZ4	3dcoffee	lddt	0.786473
A0A2E1ZTZ4	3dcoffee	lddt_columns	155/158
A0A2E1ZTZ4	3dcoffee_osc	lddt	0.801696
A0A2E1ZTZ4	3dcoffee_osc	lddt_columns	155/158
A0A2E1ZTZ4	3dcoffee	time	278.89
A0A2E1ZTZ4	caretta	lddt	0.786269
A0A2E1ZTZ4	caretta	lddt_columns	155/158
A0A2E1ZTZ4	caretta_osc	lddt	0.801488
A0A2E1ZTZ4	caretta_osc	lddt_columns	155/158
A0A2E1ZTZ4	caretta	time	45.10
A0A2E1ZTZ4	clustalo	lddt	0.767912
A0A2E1ZTZ4	clustalo	lddt_columns	157/160
A0A2E1ZTZ4	clustalo_osc	lddt	0.782586
A0A2E1ZTZ4	clustalo_osc	lddt_columns	157/160
A0A2E1ZTZ4	clustalo	time	0.09
A0A2E1ZTZ4	famsa	lddt	0.740557
A0A2E1ZTZ4	famsa	lddt_columns	158/165
A0A2E1ZTZ4	famsa_osc	lddt	0.773367
A0A2E1ZTZ4	famsa_osc	lddt_columns	158/165
A0A2E1ZTZ4	famsa	time	0.08
A0A2E1ZTZ4	foldmason_fast	lddt	0.773805
A0A2E1ZTZ4	foldmason_fast	lddt_columns	158/160
A0A2E1ZTZ4	foldmason_fast_osc	lddt	0.783600
A0A2E1ZTZ4	foldmason_fast_osc	lddt_columns	158/160
A0A2E1ZTZ4	foldmason_fast	time	1.82
A0A2E1ZTZ4	foldmason	lddt	0.778470
A0A2E1ZTZ4	foldmason	lddt_columns	157/159
A0A2E1ZTZ4	foldmason_osc	lddt	0.788387
A0A2E1ZTZ4	foldmason_osc	lddt_columns	157/159
A0A2E1ZTZ4	foldmason_refine100	lddt	0.783550
A0A2E1ZTZ4	foldmason_refine100	lddt_columns	157/158
A0A2E1ZTZ4	foldmason_refine100_osc	lddt	0.788541
A0A2E1ZTZ4	foldmason_refine100_osc	lddt_columns	157/158
A0A2E1ZTZ4	foldmason_refine100_rosc	lddt	0.783045
A0A2E1ZTZ4	foldmason_refine100_rosc	lddt_columns	156/158
A0A2E1ZTZ4	foldmason_refine100_rosc_osc	lddt	0.793084
A0A2E1ZTZ4	foldmason_refine100_rosc_osc	lddt_columns	156/158
A0A2E1ZTZ4	foldmason_refine100_rosc	time	4.01
A0A2E1ZTZ4	foldmason_refine100	time	4.04
A0A2E1ZTZ4	foldmason	time	0.22
A0A2E1ZTZ4	mafft_3di	lddt	0.753670
A0A2E1ZTZ4	mafft_3di	lddt_columns	155/160
A0A2E1ZTZ4	mafft_3di_osc	lddt	0.777982
A0A2E1ZTZ4	mafft_3di_osc	lddt_columns	155/160
A0A2E1ZTZ4	mafft_3di	time	0.28
A0A2E1ZTZ4	mafft	lddt	0.785351
A0A2E1ZTZ4	mafft	lddt_columns	155/158
A0A2E1ZTZ4	mafft_osc	lddt	0.800551
A0A2E1ZTZ4	mafft_osc	lddt_columns	155/158
A0A2E1ZTZ4	mafft	time	0.32
A0A2E1ZTZ4	matt	lddt	0.659524
A0A2E1ZTZ4	matt	lddt_columns	161/186
A0A2E1ZTZ4	matt_osc	lddt	0.761934
A0A2E1ZTZ4	matt_osc	lddt_columns	161/186
A0A2E1ZTZ4	matt	time	676.54
A0A2E1ZTZ4	mtmalign	lddt	0.680035
A0A2E1ZTZ4	mtmalign	lddt_columns	160/183
A0A2E1ZTZ4	mtmalign_osc	lddt	0.777790
A0A2E1ZTZ4	mtmalign_osc	lddt_columns	160/183
A0A2E1ZTZ4	mtmalign	time	12.55
A0A2E1ZTZ4	muscle	lddt	0.706538
A0A2E1ZTZ4	muscle	lddt_columns	155/169
A0A2E1ZTZ4	muscle_osc	lddt	0.770355
A0A2E1ZTZ4	muscle_osc	lddt_columns	155/169
A0A2E1ZTZ4	muscle	time	1.32
A0A2E1ZTZ4	mustang	lddt	0.654132
A0A2E1ZTZ4	mustang	lddt_columns	153/188
A0A2E1ZTZ4	mustang_osc	lddt	0.803770
A0A2E1ZTZ4	mustang_osc	lddt_columns	153/188
A0A2E1ZTZ4	mustang	time	63.06
A0A2E1ZTZ4	usalign	lddt	0.773277
A0A2E1ZTZ4	usalign	lddt_columns	158/161
A0A2E1ZTZ4	usalign_osc	lddt	0.787959
A0A2E1ZTZ4	usalign_osc	lddt_columns	158/161
A0A2E1ZTZ4	usalign	time	4.53
A0A2E5EG28	3dcoffee	lddt	0.821821
A0A2E5EG28	3dcoffee	lddt_columns	158/162
A0A2E5EG28	3dcoffee_osc	lddt	0.842626
A0A2E5EG28	3dcoffee_osc	lddt_columns	158/162
A0A2E5EG28	3dcoffee	time	276.05
A0A2E5EG28	caretta	lddt	0.827322
A0A2E5EG28	caretta	lddt_columns	159/161
A0A2E5EG28	caretta_osc	lddt	0.837729
A0A2E5EG28	caretta_osc	lddt_columns	159/161
A0A2E5EG28	caretta	time	68.98
A0A2E5EG28	clustalo	lddt	0.810164
A0A2E5EG28	clustalo	lddt_columns	164/164
A0A2E5EG28	clustalo_osc	lddt	0.810164
A0A2E5EG28	clustalo_osc	lddt_columns	164/164
A0A2E5EG28	clustalo	time	0.09
A0A2E5EG28	famsa	lddt	0.810160
A0A2E5EG28	famsa	lddt_columns	159/163
A0A2E5EG28	famsa_osc	lddt	0.830542
A0A2E5EG28	famsa_osc	lddt_columns	159/163
A0A2E5EG28	famsa	time	0.05
A0A2E5EG28	foldmason_fast	lddt	0.822912
A0A2E5EG28	foldmason_fast	lddt_columns	161/161
A0A2E5EG28	foldmason_fast_osc	lddt	0.822912
A0A2E5EG28	foldmason_fast_osc	lddt_columns	161/161
A0A2E5EG28	foldmason_fast	time	0.46
A0A2E5EG28	foldmason	lddt	0.807729
A0A2E5EG28	foldmason	lddt_columns	164/164
A0A2E5EG28	foldmason_osc	lddt	0.807729
A0A2E5EG28	foldmason_osc	lddt_columns	164/164
A0A2E5EG28	foldmason_refine100	lddt	0.811428
A0A2E5EG28	foldmason_refine100	lddt_columns	164/164
A0A2E5EG28	foldmason_refine100_osc	lddt	0.811428
A0A2E5EG28	foldmason_refine100_osc	lddt_columns	164/164
A0A2E5EG28	foldmason_refine100_rosc	lddt	0.816920
A0A2E5EG28	foldmason_refine100_rosc	lddt_columns	160/162
A0A2E5EG28	foldmason_refine100_rosc_osc	lddt	0.827131
A0A2E5EG28	foldmason_refine100_rosc_osc	lddt_columns	160/162
A0A2E5EG28	foldmason_refine100_rosc	time	4.29
A0A2E5EG28	foldmason_refine100	time	4.31
A0A2E5EG28	foldmason	time	0.26
A0A2E5EG28	mafft_3di	lddt	0.797595
A0A2E5EG28	mafft_3di	lddt_columns	155/166
A0A2E5EG28	mafft_3di_osc	lddt	0.854199
A0A2E5EG28	mafft_3di_osc	lddt_columns	155/166
A0A2E5EG28	mafft_3di	time	0.28
A0A2E5EG28	mafft	lddt	0.801314
A0A2E5EG28	mafft	lddt_columns	159/166
A0A2E5EG28	mafft_osc	lddt	0.836592
A0A2E5EG28	mafft_osc	lddt_columns	159/166
A0A2E5EG28	mafft	time	0.32
A0A2E5EG28	matt	lddt	0.661908
A0A2E5EG28	matt	lddt_columns	159/199
A0A2E5EG28	matt_osc	lddt	0.828426
A0A2E5EG28	matt_osc	lddt_columns	159/199
A0A2E5EG28	matt	time	607.21
A0A2E5EG28	mtmalign	lddt	0.614804
A0A2E5EG28	mtmalign	lddt_columns	164/217
A0A2E5EG28	mtmalign_osc	lddt	0.813491
A0A2E5EG28	mtmalign_osc	lddt_columns	164/217
A0A2E5EG28	mtmalign	time	13.49
A0A2E5EG28	muscle	lddt	0.791473
A0A2E5EG28	muscle	lddt_columns	158/164
A0A2E5EG28	muscle_osc	lddt	0.821529
A0A2E5EG28	muscle_osc	lddt_columns	158/164
A0A2E5EG28	muscle	time	1.21
A0A2E5EG28	mustang	lddt	0.678232
A0A2E5EG28	mustang	lddt_columns	159/195
A0A2E5EG28	mustang_osc	lddt	0.831794
A0A2E5EG28	mustang_osc	lddt_columns	159/195
A0A2E5EG28	mustang	time	57.73
A0A2E5EG28	usalign	lddt	0.723903
A0A2E5EG28	usalign	lddt_columns	158/184
A0A2E5EG28	usalign_osc	lddt	0.843026
A0A2E5EG28	usalign_osc	lddt_columns	158/184
A0A2E5EG28	usalign	time	4.62
A0A2E8KWW7	3dcoffee	lddt	0.756583
A0A2E8KWW7	3dcoffee	lddt_columns	163/176
A0A2E8KWW7	3dcoffee_osc	lddt	0.816924
A0A2E8KWW7	3dcoffee_osc	lddt_columns	163/176
A0A2E8KWW7	3dcoffee	time	283.55
A0A2E8KWW7	caretta	lddt	0.766563
A0A2E8KWW7	caretta	lddt_columns	156/172
A0A2E8KWW7	caretta_osc	lddt	0.845185
A0A2E8KWW7	caretta_osc	lddt_columns	156/172
A0A2E8KWW7	caretta	time	68.45
A0A2E8KWW7	clustalo	lddt	0.767503
A0A2E8KWW7	clustalo	lddt_columns	161/173
A0A2E8KWW7	clustalo_osc	lddt	0.824709
A0A2E8KWW7	clustalo_osc	lddt_columns	161/173
A0A2E8KWW7	clustalo	time	0.15
A0A2E8KWW7	famsa	lddt	0.765114
A0A2E8KWW7	famsa	lddt_columns	159/173
A0A2E8KWW7	famsa_osc	lddt	0.832482
A0A2E8KWW7	famsa_osc	lddt_columns	159/173
A0A2E8KWW7	famsa	time	0.10
A0A2E8KWW7	foldmason_fast	lddt	0.767528
A0A2E8KWW7	foldmason_fast	lddt_columns	162/173
A0A2E8KWW7	foldmason_fast_osc	lddt	0.819644
A0A2E8KWW7	foldmason_fast_osc	lddt_columns	162/173
A0A2E8KWW7	foldmason_fast	time	0.44
A0A2E8KWW7	foldmason	lddt	0.766796
A0A2E8KWW7	foldmason	lddt_columns	165/173
A0A2E8KWW7	foldmason_osc	lddt	0.803974
A0A2E8KWW7	foldmason_osc	lddt_columns	165/173
A0A2E8KWW7	foldmason_refine100	lddt	0.771241
A0A2E8KWW7	foldmason_refine100	lddt_columns	172/173
A0A2E8KWW7	foldmason_refine100_osc	lddt	0.775725
A0A2E8KWW7	foldmason_refine100_osc	lddt_columns	172/173
A0A2E8KWW7	foldmason_refine100_rosc	lddt	0.755393
A0A2E8KWW7	foldmason_refine100_rosc	lddt_columns	163/175
A0A2E8KWW7	foldmason_refine100_rosc_osc	lddt	0.811005
A0A2E8KWW7	foldmason_refine100_rosc_osc	lddt_columns	163/175
A0A2E8KWW7	foldmason_refine100_rosc	time	4.15
A0A2E8KWW7	foldmason_refine100	time	4.16
A0A2E8KWW7	foldmason	time	0.29
A0A2E8KWW7	mafft_3di	lddt	0.766186
A0A2E8KWW7	mafft_3di	lddt_columns	152/170
A0A2E8KWW7	mafft_3di_osc	lddt	0.856918
A0A2E8KWW7	mafft_3di_osc	lddt_columns	152/170
A0A2E8KWW7	mafft_3di	time	0.28
A0A2E8KWW7	mafft	lddt	0.751460
A0A2E8KWW7	mafft	lddt_columns	163/176
A0A2E8KWW7	mafft_osc	lddt	0.811393
A0A2E8KWW7	mafft_osc	lddt_columns	163/176
A0A2E8KWW7	mafft	time	0.36
A0A2E8KWW7	matt	lddt	0.628477
A0A2E8KWW7	matt	lddt_columns	156/209
A0A2E8KWW7	matt_osc	lddt	0.841999
A0A2E8KWW7	matt_osc	lddt_columns	156/209
A0A2E8KWW7	matt	time	649.25
A0A2E8KWW7	mtmalign	lddt	0.641772
A0A2E8KWW7	mtmalign	lddt_columns	163/207
A0A2E8KWW7	mtmalign_osc	lddt	0.815011
A0A2E8KWW7	mtmalign_osc	lddt_columns	163/207
A0A2E8KWW7	mtmalign	time	13.42
A0A2E8KWW7	muscle	lddt	0.716744
A0A2E8KWW7	muscle	lddt_columns	163/183
A0A2E8KWW7	muscle_osc	lddt	0.804689
A0A2E8KWW7	muscle_osc	lddt_columns	163/183
A0A2E8KWW7	muscle	time	1.13
A0A2E8KWW7	mustang	lddt	0.664518
A0A2E8KWW7	mustang	lddt_columns	161/199
A0A2E8KWW7	mustang_osc	lddt	0.821361
A0A2E8KWW7	mustang_osc	lddt_columns	161/199
A0A2E8KWW7	mustang	time	53.83
A0A2E8KWW7	usalign	lddt	0.715426
A0A2E8KWW7	usalign	lddt_columns	160/186
A0A2E8KWW7	usalign_osc	lddt	0.831683
A0A2E8KWW7	usalign_osc	lddt_columns	160/186
A0A2E8KWW7	usalign	time	4.26
A0A2K2FPG0	3dcoffee	lddt	0.844746
A0A2K2FPG0	3dcoffee	lddt_columns	153/169
A0A2K2FPG0	3dcoffee_osc	lddt	0.933085
A0A2K2FPG0	3dcoffee_osc	lddt_columns	153/169
A0A2K2FPG0	3dcoffee	time	291.18
A0A2K2FPG0	caretta	lddt	0.932783
A0A2K2FPG0	caretta	lddt_columns	153/155
A0A2K2FPG0	caretta_osc	lddt	0.944977
A0A2K2FPG0	caretta_osc	lddt_columns	153/155
A0A2K2FPG0	caretta	time	69.71
A0A2K2FPG0	clustalo	lddt	0.931765
A0A2K2FPG0	clustalo	lddt_columns	154/155
A0A2K2FPG0	clustalo_osc	lddt	0.937816
A0A2K2FPG0	clustalo_osc	lddt_columns	154/155
A0A2K2FPG0	clustalo	time	0.09
A0A2K2FPG0	famsa	lddt	0.933026
A0A2K2FPG0	famsa	lddt_columns	153/155
A0A2K2FPG0	famsa_osc	lddt	0.945222
A0A2K2FPG0	famsa_osc	lddt_columns	153/155
A0A2K2FPG0	famsa	time	0.06
A0A2K2FPG0	foldmason_fast	lddt	0.933536
A0A2K2FPG0	foldmason_fast	lddt_columns	153/155
A0A2K2FPG0	foldmason_fast_osc	lddt	0.945739
A0A2K2FPG0	foldmason_fast_osc	lddt_columns	153/155
A0A2K2FPG0	foldmason_fast	time	0.49
A0A2K2FPG0	foldmason	lddt	0.903811
A0A2K2FPG0	foldmason	lddt_columns	155/158
A0A2K2FPG0	foldmason_osc	lddt	0.921304
A0A2K2FPG0	foldmason_osc	lddt_columns	155/158
A0A2K2FPG0	foldmason_refine100	lddt	0.905709
A0A2K2FPG0	foldmason_refine100	lddt_columns	158/158
A0A2K2FPG0	foldmason_refine100_osc	lddt	0.905709
A0A2K2FPG0	foldmason_refine100_osc	lddt_columns	158/158
A0A2K2FPG0	foldmason_refine100_rosc	lddt	0.905990
A0A2K2FPG0	foldmason_refine100_rosc	lddt_columns	155/158
A0A2K2FPG0	foldmason_refine100_rosc_osc	lddt	0.923526
A0A2K2FPG0	foldmason_refine100_rosc_osc	lddt_columns	155/158
A0A2K2FPG0	foldmason_refine100_rosc	time	3.69
A0A2K2FPG0	foldmason_refine100	time	3.68
A0A2K2FPG0	foldmason	time	0.25
A0A2K2FPG0	mafft_3di	lddt	0.931932
A0A2K2FPG0	mafft_3di	lddt_columns	153/155
A0A2K2FPG0	mafft_3di_osc	lddt	0.944114
A0A2K2FPG0	mafft_3di_osc	lddt_columns	153/155
A0A2K2FPG0	mafft_3di	time	0.27
A0A2K2FPG0	mafft	lddt	0.932421
A0A2K2FPG0	mafft	lddt_columns	153/155
A0A2K2FPG0	mafft_osc	lddt	0.944610
A0A2K2FPG0	mafft_osc	lddt_columns	153/155
A0A2K2FPG0	mafft	time	0.40
A0A2K2FPG0	matt	lddt	0.921801
A0A2K2FPG0	matt	lddt_columns	154/157
A0A2K2FPG0	matt_osc	lddt	0.939758
A0A2K2FPG0	matt_osc	lddt_columns	154/157
A0A2K2FPG0	matt	time	1253.90
A0A2K2FPG0	mtmalign	lddt	0.915004
A0A2K2FPG0	mtmalign	lddt_columns	153/158
A0A2K2FPG0	mtmalign_osc	lddt	0.944906
A0A2K2FPG0	mtmalign_osc	lddt_columns	153/158
A0A2K2FPG0	mtmalign	time	15.62
A0A2K2FPG0	muscle	lddt	0.869236
A0A2K2FPG0	muscle	lddt_columns	152/163
A0A2K2FPG0	muscle_osc	lddt	0.932141
A0A2K2FPG0	muscle_osc	lddt_columns	152/163
A0A2K2FPG0	muscle	time	1.47
A0A2K2FPG0	mustang	lddt	0.927037
A0A2K2FPG0	mustang	lddt_columns	153/156
A0A2K2FPG0	mustang_osc	lddt	0.945214
A0A2K2FPG0	mustang_osc	lddt_columns	153/156
A0A2K2FPG0	mustang	time	95.55
A0A2K2FPG0	usalign	lddt	0.933684
A0A2K2FPG0	usalign	lddt_columns	155/155
A0A2K2FPG0	usalign_osc	lddt	0.933684
A0A2K2FPG0	usalign_osc	lddt_columns	155/155
A0A2K2FPG0	usalign	time	5.36
A0A2M7QJ61	3dcoffee	lddt	0.685510
A0A2M7QJ61	3dcoffee	lddt_columns	423/458
A0A2M7QJ61	3dcoffee_osc	lddt	0.742231
A0A2M7QJ61	3dcoffee_osc	lddt_columns	423/458
A0A2M7QJ61	3dcoffee	time	779.79
A0A2M7QJ61	caretta	lddt	0.607218
A0A2M7QJ61	caretta	lddt_columns	423/447
A0A2M7QJ61	caretta_osc	lddt	0.641670
A0A2M7QJ61	caretta_osc	lddt_columns	423/447
A0A2M7QJ61	caretta	time	127.53
A0A2M7QJ61	clustalo	lddt	0.680888
A0A2M7QJ61	clustalo	lddt_columns	421/458
A0A2M7QJ61	clustalo_osc	lddt	0.740729
A0A2M7QJ61	clustalo_osc	lddt_columns	421/458
A0A2M7QJ61	clustalo	time	0.56
A0A2M7QJ61	famsa	lddt	0.661563
A0A2M7QJ61	famsa	lddt_columns	413/468
A0A2M7QJ61	famsa_osc	lddt	0.749664
A0A2M7QJ61	famsa_osc	lddt_columns	413/468
A0A2M7QJ61	famsa	time	0.19
A0A2M7QJ61	foldmason_fast	lddt	0.686488
A0A2M7QJ61	foldmason_fast	lddt_columns	429/453
A0A2M7QJ61	foldmason_fast_osc	lddt	0.724893
A0A2M7QJ61	foldmason_fast_osc	lddt_columns	429/453
A0A2M7QJ61	foldmason_fast	time	1.17
A0A2M7QJ61	foldmason	lddt	0.690087
A0A2M7QJ61	foldmason	lddt_columns	444/458
A0A2M7QJ61	foldmason_osc	lddt	0.711846
A0A2M7QJ61	foldmason_osc	lddt_columns	444/458
A0A2M7QJ61	foldmason_refine100	lddt	0.694162
A0A2M7QJ61	foldmason_refine100	lddt_columns	446/455
A0A2M7QJ61	foldmason_refine100_osc	lddt	0.708169
A0A2M7QJ61	foldmason_refine100_osc	lddt_columns	446/455
A0A2M7QJ61	foldmason_refine100_rosc	lddt	0.655656
A0A2M7QJ61	foldmason_refine100_rosc	lddt_columns	430/478
A0A2M7QJ61	foldmason_refine100_rosc_osc	lddt	0.728845
A0A2M7QJ61	foldmason_refine100_rosc_osc	lddt_columns	430/478
A0A2M7QJ61	foldmason_refine100_rosc	time	17.17
A0A2M7QJ61	foldmason_refine100	time	17.13
A0A2M7QJ61	foldmason	time	0.96
A0A2M7QJ61	mafft_3di	lddt	0.694270
A0A2M7QJ61	mafft_3di	lddt_columns	414/452
A0A2M7QJ61	mafft_3di_osc	lddt	0.757996
A0A2M7QJ61	mafft_3di_osc	lddt_columns	414/452
A0A2M7QJ61	mafft_3di	time	0.69
A0A2M7QJ61	mafft	lddt	0.680528
A0A2M7QJ61	mafft	lddt_columns	422/459
A0A2M7QJ61	mafft_osc	lddt	0.740195
A0A2M7QJ61	mafft_osc	lddt_columns	422/459
A0A2M7QJ61	mafft	time	1.48
A0A2M7QJ61	matt	lddt	0.137433
A0A2M7QJ61	matt	lddt_columns	832/1865
A0A2M7QJ61	matt_osc	lddt	0.308069
A0A2M7QJ61	matt_osc	lddt_columns	832/1865
A0A2M7QJ61	matt	time	1613.75
A0A2M7QJ61	mtmalign	lddt	0.300332
A0A2M7QJ61	mtmalign	lddt_columns	507/1012
A0A2M7QJ61	mtmalign_osc	lddt	0.599479
A0A2M7QJ61	mtmalign_osc	lddt_columns	507/1012
A0A2M7QJ61	mtmalign	time	80.90
A0A2M7QJ61	muscle	lddt	0.643748
A0A2M7QJ61	muscle	lddt_columns	413/480
A0A2M7QJ61	muscle_osc	lddt	0.748181
A0A2M7QJ61	muscle_osc	lddt_columns	413/480
A0A2M7QJ61	muscle	time	7.41
A0A2M7QJ61	mustang	lddt	0.544953
A0A2M7QJ61	mustang	lddt_columns	422/577
A0A2M7QJ61	mustang_osc	lddt	0.745113
A0A2M7QJ61	mustang_osc	lddt_columns	422/577
A0A2M7QJ61	mustang	time	262.62
A0A2M7QJ61	usalign	lddt	0.424473
A0A2M7QJ61	usalign	lddt_columns	447/711
A0A2M7QJ61	usalign_osc	lddt	0.675169
A0A2M7QJ61	usalign_osc	lddt_columns	447/711
A0A2M7QJ61	usalign	time	38.05
A0A2N1QBZ3	3dcoffee	lddt	0.741741
A0A2N1QBZ3	3dcoffee	lddt_columns	277/306
A0A2N1QBZ3	3dcoffee_osc	lddt	0.819397
A0A2N1QBZ3	3dcoffee_osc	lddt_columns	277/306
A0A2N1QBZ3	3dcoffee	time	525.34
A0A2N1QBZ3	caretta	lddt	0.773993
A0A2N1QBZ3	caretta	lddt_columns	282/314
A0A2N1QBZ3	caretta_osc	lddt	0.861822
A0A2N1QBZ3	caretta_osc	lddt_columns	282/314
A0A2N1QBZ3	caretta	time	58.45
A0A2N1QBZ3	clustalo	lddt	0.771767
A0A2N1QBZ3	clustalo	lddt_columns	280/314
A0A2N1QBZ3	clustalo_osc	lddt	0.865482
A0A2N1QBZ3	clustalo_osc	lddt_columns	280/314
A0A2N1QBZ3	clustalo	time	0.31
A0A2N1QBZ3	famsa	lddt	0.759800
A0A2N1QBZ3	famsa	lddt_columns	278/318
A0A2N1QBZ3	famsa_osc	lddt	0.869124
A0A2N1QBZ3	famsa_osc	lddt_columns	278/318
A0A2N1QBZ3	famsa	time	0.12
A0A2N1QBZ3	foldmason_fast	lddt	0.782315
A0A2N1QBZ3	foldmason_fast	lddt_columns	285/310
A0A2N1QBZ3	foldmason_fast_osc	lddt	0.850939
A0A2N1QBZ3	foldmason_fast_osc	lddt_columns	285/310
A0A2N1QBZ3	foldmason_fast	time	1.91
A0A2N1QBZ3	foldmason	lddt	0.783194
A0A2N1QBZ3	foldmason	lddt_columns	287/310
A0A2N1QBZ3	foldmason_osc	lddt	0.845959
A0A2N1QBZ3	foldmason_osc	lddt_columns	287/310
A0A2N1QBZ3	foldmason_refine100	lddt	0.785903
A0A2N1QBZ3	foldmason_refine100	lddt_columns	296/310
A0A2N1QBZ3	foldmason_refine100_osc	lddt	0.823075
A0A2N1QBZ3	foldmason_refine100_osc	lddt_columns	296/310
A0A2N1QBZ3	foldmason_refine100_rosc	lddt	0.774947
A0A2N1QBZ3	foldmason_refine100_rosc	lddt_columns	285/313
A0A2N1QBZ3	foldmason_refine100_rosc_osc	lddt	0.851082
A0A2N1QBZ3	foldmason_refine100_rosc_osc	lddt_columns	285/313
A0A2N1QBZ3	foldmason_refine100_rosc	time	9.21
A0A2N1QBZ3	foldmason_refine100	time	10.30
A0A2N1QBZ3	foldmason	time	5.58
A0A2N1QBZ3	mafft_3di	lddt	0.773098
A0A2N1QBZ3	mafft_3di	lddt_columns	278/312
A0A2N1QBZ3	mafft_3di_osc	lddt	0.867649
A0A2N1QBZ3	mafft_3di_osc	lddt_columns	278/312
A0A2N1QBZ3	mafft_3di	time	0.52
A0A2N1QBZ3	mafft	lddt	0.770993
A0A2N1QBZ3	mafft	lddt_columns	279/314
A0A2N1QBZ3	mafft_osc	lddt	0.867712
A0A2N1QBZ3	mafft_osc	lddt_columns	279/314
A0A2N1QBZ3	mafft	time	0.57
A0A2N1QBZ3	matt	lddt	0.595659
A0A2N1QBZ3	matt	lddt_columns	318/408
A0A2N1QBZ3	matt_osc	lddt	0.764242
A0A2N1QBZ3	matt_osc	lddt_columns	318/408
A0A2N1QBZ3	matt	time	977.53
A0A2N1QBZ3	mtmalign	lddt	0.574148
A0A2N1QBZ3	mtmalign	lddt_columns	325/422
A0A2N1QBZ3	mtmalign_osc	lddt	0.745510
A0A2N1QBZ3	mtmalign_osc	lddt_columns	325/422
A0A2N1QBZ3	mtmalign	time	40.05
A0A2N1QBZ3	muscle	lddt	0.748450
A0A2N1QBZ3	muscle	lddt_columns	274/321
A0A2N1QBZ3	muscle_osc	lddt	0.876833
A0A2N1QBZ3	muscle_osc	lddt_columns	274/321
A0A2N1QBZ3	muscle	time	3.99
A0A2N1QBZ3	mustang	lddt	0.707026
A0A2N1QBZ3	mustang	lddt_columns	289/346
A0A2N1QBZ3	mustang_osc	lddt	0.846475
A0A2N1QBZ3	mustang_osc	lddt_columns	289/346
A0A2N1QBZ3	mustang	time	231.48
A0A2N1QBZ3	usalign	lddt	0.741688
A0A2N1QBZ3	usalign	lddt_columns	300/329
A0A2N1QBZ3	usalign_osc	lddt	0.813384
A0A2N1QBZ3	usalign_osc	lddt_columns	300/329
A0A2N1QBZ3	usalign	time	20.67
A0A2N2FFV9	3dcoffee	lddt	0.792550
A0A2N2FFV9	3dcoffee	lddt_columns	172/177
A0A2N2FFV9	3dcoffee_osc	lddt	0.815590
A0A2N2FFV9	3dcoffee_osc	lddt_columns	172/177
A0A2N2FFV9	3dcoffee	time	286.32
A0A2N2FFV9	caretta	lddt	0.860645
A0A2N2FFV9	caretta	lddt_columns	160/162
A0A2N2FFV9	caretta_osc	lddt	0.871403
A0A2N2FFV9	caretta_osc	lddt_columns	160/162
A0A2N2FFV9	caretta	time	99.15
A0A2N2FFV9	clustalo	lddt	0.783672
A0A2N2FFV9	clustalo	lddt_columns	162/170
A0A2N2FFV9	clustalo_osc	lddt	0.822372
A0A2N2FFV9	clustalo_osc	lddt_columns	162/170
A0A2N2FFV9	clustalo	time	0.09
A0A2N2FFV9	famsa	lddt	0.827575
A0A2N2FFV9	famsa	lddt_columns	161/166
A0A2N2FFV9	famsa_osc	lddt	0.853276
A0A2N2FFV9	famsa_osc	lddt_columns	161/166
A0A2N2FFV9	famsa	time	0.06
A0A2N2FFV9	foldmason_fast	lddt	0.854852
A0A2N2FFV9	foldmason_fast	lddt_columns	160/162
A0A2N2FFV9	foldmason_fast_osc	lddt	0.865537
A0A2N2FFV9	foldmason_fast_osc	lddt_columns	160/162
A0A2N2FFV9	foldmason_fast	time	0.57
A0A2N2FFV9	foldmason	lddt	0.826498
A0A2N2FFV9	foldmason	lddt_columns	162/165
A0A2N2FFV9	foldmason_osc	lddt	0.841803
A0A2N2FFV9	foldmason_osc	lddt_columns	162/165
A0A2N2FFV9	foldmason_refine100	lddt	0.831805
A0A2N2FFV9	foldmason_refine100	lddt_columns	162/164
A0A2N2FFV9	foldmason_refine100_osc	lddt	0.842074
A0A2N2FFV9	foldmason_refine100_osc	lddt_columns	162/164
A0A2N2FFV9	foldmason_refine100_rosc	lddt	0.831678
A0A2N2FFV9	foldmason_refine100_rosc	lddt_columns	161/164
A0A2N2FFV9	foldmason_refine100_rosc_osc	lddt	0.847175
A0A2N2FFV9	foldmason_refine100_rosc_osc	lddt_columns	161/164
A0A2N2FFV9	foldmason_refine100_rosc	time	3.67
A0A2N2FFV9	foldmason_refine100	time	3.67
A0A2N2FFV9	foldmason	time	0.30
A0A2N2FFV9	mafft_3di	lddt	0.856206
A0A2N2FFV9	mafft_3di	lddt_columns	160/162
A0A2N2FFV9	mafft_3di_osc	lddt	0.866909
A0A2N2FFV9	mafft_3di_osc	lddt_columns	160/162
A0A2N2FFV9	mafft_3di	time	0.27
A0A2N2FFV9	mafft	lddt	0.819286
A0A2N2FFV9	mafft	lddt_columns	161/166
A0A2N2FFV9	mafft_osc	lddt	0.844729
A0A2N2FFV9	mafft_osc	lddt_columns	161/166
A0A2N2FFV9	mafft	time	0.36
A0A2N2FFV9	matt	lddt	0.678269
A0A2N2FFV9	matt	lddt_columns	165/204
A0A2N2FFV9	matt_osc	lddt	0.838587
A0A2N2FFV9	matt_osc	lddt_columns	165/204
A0A2N2FFV9	matt	time	1128.63
A0A2N2FFV9	mtmalign	lddt	0.672860
A0A2N2FFV9	mtmalign	lddt_columns	164/207
A0A2N2FFV9	mtmalign_osc	lddt	0.849280
A0A2N2FFV9	mtmalign_osc	lddt_columns	164/207
A0A2N2FFV9	mtmalign	time	15.32
A0A2N2FFV9	muscle	lddt	0.748874
A0A2N2FFV9	muscle	lddt_columns	161/177
A0A2N2FFV9	muscle_osc	lddt	0.823296
A0A2N2FFV9	muscle_osc	lddt_columns	161/177
A0A2N2FFV9	muscle	time	1.61
A0A2N2FFV9	mustang	lddt	0.740450
A0A2N2FFV9	mustang	lddt_columns	160/188
A0A2N2FFV9	mustang_osc	lddt	0.870029
A0A2N2FFV9	mustang_osc	lddt_columns	160/188
A0A2N2FFV9	mustang	time	91.35
A0A2N2FFV9	usalign	lddt	0.732724
A0A2N2FFV9	usalign	lddt_columns	163/190
A0A2N2FFV9	usalign_osc	lddt	0.854095
A0A2N2FFV9	usalign_osc	lddt_columns	163/190
A0A2N2FFV9	usalign	time	6.00
A0A2R6CQZ8	3dcoffee	lddt	0.415520
A0A2R6CQZ8	3dcoffee	lddt_columns	753/1142
A0A2R6CQZ8	3dcoffee_osc	lddt	0.630178
A0A2R6CQZ8	3dcoffee_osc	lddt_columns	753/1142
A0A2R6CQZ8	3dcoffee	time	1549.46
A0A2R6CQZ8	caretta	lddt	0.550957
A0A2R6CQZ8	caretta	lddt_columns	727/739
A0A2R6CQZ8	caretta_osc	lddt	0.560051
A0A2R6CQZ8	caretta_osc	lddt_columns	727/739
A0A2R6CQZ8	caretta	time	172.46
A0A2R6CQZ8	clustalo	lddt	0.435664
A0A2R6CQZ8	clustalo	lddt_columns	934/1102
A0A2R6CQZ8	clustalo_osc	lddt	0.514028
A0A2R6CQZ8	clustalo_osc	lddt_columns	934/1102
A0A2R6CQZ8	clustalo	time	1.45
A0A2R6CQZ8	famsa	lddt	0.497951
A0A2R6CQZ8	famsa	lddt_columns	723/888
A0A2R6CQZ8	famsa_osc	lddt	0.611591
A0A2R6CQZ8	famsa_osc	lddt_columns	723/888
A0A2R6CQZ8	famsa	time	0.34
A0A2R6CQZ8	foldmason_fast	lddt	0.494624
A0A2R6CQZ8	foldmason_fast	lddt_columns	824/949
A0A2R6CQZ8	foldmason_fast_osc	lddt	0.569658
A0A2R6CQZ8	foldmason_fast_osc	lddt_columns	824/949
A0A2R6CQZ8	foldmason_fast	time	2.18
A0A2R6CQZ8	foldmason	lddt	0.485682
A0A2R6CQZ8	foldmason	lddt_columns	758/927
A0A2R6CQZ8	foldmason_osc	lddt	0.593967
A0A2R6CQZ8	foldmason_osc	lddt_columns	758/927
A0A2R6CQZ8	foldmason_refine100	lddt	0.493041
A0A2R6CQZ8	foldmason_refine100	lddt_columns	809/930
A0A2R6CQZ8	foldmason_refine100_osc	lddt	0.566784
A0A2R6CQZ8	foldmason_refine100_osc	lddt_columns	809/930
A0A2R6CQZ8	foldmason_refine100_rosc	lddt	0.429506
A0A2R6CQZ8	foldmason_refine100_rosc	lddt_columns	699/1018
A0A2R6CQZ8	foldmason_refine100_rosc_osc	lddt	0.625518
A0A2R6CQZ8	foldmason_refine100_rosc_osc	lddt_columns	699/1018
A0A2R6CQZ8	foldmason_refine100_rosc	time	38.88
A0A2R6CQZ8	foldmason_refine100	time	37.91
A0A2R6CQZ8	foldmason	time	2.29
A0A2R6CQZ8	mafft_3di	lddt	0.441951
A0A2R6CQZ8	mafft_3di	lddt_columns	739/1056
A0A2R6CQZ8	mafft_3di_osc	lddt	0.631530
A0A2R6CQZ8	mafft_3di_osc	lddt_columns	739/1056
A0A2R6CQZ8	mafft_3di	time	1.48
A0A2R6CQZ8	mafft	lddt	0.443261
A0A2R6CQZ8	mafft	lddt_columns	840/1045
A0A2R6CQZ8	mafft_osc	lddt	0.551438
A0A2R6CQZ8	mafft_osc	lddt_columns	840/1045
A0A2R6CQZ8	mafft	time	2.95
A0A2R6CQZ8	matt	lddt	0.081621
A0A2R6CQZ8	matt	lddt_columns	991/4045
A0A2R6CQZ8	matt_osc	lddt	0.333155
A0A2R6CQZ8	matt_osc	lddt_columns	991/4045
A0A2R6CQZ8	matt	time	9852.38
A0A2R6CQZ8	mtmalign	lddt	0.142529
A0A2R6CQZ8	mtmalign	lddt_columns	927/3310
A0A2R6CQZ8	mtmalign_osc	lddt	0.508921
A0A2R6CQZ8	mtmalign_osc	lddt_columns	927/3310
A0A2R6CQZ8	mtmalign	time	241.55
A0A2R6CQZ8	muscle	lddt	0.305480
A0A2R6CQZ8	muscle	lddt_columns	671/1431
A0A2R6CQZ8	muscle_osc	lddt	0.651478
A0A2R6CQZ8	muscle_osc	lddt_columns	671/1431
A0A2R6CQZ8	muscle	time	14.78
A0A2R6CQZ8	mustang	lddt	0.324357
A0A2R6CQZ8	mustang	lddt_columns	791/1446
A0A2R6CQZ8	mustang_osc	lddt	0.592946
A0A2R6CQZ8	mustang_osc	lddt_columns	791/1446
A0A2R6CQZ8	mustang	time	2232.64
A0A2R6CQZ8	usalign	lddt	0.192404
A0A2R6CQZ8	usalign	lddt_columns	970/2548
A0A2R6CQZ8	usalign_osc	lddt	0.505406
A0A2R6CQZ8	usalign_osc	lddt_columns	970/2548
A0A2R6CQZ8	usalign	time	53.43
A0A2R6JPP2	3dcoffee	lddt	0.350994
A0A2R6JPP2	3dcoffee	lddt_columns	701/996
A0A2R6JPP2	3dcoffee_osc	lddt	0.498702
A0A2R6JPP2	3dcoffee_osc	lddt_columns	701/996
A0A2R6JPP2	3dcoffee	time	1042.42
A0A2R6JPP2	caretta	lddt	0.398034
A0A2R6JPP2	caretta	lddt_columns	590/612
A0A2R6JPP2	caretta_osc	lddt	0.412876
A0A2R6JPP2	caretta_osc	lddt_columns	590/612
A0A2R6JPP2	caretta	time	96.01
A0A2R6JPP2	clustalo	lddt	0.309848
A0A2R6JPP2	clustalo	lddt_columns	884/1045
A0A2R6JPP2	clustalo_osc	lddt	0.366279
A0A2R6JPP2	clustalo_osc	lddt_columns	884/1045
A0A2R6JPP2	clustalo	time	1.05
A0A2R6JPP2	famsa	lddt	0.344425
A0A2R6JPP2	famsa	lddt_columns	640/793
A0A2R6JPP2	famsa_osc	lddt	0.426764
A0A2R6JPP2	famsa_osc	lddt_columns	640/793
A0A2R6JPP2	famsa	time	0.32
A0A2R6JPP2	foldmason_fast	lddt	0.414336
A0A2R6JPP2	foldmason_fast	lddt_columns	774/820
A0A2R6JPP2	foldmason_fast_osc	lddt	0.438961
A0A2R6JPP2	foldmason_fast_osc	lddt_columns	774/820
A0A2R6JPP2	foldmason_fast	time	1.80
A0A2R6JPP2	foldmason	lddt	0.441255
A0A2R6JPP2	foldmason	lddt_columns	787/810
A0A2R6JPP2	foldmason_osc	lddt	0.454151
A0A2R6JPP2	foldmason_osc	lddt_columns	787/810
A0A2R6JPP2	foldmason_refine100	lddt	0.441662
A0A2R6JPP2	foldmason_refine100	lddt_columns	795/810
A0A2R6JPP2	foldmason_refine100_osc	lddt	0.449995
A0A2R6JPP2	foldmason_refine100_osc	lddt_columns	795/810
A0A2R6JPP2	foldmason_refine100_rosc	lddt	0.434921
A0A2R6JPP2	foldmason_refine100_rosc	lddt_columns	777/816
A0A2R6JPP2	foldmason_refine100_rosc_osc	lddt	0.456751
A0A2R6JPP2	foldmason_refine100_rosc_osc	lddt_columns	777/816
A0A2R6JPP2	foldmason_refine100_rosc	time	26.01
A0A2R6JPP2	foldmason_refine100	time	29.37
A0A2R6JPP2	foldmason	time	8.79
A0A2R6JPP2	mafft_3di	lddt	0.390524
A0A2R6JPP2	mafft_3di	lddt_columns	735/898
A0A2R6JPP2	mafft_3di_osc	lddt	0.477130
A0A2R6JPP2	mafft_3di_osc	lddt_columns	735/898
A0A2R6JPP2	mafft_3di	time	1.69
A0A2R6JPP2	mafft	lddt	0.308194
A0A2R6JPP2	mafft	lddt_columns	900/1044
A0A2R6JPP2	mafft_osc	lddt	0.357505
A0A2R6JPP2	mafft_osc	lddt_columns	900/1044
A0A2R6JPP2	mafft	time	3.50
A0A2R6JPP2	matt	lddt	0.034568
A0A2R6JPP2	matt	lddt_columns	968/5841
A0A2R6JPP2	matt_osc	lddt	0.208585
A0A2R6JPP2	matt_osc	lddt_columns	968/5841
A0A2R6JPP2	matt	time	4891.81
A0A2R6JPP2	mtmalign	lddt	0.098054
A0A2R6JPP2	mtmalign	lddt_columns	1521/4072
A0A2R6JPP2	mtmalign_osc	lddt	0.262509
A0A2R6JPP2	mtmalign_osc	lddt_columns	1521/4072
A0A2R6JPP2	mtmalign	time	118.66
A0A2R6JPP2	muscle	lddt	0.216997
A0A2R6JPP2	muscle	lddt_columns	834/1417
A0A2R6JPP2	muscle_osc	lddt	0.368686
A0A2R6JPP2	muscle_osc	lddt_columns	834/1417
A0A2R6JPP2	muscle	time	13.60
A0A2R6JPP2	mustang	lddt	0.206016
A0A2R6JPP2	mustang	lddt_columns	997/1735
A0A2R6JPP2	mustang_osc	lddt	0.358514
A0A2R6JPP2	mustang_osc	lddt_columns	997/1735
A0A2R6JPP2	mustang	time	2995.57
A0A2R6JPP2	usalign	lddt	0.111228
A0A2R6JPP2	usalign	lddt_columns	1514/3590
A0A2R6JPP2	usalign_osc	lddt	0.263744
A0A2R6JPP2	usalign_osc	lddt_columns	1514/3590
A0A2R6JPP2	usalign	time	34.33
A0A2R6KP32	3dcoffee	lddt	0.741321
A0A2R6KP32	3dcoffee	lddt_columns	185/189
A0A2R6KP32	3dcoffee_osc	lddt	0.757350
A0A2R6KP32	3dcoffee_osc	lddt_columns	185/189
A0A2R6KP32	3dcoffee	time	287.37
A0A2R6KP32	caretta	lddt	0.752129
A0A2R6KP32	caretta	lddt_columns	182/185
A0A2R6KP32	caretta_osc	lddt	0.764527
A0A2R6KP32	caretta_osc	lddt_columns	182/185
A0A2R6KP32	caretta	time	47.43
A0A2R6KP32	clustalo	lddt	0.677785
A0A2R6KP32	clustalo	lddt_columns	194/202
A0A2R6KP32	clustalo_osc	lddt	0.705735
A0A2R6KP32	clustalo_osc	lddt_columns	194/202
A0A2R6KP32	clustalo	time	0.13
A0A2R6KP32	famsa	lddt	0.647197
A0A2R6KP32	famsa	lddt_columns	184/206
A0A2R6KP32	famsa_osc	lddt	0.724579
A0A2R6KP32	famsa_osc	lddt_columns	184/206
A0A2R6KP32	famsa	time	0.08
A0A2R6KP32	foldmason_fast	lddt	0.714953
A0A2R6KP32	foldmason_fast	lddt_columns	186/188
A0A2R6KP32	foldmason_fast_osc	lddt	0.722641
A0A2R6KP32	foldmason_fast_osc	lddt_columns	186/188
A0A2R6KP32	foldmason_fast	time	1.76
A0A2R6KP32	foldmason	lddt	0.732086
A0A2R6KP32	foldmason	lddt_columns	188/189
A0A2R6KP32	foldmason_osc	lddt	0.735980
A0A2R6KP32	foldmason_osc	lddt_columns	188/189
A0A2R6KP32	foldmason_refine100	lddt	0.732445
A0A2R6KP32	foldmason_refine100	lddt_columns	188/189
A0A2R6KP32	foldmason_refine100_osc	lddt	0.736341
A0A2R6KP32	foldmason_refine100_osc	lddt_columns	188/189
A0A2R6KP32	foldmason_refine100_rosc	lddt	0.734305
A0A2R6KP32	foldmason_refine100_rosc	lddt_columns	186/188
A0A2R6KP32	foldmason_refine100_rosc_osc	lddt	0.742201
A0A2R6KP32	foldmason_refine100_rosc_osc	lddt_columns	186/188
A0A2R6KP32	foldmason_refine100_rosc	time	4.83
A0A2R6KP32	foldmason_refine100	time	4.65
A0A2R6KP32	foldmason	time	11.48
A0A2R6KP32	mafft_3di	lddt	0.722005
A0A2R6KP32	mafft_3di	lddt_columns	184/192
A0A2R6KP32	mafft_3di_osc	lddt	0.753396
A0A2R6KP32	mafft_3di_osc	lddt_columns	184/192
A0A2R6KP32	mafft_3di	time	0.31
A0A2R6KP32	mafft	lddt	0.705837
A0A2R6KP32	mafft	lddt_columns	191/194
A0A2R6KP32	mafft_osc	lddt	0.716924
A0A2R6KP32	mafft_osc	lddt_columns	191/194
A0A2R6KP32	mafft	time	0.37
A0A2R6KP32	matt	lddt	0.612720
A0A2R6KP32	matt	lddt_columns	198/230
A0A2R6KP32	matt_osc	lddt	0.711746
A0A2R6KP32	matt_osc	lddt_columns	198/230
A0A2R6KP32	matt	time	931.33
A0A2R6KP32	mtmalign	lddt	0.587807
A0A2R6KP32	mtmalign	lddt_columns	204/243
A0A2R6KP32	mtmalign_osc	lddt	0.700181
A0A2R6KP32	mtmalign_osc	lddt_columns	204/243
A0A2R6KP32	mtmalign	time	14.28
A0A2R6KP32	muscle	lddt	0.581510
A0A2R6KP32	muscle	lddt_columns	185/228
A0A2R6KP32	muscle_osc	lddt	0.716671
A0A2R6KP32	muscle_osc	lddt_columns	185/228
A0A2R6KP32	muscle	time	1.54
A0A2R6KP32	mustang	lddt	0.649364
A0A2R6KP32	mustang	lddt_columns	192/216
A0A2R6KP32	mustang_osc	lddt	0.730535
A0A2R6KP32	mustang_osc	lddt_columns	192/216
A0A2R6KP32	mustang	time	75.64
A0A2R6KP32	usalign	lddt	0.717556
A0A2R6KP32	usalign	lddt_columns	190/197
A0A2R6KP32	usalign_osc	lddt	0.743993
A0A2R6KP32	usalign_osc	lddt_columns	190/197
A0A2R6KP32	usalign	time	5.61
A0A2W5JG19	3dcoffee	lddt	0.640179
A0A2W5JG19	3dcoffee	lddt_columns	196/217
A0A2W5JG19	3dcoffee_osc	lddt	0.708770
A0A2W5JG19	3dcoffee_osc	lddt_columns	196/217
A0A2W5JG19	3dcoffee	time	281.92
A0A2W5JG19	caretta	lddt	0.748919
A0A2W5JG19	caretta	lddt_columns	170/179
A0A2W5JG19	caretta_osc	lddt	0.788568
A0A2W5JG19	caretta_osc	lddt_columns	170/179
A0A2W5JG19	caretta	time	85.35
A0A2W5JG19	clustalo	lddt	0.539000
A0A2W5JG19	clustalo	lddt_columns	196/232
A0A2W5JG19	clustalo_osc	lddt	0.638000
A0A2W5JG19	clustalo_osc	lddt_columns	196/232
A0A2W5JG19	clustalo	time	0.13
A0A2W5JG19	famsa	lddt	0.695216
A0A2W5JG19	famsa	lddt_columns	175/189
A0A2W5JG19	famsa_osc	lddt	0.750833
A0A2W5JG19	famsa_osc	lddt_columns	175/189
A0A2W5JG19	famsa	time	0.09
A0A2W5JG19	foldmason_fast	lddt	0.788678
A0A2W5JG19	foldmason_fast	lddt_columns	172/176
A0A2W5JG19	foldmason_fast_osc	lddt	0.807019
A0A2W5JG19	foldmason_fast_osc	lddt_columns	172/176
A0A2W5JG19	foldmason_fast	time	0.49
A0A2W5JG19	foldmason	lddt	0.735733
A0A2W5JG19	foldmason	lddt_columns	172/186
A0A2W5JG19	foldmason_osc	lddt	0.795618
A0A2W5JG19	foldmason_osc	lddt_columns	172/186
A0A2W5JG19	foldmason_refine100	lddt	0.773675
A0A2W5JG19	foldmason_refine100	lddt_columns	178/178
A0A2W5JG19	foldmason_refine100_osc	lddt	0.773675
A0A2W5JG19	foldmason_refine100_osc	lddt_columns	178/178
A0A2W5JG19	foldmason_refine100_rosc	lddt	0.707925
A0A2W5JG19	foldmason_refine100_rosc	lddt_columns	166/191
A0A2W5JG19	foldmason_refine100_rosc_osc	lddt	0.814541
A0A2W5JG19	foldmason_refine100_rosc_osc	lddt_columns	166/191
A0A2W5JG19	foldmason_refine100_rosc	time	3.89
A0A2W5JG19	foldmason_refine100	time	3.88
A0A2W5JG19	foldmason	time	0.26
A0A2W5JG19	mafft_3di	lddt	0.780791
A0A2W5JG19	mafft_3di	lddt_columns	165/175
A0A2W5JG19	mafft_3di_osc	lddt	0.828112
A0A2W5JG19	mafft_3di_osc	lddt_columns	165/175
A0A2W5JG19	mafft_3di	time	0.26
A0A2W5JG19	mafft	lddt	0.710313
A0A2W5JG19	mafft	lddt_columns	171/192
A0A2W5JG19	mafft_osc	lddt	0.797545
A0A2W5JG19	mafft_osc	lddt_columns	171/192
A0A2W5JG19	mafft	time	0.52
A0A2W5JG19	matt	lddt	0.520807
A0A2W5JG19	matt	lddt_columns	191/264
A0A2W5JG19	matt_osc	lddt	0.719859
A0A2W5JG19	matt_osc	lddt_columns	191/264
A0A2W5JG19	matt	time	1304.37
A0A2W5JG19	mtmalign	lddt	0.599716
A0A2W5JG19	mtmalign	lddt_columns	176/231
A0A2W5JG19	mtmalign_osc	lddt	0.787127
A0A2W5JG19	mtmalign_osc	lddt_columns	176/231
A0A2W5JG19	mtmalign	time	21.00
A0A2W5JG19	muscle	lddt	0.669071
A0A2W5JG19	muscle	lddt_columns	164/197
A0A2W5JG19	muscle_osc	lddt	0.803701
A0A2W5JG19	muscle_osc	lddt_columns	164/197
A0A2W5JG19	muscle	time	1.86
A0A2W5JG19	mustang	lddt	0.649961
A0A2W5JG19	mustang	lddt_columns	164/211
A0A2W5JG19	mustang_osc	lddt	0.836230
A0A2W5JG19	mustang_osc	lddt_columns	164/211
A0A2W5JG19	mustang	time	93.02
A0A2W5JG19	usalign	lddt	0.695033
A0A2W5JG19	usalign	lddt_columns	173/201
A0A2W5JG19	usalign_osc	lddt	0.807523
A0A2W5JG19	usalign_osc	lddt_columns	173/201
A0A2W5JG19	usalign	time	6.69
A0A2Z3HUZ4	3dcoffee	lddt	0.776272
A0A2Z3HUZ4	3dcoffee	lddt_columns	145/169
A0A2Z3HUZ4	3dcoffee_osc	lddt	0.904759
A0A2Z3HUZ4	3dcoffee_osc	lddt_columns	145/169
A0A2Z3HUZ4	3dcoffee	time	600.12
A0A2Z3HUZ4	caretta	lddt	0.868974
A0A2Z3HUZ4	caretta	lddt_columns	154/155
A0A2Z3HUZ4	caretta_osc	lddt	0.874617
A0A2Z3HUZ4	caretta_osc	lddt_columns	154/155
A0A2Z3HUZ4	caretta	time	68.20
A0A2Z3HUZ4	clustalo	lddt	0.853743
A0A2Z3HUZ4	clustalo	lddt_columns	151/157
A0A2Z3HUZ4	clustalo_osc	lddt	0.887666
A0A2Z3HUZ4	clustalo_osc	lddt_columns	151/157
A0A2Z3HUZ4	clustalo	time	0.08
A0A2Z3HUZ4	famsa	lddt	0.859974
A0A2Z3HUZ4	famsa	lddt_columns	151/156
A0A2Z3HUZ4	famsa_osc	lddt	0.888450
A0A2Z3HUZ4	famsa_osc	lddt_columns	151/156
A0A2Z3HUZ4	famsa	time	0.02
A0A2Z3HUZ4	foldmason_fast	lddt	0.856617
A0A2Z3HUZ4	foldmason_fast	lddt_columns	154/156
A0A2Z3HUZ4	foldmason_fast_osc	lddt	0.867741
A0A2Z3HUZ4	foldmason_fast_osc	lddt_columns	154/156
A0A2Z3HUZ4	foldmason_fast	time	2.13
A0A2Z3HUZ4	foldmason	lddt	0.833475
A0A2Z3HUZ4	foldmason	lddt_columns	160/161
A0A2Z3HUZ4	foldmason_osc	lddt	0.838684
A0A2Z3HUZ4	foldmason_osc	lddt_columns	160/161
A0A2Z3HUZ4	foldmason_refine100	lddt	0.843924
A0A2Z3HUZ4	foldmason_refine100	lddt_columns	160/160
A0A2Z3HUZ4	foldmason_refine100_osc	lddt	0.843924
A0A2Z3HUZ4	foldmason_refine100_osc	lddt_columns	160/160
A0A2Z3HUZ4	foldmason_refine100_rosc	lddt	0.822551
A0A2Z3HUZ4	foldmason_refine100_rosc	lddt_columns	156/163
A0A2Z3HUZ4	foldmason_refine100_rosc_osc	lddt	0.859460
A0A2Z3HUZ4	foldmason_refine100_rosc_osc	lddt_columns	156/163
A0A2Z3HUZ4	foldmason_refine100_rosc	time	3.38
A0A2Z3HUZ4	foldmason_refine100	time	3.40
A0A2Z3HUZ4	foldmason	time	0.24
A0A2Z3HUZ4	mafft_3di	lddt	0.828108
A0A2Z3HUZ4	mafft_3di	lddt_columns	149/157
A0A2Z3HUZ4	mafft_3di_osc	lddt	0.872571
A0A2Z3HUZ4	mafft_3di_osc	lddt_columns	149/157
A0A2Z3HUZ4	mafft_3di	time	0.25
A0A2Z3HUZ4	mafft	lddt	0.855437
A0A2Z3HUZ4	mafft	lddt_columns	151/156
A0A2Z3HUZ4	mafft_osc	lddt	0.883763
A0A2Z3HUZ4	mafft_osc	lddt_columns	151/156
A0A2Z3HUZ4	mafft	time	0.31
A0A2Z3HUZ4	matt	lddt	0.748036
A0A2Z3HUZ4	matt	lddt_columns	155/179
A0A2Z3HUZ4	matt_osc	lddt	0.863861
A0A2Z3HUZ4	matt_osc	lddt_columns	155/179
A0A2Z3HUZ4	matt	time	1091.84
A0A2Z3HUZ4	mtmalign	lddt	0.711992
A0A2Z3HUZ4	mtmalign	lddt_columns	156/188
A0A2Z3HUZ4	mtmalign_osc	lddt	0.858042
A0A2Z3HUZ4	mtmalign_osc	lddt_columns	156/188
A0A2Z3HUZ4	mtmalign	time	16.15
A0A2Z3HUZ4	muscle	lddt	0.779066
A0A2Z3HUZ4	muscle	lddt_columns	143/167
A0A2Z3HUZ4	muscle_osc	lddt	0.909818
A0A2Z3HUZ4	muscle_osc	lddt_columns	143/167
A0A2Z3HUZ4	muscle	time	1.14
A0A2Z3HUZ4	mustang	lddt	0.750034
A0A2Z3HUZ4	mustang	lddt_columns	144/177
A0A2Z3HUZ4	mustang_osc	lddt	0.921917
A0A2Z3HUZ4	mustang_osc	lddt_columns	144/177
A0A2Z3HUZ4	mustang	time	75.73
A0A2Z3HUZ4	usalign	lddt	0.800231
A0A2Z3HUZ4	usalign	lddt_columns	154/168
A0A2Z3HUZ4	usalign_osc	lddt	0.872980
A0A2Z3HUZ4	usalign_osc	lddt_columns	154/168
A0A2Z3HUZ4	usalign	time	5.68
A0A326KFK6	3dcoffee	lddt	0.775705
A0A326KFK6	3dcoffee	lddt_columns	152/159
A0A326KFK6	3dcoffee_osc	lddt	0.811429
A0A326KFK6	3dcoffee_osc	lddt_columns	152/159
A0A326KFK6	3dcoffee	time	331.08
A0A326KFK6	caretta	lddt	0.782440
A0A326KFK6	caretta	lddt_columns	154/158
A0A326KFK6	caretta_osc	lddt	0.802763
A0A326KFK6	caretta_osc	lddt_columns	154/158
A0A326KFK6	caretta	time	46.51
A0A326KFK6	clustalo	lddt	0.774319
A0A326KFK6	clustalo	lddt_columns	153/159
A0A326KFK6	clustalo_osc	lddt	0.804685
A0A326KFK6	clustalo_osc	lddt_columns	153/159
A0A326KFK6	clustalo	time	0.08
A0A326KFK6	famsa	lddt	0.774103
A0A326KFK6	famsa	lddt_columns	152/159
A0A326KFK6	famsa_osc	lddt	0.809752
A0A326KFK6	famsa_osc	lddt_columns	152/159
A0A326KFK6	famsa	time	0.06
A0A326KFK6	foldmason_fast	lddt	0.779903
A0A326KFK6	foldmason_fast	lddt_columns	154/158
A0A326KFK6	foldmason_fast_osc	lddt	0.800161
A0A326KFK6	foldmason_fast_osc	lddt_columns	154/158
A0A326KFK6	foldmason_fast	time	1.92
A0A326KFK6	foldmason	lddt	0.777202
A0A326KFK6	foldmason	lddt_columns	155/158
A0A326KFK6	foldmason_osc	lddt	0.792245
A0A326KFK6	foldmason_osc	lddt_columns	155/158
A0A326KFK6	foldmason_refine100	lddt	0.779387
A0A326KFK6	foldmason_refine100	lddt_columns	157/158
A0A326KFK6	foldmason_refine100_osc	lddt	0.784352
A0A326KFK6	foldmason_refine100_osc	lddt_columns	157/158
A0A326KFK6	foldmason_refine100_rosc	lddt	0.777276
A0A326KFK6	foldmason_refine100_rosc	lddt_columns	155/158
A0A326KFK6	foldmason_refine100_rosc_osc	lddt	0.792320
A0A326KFK6	foldmason_refine100_rosc_osc	lddt_columns	155/158
A0A326KFK6	foldmason_refine100_rosc	time	4.06
A0A326KFK6	foldmason_refine100	time	8.79
A0A326KFK6	foldmason	time	7.03
A0A326KFK6	mafft_3di	lddt	0.776075
A0A326KFK6	mafft_3di	lddt_columns	152/159
A0A326KFK6	mafft_3di_osc	lddt	0.811815
A0A326KFK6	mafft_3di_osc	lddt_columns	152/159
A0A326KFK6	mafft_3di	time	0.30
A0A326KFK6	mafft	lddt	0.744219
A0A326KFK6	mafft	lddt_columns	150/164
A0A326KFK6	mafft_osc	lddt	0.813680
A0A326KFK6	mafft_osc	lddt_columns	150/164
A0A326KFK6	mafft	time	0.35
A0A326KFK6	matt	lddt	0.586184
A0A326KFK6	matt	lddt_columns	157/209
A0A326KFK6	matt_osc	lddt	0.780334
A0A326KFK6	matt_osc	lddt_columns	157/209
A0A326KFK6	matt	time	567.19
A0A326KFK6	mtmalign	lddt	0.573833
A0A326KFK6	mtmalign	lddt_columns	157/214
A0A326KFK6	mtmalign_osc	lddt	0.782167
A0A326KFK6	mtmalign_osc	lddt_columns	157/214
A0A326KFK6	mtmalign	time	19.59
A0A326KFK6	muscle	lddt	0.728133
A0A326KFK6	muscle	lddt_columns	147/166
A0A326KFK6	muscle_osc	lddt	0.822246
A0A326KFK6	muscle_osc	lddt_columns	147/166
A0A326KFK6	muscle	time	1.17
A0A326KFK6	mustang	lddt	0.626731
A0A326KFK6	mustang	lddt_columns	155/196
A0A326KFK6	mustang_osc	lddt	0.792512
A0A326KFK6	mustang_osc	lddt_columns	155/196
A0A326KFK6	mustang	time	64.03
A0A326KFK6	usalign	lddt	0.641604
A0A326KFK6	usalign	lddt_columns	155/192
A0A326KFK6	usalign_osc	lddt	0.794761
A0A326KFK6	usalign_osc	lddt_columns	155/192
A0A326KFK6	usalign	time	5.01
A0A345XNH5	3dcoffee	lddt	0.638053
A0A345XNH5	3dcoffee	lddt_columns	643/680
A0A345XNH5	3dcoffee_osc	lddt	0.674769
A0A345XNH5	3dcoffee_osc	lddt_columns	643/680
A0A345XNH5	3dcoffee	time	1983.05
A0A345XNH5	caretta	lddt	0.487427
A0A345XNH5	caretta	lddt_columns	644/680
A0A345XNH5	caretta_osc	lddt	0.514675
A0A345XNH5	caretta_osc	lddt_columns	644/680
A0A345XNH5	caretta	time	166.00
A0A345XNH5	clustalo	lddt	0.711229
A0A345XNH5	clustalo	lddt_columns	630/676
A0A345XNH5	clustalo_osc	lddt	0.763160
A0A345XNH5	clustalo_osc	lddt_columns	630/676
A0A345XNH5	clustalo	time	0.93
A0A345XNH5	famsa	lddt	0.677246
A0A345XNH5	famsa	lddt_columns	626/701
A0A345XNH5	famsa_osc	lddt	0.758386
A0A345XNH5	famsa_osc	lddt_columns	626/701
A0A345XNH5	famsa	time	0.29
A0A345XNH5	foldmason_fast	lddt	0.714425
A0A345XNH5	foldmason_fast	lddt_columns	645/674
A0A345XNH5	foldmason_fast_osc	lddt	0.746546
A0A345XNH5	foldmason_fast_osc	lddt_columns	645/674
A0A345XNH5	foldmason_fast	time	1.95
A0A345XNH5	foldmason	lddt	0.711575
A0A345XNH5	foldmason	lddt_columns	649/679
A0A345XNH5	foldmason_osc	lddt	0.744467
A0A345XNH5	foldmason_osc	lddt_columns	649/679
A0A345XNH5	foldmason_refine100	lddt	0.718748
A0A345XNH5	foldmason_refine100	lddt_columns	661/674
A0A345XNH5	foldmason_refine100_osc	lddt	0.732884
A0A345XNH5	foldmason_refine100_osc	lddt_columns	661/674
A0A345XNH5	foldmason_refine100_rosc	lddt	0.677915
A0A345XNH5	foldmason_refine100_rosc	lddt_columns	634/708
A0A345XNH5	foldmason_refine100_rosc_osc	lddt	0.757040
A0A345XNH5	foldmason_refine100_rosc_osc	lddt_columns	634/708
A0A345XNH5	foldmason_refine100_rosc	time	35.02
A0A345XNH5	foldmason_refine100	time	33.85
A0A345XNH5	foldmason	time	1.96
A0A345XNH5	mafft_3di	lddt	0.711201
A0A345XNH5	mafft_3di	lddt_columns	624/676
A0A345XNH5	mafft_3di_osc	lddt	0.770467
A0A345XNH5	mafft_3di_osc	lddt_columns	624/676
A0A345XNH5	mafft_3di	time	0.98
A0A345XNH5	mafft	lddt	0.693611
A0A345XNH5	mafft	lddt_columns	620/690
A0A345XNH5	mafft_osc	lddt	0.771922
A0A345XNH5	mafft_osc	lddt_columns	620/690
A0A345XNH5	mafft	time	1.51
A0A345XNH5	matt	lddt	0.102278
A0A345XNH5	matt	lddt_columns	1158/3850
A0A345XNH5	matt_osc	lddt	0.340042
A0A345XNH5	matt_osc	lddt_columns	1158/3850
A0A345XNH5	matt	time	8997.39
A0A345XNH5	mtmalign	lddt	0.166349
A0A345XNH5	mtmalign	lddt_columns	1293/2998
A0A345XNH5	mtmalign_osc	lddt	0.385703
A0A345XNH5	mtmalign_osc	lddt_columns	1293/2998
A0A345XNH5	mtmalign	time	211.15
A0A345XNH5	muscle	lddt	0.686203
A0A345XNH5	muscle	lddt_columns	628/697
A0A345XNH5	muscle_osc	lddt	0.761598
A0A345XNH5	muscle_osc	lddt_columns	628/697
A0A345XNH5	muscle	time	11.69
A0A345XNH5	mustang	lddt	0.525142
A0A345XNH5	mustang	lddt_columns	653/909
A0A345XNH5	mustang_osc	lddt	0.731016
A0A345XNH5	mustang_osc	lddt_columns	653/909
A0A345XNH5	mustang	time	508.01
A0A345XNH5	usalign	lddt	0.217199
A0A345XNH5	usalign	lddt_columns	1436/2413
A0A345XNH5	usalign_osc	lddt	0.364972
A0A345XNH5	usalign_osc	lddt_columns	1436/2413
A0A345XNH5	usalign	time	53.39
A0A350T754	3dcoffee	lddt	0.582777
A0A350T754	3dcoffee	lddt_columns	186/227
A0A350T754	3dcoffee_osc	lddt	0.711239
A0A350T754	3dcoffee_osc	lddt_columns	186/227
A0A350T754	3dcoffee	time	279.16
A0A350T754	caretta	lddt	0.634070
A0A350T754	caretta	lddt_columns	184/199
A0A350T754	caretta_osc	lddt	0.685761
A0A350T754	caretta_osc	lddt_columns	184/199
A0A350T754	caretta	time	45.63
A0A350T754	clustalo	lddt	0.596724
A0A350T754	clustalo	lddt_columns	190/213
A0A350T754	clustalo_osc	lddt	0.668959
A0A350T754	clustalo_osc	lddt_columns	190/213
A0A350T754	clustalo	time	0.11
A0A350T754	famsa	lddt	0.601000
A0A350T754	famsa	lddt_columns	182/208
A0A350T754	famsa_osc	lddt	0.686857
A0A350T754	famsa_osc	lddt_columns	182/208
A0A350T754	famsa	time	0.08
A0A350T754	foldmason_fast	lddt	0.593870
A0A350T754	foldmason_fast	lddt_columns	191/216
A0A350T754	foldmason_fast_osc	lddt	0.671602
A0A350T754	foldmason_fast_osc	lddt_columns	191/216
A0A350T754	foldmason_fast	time	2.99
A0A350T754	foldmason	lddt	0.600893
A0A350T754	foldmason	lddt_columns	198/221
A0A350T754	foldmason_osc	lddt	0.670694
A0A350T754	foldmason_osc	lddt_columns	198/221
A0A350T754	foldmason_refine100	lddt	0.607673
A0A350T754	foldmason_refine100	lddt_columns	210/221
A0A350T754	foldmason_refine100_osc	lddt	0.639503
A0A350T754	foldmason_refine100_osc	lddt_columns	210/221
A0A350T754	foldmason_refine100_rosc	lddt	0.584952
A0A350T754	foldmason_refine100_rosc	lddt_columns	191/226
A0A350T754	foldmason_refine100_rosc_osc	lddt	0.692142
A0A350T754	foldmason_refine100_rosc_osc	lddt_columns	191/226
A0A350T754	foldmason_refine100_rosc	time	5.00
A0A350T754	foldmason_refine100	time	4.99
A0A350T754	foldmason	time	0.24
A0A350T754	mafft_3di	lddt	0.603460
A0A350T754	mafft_3di	lddt_columns	186/216
A0A350T754	mafft_3di_osc	lddt	0.700793
A0A350T754	mafft_3di_osc	lddt_columns	186/216
A0A350T754	mafft_3di	time	0.36
A0A350T754	mafft	lddt	0.559572
A0A350T754	mafft	lddt_columns	193/224
A0A350T754	mafft_osc	lddt	0.649451
A0A350T754	mafft_osc	lddt_columns	193/224
A0A350T754	mafft	time	0.43
A0A350T754	matt	lddt	0.431939
A0A350T754	matt	lddt_columns	208/306
A0A350T754	matt_osc	lddt	0.635448
A0A350T754	matt_osc	lddt_columns	208/306
A0A350T754	matt	time	56.45
A0A350T754	mtmalign	lddt	0.418939
A0A350T754	mtmalign	lddt_columns	213/327
A0A350T754	mtmalign_osc	lddt	0.643159
A0A350T754	mtmalign_osc	lddt_columns	213/327
A0A350T754	mtmalign	time	13.84
A0A350T754	muscle	lddt	0.518301
A0A350T754	muscle	lddt_columns	175/241
A0A350T754	muscle_osc	lddt	0.713774
A0A350T754	muscle_osc	lddt_columns	175/241
A0A350T754	muscle	time	1.65
A0A350T754	mustang	lddt	0.515196
A0A350T754	mustang	lddt_columns	201/261
A0A350T754	mustang_osc	lddt	0.668986
A0A350T754	mustang_osc	lddt_columns	201/261
A0A350T754	mustang	time	34.36
A0A350T754	usalign	lddt	0.548066
A0A350T754	usalign	lddt_columns	201/249
A0A350T754	usalign_osc	lddt	0.678948
A0A350T754	usalign_osc	lddt_columns	201/249
A0A350T754	usalign	time	5.12
A0A352VZ14	3dcoffee	lddt	0.430389
A0A352VZ14	3dcoffee	lddt_columns	842/961
A0A352VZ14	3dcoffee_osc	lddt	0.491216
A0A352VZ14	3dcoffee_osc	lddt_columns	842/961
A0A352VZ14	3dcoffee	time	1868.23
A0A352VZ14	caretta	lddt	0.435391
A0A352VZ14	caretta	lddt_columns	665/682
A0A352VZ14	caretta_osc	lddt	0.446521
A0A352VZ14	caretta_osc	lddt_columns	665/682
A0A352VZ14	caretta	time	163.60
A0A352VZ14	clustalo	lddt	0.435649
A0A352VZ14	clustalo	lddt_columns	843/928
A0A352VZ14	clustalo_osc	lddt	0.479576
A0A352VZ14	clustalo_osc	lddt_columns	843/928
A0A352VZ14	clustalo	time	1.25
A0A352VZ14	famsa	lddt	0.379889
A0A352VZ14	famsa	lddt_columns	772/1023
A0A352VZ14	famsa_osc	lddt	0.503402
A0A352VZ14	famsa_osc	lddt_columns	772/1023
A0A352VZ14	famsa	time	0.39
A0A352VZ14	foldmason_fast	lddt	0.526156
A0A352VZ14	foldmason_fast	lddt_columns	796/825
A0A352VZ14	foldmason_fast_osc	lddt	0.545325
A0A352VZ14	foldmason_fast_osc	lddt_columns	796/825
A0A352VZ14	foldmason_fast	time	1.92
A0A352VZ14	foldmason	lddt	0.481534
A0A352VZ14	foldmason	lddt_columns	856/922
A0A352VZ14	foldmason_osc	lddt	0.518662
A0A352VZ14	foldmason_osc	lddt_columns	856/922
A0A352VZ14	foldmason_refine100	lddt	0.486603
A0A352VZ14	foldmason_refine100	lddt_columns	864/917
A0A352VZ14	foldmason_refine100_osc	lddt	0.516453
A0A352VZ14	foldmason_refine100_osc	lddt_columns	864/917
A0A352VZ14	foldmason_refine100_rosc	lddt	0.454544
A0A352VZ14	foldmason_refine100_rosc	lddt_columns	819/960
A0A352VZ14	foldmason_refine100_rosc_osc	lddt	0.532799
A0A352VZ14	foldmason_refine100_rosc_osc	lddt_columns	819/960
A0A352VZ14	foldmason_refine100_rosc	time	38.12
A0A352VZ14	foldmason_refine100	time	36.35
A0A352VZ14	foldmason	time	2.36
A0A352VZ14	mafft_3di	lddt	0.465839
A0A352VZ14	mafft_3di	lddt_columns	766/954
A0A352VZ14	mafft_3di_osc	lddt	0.580171
A0A352VZ14	mafft_3di_osc	lddt_columns	766/954
A0A352VZ14	mafft_3di	time	1.69
A0A352VZ14	mafft	lddt	0.418842
A0A352VZ14	mafft	lddt_columns	838/1013
A0A352VZ14	mafft_osc	lddt	0.506309
A0A352VZ14	mafft_osc	lddt_columns	838/1013
A0A352VZ14	mafft	time	4.96
A0A352VZ14	matt	lddt	0.036237
A0A352VZ14	matt	lddt_columns	1355/6881
A0A352VZ14	matt_osc	lddt	0.184021
A0A352VZ14	matt_osc	lddt_columns	1355/6881
A0A352VZ14	matt	time	7761.36
A0A352VZ14	mtmalign	lddt	0.134909
A0A352VZ14	mtmalign	lddt_columns	1625/3549
A0A352VZ14	mtmalign_osc	lddt	0.294641
A0A352VZ14	mtmalign_osc	lddt_columns	1625/3549
A0A352VZ14	mtmalign	time	222.05
A0A352VZ14	muscle	lddt	0.345206
A0A352VZ14	muscle	lddt_columns	809/1208
A0A352VZ14	muscle_osc	lddt	0.515463
A0A352VZ14	muscle_osc	lddt_columns	809/1208
A0A352VZ14	muscle	time	14.63
A0A352VZ14	mustang	lddt	0.369387
A0A352VZ14	mustang	lddt_columns	852/1240
A0A352VZ14	mustang_osc	lddt	0.537606
A0A352VZ14	mustang_osc	lddt_columns	852/1240
A0A352VZ14	mustang	time	2701.64
A0A352VZ14	usalign	lddt	0.147115
A0A352VZ14	usalign	lddt_columns	1943/3502
A0A352VZ14	usalign_osc	lddt	0.265156
A0A352VZ14	usalign_osc	lddt_columns	1943/3502
A0A352VZ14	usalign	time	57.40
A0A357BIX1	3dcoffee	lddt	0.406965
A0A357BIX1	3dcoffee	lddt_columns	898/1147
A0A357BIX1	3dcoffee_osc	lddt	0.519809
A0A357BIX1	3dcoffee_osc	lddt_columns	898/1147
A0A357BIX1	3dcoffee	time	2737.80
A0A357BIX1	caretta	lddt	0.341228
A0A357BIX1	caretta	lddt_columns	815/875
A0A357BIX1	caretta_osc	lddt	0.366349
A0A357BIX1	caretta_osc	lddt_columns	815/875
A0A357BIX1	caretta	time	196.79
A0A357BIX1	clustalo	lddt	0.369374
A0A357BIX1	clustalo	lddt_columns	1179/1331
A0A357BIX1	clustalo_osc	lddt	0.416995
A0A357BIX1	clustalo_osc	lddt_columns	1179/1331
A0A357BIX1	clustalo	time	3.86
A0A357BIX1	famsa	lddt	0.338958
A0A357BIX1	famsa	lddt_columns	1042/1359
A0A357BIX1	famsa_osc	lddt	0.442077
A0A357BIX1	famsa_osc	lddt_columns	1042/1359
A0A357BIX1	famsa	time	0.60
A0A357BIX1	foldmason_fast	lddt	0.404780
A0A357BIX1	foldmason_fast	lddt_columns	1047/1217
A0A357BIX1	foldmason_fast_osc	lddt	0.470504
A0A357BIX1	foldmason_fast_osc	lddt_columns	1047/1217
A0A357BIX1	foldmason_fast	time	3.18
A0A357BIX1	foldmason	lddt	0.392093
A0A357BIX1	foldmason	lddt_columns	1110/1285
A0A357BIX1	foldmason_osc	lddt	0.453910
A0A357BIX1	foldmason_osc	lddt_columns	1110/1285
A0A357BIX1	foldmason_refine100	lddt	0.400771
A0A357BIX1	foldmason_refine100	lddt_columns	1143/1260
A0A357BIX1	foldmason_refine100_osc	lddt	0.441794
A0A357BIX1	foldmason_refine100_osc	lddt_columns	1143/1260
A0A357BIX1	foldmason_refine100_rosc	lddt	0.377157
A0A357BIX1	foldmason_refine100_rosc	lddt_columns	1091/1323
A0A357BIX1	foldmason_refine100_rosc_osc	lddt	0.457359
A0A357BIX1	foldmason_refine100_rosc_osc	lddt_columns	1091/1323
A0A357BIX1	foldmason_refine100_rosc	time	62.83
A0A357BIX1	foldmason_refine100	time	65.58
A0A357BIX1	foldmason	time	3.31
A0A357BIX1	mafft_3di	lddt	0.372981
A0A357BIX1	mafft_3di	lddt_columns	1075/1409
A0A357BIX1	mafft_3di_osc	lddt	0.488865
A0A357BIX1	mafft_3di_osc	lddt_columns	1075/1409
A0A357BIX1	mafft_3di	time	4.25
A0A357BIX1	mafft	lddt	0.358185
A0A357BIX1	mafft	lddt_columns	1203/1426
A0A357BIX1	mafft_osc	lddt	0.424582
A0A357BIX1	mafft_osc	lddt_columns	1203/1426
A0A357BIX1	mafft	time	10.94
A0A357BIX1	matt	lddt	0.059976
A0A357BIX1	matt	lddt_columns	1342/6468
A0A357BIX1	matt_osc	lddt	0.289065
A0A357BIX1	matt_osc	lddt_columns	1342/6468
A0A357BIX1	matt	time	3044.96
A0A357BIX1	mtmalign	lddt	0.080111
A0A357BIX1	mtmalign	lddt_columns	1667/6030
A0A357BIX1	mtmalign_osc	lddt	0.289782
A0A357BIX1	mtmalign_osc	lddt_columns	1667/6030
A0A357BIX1	mtmalign	time	406.97
A0A357BIX1	muscle	lddt	0.263973
A0A357BIX1	muscle	lddt_columns	1169/1855
A0A357BIX1	muscle_osc	lddt	0.418879
A0A357BIX1	muscle_osc	lddt_columns	1169/1855
A0A357BIX1	muscle	time	26.93
A0A357BIX1	mustang	lddt	0.240027
A0A357BIX1	mustang	lddt_columns	1248/2240
A0A357BIX1	mustang_osc	lddt	0.430818
A0A357BIX1	mustang_osc	lddt_columns	1248/2240
A0A357BIX1	mustang	time	3695.36
A0A357BIX1	usalign	lddt	0.127199
A0A357BIX1	usalign	lddt_columns	2028/4432
A0A357BIX1	usalign_osc	lddt	0.277981
A0A357BIX1	usalign_osc	lddt_columns	2028/4432
A0A357BIX1	usalign	time	74.26
A0A3A9I9T1	3dcoffee	lddt	0.552317
A0A3A9I9T1	3dcoffee	lddt_columns	580/643
A0A3A9I9T1	3dcoffee_osc	lddt	0.612310
A0A3A9I9T1	3dcoffee_osc	lddt_columns	580/643
A0A3A9I9T1	3dcoffee	time	1402.99
A0A3A9I9T1	caretta	lddt	0.436249
A0A3A9I9T1	caretta	lddt_columns	621/631
A0A3A9I9T1	caretta_osc	lddt	0.443274
A0A3A9I9T1	caretta_osc	lddt_columns	621/631
A0A3A9I9T1	caretta	time	96.14
A0A3A9I9T1	clustalo	lddt	0.559384
A0A3A9I9T1	clustalo	lddt_columns	646/696
A0A3A9I9T1	clustalo_osc	lddt	0.602680
A0A3A9I9T1	clustalo_osc	lddt_columns	646/696
A0A3A9I9T1	clustalo	time	1.34
A0A3A9I9T1	famsa	lddt	0.533996
A0A3A9I9T1	famsa	lddt_columns	626/708
A0A3A9I9T1	famsa_osc	lddt	0.603944
A0A3A9I9T1	famsa_osc	lddt_columns	626/708
A0A3A9I9T1	famsa	time	0.33
A0A3A9I9T1	foldmason_fast	lddt	0.575478
A0A3A9I9T1	foldmason_fast	lddt_columns	614/672
A0A3A9I9T1	foldmason_fast_osc	lddt	0.629839
A0A3A9I9T1	foldmason_fast_osc	lddt_columns	614/672
A0A3A9I9T1	foldmason_fast	time	1.83
A0A3A9I9T1	foldmason	lddt	0.594959
A0A3A9I9T1	foldmason	lddt_columns	634/665
A0A3A9I9T1	foldmason_osc	lddt	0.624050
A0A3A9I9T1	foldmason_osc	lddt_columns	634/665
A0A3A9I9T1	foldmason_refine100	lddt	0.595260
A0A3A9I9T1	foldmason_refine100	lddt_columns	638/662
A0A3A9I9T1	foldmason_refine100_osc	lddt	0.617652
A0A3A9I9T1	foldmason_refine100_osc	lddt_columns	638/662
A0A3A9I9T1	foldmason_refine100_rosc	lddt	0.578291
A0A3A9I9T1	foldmason_refine100_rosc	lddt_columns	617/679
A0A3A9I9T1	foldmason_refine100_rosc_osc	lddt	0.636401
A0A3A9I9T1	foldmason_refine100_rosc_osc	lddt_columns	617/679
A0A3A9I9T1	foldmason_refine100_rosc	time	31.31
A0A3A9I9T1	foldmason_refine100	time	26.04
A0A3A9I9T1	foldmason	time	1.68
A0A3A9I9T1	mafft_3di	lddt	0.595029
A0A3A9I9T1	mafft_3di	lddt_columns	598/661
A0A3A9I9T1	mafft_3di_osc	lddt	0.657716
A0A3A9I9T1	mafft_3di_osc	lddt_columns	598/661
A0A3A9I9T1	mafft_3di	time	1.45
A0A3A9I9T1	mafft	lddt	0.519155
A0A3A9I9T1	mafft	lddt_columns	664/743
A0A3A9I9T1	mafft_osc	lddt	0.580921
A0A3A9I9T1	mafft_osc	lddt_columns	664/743
A0A3A9I9T1	mafft	time	3.29
A0A3A9I9T1	matt	lddt	0.063058
A0A3A9I9T1	matt	lddt_columns	1425/4345
A0A3A9I9T1	matt_osc	lddt	0.192270
A0A3A9I9T1	matt_osc	lddt_columns	1425/4345
A0A3A9I9T1	matt	time	2631.08
A0A3A9I9T1	mtmalign	lddt	0.128433
A0A3A9I9T1	mtmalign	lddt_columns	1446/3081
A0A3A9I9T1	mtmalign_osc	lddt	0.273653
A0A3A9I9T1	mtmalign_osc	lddt_columns	1446/3081
A0A3A9I9T1	mtmalign	time	159.04
A0A3A9I9T1	muscle	lddt	0.425772
A0A3A9I9T1	muscle	lddt_columns	619/888
A0A3A9I9T1	muscle_osc	lddt	0.610800
A0A3A9I9T1	muscle_osc	lddt_columns	619/888
A0A3A9I9T1	muscle	time	13.69
A0A3A9I9T1	mustang	lddt	0.407543
A0A3A9I9T1	mustang	lddt_columns	638/968
A0A3A9I9T1	mustang_osc	lddt	0.618342
A0A3A9I9T1	mustang_osc	lddt_columns	638/968
A0A3A9I9T1	mustang	time	556.00
A0A3A9I9T1	usalign	lddt	0.161801
A0A3A9I9T1	usalign	lddt_columns	1329/2408
A0A3A9I9T1	usalign_osc	lddt	0.293164
A0A3A9I9T1	usalign_osc	lddt_columns	1329/2408
A0A3A9I9T1	usalign	time	46.29
A0A3D8ICB5	3dcoffee	lddt	0.722635
A0A3D8ICB5	3dcoffee	lddt_columns	162/186
A0A3D8ICB5	3dcoffee_osc	lddt	0.829692
A0A3D8ICB5	3dcoffee_osc	lddt_columns	162/186
A0A3D8ICB5	3dcoffee	time	284.18
A0A3D8ICB5	caretta	lddt	0.869424
A0A3D8ICB5	caretta	lddt_columns	152/157
A0A3D8ICB5	caretta_osc	lddt	0.898024
A0A3D8ICB5	caretta_osc	lddt_columns	152/157
A0A3D8ICB5	caretta	time	46.18
A0A3D8ICB5	clustalo	lddt	0.788118
A0A3D8ICB5	clustalo	lddt_columns	153/170
A0A3D8ICB5	clustalo_osc	lddt	0.875687
A0A3D8ICB5	clustalo_osc	lddt_columns	153/170
A0A3D8ICB5	clustalo	time	0.08
A0A3D8ICB5	famsa	lddt	0.869341
A0A3D8ICB5	famsa	lddt_columns	153/157
A0A3D8ICB5	famsa_osc	lddt	0.892068
A0A3D8ICB5	famsa_osc	lddt_columns	153/157
A0A3D8ICB5	famsa	time	0.02
A0A3D8ICB5	foldmason_fast	lddt	0.853861
A0A3D8ICB5	foldmason_fast	lddt_columns	152/159
A0A3D8ICB5	foldmason_fast_osc	lddt	0.893183
A0A3D8ICB5	foldmason_fast_osc	lddt_columns	152/159
A0A3D8ICB5	foldmason_fast	time	3.07
A0A3D8ICB5	foldmason	lddt	0.827402
A0A3D8ICB5	foldmason	lddt_columns	157/163
A0A3D8ICB5	foldmason_osc	lddt	0.859022
A0A3D8ICB5	foldmason_osc	lddt_columns	157/163
A0A3D8ICB5	foldmason_refine100	lddt	0.833435
A0A3D8ICB5	foldmason_refine100	lddt_columns	159/162
A0A3D8ICB5	foldmason_refine100_osc	lddt	0.849161
A0A3D8ICB5	foldmason_refine100_osc	lddt_columns	159/162
A0A3D8ICB5	foldmason_refine100_rosc	lddt	0.828159
A0A3D8ICB5	foldmason_refine100_rosc	lddt_columns	157/163
A0A3D8ICB5	foldmason_refine100_rosc_osc	lddt	0.859808
A0A3D8ICB5	foldmason_refine100_rosc_osc	lddt_columns	157/163
A0A3D8ICB5	foldmason_refine100_rosc	time	3.40
A0A3D8ICB5	foldmason_refine100	time	3.41
A0A3D8ICB5	foldmason	time	0.22
A0A3D8ICB5	mafft_3di	lddt	0.836031
A0A3D8ICB5	mafft_3di	lddt_columns	150/161
A0A3D8ICB5	mafft_3di_osc	lddt	0.897340
A0A3D8ICB5	mafft_3di_osc	lddt_columns	150/161
A0A3D8ICB5	mafft_3di	time	0.26
A0A3D8ICB5	mafft	lddt	0.781133
A0A3D8ICB5	mafft	lddt_columns	150/171
A0A3D8ICB5	mafft_osc	lddt	0.890492
A0A3D8ICB5	mafft_osc	lddt_columns	150/171
A0A3D8ICB5	mafft	time	0.31
A0A3D8ICB5	matt	lddt	0.750150
A0A3D8ICB5	matt	lddt_columns	150/180
A0A3D8ICB5	matt_osc	lddt	0.900180
A0A3D8ICB5	matt_osc	lddt_columns	150/180
A0A3D8ICB5	matt	time	1011.11
A0A3D8ICB5	mtmalign	lddt	0.727937
A0A3D8ICB5	mtmalign	lddt_columns	149/186
A0A3D8ICB5	mtmalign_osc	lddt	0.908700
A0A3D8ICB5	mtmalign_osc	lddt_columns	149/186
A0A3D8ICB5	mtmalign	time	16.87
A0A3D8ICB5	muscle	lddt	0.822321
A0A3D8ICB5	muscle	lddt_columns	150/162
A0A3D8ICB5	muscle_osc	lddt	0.888107
A0A3D8ICB5	muscle_osc	lddt_columns	150/162
A0A3D8ICB5	muscle	time	1.37
A0A3D8ICB5	mustang	lddt	0.741987
A0A3D8ICB5	mustang	lddt_columns	150/181
A0A3D8ICB5	mustang_osc	lddt	0.895331
A0A3D8ICB5	mustang_osc	lddt_columns	150/181
A0A3D8ICB5	mustang	time	89.06
A0A3D8ICB5	usalign	lddt	0.821661
A0A3D8ICB5	usalign	lddt_columns	155/166
A0A3D8ICB5	usalign_osc	lddt	0.879973
A0A3D8ICB5	usalign_osc	lddt_columns	155/166
A0A3D8ICB5	usalign	time	5.64
A0A3E2T6J2	3dcoffee	lddt	0.753906
A0A3E2T6J2	3dcoffee	lddt_columns	434/452
A0A3E2T6J2	3dcoffee_osc	lddt	0.785174
A0A3E2T6J2	3dcoffee_osc	lddt_columns	434/452
A0A3E2T6J2	3dcoffee	time	930.16
A0A3E2T6J2	caretta	lddt	0.637616
A0A3E2T6J2	caretta	lddt_columns	451/455
A0A3E2T6J2	caretta_osc	lddt	0.643271
A0A3E2T6J2	caretta_osc	lddt_columns	451/455
A0A3E2T6J2	caretta	time	78.55
A0A3E2T6J2	clustalo	lddt	0.752849
A0A3E2T6J2	clustalo	lddt_columns	437/455
A0A3E2T6J2	clustalo_osc	lddt	0.783859
A0A3E2T6J2	clustalo_osc	lddt_columns	437/455
A0A3E2T6J2	clustalo	time	0.61
A0A3E2T6J2	famsa	lddt	0.743278
A0A3E2T6J2	famsa	lddt_columns	432/460
A0A3E2T6J2	famsa_osc	lddt	0.791453
A0A3E2T6J2	famsa_osc	lddt_columns	432/460
A0A3E2T6J2	famsa	time	0.21
A0A3E2T6J2	foldmason_fast	lddt	0.772784
A0A3E2T6J2	foldmason_fast	lddt_columns	439/448
A0A3E2T6J2	foldmason_fast_osc	lddt	0.788627
A0A3E2T6J2	foldmason_fast_osc	lddt_columns	439/448
A0A3E2T6J2	foldmason_fast	time	2.52
A0A3E2T6J2	foldmason	lddt	0.782146
A0A3E2T6J2	foldmason	lddt_columns	444/446
A0A3E2T6J2	foldmason_osc	lddt	0.785669
A0A3E2T6J2	foldmason_osc	lddt_columns	444/446
A0A3E2T6J2	foldmason_refine100	lddt	0.785197
A0A3E2T6J2	foldmason_refine100	lddt_columns	443/444
A0A3E2T6J2	foldmason_refine100_osc	lddt	0.786970
A0A3E2T6J2	foldmason_refine100_osc	lddt_columns	443/444
A0A3E2T6J2	foldmason_refine100_rosc	lddt	0.775019
A0A3E2T6J2	foldmason_refine100_rosc	lddt_columns	438/449
A0A3E2T6J2	foldmason_refine100_rosc_osc	lddt	0.794483
A0A3E2T6J2	foldmason_refine100_rosc_osc	lddt_columns	438/449
A0A3E2T6J2	foldmason_refine100_rosc	time	16.10
A0A3E2T6J2	foldmason_refine100	time	17.52
A0A3E2T6J2	foldmason	time	11.02
A0A3E2T6J2	mafft_3di	lddt	0.785639
A0A3E2T6J2	mafft_3di	lddt_columns	430/445
A0A3E2T6J2	mafft_3di_osc	lddt	0.813045
A0A3E2T6J2	mafft_3di_osc	lddt_columns	430/445
A0A3E2T6J2	mafft_3di	time	0.71
A0A3E2T6J2	mafft	lddt	0.733209
A0A3E2T6J2	mafft	lddt_columns	445/468
A0A3E2T6J2	mafft_osc	lddt	0.771105
A0A3E2T6J2	mafft_osc	lddt_columns	445/468
A0A3E2T6J2	mafft	time	1.35
A0A3E2T6J2	matt	lddt	0.077049
A0A3E2T6J2	matt	lddt_columns	1081/3218
A0A3E2T6J2	matt_osc	lddt	0.229365
A0A3E2T6J2	matt_osc	lddt_columns	1081/3218
A0A3E2T6J2	matt	time	1420.17
A0A3E2T6J2	mtmalign	lddt	0.178118
A0A3E2T6J2	mtmalign	lddt_columns	873/1813
A0A3E2T6J2	mtmalign_osc	lddt	0.369906
A0A3E2T6J2	mtmalign_osc	lddt_columns	873/1813
A0A3E2T6J2	mtmalign	time	107.39
A0A3E2T6J2	muscle	lddt	0.711084
A0A3E2T6J2	muscle	lddt_columns	432/478
A0A3E2T6J2	muscle_osc	lddt	0.786801
A0A3E2T6J2	muscle_osc	lddt_columns	432/478
A0A3E2T6J2	muscle	time	8.99
A0A3E2T6J2	mustang	lddt	0.640246
A0A3E2T6J2	mustang	lddt_columns	440/545
A0A3E2T6J2	mustang_osc	lddt	0.793032
A0A3E2T6J2	mustang_osc	lddt_columns	440/545
A0A3E2T6J2	mustang	time	308.55
A0A3E2T6J2	usalign	lddt	0.244812
A0A3E2T6J2	usalign	lddt_columns	835/1364
A0A3E2T6J2	usalign_osc	lddt	0.399909
A0A3E2T6J2	usalign_osc	lddt_columns	835/1364
A0A3E2T6J2	usalign	time	44.99
A0A3G9JGN5	3dcoffee	lddt	0.524661
A0A3G9JGN5	3dcoffee	lddt_columns	616/691
A0A3G9JGN5	3dcoffee_osc	lddt	0.588540
A0A3G9JGN5	3dcoffee_osc	lddt_columns	616/691
A0A3G9JGN5	3dcoffee	time	1418.55
A0A3G9JGN5	caretta	lddt	0.471770
A0A3G9JGN5	caretta	lddt_columns	609/626
A0A3G9JGN5	caretta_osc	lddt	0.484940
A0A3G9JGN5	caretta_osc	lddt_columns	609/626
A0A3G9JGN5	caretta	time	103.95
A0A3G9JGN5	clustalo	lddt	0.485226
A0A3G9JGN5	clustalo	lddt_columns	740/764
A0A3G9JGN5	clustalo_osc	lddt	0.500963
A0A3G9JGN5	clustalo_osc	lddt_columns	740/764
A0A3G9JGN5	clustalo	time	1.13
A0A3G9JGN5	famsa	lddt	0.506243
A0A3G9JGN5	famsa	lddt_columns	608/731
A0A3G9JGN5	famsa_osc	lddt	0.608658
A0A3G9JGN5	famsa_osc	lddt_columns	608/731
A0A3G9JGN5	famsa	time	0.30
A0A3G9JGN5	foldmason_fast	lddt	0.592841
A0A3G9JGN5	foldmason_fast	lddt_columns	602/669
A0A3G9JGN5	foldmason_fast_osc	lddt	0.658822
A0A3G9JGN5	foldmason_fast_osc	lddt_columns	602/669
A0A3G9JGN5	foldmason_fast	time	2.72
A0A3G9JGN5	foldmason	lddt	0.607586
A0A3G9JGN5	foldmason	lddt_columns	586/663
A0A3G9JGN5	foldmason_osc	lddt	0.687422
A0A3G9JGN5	foldmason_osc	lddt_columns	586/663
A0A3G9JGN5	foldmason_refine100	lddt	0.608546
A0A3G9JGN5	foldmason_refine100	lddt_columns	597/663
A0A3G9JGN5	foldmason_refine100_osc	lddt	0.675822
A0A3G9JGN5	foldmason_refine100_osc	lddt_columns	597/663
A0A3G9JGN5	foldmason_refine100_rosc	lddt	0.607252
A0A3G9JGN5	foldmason_refine100_rosc	lddt_columns	584/663
A0A3G9JGN5	foldmason_refine100_rosc_osc	lddt	0.689397
A0A3G9JGN5	foldmason_refine100_rosc_osc	lddt_columns	584/663
A0A3G9JGN5	foldmason_refine100_rosc	time	57.29
A0A3G9JGN5	foldmason_refine100	time	34.68
A0A3G9JGN5	foldmason	time	1.53
A0A3G9JGN5	mafft_3di	lddt	0.583401
A0A3G9JGN5	mafft_3di	lddt_columns	587/691
A0A3G9JGN5	mafft_3di_osc	lddt	0.686764
A0A3G9JGN5	mafft_3di_osc	lddt_columns	587/691
A0A3G9JGN5	mafft_3di	time	1.32
A0A3G9JGN5	mafft	lddt	0.508018
A0A3G9JGN5	mafft	lddt_columns	662/758
A0A3G9JGN5	mafft_osc	lddt	0.581688
A0A3G9JGN5	mafft_osc	lddt_columns	662/758
A0A3G9JGN5	mafft	time	3.66
A0A3G9JGN5	matt	lddt	0.043004
A0A3G9JGN5	matt	lddt_columns	1439/5875
A0A3G9JGN5	matt_osc	lddt	0.175573
A0A3G9JGN5	matt_osc	lddt_columns	1439/5875
A0A3G9JGN5	matt	time	13700.04
A0A3G9JGN5	mtmalign	lddt	0.125049
A0A3G9JGN5	mtmalign	lddt_columns	1583/3455
A0A3G9JGN5	mtmalign_osc	lddt	0.272927
A0A3G9JGN5	mtmalign_osc	lddt_columns	1583/3455
A0A3G9JGN5	mtmalign	time	137.25
A0A3G9JGN5	muscle	lddt	0.413567
A0A3G9JGN5	muscle	lddt_columns	704/903
A0A3G9JGN5	muscle_osc	lddt	0.530470
A0A3G9JGN5	muscle_osc	lddt_columns	704/903
A0A3G9JGN5	muscle	time	12.99
A0A3G9JGN5	mustang	lddt	0.452988
A0A3G9JGN5	mustang	lddt_columns	638/906
A0A3G9JGN5	mustang_osc	lddt	0.643272
A0A3G9JGN5	mustang_osc	lddt_columns	638/906
A0A3G9JGN5	mustang	time	874.94
A0A3G9JGN5	usalign	lddt	0.136342
A0A3G9JGN5	usalign	lddt_columns	1582/3163
A0A3G9JGN5	usalign_osc	lddt	0.272597
A0A3G9JGN5	usalign_osc	lddt_columns	1582/3163
A0A3G9JGN5	usalign	time	36.91
A0A3L7UVH3	3dcoffee	lddt	0.601805
A0A3L7UVH3	3dcoffee	lddt_columns	1135/1283
A0A3L7UVH3	3dcoffee_osc	lddt	0.680278
A0A3L7UVH3	3dcoffee_osc	lddt_columns	1135/1283
A0A3L7UVH3	3dcoffee	time	3960.04
A0A3L7UVH3	caretta	lddt	0.594518
A0A3L7UVH3	caretta	lddt_columns	1149/1265
A0A3L7UVH3	caretta_osc	lddt	0.654539
A0A3L7UVH3	caretta_osc	lddt_columns	1149/1265
A0A3L7UVH3	caretta	time	216.13
A0A3L7UVH3	clustalo	lddt	0.597949
A0A3L7UVH3	clustalo	lddt_columns	1139/1284
A0A3L7UVH3	clustalo_osc	lddt	0.674071
A0A3L7UVH3	clustalo_osc	lddt_columns	1139/1284
A0A3L7UVH3	clustalo	time	2.24
A0A3L7UVH3	famsa	lddt	0.534905
A0A3L7UVH3	famsa	lddt_columns	1154/1412
A0A3L7UVH3	famsa_osc	lddt	0.654494
A0A3L7UVH3	famsa_osc	lddt_columns	1154/1412
A0A3L7UVH3	famsa	time	0.56
A0A3L7UVH3	foldmason_fast	lddt	0.605074
A0A3L7UVH3	foldmason_fast	lddt_columns	1168/1276
A0A3L7UVH3	foldmason_fast_osc	lddt	0.661022
A0A3L7UVH3	foldmason_fast_osc	lddt_columns	1168/1276
A0A3L7UVH3	foldmason_fast	time	5.06
A0A3L7UVH3	foldmason	lddt	0.589962
A0A3L7UVH3	foldmason	lddt_columns	1185/1331
A0A3L7UVH3	foldmason_osc	lddt	0.662649
A0A3L7UVH3	foldmason_osc	lddt_columns	1185/1331
A0A3L7UVH3	foldmason_refine100	lddt	0.600057
A0A3L7UVH3	foldmason_refine100	lddt_columns	1183/1304
A0A3L7UVH3	foldmason_refine100_osc	lddt	0.661432
A0A3L7UVH3	foldmason_refine100_osc	lddt_columns	1183/1304
A0A3L7UVH3	foldmason_refine100_rosc	lddt	0.563141
A0A3L7UVH3	foldmason_refine100_rosc	lddt_columns	1136/1371
A0A3L7UVH3	foldmason_refine100_rosc_osc	lddt	0.679636
A0A3L7UVH3	foldmason_refine100_rosc_osc	lddt_columns	1136/1371
A0A3L7UVH3	foldmason_refine100_rosc	time	97.58
A0A3L7UVH3	foldmason_refine100	time	107.39
A0A3L7UVH3	foldmason	time	5.36
A0A3L7UVH3	mafft_3di	lddt	0.605825
A0A3L7UVH3	mafft_3di	lddt_columns	1123/1280
A0A3L7UVH3	mafft_3di_osc	lddt	0.690521
A0A3L7UVH3	mafft_3di_osc	lddt_columns	1123/1280
A0A3L7UVH3	mafft_3di	time	2.43
A0A3L7UVH3	mafft	lddt	0.584481
A0A3L7UVH3	mafft	lddt_columns	1158/1324
A0A3L7UVH3	mafft_osc	lddt	0.668266
A0A3L7UVH3	mafft_osc	lddt_columns	1158/1324
A0A3L7UVH3	mafft	time	5.44
A0A3L7UVH3	matt	lddt	0.380806
A0A3L7UVH3	matt	lddt_columns	1232/2025
A0A3L7UVH3	matt_osc	lddt	0.625919
A0A3L7UVH3	matt_osc	lddt_columns	1232/2025
A0A3L7UVH3	matt	time	9859.81
A0A3L7UVH3	mtmalign	lddt	0.413162
A0A3L7UVH3	mtmalign	lddt_columns	1313/1945
A0A3L7UVH3	mtmalign_osc	lddt	0.612034
A0A3L7UVH3	mtmalign_osc	lddt_columns	1313/1945
A0A3L7UVH3	mtmalign	time	730.54
A0A3L7UVH3	muscle	lddt	0.545880
A0A3L7UVH3	muscle	lddt_columns	1150/1412
A0A3L7UVH3	muscle_osc	lddt	0.670246
A0A3L7UVH3	muscle_osc	lddt_columns	1150/1412
A0A3L7UVH3	muscle	time	29.28
A0A3L7UVH3	mustang	lddt	0.494514
A0A3L7UVH3	mustang	lddt_columns	1231/1603
A0A3L7UVH3	mustang_osc	lddt	0.643952
A0A3L7UVH3	mustang_osc	lddt_columns	1231/1603
A0A3L7UVH3	mustang	time	2350.38
A0A3L7UVH3	usalign	lddt	0.511492
A0A3L7UVH3	usalign	lddt_columns	1235/1551
A0A3L7UVH3	usalign_osc	lddt	0.642367
A0A3L7UVH3	usalign_osc	lddt_columns	1235/1551
A0A3L7UVH3	usalign	time	128.92
A0A3M2GBG4	3dcoffee	lddt	0.298222
A0A3M2GBG4	3dcoffee	lddt_columns	732/1055
A0A3M2GBG4	3dcoffee_osc	lddt	0.429814
A0A3M2GBG4	3dcoffee_osc	lddt_columns	732/1055
A0A3M2GBG4	3dcoffee	time	1714.21
A0A3M2GBG4	caretta	lddt	0.365586
A0A3M2GBG4	caretta	lddt_columns	569/582
A0A3M2GBG4	caretta_osc	lddt	0.373939
A0A3M2GBG4	caretta_osc	lddt_columns	569/582
A0A3M2GBG4	caretta	time	90.76
A0A3M2GBG4	clustalo	lddt	0.265622
A0A3M2GBG4	clustalo	lddt_columns	1004/1095
A0A3M2GBG4	clustalo_osc	lddt	0.289697
A0A3M2GBG4	clustalo_osc	lddt_columns	1004/1095
A0A3M2GBG4	clustalo	time	1.41
A0A3M2GBG4	famsa	lddt	0.273031
A0A3M2GBG4	famsa	lddt_columns	664/816
A0A3M2GBG4	famsa_osc	lddt	0.335532
A0A3M2GBG4	famsa_osc	lddt_columns	664/816
A0A3M2GBG4	famsa	time	0.37
A0A3M2GBG4	foldmason_fast	lddt	0.361114
A0A3M2GBG4	foldmason_fast	lddt_columns	721/788
A0A3M2GBG4	foldmason_fast_osc	lddt	0.394671
A0A3M2GBG4	foldmason_fast_osc	lddt_columns	721/788
A0A3M2GBG4	foldmason_fast	time	3.26
A0A3M2GBG4	foldmason	lddt	0.393354
A0A3M2GBG4	foldmason	lddt_columns	683/713
A0A3M2GBG4	foldmason_osc	lddt	0.410632
A0A3M2GBG4	foldmason_osc	lddt_columns	683/713
A0A3M2GBG4	foldmason_refine100	lddt	0.394300
A0A3M2GBG4	foldmason_refine100	lddt_columns	680/713
A0A3M2GBG4	foldmason_refine100_osc	lddt	0.413435
A0A3M2GBG4	foldmason_refine100_osc	lddt_columns	680/713
A0A3M2GBG4	foldmason_refine100_rosc	lddt	0.391647
A0A3M2GBG4	foldmason_refine100_rosc	lddt_columns	680/716
A0A3M2GBG4	foldmason_refine100_rosc_osc	lddt	0.412381
A0A3M2GBG4	foldmason_refine100_rosc_osc	lddt_columns	680/716
A0A3M2GBG4	foldmason_refine100_rosc	time	30.98
A0A3M2GBG4	foldmason_refine100	time	30.56
A0A3M2GBG4	foldmason	time	1.54
A0A3M2GBG4	mafft_3di	lddt	0.347084
A0A3M2GBG4	mafft_3di	lddt_columns	715/870
A0A3M2GBG4	mafft_3di_osc	lddt	0.422326
A0A3M2GBG4	mafft_3di_osc	lddt_columns	715/870
A0A3M2GBG4	mafft_3di	time	2.81
A0A3M2GBG4	mafft	lddt	0.256088
A0A3M2GBG4	mafft	lddt_columns	898/1029
A0A3M2GBG4	mafft_osc	lddt	0.293446
A0A3M2GBG4	mafft_osc	lddt_columns	898/1029
A0A3M2GBG4	mafft	time	4.43
A0A3M2GBG4	matt	lddt	0.030007
A0A3M2GBG4	matt	lddt_columns	1076/6141
A0A3M2GBG4	matt_osc	lddt	0.171257
A0A3M2GBG4	matt_osc	lddt_columns	1076/6141
A0A3M2GBG4	matt	time	4689.97
A0A3M2GBG4	mtmalign	lddt	0.099273
A0A3M2GBG4	mtmalign	lddt_columns	1662/3953
A0A3M2GBG4	mtmalign_osc	lddt	0.236116
A0A3M2GBG4	mtmalign_osc	lddt_columns	1662/3953
A0A3M2GBG4	mtmalign	time	139.25
A0A3M2GBG4	muscle	lddt	0.213466
A0A3M2GBG4	muscle	lddt_columns	929/1235
A0A3M2GBG4	muscle_osc	lddt	0.283778
A0A3M2GBG4	muscle_osc	lddt_columns	929/1235
A0A3M2GBG4	muscle	time	17.03
A0A3M2GBG4	mustang	lddt	0.187410
A0A3M2GBG4	mustang	lddt_columns	917/1675
A0A3M2GBG4	mustang_osc	lddt	0.342325
A0A3M2GBG4	mustang_osc	lddt_columns	917/1675
A0A3M2GBG4	mustang	time	2362.32
A0A3M2GBG4	usalign	lddt	0.110849
A0A3M2GBG4	usalign	lddt_columns	1524/3255
A0A3M2GBG4	usalign_osc	lddt	0.236755
A0A3M2GBG4	usalign_osc	lddt_columns	1524/3255
A0A3M2GBG4	usalign	time	37.89
A0A3N0WSI5	3dcoffee	lddt	0.627032
A0A3N0WSI5	3dcoffee	lddt_columns	180/206
A0A3N0WSI5	3dcoffee_osc	lddt	0.717603
A0A3N0WSI5	3dcoffee_osc	lddt_columns	180/206
A0A3N0WSI5	3dcoffee	time	285.06
A0A3N0WSI5	caretta	lddt	0.630088
A0A3N0WSI5	caretta	lddt_columns	178/203
A0A3N0WSI5	caretta_osc	lddt	0.718584
A0A3N0WSI5	caretta_osc	lddt_columns	178/203
A0A3N0WSI5	caretta	time	46.17
A0A3N0WSI5	clustalo	lddt	0.548457
A0A3N0WSI5	clustalo	lddt_columns	191/219
A0A3N0WSI5	clustalo_osc	lddt	0.628859
A0A3N0WSI5	clustalo_osc	lddt_columns	191/219
A0A3N0WSI5	clustalo	time	0.11
A0A3N0WSI5	famsa	lddt	0.572196
A0A3N0WSI5	famsa	lddt_columns	174/205
A0A3N0WSI5	famsa_osc	lddt	0.674138
A0A3N0WSI5	famsa_osc	lddt_columns	174/205
A0A3N0WSI5	famsa	time	0.07
A0A3N0WSI5	foldmason_fast	lddt	0.620750
A0A3N0WSI5	foldmason_fast	lddt_columns	179/206
A0A3N0WSI5	foldmason_fast_osc	lddt	0.714383
A0A3N0WSI5	foldmason_fast_osc	lddt_columns	179/206
A0A3N0WSI5	foldmason_fast	time	1.55
A0A3N0WSI5	foldmason	lddt	0.627178
A0A3N0WSI5	foldmason	lddt_columns	180/203
A0A3N0WSI5	foldmason_osc	lddt	0.707318
A0A3N0WSI5	foldmason_osc	lddt_columns	180/203
A0A3N0WSI5	foldmason_refine100	lddt	0.627498
A0A3N0WSI5	foldmason_refine100	lddt_columns	181/203
A0A3N0WSI5	foldmason_refine100_osc	lddt	0.703768
A0A3N0WSI5	foldmason_refine100_osc	lddt_columns	181/203
A0A3N0WSI5	foldmason_refine100_rosc	lddt	0.611953
A0A3N0WSI5	foldmason_refine100_rosc	lddt_columns	175/206
A0A3N0WSI5	foldmason_refine100_rosc_osc	lddt	0.720356
A0A3N0WSI5	foldmason_refine100_rosc_osc	lddt_columns	175/206
A0A3N0WSI5	foldmason_refine100_rosc	time	4.55
A0A3N0WSI5	foldmason_refine100	time	4.40
A0A3N0WSI5	foldmason	time	0.26
A0A3N0WSI5	mafft_3di	lddt	0.624929
A0A3N0WSI5	mafft_3di	lddt_columns	173/201
A0A3N0WSI5	mafft_3di_osc	lddt	0.726074
A0A3N0WSI5	mafft_3di_osc	lddt_columns	173/201
A0A3N0WSI5	mafft_3di	time	0.41
A0A3N0WSI5	mafft	lddt	0.587032
A0A3N0WSI5	mafft	lddt_columns	182/207
A0A3N0WSI5	mafft_osc	lddt	0.667668
A0A3N0WSI5	mafft_osc	lddt_columns	182/207
A0A3N0WSI5	mafft	time	0.38
A0A3N0WSI5	matt	lddt	0.478865
A0A3N0WSI5	matt	lddt_columns	189/270
A0A3N0WSI5	matt_osc	lddt	0.684093
A0A3N0WSI5	matt_osc	lddt_columns	189/270
A0A3N0WSI5	matt	time	664.74
A0A3N0WSI5	mtmalign	lddt	0.465890
A0A3N0WSI5	mtmalign	lddt_columns	190/279
A0A3N0WSI5	mtmalign_osc	lddt	0.684123
A0A3N0WSI5	mtmalign_osc	lddt_columns	190/279
A0A3N0WSI5	mtmalign	time	13.96
A0A3N0WSI5	muscle	lddt	0.509977
A0A3N0WSI5	muscle	lddt_columns	173/224
A0A3N0WSI5	muscle_osc	lddt	0.660318
A0A3N0WSI5	muscle_osc	lddt_columns	173/224
A0A3N0WSI5	muscle	time	1.92
A0A3N0WSI5	mustang	lddt	0.506404
A0A3N0WSI5	mustang	lddt_columns	204/258
A0A3N0WSI5	mustang_osc	lddt	0.640452
A0A3N0WSI5	mustang_osc	lddt_columns	204/258
A0A3N0WSI5	mustang	time	70.14
A0A3N0WSI5	usalign	lddt	0.572332
A0A3N0WSI5	usalign	lddt_columns	182/227
A0A3N0WSI5	usalign_osc	lddt	0.713843
A0A3N0WSI5	usalign_osc	lddt_columns	182/227
A0A3N0WSI5	usalign	time	5.47
A0A3S0FKQ3	3dcoffee	lddt	0.609663
A0A3S0FKQ3	3dcoffee	lddt_columns	178/213
A0A3S0FKQ3	3dcoffee_osc	lddt	0.729541
A0A3S0FKQ3	3dcoffee_osc	lddt_columns	178/213
A0A3S0FKQ3	3dcoffee	time	276.75
A0A3S0FKQ3	caretta	lddt	0.591310
A0A3S0FKQ3	caretta	lddt_columns	173/191
A0A3S0FKQ3	caretta_osc	lddt	0.652833
A0A3S0FKQ3	caretta_osc	lddt_columns	173/191
A0A3S0FKQ3	caretta	time	51.25
A0A3S0FKQ3	clustalo	lddt	0.563264
A0A3S0FKQ3	clustalo	lddt_columns	176/222
A0A3S0FKQ3	clustalo_osc	lddt	0.710481
A0A3S0FKQ3	clustalo_osc	lddt_columns	176/222
A0A3S0FKQ3	clustalo	time	0.11
A0A3S0FKQ3	famsa	lddt	0.601644
A0A3S0FKQ3	famsa	lddt_columns	169/205
A0A3S0FKQ3	famsa_osc	lddt	0.729805
A0A3S0FKQ3	famsa_osc	lddt_columns	169/205
A0A3S0FKQ3	famsa	time	0.09
A0A3S0FKQ3	foldmason_fast	lddt	0.616689
A0A3S0FKQ3	foldmason_fast	lddt_columns	195/209
A0A3S0FKQ3	foldmason_fast_osc	lddt	0.660964
A0A3S0FKQ3	foldmason_fast_osc	lddt_columns	195/209
A0A3S0FKQ3	foldmason_fast	time	1.65
A0A3S0FKQ3	foldmason	lddt	0.624840
A0A3S0FKQ3	foldmason	lddt_columns	194/207
A0A3S0FKQ3	foldmason_osc	lddt	0.666711
A0A3S0FKQ3	foldmason_osc	lddt_columns	194/207
A0A3S0FKQ3	foldmason_refine100	lddt	0.627324
A0A3S0FKQ3	foldmason_refine100	lddt_columns	198/206
A0A3S0FKQ3	foldmason_refine100_osc	lddt	0.652671
A0A3S0FKQ3	foldmason_refine100_osc	lddt_columns	198/206
A0A3S0FKQ3	foldmason_refine100_rosc	lddt	0.549300
A0A3S0FKQ3	foldmason_refine100_rosc	lddt_columns	179/228
A0A3S0FKQ3	foldmason_refine100_rosc_osc	lddt	0.699667
A0A3S0FKQ3	foldmason_refine100_rosc_osc	lddt_columns	179/228
A0A3S0FKQ3	foldmason_refine100_rosc	time	4.74
A0A3S0FKQ3	foldmason_refine100	time	4.70
A0A3S0FKQ3	foldmason	time	8.78
A0A3S0FKQ3	mafft_3di	lddt	0.588686
A0A3S0FKQ3	mafft_3di	lddt_columns	172/215
A0A3S0FKQ3	mafft_3di_osc	lddt	0.735857
A0A3S0FKQ3	mafft_3di_osc	lddt_columns	172/215
A0A3S0FKQ3	mafft_3di	time	0.30
A0A3S0FKQ3	mafft	lddt	0.522557
A0A3S0FKQ3	mafft	lddt_columns	177/238
A0A3S0FKQ3	mafft_osc	lddt	0.702647
A0A3S0FKQ3	mafft_osc	lddt_columns	177/238
A0A3S0FKQ3	mafft	time	0.45
A0A3S0FKQ3	matt	lddt	0.399496
A0A3S0FKQ3	matt	lddt_columns	180/318
A0A3S0FKQ3	matt_osc	lddt	0.705777
A0A3S0FKQ3	matt_osc	lddt_columns	180/318
A0A3S0FKQ3	matt	time	63.39
A0A3S0FKQ3	mtmalign	lddt	0.357031
A0A3S0FKQ3	mtmalign	lddt_columns	184/364
A0A3S0FKQ3	mtmalign_osc	lddt	0.706301
A0A3S0FKQ3	mtmalign_osc	lddt_columns	184/364
A0A3S0FKQ3	mtmalign	time	16.25
A0A3S0FKQ3	muscle	lddt	0.541826
A0A3S0FKQ3	muscle	lddt_columns	168/225
A0A3S0FKQ3	muscle_osc	lddt	0.725659
A0A3S0FKQ3	muscle_osc	lddt_columns	168/225
A0A3S0FKQ3	muscle	time	1.37
A0A3S0FKQ3	mustang	lddt	0.457169
A0A3S0FKQ3	mustang	lddt_columns	170/278
A0A3S0FKQ3	mustang_osc	lddt	0.747606
A0A3S0FKQ3	mustang_osc	lddt_columns	170/278
A0A3S0FKQ3	mustang	time	56.17
A0A3S0FKQ3	usalign	lddt	0.437759
A0A3S0FKQ3	usalign	lddt_columns	176/296
A0A3S0FKQ3	usalign_osc	lddt	0.736230
A0A3S0FKQ3	usalign_osc	lddt_columns	176/296
A0A3S0FKQ3	usalign	time	4.85
A0A402ABK4	3dcoffee	lddt	0.533253
A0A402ABK4	3dcoffee	lddt_columns	191/229
A0A402ABK4	3dcoffee_osc	lddt	0.639345
A0A402ABK4	3dcoffee_osc	lddt_columns	191/229
A0A402ABK4	3dcoffee	time	277.38
A0A402ABK4	caretta	lddt	0.579803
A0A402ABK4	caretta	lddt_columns	188/207
A0A402ABK4	caretta_osc	lddt	0.638400
A0A402ABK4	caretta_osc	lddt_columns	188/207
A0A402ABK4	caretta	time	68.47
A0A402ABK4	clustalo	lddt	0.431458
A0A402ABK4	clustalo	lddt_columns	234/262
A0A402ABK4	clustalo_osc	lddt	0.483085
A0A402ABK4	clustalo_osc	lddt_columns	234/262
A0A402ABK4	clustalo	time	0.13
A0A402ABK4	famsa	lddt	0.442098
A0A402ABK4	famsa	lddt_columns	191/236
A0A402ABK4	famsa_osc	lddt	0.546257
A0A402ABK4	famsa_osc	lddt_columns	191/236
A0A402ABK4	famsa	time	0.10
A0A402ABK4	foldmason_fast	lddt	0.547267
A0A402ABK4	foldmason_fast	lddt_columns	192/212
A0A402ABK4	foldmason_fast_osc	lddt	0.604274
A0A402ABK4	foldmason_fast_osc	lddt_columns	192/212
A0A402ABK4	foldmason_fast	time	0.58
A0A402ABK4	foldmason	lddt	0.566767
A0A402ABK4	foldmason	lddt_columns	189/208
A0A402ABK4	foldmason_osc	lddt	0.623743
A0A402ABK4	foldmason_osc	lddt_columns	189/208
A0A402ABK4	foldmason_refine100	lddt	0.586897
A0A402ABK4	foldmason_refine100	lddt_columns	194/199
A0A402ABK4	foldmason_refine100_osc	lddt	0.602024
A0A402ABK4	foldmason_refine100_osc	lddt_columns	194/199
A0A402ABK4	foldmason_refine100_rosc	lddt	0.553102
A0A402ABK4	foldmason_refine100_rosc	lddt_columns	189/214
A0A402ABK4	foldmason_refine100_rosc_osc	lddt	0.626263
A0A402ABK4	foldmason_refine100_rosc_osc	lddt_columns	189/214
A0A402ABK4	foldmason_refine100_rosc	time	5.01
A0A402ABK4	foldmason_refine100	time	5.04
A0A402ABK4	foldmason	time	0.34
A0A402ABK4	mafft_3di	lddt	0.562582
A0A402ABK4	mafft_3di	lddt_columns	183/206
A0A402ABK4	mafft_3di_osc	lddt	0.633289
A0A402ABK4	mafft_3di_osc	lddt_columns	183/206
A0A402ABK4	mafft_3di	time	0.38
A0A402ABK4	mafft	lddt	0.464122
A0A402ABK4	mafft	lddt_columns	209/234
A0A402ABK4	mafft_osc	lddt	0.519639
A0A402ABK4	mafft_osc	lddt_columns	209/234
A0A402ABK4	mafft	time	0.41
A0A402ABK4	matt	lddt	0.406833
A0A402ABK4	matt	lddt_columns	215/307
A0A402ABK4	matt_osc	lddt	0.580920
A0A402ABK4	matt_osc	lddt_columns	215/307
A0A402ABK4	matt	time	62.45
A0A402ABK4	mtmalign	lddt	0.406056
A0A402ABK4	mtmalign	lddt_columns	208/313
A0A402ABK4	mtmalign_osc	lddt	0.611037
A0A402ABK4	mtmalign_osc	lddt_columns	208/313
A0A402ABK4	mtmalign	time	12.78
A0A402ABK4	muscle	lddt	0.356865
A0A402ABK4	muscle	lddt_columns	181/296
A0A402ABK4	muscle_osc	lddt	0.583603
A0A402ABK4	muscle_osc	lddt_columns	181/296
A0A402ABK4	muscle	time	2.23
A0A402ABK4	mustang	lddt	0.456537
A0A402ABK4	mustang	lddt_columns	195/267
A0A402ABK4	mustang_osc	lddt	0.625104
A0A402ABK4	mustang_osc	lddt_columns	195/267
A0A402ABK4	mustang	time	58.39
A0A402ABK4	usalign	lddt	0.516423
A0A402ABK4	usalign	lddt_columns	199/244
A0A402ABK4	usalign_osc	lddt	0.633203
A0A402ABK4	usalign_osc	lddt_columns	199/244
A0A402ABK4	usalign	time	5.44
A0A410P756	3dcoffee	lddt	0.762003
A0A410P756	3dcoffee	lddt_columns	456/473
A0A410P756	3dcoffee_osc	lddt	0.790411
A0A410P756	3dcoffee_osc	lddt_columns	456/473
A0A410P756	3dcoffee	time	928.67
A0A410P756	caretta	lddt	0.541655
A0A410P756	caretta	lddt_columns	501/518
A0A410P756	caretta_osc	lddt	0.560035
A0A410P756	caretta_osc	lddt_columns	501/518
A0A410P756	caretta	time	82.41
A0A410P756	clustalo	lddt	0.771915
A0A410P756	clustalo	lddt_columns	472/510
A0A410P756	clustalo_osc	lddt	0.834061
A0A410P756	clustalo_osc	lddt_columns	472/510
A0A410P756	clustalo	time	0.64
A0A410P756	famsa	lddt	0.746281
A0A410P756	famsa	lddt_columns	473/524
A0A410P756	famsa_osc	lddt	0.826746
A0A410P756	famsa_osc	lddt_columns	473/524
A0A410P756	famsa	time	0.21
A0A410P756	foldmason_fast	lddt	0.775720
A0A410P756	foldmason_fast	lddt_columns	475/508
A0A410P756	foldmason_fast_osc	lddt	0.829612
A0A410P756	foldmason_fast_osc	lddt_columns	475/508
A0A410P756	foldmason_fast	time	2.46
A0A410P756	foldmason	lddt	0.782351
A0A410P756	foldmason	lddt_columns	483/507
A0A410P756	foldmason_osc	lddt	0.821225
A0A410P756	foldmason_osc	lddt_columns	483/507
A0A410P756	foldmason_refine100	lddt	0.783474
A0A410P756	foldmason_refine100	lddt_columns	490/507
A0A410P756	foldmason_refine100_osc	lddt	0.810656
A0A410P756	foldmason_refine100_osc	lddt_columns	490/507
A0A410P756	foldmason_refine100_rosc	lddt	0.767632
A0A410P756	foldmason_refine100_rosc	lddt_columns	477/515
A0A410P756	foldmason_refine100_rosc_osc	lddt	0.828785
A0A410P756	foldmason_refine100_rosc_osc	lddt_columns	477/515
A0A410P756	foldmason_refine100_rosc	time	49.25
A0A410P756	foldmason_refine100	time	23.94
A0A410P756	foldmason	time	1.13
A0A410P756	mafft_3di	lddt	0.775966
A0A410P756	mafft_3di	lddt_columns	471/509
A0A410P756	mafft_3di_osc	lddt	0.838570
A0A410P756	mafft_3di_osc	lddt_columns	471/509
A0A410P756	mafft_3di	time	0.72
A0A410P756	mafft	lddt	0.764830
A0A410P756	mafft	lddt_columns	484/515
A0A410P756	mafft_osc	lddt	0.813817
A0A410P756	mafft_osc	lddt_columns	484/515
A0A410P756	mafft	time	1.14
A0A410P756	matt	lddt	0.098155
A0A410P756	matt	lddt_columns	911/2937
A0A410P756	matt_osc	lddt	0.316444
A0A410P756	matt_osc	lddt_columns	911/2937
A0A410P756	matt	time	2007.44
A0A410P756	mtmalign	lddt	0.188350
A0A410P756	mtmalign	lddt_columns	982/2035
A0A410P756	mtmalign_osc	lddt	0.390319
A0A410P756	mtmalign_osc	lddt_columns	982/2035
A0A410P756	mtmalign	time	102.26
A0A410P756	muscle	lddt	0.673681
A0A410P756	muscle	lddt_columns	491/577
A0A410P756	muscle_osc	lddt	0.791678
A0A410P756	muscle_osc	lddt_columns	491/577
A0A410P756	muscle	time	8.26
A0A410P756	mustang	lddt	0.629629
A0A410P756	mustang	lddt_columns	480/618
A0A410P756	mustang_osc	lddt	0.810648
A0A410P756	mustang_osc	lddt_columns	480/618
A0A410P756	mustang	time	287.83
A0A410P756	usalign	lddt	0.225917
A0A410P756	usalign	lddt_columns	931/1682
A0A410P756	usalign_osc	lddt	0.408155
A0A410P756	usalign_osc	lddt_columns	931/1682
A0A410P756	usalign	time	40.76
A0A4P9TEL6	3dcoffee	lddt	0.479915
A0A4P9TEL6	3dcoffee	lddt_columns	667/789
A0A4P9TEL6	3dcoffee_osc	lddt	0.567695
A0A4P9TEL6	3dcoffee_osc	lddt_columns	667/789
A0A4P9TEL6	3dcoffee	time	1145.02
A0A4P9TEL6	caretta	lddt	0.524221
A0A4P9TEL6	caretta	lddt_columns	663/751
A0A4P9TEL6	caretta_osc	lddt	0.593801
A0A4P9TEL6	caretta_osc	lddt_columns	663/751
A0A4P9TEL6	caretta	time	101.88
A0A4P9TEL6	clustalo	lddt	0.452221
A0A4P9TEL6	clustalo	lddt_columns	868/991
A0A4P9TEL6	clustalo_osc	lddt	0.516303
A0A4P9TEL6	clustalo_osc	lddt_columns	868/991
A0A4P9TEL6	clustalo	time	0.98
A0A4P9TEL6	famsa	lddt	0.511465
A0A4P9TEL6	famsa	lddt_columns	649/799
A0A4P9TEL6	famsa_osc	lddt	0.629677
A0A4P9TEL6	famsa_osc	lddt_columns	649/799
A0A4P9TEL6	famsa	time	0.31
A0A4P9TEL6	foldmason_fast	lddt	0.551973
A0A4P9TEL6	foldmason_fast	lddt_columns	711/766
A0A4P9TEL6	foldmason_fast_osc	lddt	0.594671
A0A4P9TEL6	foldmason_fast_osc	lddt_columns	711/766
A0A4P9TEL6	foldmason_fast	time	2.11
A0A4P9TEL6	foldmason	lddt	0.570922
A0A4P9TEL6	foldmason	lddt_columns	696/762
A0A4P9TEL6	foldmason_osc	lddt	0.625061
A0A4P9TEL6	foldmason_osc	lddt_columns	696/762
A0A4P9TEL6	foldmason_refine100	lddt	0.574080
A0A4P9TEL6	foldmason_refine100	lddt_columns	703/758
A0A4P9TEL6	foldmason_refine100_osc	lddt	0.618994
A0A4P9TEL6	foldmason_refine100_osc	lddt_columns	703/758
A0A4P9TEL6	foldmason_refine100_rosc	lddt	0.558937
A0A4P9TEL6	foldmason_refine100_rosc	lddt_columns	689/773
A0A4P9TEL6	foldmason_refine100_rosc_osc	lddt	0.627080
A0A4P9TEL6	foldmason_refine100_rosc_osc	lddt_columns	689/773
A0A4P9TEL6	foldmason_refine100_rosc	time	26.59
A0A4P9TEL6	foldmason_refine100	time	29.20
A0A4P9TEL6	foldmason	time	8.79
A0A4P9TEL6	mafft_3di	lddt	0.542135
A0A4P9TEL6	mafft_3di	lddt_columns	650/784
A0A4P9TEL6	mafft_3di_osc	lddt	0.653898
A0A4P9TEL6	mafft_3di_osc	lddt_columns	650/784
A0A4P9TEL6	mafft_3di	time	1.27
A0A4P9TEL6	mafft	lddt	0.467810
A0A4P9TEL6	mafft	lddt_columns	717/910
A0A4P9TEL6	mafft_osc	lddt	0.593734
A0A4P9TEL6	mafft_osc	lddt_columns	717/910
A0A4P9TEL6	mafft	time	2.74
A0A4P9TEL6	matt	lddt	0.159008
A0A4P9TEL6	matt	lddt_columns	1160/2349
A0A4P9TEL6	matt_osc	lddt	0.321990
A0A4P9TEL6	matt_osc	lddt_columns	1160/2349
A0A4P9TEL6	matt	time	3524.17
A0A4P9TEL6	mtmalign	lddt	0.290911
A0A4P9TEL6	mtmalign	lddt_columns	864/1480
A0A4P9TEL6	mtmalign_osc	lddt	0.498320
A0A4P9TEL6	mtmalign_osc	lddt_columns	864/1480
A0A4P9TEL6	mtmalign	time	216.36
A0A4P9TEL6	muscle	lddt	0.421553
A0A4P9TEL6	muscle	lddt_columns	713/981
A0A4P9TEL6	muscle_osc	lddt	0.580005
A0A4P9TEL6	muscle_osc	lddt_columns	713/981
A0A4P9TEL6	muscle	time	11.78
A0A4P9TEL6	mustang	lddt	0.426334
A0A4P9TEL6	mustang	lddt_columns	694/1016
A0A4P9TEL6	mustang_osc	lddt	0.624143
A0A4P9TEL6	mustang_osc	lddt_columns	694/1016
A0A4P9TEL6	mustang	time	2571.42
A0A4P9TEL6	usalign	lddt	0.379407
A0A4P9TEL6	usalign	lddt_columns	732/1114
A0A4P9TEL6	usalign_osc	lddt	0.577404
A0A4P9TEL6	usalign_osc	lddt_columns	732/1114
A0A4P9TEL6	usalign	time	57.62
A0A4Q6CJX3	3dcoffee	lddt	0.438305
A0A4Q6CJX3	3dcoffee	lddt_columns	747/916
A0A4Q6CJX3	3dcoffee_osc	lddt	0.537467
A0A4Q6CJX3	3dcoffee_osc	lddt_columns	747/916
A0A4Q6CJX3	3dcoffee	time	1335.92
A0A4Q6CJX3	caretta	lddt	0.425800
A0A4Q6CJX3	caretta	lddt_columns	703/745
A0A4Q6CJX3	caretta_osc	lddt	0.451239
A0A4Q6CJX3	caretta_osc	lddt_columns	703/745
A0A4Q6CJX3	caretta	time	111.97
A0A4Q6CJX3	clustalo	lddt	0.413447
A0A4Q6CJX3	clustalo	lddt_columns	853/995
A0A4Q6CJX3	clustalo_osc	lddt	0.482274
A0A4Q6CJX3	clustalo_osc	lddt_columns	853/995
A0A4Q6CJX3	clustalo	time	1.36
A0A4Q6CJX3	famsa	lddt	0.393871
A0A4Q6CJX3	famsa	lddt_columns	763/998
A0A4Q6CJX3	famsa_osc	lddt	0.515181
A0A4Q6CJX3	famsa_osc	lddt_columns	763/998
A0A4Q6CJX3	famsa	time	0.38
A0A4Q6CJX3	foldmason_fast	lddt	0.508561
A0A4Q6CJX3	foldmason_fast	lddt_columns	792/840
A0A4Q6CJX3	foldmason_fast_osc	lddt	0.539383
A0A4Q6CJX3	foldmason_fast_osc	lddt_columns	792/840
A0A4Q6CJX3	foldmason_fast	time	4.53
A0A4Q6CJX3	foldmason	lddt	0.524527
A0A4Q6CJX3	foldmason	lddt_columns	793/836
A0A4Q6CJX3	foldmason_osc	lddt	0.552969
A0A4Q6CJX3	foldmason_osc	lddt_columns	793/836
A0A4Q6CJX3	foldmason_refine100	lddt	0.526976
A0A4Q6CJX3	foldmason_refine100	lddt_columns	810/834
A0A4Q6CJX3	foldmason_refine100_osc	lddt	0.542590
A0A4Q6CJX3	foldmason_refine100_osc	lddt_columns	810/834
A0A4Q6CJX3	foldmason_refine100_rosc	lddt	0.497159
A0A4Q6CJX3	foldmason_refine100_rosc	lddt_columns	772/872
A0A4Q6CJX3	foldmason_refine100_rosc_osc	lddt	0.561558
A0A4Q6CJX3	foldmason_refine100_rosc_osc	lddt_columns	772/872
A0A4Q6CJX3	foldmason_refine100_rosc	time	28.86
A0A4Q6CJX3	foldmason_refine100	time	30.93
A0A4Q6CJX3	foldmason	time	1.90
A0A4Q6CJX3	mafft_3di	lddt	0.469032
A0A4Q6CJX3	mafft_3di	lddt_columns	735/932
A0A4Q6CJX3	mafft_3di_osc	lddt	0.594746
A0A4Q6CJX3	mafft_3di_osc	lddt_columns	735/932
A0A4Q6CJX3	mafft_3di	time	1.55
A0A4Q6CJX3	mafft	lddt	0.434722
A0A4Q6CJX3	mafft	lddt_columns	821/982
A0A4Q6CJX3	mafft_osc	lddt	0.519972
A0A4Q6CJX3	mafft_osc	lddt_columns	821/982
A0A4Q6CJX3	mafft	time	5.09
A0A4Q6CJX3	matt	lddt	0.061966
A0A4Q6CJX3	matt	lddt_columns	1278/4946
A0A4Q6CJX3	matt_osc	lddt	0.239814
A0A4Q6CJX3	matt_osc	lddt_columns	1278/4946
A0A4Q6CJX3	matt	time	3029.23
A0A4Q6CJX3	mtmalign	lddt	0.113835
A0A4Q6CJX3	mtmalign	lddt_columns	1552/3764
A0A4Q6CJX3	mtmalign_osc	lddt	0.276080
A0A4Q6CJX3	mtmalign_osc	lddt_columns	1552/3764
A0A4Q6CJX3	mtmalign	time	177.93
A0A4Q6CJX3	muscle	lddt	0.365667
A0A4Q6CJX3	muscle	lddt_columns	770/1139
A0A4Q6CJX3	muscle_osc	lddt	0.540902
A0A4Q6CJX3	muscle_osc	lddt_columns	770/1139
A0A4Q6CJX3	muscle	time	13.45
A0A4Q6CJX3	mustang	lddt	0.332968
A0A4Q6CJX3	mustang	lddt_columns	807/1324
A0A4Q6CJX3	mustang_osc	lddt	0.546282
A0A4Q6CJX3	mustang_osc	lddt_columns	807/1324
A0A4Q6CJX3	mustang	time	872.80
A0A4Q6CJX3	usalign	lddt	0.157688
A0A4Q6CJX3	usalign	lddt_columns	1433/2571
A0A4Q6CJX3	usalign_osc	lddt	0.282915
A0A4Q6CJX3	usalign_osc	lddt_columns	1433/2571
A0A4Q6CJX3	usalign	time	49.60
A0A4V1M1V7	3dcoffee	lddt	0.704410
A0A4V1M1V7	3dcoffee	lddt_columns	172/185
A0A4V1M1V7	3dcoffee_osc	lddt	0.757650
A0A4V1M1V7	3dcoffee_osc	lddt_columns	172/185
A0A4V1M1V7	3dcoffee	time	284.73
A0A4V1M1V7	caretta	lddt	0.708656
A0A4V1M1V7	caretta	lddt_columns	173/184
A0A4V1M1V7	caretta_osc	lddt	0.753715
A0A4V1M1V7	caretta_osc	lddt_columns	173/184
A0A4V1M1V7	caretta	time	86.26
A0A4V1M1V7	clustalo	lddt	0.614283
A0A4V1M1V7	clustalo	lddt_columns	179/204
A0A4V1M1V7	clustalo_osc	lddt	0.700077
A0A4V1M1V7	clustalo_osc	lddt_columns	179/204
A0A4V1M1V7	clustalo	time	0.13
A0A4V1M1V7	famsa	lddt	0.627361
A0A4V1M1V7	famsa	lddt_columns	167/197
A0A4V1M1V7	famsa_osc	lddt	0.740061
A0A4V1M1V7	famsa_osc	lddt_columns	167/197
A0A4V1M1V7	famsa	time	0.07
A0A4V1M1V7	foldmason_fast	lddt	0.698919
A0A4V1M1V7	foldmason_fast	lddt_columns	176/185
A0A4V1M1V7	foldmason_fast_osc	lddt	0.734659
A0A4V1M1V7	foldmason_fast_osc	lddt_columns	176/185
A0A4V1M1V7	foldmason_fast	time	0.43
A0A4V1M1V7	foldmason	lddt	0.660038
A0A4V1M1V7	foldmason	lddt_columns	174/196
A0A4V1M1V7	foldmason_osc	lddt	0.743491
A0A4V1M1V7	foldmason_osc	lddt_columns	174/196
A0A4V1M1V7	foldmason_refine100	lddt	0.695891
A0A4V1M1V7	foldmason_refine100	lddt_columns	180/187
A0A4V1M1V7	foldmason_refine100_osc	lddt	0.722954
A0A4V1M1V7	foldmason_refine100_osc	lddt_columns	180/187
A0A4V1M1V7	foldmason_refine100_rosc	lddt	0.659971
A0A4V1M1V7	foldmason_refine100_rosc	lddt_columns	173/196
A0A4V1M1V7	foldmason_refine100_rosc_osc	lddt	0.747713
A0A4V1M1V7	foldmason_refine100_rosc_osc	lddt_columns	173/196
A0A4V1M1V7	foldmason_refine100_rosc	time	4.63
A0A4V1M1V7	foldmason_refine100	time	4.68
A0A4V1M1V7	foldmason	time	0.37
A0A4V1M1V7	mafft_3di	lddt	0.695824
A0A4V1M1V7	mafft_3di	lddt_columns	170/186
A0A4V1M1V7	mafft_3di_osc	lddt	0.761313
A0A4V1M1V7	mafft_3di_osc	lddt_columns	170/186
A0A4V1M1V7	mafft_3di	time	0.30
A0A4V1M1V7	mafft	lddt	0.647740
A0A4V1M1V7	mafft	lddt_columns	172/196
A0A4V1M1V7	mafft_osc	lddt	0.738122
A0A4V1M1V7	mafft_osc	lddt_columns	172/196
A0A4V1M1V7	mafft	time	0.35
A0A4V1M1V7	matt	lddt	0.504803
A0A4V1M1V7	matt	lddt_columns	193/257
A0A4V1M1V7	matt_osc	lddt	0.672199
A0A4V1M1V7	matt_osc	lddt_columns	193/257
A0A4V1M1V7	matt	time	835.19
A0A4V1M1V7	mtmalign	lddt	0.503480
A0A4V1M1V7	mtmalign	lddt_columns	191/263
A0A4V1M1V7	mtmalign_osc	lddt	0.693273
A0A4V1M1V7	mtmalign_osc	lddt_columns	191/263
A0A4V1M1V7	mtmalign	time	13.77
A0A4V1M1V7	muscle	lddt	0.615342
A0A4V1M1V7	muscle	lddt_columns	164/203
A0A4V1M1V7	muscle_osc	lddt	0.761673
A0A4V1M1V7	muscle_osc	lddt_columns	164/203
A0A4V1M1V7	muscle	time	1.49
A0A4V1M1V7	mustang	lddt	0.547806
A0A4V1M1V7	mustang	lddt_columns	175/238
A0A4V1M1V7	mustang_osc	lddt	0.745016
A0A4V1M1V7	mustang_osc	lddt_columns	175/238
A0A4V1M1V7	mustang	time	66.41
A0A4V1M1V7	usalign	lddt	0.630568
A0A4V1M1V7	usalign	lddt_columns	183/209
A0A4V1M1V7	usalign_osc	lddt	0.720156
A0A4V1M1V7	usalign_osc	lddt_columns	183/209
A0A4V1M1V7	usalign	time	5.09
A0A512BQ27	3dcoffee	lddt	0.706487
A0A512BQ27	3dcoffee	lddt_columns	325/361
A0A512BQ27	3dcoffee_osc	lddt	0.784744
A0A512BQ27	3dcoffee_osc	lddt_columns	325/361
A0A512BQ27	3dcoffee	time	628.59
A0A512BQ27	caretta	lddt	0.615435
A0A512BQ27	caretta	lddt_columns	353/354
A0A512BQ27	caretta_osc	lddt	0.617179
A0A512BQ27	caretta_osc	lddt_columns	353/354
A0A512BQ27	caretta	time	61.20
A0A512BQ27	clustalo	lddt	0.624702
A0A512BQ27	clustalo	lddt_columns	336/390
A0A512BQ27	clustalo_osc	lddt	0.725101
A0A512BQ27	clustalo_osc	lddt_columns	336/390
A0A512BQ27	clustalo	time	0.39
A0A512BQ27	famsa	lddt	0.685129
A0A512BQ27	famsa	lddt_columns	327/363
A0A512BQ27	famsa_osc	lddt	0.760556
A0A512BQ27	famsa_osc	lddt_columns	327/363
A0A512BQ27	famsa	time	0.15
A0A512BQ27	foldmason_fast	lddt	0.715403
A0A512BQ27	foldmason_fast	lddt_columns	329/352
A0A512BQ27	foldmason_fast_osc	lddt	0.765416
A0A512BQ27	foldmason_fast_osc	lddt_columns	329/352
A0A512BQ27	foldmason_fast	time	3.03
A0A512BQ27	foldmason	lddt	0.713746
A0A512BQ27	foldmason	lddt_columns	328/354
A0A512BQ27	foldmason_osc	lddt	0.770323
A0A512BQ27	foldmason_osc	lddt_columns	328/354
A0A512BQ27	foldmason_refine100	lddt	0.720235
A0A512BQ27	foldmason_refine100	lddt_columns	352/354
A0A512BQ27	foldmason_refine100_osc	lddt	0.724327
A0A512BQ27	foldmason_refine100_osc	lddt_columns	352/354
A0A512BQ27	foldmason_refine100_rosc	lddt	0.713746
A0A512BQ27	foldmason_refine100_rosc	lddt_columns	328/354
A0A512BQ27	foldmason_refine100_rosc_osc	lddt	0.770323
A0A512BQ27	foldmason_refine100_rosc_osc	lddt_columns	328/354
A0A512BQ27	foldmason_refine100_rosc	time	10.07
A0A512BQ27	foldmason_refine100	time	11.48
A0A512BQ27	foldmason	time	0.63
A0A512BQ27	mafft_3di	lddt	0.708311
A0A512BQ27	mafft_3di	lddt_columns	322/358
A0A512BQ27	mafft_3di_osc	lddt	0.787501
A0A512BQ27	mafft_3di_osc	lddt_columns	322/358
A0A512BQ27	mafft_3di	time	0.60
A0A512BQ27	mafft	lddt	0.688148
A0A512BQ27	mafft	lddt_columns	332/364
A0A512BQ27	mafft_osc	lddt	0.754475
A0A512BQ27	mafft_osc	lddt_columns	332/364
A0A512BQ27	mafft	time	1.23
A0A512BQ27	matt	lddt	0.145124
A0A512BQ27	matt	lddt_columns	491/1524
A0A512BQ27	matt_osc	lddt	0.450445
A0A512BQ27	matt_osc	lddt_columns	491/1524
A0A512BQ27	matt	time	608.70
A0A512BQ27	mtmalign	lddt	0.221164
A0A512BQ27	mtmalign	lddt_columns	456/1090
A0A512BQ27	mtmalign_osc	lddt	0.528660
A0A512BQ27	mtmalign_osc	lddt_columns	456/1090
A0A512BQ27	mtmalign	time	76.85
A0A512BQ27	muscle	lddt	0.658052
A0A512BQ27	muscle	lddt_columns	324/377
A0A512BQ27	muscle_osc	lddt	0.765697
A0A512BQ27	muscle_osc	lddt_columns	324/377
A0A512BQ27	muscle	time	5.01
A0A512BQ27	mustang	lddt	0.537211
A0A512BQ27	mustang	lddt_columns	349/471
A0A512BQ27	mustang_osc	lddt	0.725004
A0A512BQ27	mustang_osc	lddt_columns	349/471
A0A512BQ27	mustang	time	195.57
A0A512BQ27	usalign	lddt	0.260672
A0A512BQ27	usalign	lddt_columns	424/916
A0A512BQ27	usalign_osc	lddt	0.563149
A0A512BQ27	usalign_osc	lddt_columns	424/916
A0A512BQ27	usalign	time	20.82
A0A537I120	3dcoffee	lddt	0.562999
A0A537I120	3dcoffee	lddt_columns	457/528
A0A537I120	3dcoffee_osc	lddt	0.650467
A0A537I120	3dcoffee_osc	lddt_columns	457/528
A0A537I120	3dcoffee	time	57.19
A0A537I120	caretta	lddt	0.560008
A0A537I120	caretta	lddt_columns	457/517
A0A537I120	caretta_osc	lddt	0.633532
A0A537I120	caretta_osc	lddt_columns	457/517
A0A537I120	caretta	time	74.37
A0A537I120	clustalo	lddt	0.542763
A0A537I120	clustalo	lddt_columns	481/521
A0A537I120	clustalo_osc	lddt	0.587899
A0A537I120	clustalo_osc	lddt_columns	481/521
A0A537I120	clustalo	time	0.59
A0A537I120	famsa	lddt	0.520383
A0A537I120	famsa	lddt_columns	473/545
A0A537I120	famsa_osc	lddt	0.599596
A0A537I120	famsa_osc	lddt_columns	473/545
A0A537I120	famsa	time	0.26
A0A537I120	foldmason_fast	lddt	0.565098
A0A537I120	foldmason_fast	lddt_columns	479/508
A0A537I120	foldmason_fast_osc	lddt	0.599311
A0A537I120	foldmason_fast_osc	lddt_columns	479/508
A0A537I120	foldmason_fast	time	2.28
A0A537I120	foldmason	lddt	0.556952
A0A537I120	foldmason	lddt_columns	481/527
A0A537I120	foldmason_osc	lddt	0.610215
A0A537I120	foldmason_osc	lddt_columns	481/527
A0A537I120	foldmason_refine100	lddt	0.557650
A0A537I120	foldmason_refine100	lddt_columns	482/525
A0A537I120	foldmason_refine100_osc	lddt	0.607399
A0A537I120	foldmason_refine100_osc	lddt_columns	482/525
A0A537I120	foldmason_refine100_rosc	lddt	0.540375
A0A537I120	foldmason_refine100_rosc	lddt_columns	463/536
A0A537I120	foldmason_refine100_rosc_osc	lddt	0.625574
A0A537I120	foldmason_refine100_rosc_osc	lddt_columns	463/536
A0A537I120	foldmason_refine100_rosc	time	22.71
A0A537I120	foldmason_refine100	time	18.12
A0A537I120	foldmason	time	0.89
A0A537I120	mafft_3di	lddt	0.549622
A0A537I120	mafft_3di	lddt_columns	459/537
A0A537I120	mafft_3di_osc	lddt	0.643022
A0A537I120	mafft_3di_osc	lddt_columns	459/537
A0A537I120	mafft_3di	time	0.97
A0A537I120	mafft	lddt	0.542235
A0A537I120	mafft	lddt_columns	468/532
A0A537I120	mafft_osc	lddt	0.616387
A0A537I120	mafft_osc	lddt_columns	468/532
A0A537I120	mafft	time	1.42
A0A537I120	matt	lddt	0.336006
A0A537I120	matt	lddt_columns	547/898
A0A537I120	matt_osc	lddt	0.551616
A0A537I120	matt_osc	lddt_columns	547/898
A0A537I120	matt	time	22.67
A0A537I120	mtmalign	lddt	0.331936
A0A537I120	mtmalign	lddt_columns	542/928
A0A537I120	mtmalign_osc	lddt	0.568332
A0A537I120	mtmalign_osc	lddt_columns	542/928
A0A537I120	mtmalign	time	53.55
A0A537I120	muscle	lddt	0.478201
A0A537I120	muscle	lddt_columns	449/591
A0A537I120	muscle_osc	lddt	0.629437
A0A537I120	muscle_osc	lddt_columns	449/591
A0A537I120	muscle	time	8.42
A0A537I120	mustang	lddt	0.461146
A0A537I120	mustang	lddt_columns	488/657
A0A537I120	mustang_osc	lddt	0.620846
A0A537I120	mustang_osc	lddt_columns	488/657
A0A537I120	mustang	time	222.59
A0A537I120	usalign	lddt	0.498834
A0A537I120	usalign	lddt_columns	494/609
A0A537I120	usalign_osc	lddt	0.614960
A0A537I120	usalign_osc	lddt_columns	494/609
A0A537I120	usalign	time	20.91
A0A554A1A5	3dcoffee	lddt	0.703028
A0A554A1A5	3dcoffee	lddt_columns	458/487
A0A554A1A5	3dcoffee_osc	lddt	0.747543
A0A554A1A5	3dcoffee_osc	lddt_columns	458/487
A0A554A1A5	3dcoffee	time	1330.28
A0A554A1A5	caretta	lddt	0.645529
A0A554A1A5	caretta	lddt_columns	454/463
A0A554A1A5	caretta_osc	lddt	0.658326
A0A554A1A5	caretta_osc	lddt_columns	454/463
A0A554A1A5	caretta	time	89.29
A0A554A1A5	clustalo	lddt	0.746996
A0A554A1A5	clustalo	lddt_columns	461/475
A0A554A1A5	clustalo_osc	lddt	0.769682
A0A554A1A5	clustalo_osc	lddt_columns	461/475
A0A554A1A5	clustalo	time	0.62
A0A554A1A5	famsa	lddt	0.708466
A0A554A1A5	famsa	lddt_columns	460/494
A0A554A1A5	famsa_osc	lddt	0.760831
A0A554A1A5	famsa_osc	lddt_columns	460/494
A0A554A1A5	famsa	time	0.23
A0A554A1A5	foldmason_fast	lddt	0.752310
A0A554A1A5	foldmason_fast	lddt_columns	461/469
A0A554A1A5	foldmason_fast_osc	lddt	0.765365
A0A554A1A5	foldmason_fast_osc	lddt_columns	461/469
A0A554A1A5	foldmason_fast	time	2.04
A0A554A1A5	foldmason	lddt	0.763907
A0A554A1A5	foldmason	lddt_columns	465/470
A0A554A1A5	foldmason_osc	lddt	0.772121
A0A554A1A5	foldmason_osc	lddt_columns	465/470
A0A554A1A5	foldmason_refine100	lddt	0.765549
A0A554A1A5	foldmason_refine100	lddt_columns	470/470
A0A554A1A5	foldmason_refine100_osc	lddt	0.765549
A0A554A1A5	foldmason_refine100_osc	lddt_columns	470/470
A0A554A1A5	foldmason_refine100_rosc	lddt	0.761025
A0A554A1A5	foldmason_refine100_rosc	lddt_columns	463/471
A0A554A1A5	foldmason_refine100_rosc_osc	lddt	0.774174
A0A554A1A5	foldmason_refine100_rosc_osc	lddt_columns	463/471
A0A554A1A5	foldmason_refine100_rosc	time	17.55
A0A554A1A5	foldmason_refine100	time	20.02
A0A554A1A5	foldmason	time	1.67
A0A554A1A5	mafft_3di	lddt	0.761440
A0A554A1A5	mafft_3di	lddt_columns	454/467
A0A554A1A5	mafft_3di_osc	lddt	0.783243
A0A554A1A5	mafft_3di_osc	lddt_columns	454/467
A0A554A1A5	mafft_3di	time	0.78
A0A554A1A5	mafft	lddt	0.751548
A0A554A1A5	mafft	lddt_columns	460/473
A0A554A1A5	mafft_osc	lddt	0.772787
A0A554A1A5	mafft_osc	lddt_columns	460/473
A0A554A1A5	mafft	time	1.32
A0A554A1A5	matt	lddt	0.126723
A0A554A1A5	matt	lddt_columns	957/2406
A0A554A1A5	matt_osc	lddt	0.318596
A0A554A1A5	matt_osc	lddt_columns	957/2406
A0A554A1A5	matt	time	1559.00
A0A554A1A5	mtmalign	lddt	0.228081
A0A554A1A5	mtmalign	lddt_columns	730/1515
A0A554A1A5	mtmalign_osc	lddt	0.473346
A0A554A1A5	mtmalign_osc	lddt_columns	730/1515
A0A554A1A5	mtmalign	time	115.76
A0A554A1A5	muscle	lddt	0.740676
A0A554A1A5	muscle	lddt_columns	451/479
A0A554A1A5	muscle_osc	lddt	0.786661
A0A554A1A5	muscle_osc	lddt_columns	451/479
A0A554A1A5	muscle	time	8.89
A0A554A1A5	mustang	lddt	0.648734
A0A554A1A5	mustang	lddt_columns	473/556
A0A554A1A5	mustang_osc	lddt	0.762571
A0A554A1A5	mustang_osc	lddt_columns	473/556
A0A554A1A5	mustang	time	271.29
A0A554A1A5	usalign	lddt	0.344956
A0A554A1A5	usalign	lddt_columns	842/1094
A0A554A1A5	usalign_osc	lddt	0.448196
A0A554A1A5	usalign_osc	lddt_columns	842/1094
A0A554A1A5	usalign	time	43.87
A0A558NQG3	3dcoffee	lddt	0.578012
A0A558NQG3	3dcoffee	lddt_columns	327/352
A0A558NQG3	3dcoffee_osc	lddt	0.622203
A0A558NQG3	3dcoffee_osc	lddt_columns	327/352
A0A558NQG3	3dcoffee	time	866.47
A0A558NQG3	caretta	lddt	0.567632
A0A558NQG3	caretta	lddt_columns	319/355
A0A558NQG3	caretta_osc	lddt	0.631691
A0A558NQG3	caretta_osc	lddt_columns	319/355
A0A558NQG3	caretta	time	61.55
A0A558NQG3	clustalo	lddt	0.555708
A0A558NQG3	clustalo	lddt_columns	326/364
A0A558NQG3	clustalo_osc	lddt	0.620484
A0A558NQG3	clustalo_osc	lddt_columns	326/364
A0A558NQG3	clustalo	time	0.30
A0A558NQG3	famsa	lddt	0.505370
A0A558NQG3	famsa	lddt_columns	320/389
A0A558NQG3	famsa_osc	lddt	0.614341
A0A558NQG3	famsa_osc	lddt_columns	320/389
A0A558NQG3	famsa	time	0.17
A0A558NQG3	foldmason_fast	lddt	0.563728
A0A558NQG3	foldmason_fast	lddt_columns	323/362
A0A558NQG3	foldmason_fast_osc	lddt	0.631794
A0A558NQG3	foldmason_fast_osc	lddt_columns	323/362
A0A558NQG3	foldmason_fast	time	1.58
A0A558NQG3	foldmason	lddt	0.569318
A0A558NQG3	foldmason	lddt_columns	330/366
A0A558NQG3	foldmason_osc	lddt	0.631425
A0A558NQG3	foldmason_osc	lddt_columns	330/366
A0A558NQG3	foldmason_refine100	lddt	0.577738
A0A558NQG3	foldmason_refine100	lddt_columns	342/363
A0A558NQG3	foldmason_refine100_osc	lddt	0.613213
A0A558NQG3	foldmason_refine100_osc	lddt_columns	342/363
A0A558NQG3	foldmason_refine100_rosc	lddt	0.555616
A0A558NQG3	foldmason_refine100_rosc	lddt_columns	318/371
A0A558NQG3	foldmason_refine100_rosc_osc	lddt	0.648218
A0A558NQG3	foldmason_refine100_rosc_osc	lddt_columns	318/371
A0A558NQG3	foldmason_refine100_rosc	time	9.20
A0A558NQG3	foldmason_refine100	time	10.75
A0A558NQG3	foldmason	time	0.72
A0A558NQG3	mafft_3di	lddt	0.582938
A0A558NQG3	mafft_3di	lddt_columns	310/354
A0A558NQG3	mafft_3di_osc	lddt	0.665678
A0A558NQG3	mafft_3di_osc	lddt_columns	310/354
A0A558NQG3	mafft_3di	time	0.58
A0A558NQG3	mafft	lddt	0.549709
A0A558NQG3	mafft	lddt_columns	325/363
A0A558NQG3	mafft_osc	lddt	0.613983
A0A558NQG3	mafft_osc	lddt_columns	325/363
A0A558NQG3	mafft	time	1.07
A0A558NQG3	matt	lddt	0.219053
A0A558NQG3	matt	lddt_columns	618/963
A0A558NQG3	matt_osc	lddt	0.341340
A0A558NQG3	matt_osc	lddt_columns	618/963
A0A558NQG3	matt	time	734.66
A0A558NQG3	mtmalign	lddt	0.285084
A0A558NQG3	mtmalign	lddt_columns	501/778
A0A558NQG3	mtmalign_osc	lddt	0.442705
A0A558NQG3	mtmalign_osc	lddt_columns	501/778
A0A558NQG3	mtmalign	time	44.46
A0A558NQG3	muscle	lddt	0.485581
A0A558NQG3	muscle	lddt_columns	323/406
A0A558NQG3	muscle_osc	lddt	0.610359
A0A558NQG3	muscle_osc	lddt_columns	323/406
A0A558NQG3	muscle	time	4.06
A0A558NQG3	mustang	lddt	0.464361
A0A558NQG3	mustang	lddt_columns	330/451
A0A558NQG3	mustang_osc	lddt	0.634627
A0A558NQG3	mustang_osc	lddt_columns	330/451
A0A558NQG3	mustang	time	136.70
A0A558NQG3	usalign	lddt	0.423957
A0A558NQG3	usalign	lddt_columns	385/480
A0A558NQG3	usalign_osc	lddt	0.528570
A0A558NQG3	usalign_osc	lddt_columns	385/480
A0A558NQG3	usalign	time	19.13
A0A5B8NA15	3dcoffee	lddt	0.478336
A0A5B8NA15	3dcoffee	lddt_columns	500/602
A0A5B8NA15	3dcoffee_osc	lddt	0.575917
A0A5B8NA15	3dcoffee_osc	lddt_columns	500/602
A0A5B8NA15	3dcoffee	time	859.98
A0A5B8NA15	caretta	lddt	0.437029
A0A5B8NA15	caretta	lddt_columns	484/508
A0A5B8NA15	caretta_osc	lddt	0.458699
A0A5B8NA15	caretta_osc	lddt_columns	484/508
A0A5B8NA15	caretta	time	75.13
A0A5B8NA15	clustalo	lddt	0.421738
A0A5B8NA15	clustalo	lddt_columns	574/624
A0A5B8NA15	clustalo_osc	lddt	0.458475
A0A5B8NA15	clustalo_osc	lddt_columns	574/624
A0A5B8NA15	clustalo	time	0.86
A0A5B8NA15	famsa	lddt	0.491116
A0A5B8NA15	famsa	lddt_columns	483/530
A0A5B8NA15	famsa_osc	lddt	0.538906
A0A5B8NA15	famsa_osc	lddt_columns	483/530
A0A5B8NA15	famsa	time	0.30
A0A5B8NA15	foldmason_fast	lddt	0.506752
A0A5B8NA15	foldmason_fast	lddt_columns	546/564
A0A5B8NA15	foldmason_fast_osc	lddt	0.523458
A0A5B8NA15	foldmason_fast_osc	lddt_columns	546/564
A0A5B8NA15	foldmason_fast	time	2.42
A0A5B8NA15	foldmason	lddt	0.510177
A0A5B8NA15	foldmason	lddt_columns	534/569
A0A5B8NA15	foldmason_osc	lddt	0.543616
A0A5B8NA15	foldmason_osc	lddt_columns	534/569
A0A5B8NA15	foldmason_refine100	lddt	0.516939
A0A5B8NA15	foldmason_refine100	lddt_columns	546/563
A0A5B8NA15	foldmason_refine100_osc	lddt	0.533034
A0A5B8NA15	foldmason_refine100_osc	lddt_columns	546/563
A0A5B8NA15	foldmason_refine100_rosc	lddt	0.485614
A0A5B8NA15	foldmason_refine100_rosc	lddt_columns	503/588
A0A5B8NA15	foldmason_refine100_rosc_osc	lddt	0.567676
A0A5B8NA15	foldmason_refine100_rosc_osc	lddt_columns	503/588
A0A5B8NA15	foldmason_refine100_rosc	time	51.18
A0A5B8NA15	foldmason_refine100	time	22.27
A0A5B8NA15	foldmason	time	1.03
A0A5B8NA15	mafft_3di	lddt	0.505958
A0A5B8NA15	mafft_3di	lddt_columns	497/570
A0A5B8NA15	mafft_3di_osc	lddt	0.580274
A0A5B8NA15	mafft_3di_osc	lddt_columns	497/570
A0A5B8NA15	mafft_3di	time	1.09
A0A5B8NA15	mafft	lddt	0.439535
A0A5B8NA15	mafft	lddt_columns	544/612
A0A5B8NA15	mafft_osc	lddt	0.494476
A0A5B8NA15	mafft_osc	lddt_columns	544/612
A0A5B8NA15	mafft	time	2.19
A0A5B8NA15	matt	lddt	0.028041
A0A5B8NA15	matt	lddt_columns	1025/4912
A0A5B8NA15	matt_osc	lddt	0.134377
A0A5B8NA15	matt_osc	lddt_columns	1025/4912
A0A5B8NA15	matt	time	2172.41
A0A5B8NA15	mtmalign	lddt	0.141722
A0A5B8NA15	mtmalign	lddt_columns	869/2093
A0A5B8NA15	mtmalign_osc	lddt	0.341340
A0A5B8NA15	mtmalign_osc	lddt_columns	869/2093
A0A5B8NA15	mtmalign	time	84.09
A0A5B8NA15	muscle	lddt	0.333330
A0A5B8NA15	muscle	lddt_columns	495/763
A0A5B8NA15	muscle_osc	lddt	0.513800
A0A5B8NA15	muscle_osc	lddt_columns	495/763
A0A5B8NA15	muscle	time	10.64
A0A5B8NA15	mustang	lddt	0.347864
A0A5B8NA15	mustang	lddt_columns	543/836
A0A5B8NA15	mustang_osc	lddt	0.535569
A0A5B8NA15	mustang_osc	lddt_columns	543/836
A0A5B8NA15	mustang	time	417.30
A0A5B8NA15	usalign	lddt	0.189659
A0A5B8NA15	usalign	lddt_columns	927/1636
A0A5B8NA15	usalign_osc	lddt	0.334716
A0A5B8NA15	usalign_osc	lddt_columns	927/1636
A0A5B8NA15	usalign	time	30.74
A0A5B9YQE2	3dcoffee	lddt	0.618523
A0A5B9YQE2	3dcoffee	lddt_columns	525/544
A0A5B9YQE2	3dcoffee_osc	lddt	0.640908
A0A5B9YQE2	3dcoffee_osc	lddt_columns	525/544
A0A5B9YQE2	3dcoffee	time	1659.49
A0A5B9YQE2	caretta	lddt	0.573312
A0A5B9YQE2	caretta	lddt_columns	551/559
A0A5B9YQE2	caretta_osc	lddt	0.581636
A0A5B9YQE2	caretta_osc	lddt_columns	551/559
A0A5B9YQE2	caretta	time	93.17
A0A5B9YQE2	clustalo	lddt	0.500463
A0A5B9YQE2	clustalo	lddt_columns	646/722
A0A5B9YQE2	clustalo_osc	lddt	0.559341
A0A5B9YQE2	clustalo_osc	lddt_columns	646/722
A0A5B9YQE2	clustalo	time	1.00
A0A5B9YQE2	famsa	lddt	0.599864
A0A5B9YQE2	famsa	lddt_columns	565/608
A0A5B9YQE2	famsa_osc	lddt	0.645518
A0A5B9YQE2	famsa_osc	lddt_columns	565/608
A0A5B9YQE2	famsa	time	0.25
A0A5B9YQE2	foldmason_fast	lddt	0.629484
A0A5B9YQE2	foldmason_fast	lddt_columns	580/598
A0A5B9YQE2	foldmason_fast_osc	lddt	0.649019
A0A5B9YQE2	foldmason_fast_osc	lddt_columns	580/598
A0A5B9YQE2	foldmason_fast	time	1.83
A0A5B9YQE2	foldmason	lddt	0.620420
A0A5B9YQE2	foldmason	lddt_columns	582/611
A0A5B9YQE2	foldmason_osc	lddt	0.651335
A0A5B9YQE2	foldmason_osc	lddt_columns	582/611
A0A5B9YQE2	foldmason_refine100	lddt	0.630934
A0A5B9YQE2	foldmason_refine100	lddt_columns	590/601
A0A5B9YQE2	foldmason_refine100_osc	lddt	0.642697
A0A5B9YQE2	foldmason_refine100_osc	lddt_columns	590/601
A0A5B9YQE2	foldmason_refine100_rosc	lddt	0.587950
A0A5B9YQE2	foldmason_refine100_rosc	lddt_columns	544/636
A0A5B9YQE2	foldmason_refine100_rosc_osc	lddt	0.687383
A0A5B9YQE2	foldmason_refine100_rosc_osc	lddt_columns	544/636
A0A5B9YQE2	foldmason_refine100_rosc	time	29.29
A0A5B9YQE2	foldmason_refine100	time	26.54
A0A5B9YQE2	foldmason	time	1.57
A0A5B9YQE2	mafft_3di	lddt	0.640161
A0A5B9YQE2	mafft_3di	lddt_columns	553/595
A0A5B9YQE2	mafft_3di_osc	lddt	0.688781
A0A5B9YQE2	mafft_3di_osc	lddt_columns	553/595
A0A5B9YQE2	mafft_3di	time	0.94
A0A5B9YQE2	mafft	lddt	0.579842
A0A5B9YQE2	mafft	lddt_columns	586/638
A0A5B9YQE2	mafft_osc	lddt	0.631296
A0A5B9YQE2	mafft_osc	lddt_columns	586/638
A0A5B9YQE2	mafft	time	3.33
A0A5B9YQE2	matt	lddt	0.101412
A0A5B9YQE2	matt	lddt_columns	1441/3274
A0A5B9YQE2	matt_osc	lddt	0.230411
A0A5B9YQE2	matt_osc	lddt_columns	1441/3274
A0A5B9YQE2	matt	time	7342.91
A0A5B9YQE2	mtmalign	lddt	0.198229
A0A5B9YQE2	mtmalign	lddt_columns	1166/2032
A0A5B9YQE2	mtmalign_osc	lddt	0.345456
A0A5B9YQE2	mtmalign_osc	lddt_columns	1166/2032
A0A5B9YQE2	mtmalign	time	164.18
A0A5B9YQE2	muscle	lddt	0.472714
A0A5B9YQE2	muscle	lddt_columns	586/767
A0A5B9YQE2	muscle_osc	lddt	0.618723
A0A5B9YQE2	muscle_osc	lddt_columns	586/767
A0A5B9YQE2	muscle	time	11.26
A0A5B9YQE2	mustang	lddt	0.477225
A0A5B9YQE2	mustang	lddt_columns	594/811
A0A5B9YQE2	mustang_osc	lddt	0.651565
A0A5B9YQE2	mustang_osc	lddt_columns	594/811
A0A5B9YQE2	mustang	time	591.74
A0A5B9YQE2	usalign	lddt	0.272577
A0A5B9YQE2	usalign	lddt_columns	1016/1446
A0A5B9YQE2	usalign_osc	lddt	0.387939
A0A5B9YQE2	usalign_osc	lddt_columns	1016/1446
A0A5B9YQE2	usalign	time	59.33
A0A5C7EHW3	3dcoffee	lddt	0.671284
A0A5C7EHW3	3dcoffee	lddt_columns	420/450
A0A5C7EHW3	3dcoffee_osc	lddt	0.719233
A0A5C7EHW3	3dcoffee_osc	lddt_columns	420/450
A0A5C7EHW3	3dcoffee	time	860.20
A0A5C7EHW3	caretta	lddt	0.642468
A0A5C7EHW3	caretta	lddt_columns	441/459
A0A5C7EHW3	caretta_osc	lddt	0.668691
A0A5C7EHW3	caretta_osc	lddt_columns	441/459
A0A5C7EHW3	caretta	time	72.20
A0A5C7EHW3	clustalo	lddt	0.596486
A0A5C7EHW3	clustalo	lddt_columns	474/514
A0A5C7EHW3	clustalo_osc	lddt	0.646822
A0A5C7EHW3	clustalo_osc	lddt_columns	474/514
A0A5C7EHW3	clustalo	time	0.59
A0A5C7EHW3	famsa	lddt	0.608050
A0A5C7EHW3	famsa	lddt_columns	436/493
A0A5C7EHW3	famsa_osc	lddt	0.687543
A0A5C7EHW3	famsa_osc	lddt_columns	436/493
A0A5C7EHW3	famsa	time	0.22
A0A5C7EHW3	foldmason_fast	lddt	0.670079
A0A5C7EHW3	foldmason_fast	lddt_columns	446/461
A0A5C7EHW3	foldmason_fast_osc	lddt	0.692615
A0A5C7EHW3	foldmason_fast_osc	lddt_columns	446/461
A0A5C7EHW3	foldmason_fast	time	3.40
A0A5C7EHW3	foldmason	lddt	0.669851
A0A5C7EHW3	foldmason	lddt_columns	436/462
A0A5C7EHW3	foldmason_osc	lddt	0.709796
A0A5C7EHW3	foldmason_osc	lddt_columns	436/462
A0A5C7EHW3	foldmason_refine100	lddt	0.675548
A0A5C7EHW3	foldmason_refine100	lddt_columns	453/460
A0A5C7EHW3	foldmason_refine100_osc	lddt	0.685987
A0A5C7EHW3	foldmason_refine100_osc	lddt_columns	453/460
A0A5C7EHW3	foldmason_refine100_rosc	lddt	0.663912
A0A5C7EHW3	foldmason_refine100_rosc	lddt_columns	433/465
A0A5C7EHW3	foldmason_refine100_rosc_osc	lddt	0.712978
A0A5C7EHW3	foldmason_refine100_rosc_osc	lddt_columns	433/465
A0A5C7EHW3	foldmason_refine100_rosc	time	16.53
A0A5C7EHW3	foldmason_refine100	time	16.36
A0A5C7EHW3	foldmason	time	0.88
A0A5C7EHW3	mafft_3di	lddt	0.623052
A0A5C7EHW3	mafft_3di	lddt_columns	431/495
A0A5C7EHW3	mafft_3di_osc	lddt	0.715571
A0A5C7EHW3	mafft_3di_osc	lddt_columns	431/495
A0A5C7EHW3	mafft_3di	time	0.72
A0A5C7EHW3	mafft	lddt	0.614128
A0A5C7EHW3	mafft	lddt_columns	442/500
A0A5C7EHW3	mafft_osc	lddt	0.694715
A0A5C7EHW3	mafft_osc	lddt_columns	442/500
A0A5C7EHW3	mafft	time	2.45
A0A5C7EHW3	matt	lddt	0.134924
A0A5C7EHW3	matt	lddt_columns	817/2022
A0A5C7EHW3	matt_osc	lddt	0.333924
A0A5C7EHW3	matt_osc	lddt_columns	817/2022
A0A5C7EHW3	matt	time	3620.08
A0A5C7EHW3	mtmalign	lddt	0.275189
A0A5C7EHW3	mtmalign	lddt_columns	674/1164
A0A5C7EHW3	mtmalign_osc	lddt	0.475252
A0A5C7EHW3	mtmalign_osc	lddt_columns	674/1164
A0A5C7EHW3	mtmalign	time	83.51
A0A5C7EHW3	muscle	lddt	0.535896
A0A5C7EHW3	muscle	lddt_columns	433/557
A0A5C7EHW3	muscle_osc	lddt	0.689362
A0A5C7EHW3	muscle_osc	lddt_columns	433/557
A0A5C7EHW3	muscle	time	7.43
A0A5C7EHW3	mustang	lddt	0.477573
A0A5C7EHW3	mustang	lddt_columns	471/647
A0A5C7EHW3	mustang_osc	lddt	0.656029
A0A5C7EHW3	mustang_osc	lddt_columns	471/647
A0A5C7EHW3	mustang	time	315.62
A0A5C7EHW3	usalign	lddt	0.374015
A0A5C7EHW3	usalign	lddt_columns	600/846
A0A5C7EHW3	usalign_osc	lddt	0.527362
A0A5C7EHW3	usalign_osc	lddt_columns	600/846
A0A5C7EHW3	usalign	time	35.74
A0A5J6VDN1	3dcoffee	lddt	0.665755
A0A5J6VDN1	3dcoffee	lddt_columns	659/736
A0A5J6VDN1	3dcoffee_osc	lddt	0.743545
A0A5J6VDN1	3dcoffee_osc	lddt_columns	659/736
A0A5J6VDN1	3dcoffee	time	1257.29
A0A5J6VDN1	caretta	lddt	0.646875
A0A5J6VDN1	caretta	lddt_columns	646/702
A0A5J6VDN1	caretta_osc	lddt	0.702951
A0A5J6VDN1	caretta_osc	lddt_columns	646/702
A0A5J6VDN1	caretta	time	111.95
A0A5J6VDN1	clustalo	lddt	0.597377
A0A5J6VDN1	clustalo	lddt_columns	714/798
A0A5J6VDN1	clustalo_osc	lddt	0.667657
A0A5J6VDN1	clustalo_osc	lddt_columns	714/798
A0A5J6VDN1	clustalo	time	0.96
A0A5J6VDN1	famsa	lddt	0.601596
A0A5J6VDN1	famsa	lddt_columns	635/756
A0A5J6VDN1	famsa_osc	lddt	0.716231
A0A5J6VDN1	famsa_osc	lddt_columns	635/756
A0A5J6VDN1	famsa	time	0.30
A0A5J6VDN1	foldmason_fast	lddt	0.672160
A0A5J6VDN1	foldmason_fast	lddt_columns	641/707
A0A5J6VDN1	foldmason_fast_osc	lddt	0.741368
A0A5J6VDN1	foldmason_fast_osc	lddt_columns	641/707
A0A5J6VDN1	foldmason_fast	time	2.72
A0A5J6VDN1	foldmason	lddt	0.688412
A0A5J6VDN1	foldmason	lddt_columns	657/708
A0A5J6VDN1	foldmason_osc	lddt	0.741850
A0A5J6VDN1	foldmason_osc	lddt_columns	657/708
A0A5J6VDN1	foldmason_refine100	lddt	0.693659
A0A5J6VDN1	foldmason_refine100	lddt_columns	672/705
A0A5J6VDN1	foldmason_refine100_osc	lddt	0.727723
A0A5J6VDN1	foldmason_refine100_osc	lddt_columns	672/705
A0A5J6VDN1	foldmason_refine100_rosc	lddt	0.690255
A0A5J6VDN1	foldmason_refine100_rosc	lddt_columns	655/706
A0A5J6VDN1	foldmason_refine100_rosc_osc	lddt	0.744000
A0A5J6VDN1	foldmason_refine100_rosc_osc	lddt_columns	655/706
A0A5J6VDN1	foldmason_refine100_rosc	time	27.59
A0A5J6VDN1	foldmason_refine100	time	30.60
A0A5J6VDN1	foldmason	time	7.32
A0A5J6VDN1	mafft_3di	lddt	0.678057
A0A5J6VDN1	mafft_3di	lddt_columns	636/710
A0A5J6VDN1	mafft_3di_osc	lddt	0.756950
A0A5J6VDN1	mafft_3di_osc	lddt_columns	636/710
A0A5J6VDN1	mafft_3di	time	1.20
A0A5J6VDN1	mafft	lddt	0.618138
A0A5J6VDN1	mafft	lddt_columns	659/753
A0A5J6VDN1	mafft_osc	lddt	0.706309
A0A5J6VDN1	mafft_osc	lddt_columns	659/753
A0A5J6VDN1	mafft	time	2.10
A0A5J6VDN1	matt	lddt	0.327788
A0A5J6VDN1	matt	lddt_columns	745/1449
A0A5J6VDN1	matt_osc	lddt	0.637536
A0A5J6VDN1	matt_osc	lddt_columns	745/1449
A0A5J6VDN1	matt	time	20468.37
A0A5J6VDN1	mtmalign	lddt	0.359276
A0A5J6VDN1	mtmalign	lddt_columns	761/1380
A0A5J6VDN1	mtmalign_osc	lddt	0.651512
A0A5J6VDN1	mtmalign_osc	lddt_columns	761/1380
A0A5J6VDN1	mtmalign	time	158.16
A0A5J6VDN1	muscle	lddt	0.560817
A0A5J6VDN1	muscle	lddt_columns	674/828
A0A5J6VDN1	muscle_osc	lddt	0.688957
A0A5J6VDN1	muscle_osc	lddt_columns	674/828
A0A5J6VDN1	muscle	time	12.68
A0A5J6VDN1	mustang	lddt	0.539148
A0A5J6VDN1	mustang	lddt_columns	664/886
A0A5J6VDN1	mustang_osc	lddt	0.719405
A0A5J6VDN1	mustang_osc	lddt_columns	664/886
A0A5J6VDN1	mustang	time	956.05
A0A5J6VDN1	usalign	lddt	0.455466
A0A5J6VDN1	usalign	lddt_columns	729/1080
A0A5J6VDN1	usalign_osc	lddt	0.674765
A0A5J6VDN1	usalign_osc	lddt_columns	729/1080
A0A5J6VDN1	usalign	time	49.05
A0A5Q0EJY6	3dcoffee	lddt	0.726007
A0A5Q0EJY6	3dcoffee	lddt_columns	174/181
A0A5Q0EJY6	3dcoffee_osc	lddt	0.755215
A0A5Q0EJY6	3dcoffee_osc	lddt_columns	174/181
A0A5Q0EJY6	3dcoffee	time	284.86
A0A5Q0EJY6	caretta	lddt	0.738350
A0A5Q0EJY6	caretta	lddt_columns	172/175
A0A5Q0EJY6	caretta_osc	lddt	0.751228
A0A5Q0EJY6	caretta_osc	lddt_columns	172/175
A0A5Q0EJY6	caretta	time	92.78
A0A5Q0EJY6	clustalo	lddt	0.720041
A0A5Q0EJY6	clustalo	lddt_columns	175/179
A0A5Q0EJY6	clustalo_osc	lddt	0.736499
A0A5Q0EJY6	clustalo_osc	lddt_columns	175/179
A0A5Q0EJY6	clustalo	time	0.11
A0A5Q0EJY6	famsa	lddt	0.715365
A0A5Q0EJY6	famsa	lddt_columns	171/179
A0A5Q0EJY6	famsa_osc	lddt	0.748832
A0A5Q0EJY6	famsa_osc	lddt_columns	171/179
A0A5Q0EJY6	famsa	time	0.07
A0A5Q0EJY6	foldmason_fast	lddt	0.730754
A0A5Q0EJY6	foldmason_fast	lddt_columns	177/178
A0A5Q0EJY6	foldmason_fast_osc	lddt	0.734882
A0A5Q0EJY6	foldmason_fast_osc	lddt_columns	177/178
A0A5Q0EJY6	foldmason_fast	time	0.45
A0A5Q0EJY6	foldmason	lddt	0.726815
A0A5Q0EJY6	foldmason	lddt_columns	175/178
A0A5Q0EJY6	foldmason_osc	lddt	0.739274
A0A5Q0EJY6	foldmason_osc	lddt_columns	175/178
A0A5Q0EJY6	foldmason_refine100	lddt	0.728305
A0A5Q0EJY6	foldmason_refine100	lddt_columns	176/178
A0A5Q0EJY6	foldmason_refine100_osc	lddt	0.736581
A0A5Q0EJY6	foldmason_refine100_osc	lddt_columns	176/178
A0A5Q0EJY6	foldmason_refine100_rosc	lddt	0.706392
A0A5Q0EJY6	foldmason_refine100_rosc	lddt_columns	171/182
A0A5Q0EJY6	foldmason_refine100_rosc_osc	lddt	0.751832
A0A5Q0EJY6	foldmason_refine100_rosc_osc	lddt_columns	171/182
A0A5Q0EJY6	foldmason_refine100_rosc	time	4.79
A0A5Q0EJY6	foldmason_refine100	time	4.75
A0A5Q0EJY6	foldmason	time	0.25
A0A5Q0EJY6	mafft_3di	lddt	0.724575
A0A5Q0EJY6	mafft_3di	lddt_columns	172/176
A0A5Q0EJY6	mafft_3di_osc	lddt	0.741426
A0A5Q0EJY6	mafft_3di_osc	lddt_columns	172/176
A0A5Q0EJY6	mafft_3di	time	0.34
A0A5Q0EJY6	mafft	lddt	0.708744
A0A5Q0EJY6	mafft	lddt_columns	177/183
A0A5Q0EJY6	mafft_osc	lddt	0.732769
A0A5Q0EJY6	mafft_osc	lddt_columns	177/183
A0A5Q0EJY6	mafft	time	0.36
A0A5Q0EJY6	matt	lddt	0.513574
A0A5Q0EJY6	matt	lddt_columns	194/257
A0A5Q0EJY6	matt_osc	lddt	0.680354
A0A5Q0EJY6	matt_osc	lddt_columns	194/257
A0A5Q0EJY6	matt	time	583.45
A0A5Q0EJY6	mtmalign	lddt	0.486373
A0A5Q0EJY6	mtmalign	lddt_columns	192/275
A0A5Q0EJY6	mtmalign_osc	lddt	0.696628
A0A5Q0EJY6	mtmalign_osc	lddt_columns	192/275
A0A5Q0EJY6	mtmalign	time	14.05
A0A5Q0EJY6	muscle	lddt	0.701316
A0A5Q0EJY6	muscle	lddt_columns	174/182
A0A5Q0EJY6	muscle_osc	lddt	0.733560
A0A5Q0EJY6	muscle_osc	lddt_columns	174/182
A0A5Q0EJY6	muscle	time	1.50
A0A5Q0EJY6	mustang	lddt	0.615719
A0A5Q0EJY6	mustang	lddt_columns	174/213
A0A5Q0EJY6	mustang_osc	lddt	0.753725
A0A5Q0EJY6	mustang_osc	lddt_columns	174/213
A0A5Q0EJY6	mustang	time	101.61
A0A5Q0EJY6	usalign	lddt	0.610804
A0A5Q0EJY6	usalign	lddt_columns	184/219
A0A5Q0EJY6	usalign_osc	lddt	0.726989
A0A5Q0EJY6	usalign_osc	lddt_columns	184/219
A0A5Q0EJY6	usalign	time	5.53
A0A5Q3L475	3dcoffee	lddt	0.771509
A0A5Q3L475	3dcoffee	lddt_columns	965/1009
A0A5Q3L475	3dcoffee_osc	lddt	0.806686
A0A5Q3L475	3dcoffee_osc	lddt_columns	965/1009
A0A5Q3L475	3dcoffee	time	4382.70
A0A5Q3L475	caretta	lddt	0.574136
A0A5Q3L475	caretta	lddt_columns	1030/1055
A0A5Q3L475	caretta_osc	lddt	0.588071
A0A5Q3L475	caretta_osc	lddt_columns	1030/1055
A0A5Q3L475	caretta	time	199.20
A0A5Q3L475	clustalo	lddt	0.570094
A0A5Q3L475	clustalo	lddt_columns	1296/1416
A0A5Q3L475	clustalo_osc	lddt	0.622880
A0A5Q3L475	clustalo_osc	lddt_columns	1296/1416
A0A5Q3L475	clustalo	time	3.86
A0A5Q3L475	famsa	lddt	0.584505
A0A5Q3L475	famsa	lddt_columns	1007/1275
A0A5Q3L475	famsa_osc	lddt	0.740064
A0A5Q3L475	famsa_osc	lddt_columns	1007/1275
A0A5Q3L475	famsa	time	1.02
A0A5Q3L475	foldmason_fast	lddt	0.797185
A0A5Q3L475	foldmason_fast	lddt_columns	978/994
A0A5Q3L475	foldmason_fast_osc	lddt	0.810227
A0A5Q3L475	foldmason_fast_osc	lddt_columns	978/994
A0A5Q3L475	foldmason_fast	time	4.55
A0A5Q3L475	foldmason	lddt	0.733938
A0A5Q3L475	foldmason	lddt_columns	1050/1101
A0A5Q3L475	foldmason_osc	lddt	0.769587
A0A5Q3L475	foldmason_osc	lddt_columns	1050/1101
A0A5Q3L475	foldmason_refine100	lddt	0.737856
A0A5Q3L475	foldmason_refine100	lddt_columns	1069/1097
A0A5Q3L475	foldmason_refine100_osc	lddt	0.757182
A0A5Q3L475	foldmason_refine100_osc	lddt_columns	1069/1097
A0A5Q3L475	foldmason_refine100_rosc	lddt	0.686494
A0A5Q3L475	foldmason_refine100_rosc	lddt_columns	1019/1164
A0A5Q3L475	foldmason_refine100_rosc_osc	lddt	0.784180
A0A5Q3L475	foldmason_refine100_rosc_osc	lddt_columns	1019/1164
A0A5Q3L475	foldmason_refine100_rosc	time	60.27
A0A5Q3L475	foldmason_refine100	time	73.29
A0A5Q3L475	foldmason	time	3.98
A0A5Q3L475	mafft_3di	lddt	0.725735
A0A5Q3L475	mafft_3di	lddt_columns	943/1083
A0A5Q3L475	mafft_3di_osc	lddt	0.833479
A0A5Q3L475	mafft_3di_osc	lddt_columns	943/1083
A0A5Q3L475	mafft_3di	time	1.52
A0A5Q3L475	mafft	lddt	0.586192
A0A5Q3L475	mafft	lddt_columns	1175/1352
A0A5Q3L475	mafft_osc	lddt	0.674495
A0A5Q3L475	mafft_osc	lddt_columns	1175/1352
A0A5Q3L475	mafft	time	9.21
A0A5Q3L475	matt	lddt	0.054428
A0A5Q3L475	matt	lddt_columns	1769/9064
A0A5Q3L475	matt_osc	lddt	0.278880
A0A5Q3L475	matt_osc	lddt_columns	1769/9064
A0A5Q3L475	matt	time	22047.89
A0A5Q3L475	mtmalign	lddt	0.059625
A0A5Q3L475	mtmalign	lddt_columns	1289/8393
A0A5Q3L475	mtmalign_osc	lddt	0.388231
A0A5Q3L475	mtmalign_osc	lddt_columns	1289/8393
A0A5Q3L475	mtmalign	time	615.72
A0A5Q3L475	muscle	lddt	0.477104
A0A5Q3L475	muscle	lddt_columns	1301/1645
A0A5Q3L475	muscle_osc	lddt	0.603256
A0A5Q3L475	muscle_osc	lddt_columns	1301/1645
A0A5Q3L475	muscle	time	30.15
A0A5Q3L475	mustang	lddt	0.267506
A0A5Q3L475	mustang	lddt_columns	2706/3388
A0A5Q3L475	mustang_osc	lddt	0.334926
A0A5Q3L475	mustang_osc	lddt_columns	2706/3388
A0A5Q3L475	mustang	time	17573.10
A0A5Q3L475	usalign	lddt	0.125993
A0A5Q3L475	usalign	lddt_columns	2331/5930
A0A5Q3L475	usalign_osc	lddt	0.320522
A0A5Q3L475	usalign_osc	lddt_columns	2331/5930
A0A5Q3L475	usalign	time	117.70
A0A644Y0F6	3dcoffee	lddt	0.369400
A0A644Y0F6	3dcoffee	lddt_columns	585/801
A0A644Y0F6	3dcoffee_osc	lddt	0.505793
A0A644Y0F6	3dcoffee_osc	lddt_columns	585/801
A0A644Y0F6	3dcoffee	time	952.79
A0A644Y0F6	caretta	lddt	0.388798
A0A644Y0F6	caretta	lddt_columns	457/469
A0A644Y0F6	caretta_osc	lddt	0.399007
A0A644Y0F6	caretta_osc	lddt_columns	457/469
A0A644Y0F6	caretta	time	136.60
A0A644Y0F6	clustalo	lddt	0.283449
A0A644Y0F6	clustalo	lddt_columns	831/919
A0A644Y0F6	clustalo_osc	lddt	0.313465
A0A644Y0F6	clustalo_osc	lddt_columns	831/919
A0A644Y0F6	clustalo	time	1.13
A0A644Y0F6	famsa	lddt	0.315022
A0A644Y0F6	famsa	lddt_columns	502/662
A0A644Y0F6	famsa_osc	lddt	0.415427
A0A644Y0F6	famsa_osc	lddt_columns	502/662
A0A644Y0F6	famsa	time	0.28
A0A644Y0F6	foldmason_fast	lddt	0.410678
A0A644Y0F6	foldmason_fast	lddt_columns	615/665
A0A644Y0F6	foldmason_fast_osc	lddt	0.444066
A0A644Y0F6	foldmason_fast_osc	lddt_columns	615/665
A0A644Y0F6	foldmason_fast	time	1.23
A0A644Y0F6	foldmason	lddt	0.425417
A0A644Y0F6	foldmason	lddt_columns	609/648
A0A644Y0F6	foldmason_osc	lddt	0.452660
A0A644Y0F6	foldmason_osc	lddt_columns	609/648
A0A644Y0F6	foldmason_refine100	lddt	0.431588
A0A644Y0F6	foldmason_refine100	lddt_columns	623/641
A0A644Y0F6	foldmason_refine100_osc	lddt	0.444057
A0A644Y0F6	foldmason_refine100_osc	lddt_columns	623/641
A0A644Y0F6	foldmason_refine100_rosc	lddt	0.394107
A0A644Y0F6	foldmason_refine100_rosc	lddt_columns	595/689
A0A644Y0F6	foldmason_refine100_rosc_osc	lddt	0.456369
A0A644Y0F6	foldmason_refine100_rosc_osc	lddt_columns	595/689
A0A644Y0F6	foldmason_refine100_rosc	time	23.03
A0A644Y0F6	foldmason_refine100	time	22.69
A0A644Y0F6	foldmason	time	1.01
A0A644Y0F6	mafft_3di	lddt	0.380697
A0A644Y0F6	mafft_3di	lddt_columns	563/721
A0A644Y0F6	mafft_3di_osc	lddt	0.487536
A0A644Y0F6	mafft_3di_osc	lddt_columns	563/721
A0A644Y0F6	mafft_3di	time	1.97
A0A644Y0F6	mafft	lddt	0.312293
A0A644Y0F6	mafft	lddt_columns	639/758
A0A644Y0F6	mafft_osc	lddt	0.370451
A0A644Y0F6	mafft_osc	lddt_columns	639/758
A0A644Y0F6	mafft	time	4.28
A0A644Y0F6	matt	lddt	0.034694
A0A644Y0F6	matt	lddt_columns	850/4866
A0A644Y0F6	matt_osc	lddt	0.198615
A0A644Y0F6	matt_osc	lddt_columns	850/4866
A0A644Y0F6	matt	time	2741.62
A0A644Y0F6	mtmalign	lddt	0.087094
A0A644Y0F6	mtmalign	lddt_columns	1192/3462
A0A644Y0F6	mtmalign_osc	lddt	0.252951
A0A644Y0F6	mtmalign_osc	lddt_columns	1192/3462
A0A644Y0F6	mtmalign	time	94.04
A0A644Y0F6	muscle	lddt	0.198291
A0A644Y0F6	muscle	lddt_columns	665/1152
A0A644Y0F6	muscle_osc	lddt	0.343506
A0A644Y0F6	muscle_osc	lddt_columns	665/1152
A0A644Y0F6	muscle	time	13.77
A0A644Y0F6	mustang	lddt	0.233437
A0A644Y0F6	mustang	lddt_columns	634/1219
A0A644Y0F6	mustang_osc	lddt	0.448833
A0A644Y0F6	mustang_osc	lddt_columns	634/1219
A0A644Y0F6	mustang	time	1898.98
A0A644Y0F6	usalign	lddt	0.112156
A0A644Y0F6	usalign	lddt_columns	1224/2782
A0A644Y0F6	usalign_osc	lddt	0.254916
A0A644Y0F6	usalign_osc	lddt_columns	1224/2782
A0A644Y0F6	usalign	time	29.90
A0A654D339	3dcoffee	lddt	0.573037
A0A654D339	3dcoffee	lddt_columns	352/396
A0A654D339	3dcoffee_osc	lddt	0.644667
A0A654D339	3dcoffee_osc	lddt_columns	352/396
A0A654D339	3dcoffee	time	566.30
A0A654D339	caretta	lddt	0.529619
A0A654D339	caretta	lddt_columns	366/399
A0A654D339	caretta_osc	lddt	0.577371
A0A654D339	caretta_osc	lddt_columns	366/399
A0A654D339	caretta	time	121.55
A0A654D339	clustalo	lddt	0.550713
A0A654D339	clustalo	lddt_columns	419/446
A0A654D339	clustalo_osc	lddt	0.586201
A0A654D339	clustalo_osc	lddt_columns	419/446
A0A654D339	clustalo	time	0.54
A0A654D339	famsa	lddt	0.530156
A0A654D339	famsa	lddt_columns	370/450
A0A654D339	famsa_osc	lddt	0.644784
A0A654D339	famsa_osc	lddt_columns	370/450
A0A654D339	famsa	time	0.18
A0A654D339	foldmason_fast	lddt	0.611770
A0A654D339	foldmason_fast	lddt_columns	383/398
A0A654D339	foldmason_fast_osc	lddt	0.635730
A0A654D339	foldmason_fast_osc	lddt_columns	383/398
A0A654D339	foldmason_fast	time	0.88
A0A654D339	foldmason	lddt	0.604595
A0A654D339	foldmason	lddt_columns	377/405
A0A654D339	foldmason_osc	lddt	0.649498
A0A654D339	foldmason_osc	lddt_columns	377/405
A0A654D339	foldmason_refine100	lddt	0.614665
A0A654D339	foldmason_refine100	lddt_columns	388/400
A0A654D339	foldmason_refine100_osc	lddt	0.633675
A0A654D339	foldmason_refine100_osc	lddt_columns	388/400
A0A654D339	foldmason_refine100_rosc	lddt	0.597711
A0A654D339	foldmason_refine100_rosc	lddt_columns	371/408
A0A654D339	foldmason_refine100_rosc_osc	lddt	0.657321
A0A654D339	foldmason_refine100_rosc_osc	lddt_columns	371/408
A0A654D339	foldmason_refine100_rosc	time	14.09
A0A654D339	foldmason_refine100	time	14.09
A0A654D339	foldmason	time	0.74
A0A654D339	mafft_3di	lddt	0.572365
A0A654D339	mafft_3di	lddt_columns	356/424
A0A654D339	mafft_3di_osc	lddt	0.681693
A0A654D339	mafft_3di_osc	lddt_columns	356/424
A0A654D339	mafft_3di	time	0.78
A0A654D339	mafft	lddt	0.584935
A0A654D339	mafft	lddt_columns	381/418
A0A654D339	mafft_osc	lddt	0.641740
A0A654D339	mafft_osc	lddt_columns	381/418
A0A654D339	mafft	time	1.45
A0A654D339	matt	lddt	0.095286
A0A654D339	matt	lddt_columns	789/2237
A0A654D339	matt_osc	lddt	0.270159
A0A654D339	matt_osc	lddt_columns	789/2237
A0A654D339	matt	time	851.43
A0A654D339	mtmalign	lddt	0.151498
A0A654D339	mtmalign	lddt_columns	709/1649
A0A654D339	mtmalign_osc	lddt	0.352355
A0A654D339	mtmalign_osc	lddt_columns	709/1649
A0A654D339	mtmalign	time	52.25
A0A654D339	muscle	lddt	0.435992
A0A654D339	muscle	lddt_columns	376/537
A0A654D339	muscle_osc	lddt	0.622680
A0A654D339	muscle_osc	lddt_columns	376/537
A0A654D339	muscle	time	6.20
A0A654D339	mustang	lddt	0.426213
A0A654D339	mustang	lddt_columns	383/579
A0A654D339	mustang_osc	lddt	0.644327
A0A654D339	mustang_osc	lddt_columns	383/579
A0A654D339	mustang	time	211.97
A0A654D339	usalign	lddt	0.219109
A0A654D339	usalign	lddt_columns	660/1151
A0A654D339	usalign_osc	lddt	0.382112
A0A654D339	usalign_osc	lddt_columns	660/1151
A0A654D339	usalign	time	20.45
A0A662C4G2	3dcoffee	lddt	0.482418
A0A662C4G2	3dcoffee	lddt_columns	704/899
A0A662C4G2	3dcoffee_osc	lddt	0.616042
A0A662C4G2	3dcoffee_osc	lddt_columns	704/899
A0A662C4G2	3dcoffee	time	1619.93
A0A662C4G2	caretta	lddt	0.446346
A0A662C4G2	caretta	lddt_columns	679/689
A0A662C4G2	caretta_osc	lddt	0.452920
A0A662C4G2	caretta_osc	lddt_columns	679/689
A0A662C4G2	caretta	time	169.37
A0A662C4G2	clustalo	lddt	0.473603
A0A662C4G2	clustalo	lddt_columns	741/909
A0A662C4G2	clustalo_osc	lddt	0.580979
A0A662C4G2	clustalo_osc	lddt_columns	741/909
A0A662C4G2	clustalo	time	1.28
A0A662C4G2	famsa	lddt	0.499498
A0A662C4G2	famsa	lddt_columns	698/844
A0A662C4G2	famsa_osc	lddt	0.603977
A0A662C4G2	famsa_osc	lddt_columns	698/844
A0A662C4G2	famsa	time	0.33
A0A662C4G2	foldmason_fast	lddt	0.548490
A0A662C4G2	foldmason_fast	lddt_columns	733/798
A0A662C4G2	foldmason_fast_osc	lddt	0.597128
A0A662C4G2	foldmason_fast_osc	lddt_columns	733/798
A0A662C4G2	foldmason_fast	time	2.01
A0A662C4G2	foldmason	lddt	0.555289
A0A662C4G2	foldmason	lddt_columns	728/796
A0A662C4G2	foldmason_osc	lddt	0.607157
A0A662C4G2	foldmason_osc	lddt_columns	728/796
A0A662C4G2	foldmason_refine100	lddt	0.563655
A0A662C4G2	foldmason_refine100	lddt_columns	757/787
A0A662C4G2	foldmason_refine100_osc	lddt	0.585993
A0A662C4G2	foldmason_refine100_osc	lddt_columns	757/787
A0A662C4G2	foldmason_refine100_rosc	lddt	0.543401
A0A662C4G2	foldmason_refine100_rosc	lddt_columns	718/808
A0A662C4G2	foldmason_refine100_rosc_osc	lddt	0.611516
A0A662C4G2	foldmason_refine100_rosc_osc	lddt_columns	718/808
A0A662C4G2	foldmason_refine100_rosc	time	39.25
A0A662C4G2	foldmason_refine100	time	37.50
A0A662C4G2	foldmason	time	2.35
A0A662C4G2	mafft_3di	lddt	0.535057
A0A662C4G2	mafft_3di	lddt_columns	708/836
A0A662C4G2	mafft_3di_osc	lddt	0.631791
A0A662C4G2	mafft_3di_osc	lddt_columns	708/836
A0A662C4G2	mafft_3di	time	1.51
A0A662C4G2	mafft	lddt	0.491570
A0A662C4G2	mafft	lddt_columns	759/889
A0A662C4G2	mafft_osc	lddt	0.575765
A0A662C4G2	mafft_osc	lddt_columns	759/889
A0A662C4G2	mafft	time	3.84
A0A662C4G2	matt	lddt	0.061524
A0A662C4G2	matt	lddt_columns	1565/5365
A0A662C4G2	matt_osc	lddt	0.210912
A0A662C4G2	matt_osc	lddt_columns	1565/5365
A0A662C4G2	matt	time	9386.82
A0A662C4G2	mtmalign	lddt	0.157047
A0A662C4G2	mtmalign	lddt_columns	1673/3309
A0A662C4G2	mtmalign_osc	lddt	0.310620
A0A662C4G2	mtmalign_osc	lddt_columns	1673/3309
A0A662C4G2	mtmalign	time	245.60
A0A662C4G2	muscle	lddt	0.386370
A0A662C4G2	muscle	lddt_columns	677/1093
A0A662C4G2	muscle_osc	lddt	0.623786
A0A662C4G2	muscle_osc	lddt_columns	677/1093
A0A662C4G2	muscle	time	14.69
A0A662C4G2	mustang	lddt	0.380841
A0A662C4G2	mustang	lddt_columns	765/1192
A0A662C4G2	mustang_osc	lddt	0.593414
A0A662C4G2	mustang_osc	lddt_columns	765/1192
A0A662C4G2	mustang	time	2200.32
A0A662C4G2	usalign	lddt	0.190115
A0A662C4G2	usalign	lddt_columns	1530/2577
A0A662C4G2	usalign_osc	lddt	0.320214
A0A662C4G2	usalign_osc	lddt_columns	1530/2577
A0A662C4G2	usalign	time	63.91
A0A662SPR3	3dcoffee	lddt	0.509056
A0A662SPR3	3dcoffee	lddt_columns	581/671
A0A662SPR3	3dcoffee_osc	lddt	0.587911
A0A662SPR3	3dcoffee_osc	lddt_columns	581/671
A0A662SPR3	3dcoffee	time	797.25
A0A662SPR3	caretta	lddt	0.429756
A0A662SPR3	caretta	lddt_columns	530/533
A0A662SPR3	caretta_osc	lddt	0.432188
A0A662SPR3	caretta_osc	lddt_columns	530/533
A0A662SPR3	caretta	time	81.07
A0A662SPR3	clustalo	lddt	0.434163
A0A662SPR3	clustalo	lddt_columns	638/692
A0A662SPR3	clustalo_osc	lddt	0.470910
A0A662SPR3	clustalo_osc	lddt_columns	638/692
A0A662SPR3	clustalo	time	0.75
A0A662SPR3	famsa	lddt	0.436333
A0A662SPR3	famsa	lddt_columns	536/647
A0A662SPR3	famsa_osc	lddt	0.526693
A0A662SPR3	famsa_osc	lddt_columns	536/647
A0A662SPR3	famsa	time	0.26
A0A662SPR3	foldmason_fast	lddt	0.478825
A0A662SPR3	foldmason_fast	lddt_columns	563/637
A0A662SPR3	foldmason_fast_osc	lddt	0.541761
A0A662SPR3	foldmason_fast_osc	lddt_columns	563/637
A0A662SPR3	foldmason_fast	time	1.80
A0A662SPR3	foldmason	lddt	0.474753
A0A662SPR3	foldmason	lddt_columns	574/667
A0A662SPR3	foldmason_osc	lddt	0.551673
A0A662SPR3	foldmason_osc	lddt_columns	574/667
A0A662SPR3	foldmason_refine100	lddt	0.497254
A0A662SPR3	foldmason_refine100	lddt_columns	598/635
A0A662SPR3	foldmason_refine100_osc	lddt	0.528021
A0A662SPR3	foldmason_refine100_osc	lddt_columns	598/635
A0A662SPR3	foldmason_refine100_rosc	lddt	0.448190
A0A662SPR3	foldmason_refine100_rosc	lddt_columns	560/696
A0A662SPR3	foldmason_refine100_rosc_osc	lddt	0.557036
A0A662SPR3	foldmason_refine100_rosc_osc	lddt_columns	560/696
A0A662SPR3	foldmason_refine100_rosc	time	17.15
A0A662SPR3	foldmason_refine100	time	19.67
A0A662SPR3	foldmason	time	1.22
A0A662SPR3	mafft_3di	lddt	0.510108
A0A662SPR3	mafft_3di	lddt_columns	563/649
A0A662SPR3	mafft_3di_osc	lddt	0.588028
A0A662SPR3	mafft_3di_osc	lddt_columns	563/649
A0A662SPR3	mafft_3di	time	0.80
A0A662SPR3	mafft	lddt	0.440553
A0A662SPR3	mafft	lddt_columns	617/698
A0A662SPR3	mafft_osc	lddt	0.498389
A0A662SPR3	mafft_osc	lddt_columns	617/698
A0A662SPR3	mafft	time	2.76
A0A662SPR3	matt	lddt	0.044521
A0A662SPR3	matt	lddt_columns	916/4594
A0A662SPR3	matt_osc	lddt	0.223284
A0A662SPR3	matt_osc	lddt_columns	916/4594
A0A662SPR3	matt	time	2843.74
A0A662SPR3	mtmalign	lddt	0.104164
A0A662SPR3	mtmalign	lddt_columns	1120/3162
A0A662SPR3	mtmalign_osc	lddt	0.294076
A0A662SPR3	mtmalign_osc	lddt_columns	1120/3162
A0A662SPR3	mtmalign	time	82.36
A0A662SPR3	muscle	lddt	0.346032
A0A662SPR3	muscle	lddt_columns	643/860
A0A662SPR3	muscle_osc	lddt	0.462811
A0A662SPR3	muscle_osc	lddt_columns	643/860
A0A662SPR3	muscle	time	9.76
A0A662SPR3	mustang	lddt	0.338267
A0A662SPR3	mustang	lddt_columns	620/965
A0A662SPR3	mustang_osc	lddt	0.526496
A0A662SPR3	mustang_osc	lddt_columns	620/965
A0A662SPR3	mustang	time	1610.07
A0A662SPR3	usalign	lddt	0.128393
A0A662SPR3	usalign	lddt_columns	1229/2785
A0A662SPR3	usalign_osc	lddt	0.290948
A0A662SPR3	usalign_osc	lddt_columns	1229/2785
A0A662SPR3	usalign	time	24.89
A0A6B0X6C9	3dcoffee	lddt	0.380035
A0A6B0X6C9	3dcoffee	lddt_columns	437/653
A0A6B0X6C9	3dcoffee_osc	lddt	0.567878
A0A6B0X6C9	3dcoffee_osc	lddt_columns	437/653
A0A6B0X6C9	3dcoffee	time	692.45
A0A6B0X6C9	caretta	lddt	0.387964
A0A6B0X6C9	caretta	lddt_columns	414/422
A0A6B0X6C9	caretta_osc	lddt	0.395461
A0A6B0X6C9	caretta_osc	lddt_columns	414/422
A0A6B0X6C9	caretta	time	119.86
A0A6B0X6C9	clustalo	lddt	0.280081
A0A6B0X6C9	clustalo	lddt_columns	654/737
A0A6B0X6C9	clustalo_osc	lddt	0.315626
A0A6B0X6C9	clustalo_osc	lddt_columns	654/737
A0A6B0X6C9	clustalo	time	0.86
A0A6B0X6C9	famsa	lddt	0.355015
A0A6B0X6C9	famsa	lddt_columns	446/555
A0A6B0X6C9	famsa_osc	lddt	0.441779
A0A6B0X6C9	famsa_osc	lddt_columns	446/555
A0A6B0X6C9	famsa	time	0.24
A0A6B0X6C9	foldmason_fast	lddt	0.449276
A0A6B0X6C9	foldmason_fast	lddt_columns	467/495
A0A6B0X6C9	foldmason_fast_osc	lddt	0.476213
A0A6B0X6C9	foldmason_fast_osc	lddt_columns	467/495
A0A6B0X6C9	foldmason_fast	time	0.97
A0A6B0X6C9	foldmason	lddt	0.445233
A0A6B0X6C9	foldmason	lddt_columns	483/512
A0A6B0X6C9	foldmason_osc	lddt	0.471966
A0A6B0X6C9	foldmason_osc	lddt_columns	483/512
A0A6B0X6C9	foldmason_refine100	lddt	0.451290
A0A6B0X6C9	foldmason_refine100	lddt_columns	494/508
A0A6B0X6C9	foldmason_refine100_osc	lddt	0.464080
A0A6B0X6C9	foldmason_refine100_osc	lddt_columns	494/508
A0A6B0X6C9	foldmason_refine100_rosc	lddt	0.433123
A0A6B0X6C9	foldmason_refine100_rosc	lddt_columns	462/519
A0A6B0X6C9	foldmason_refine100_rosc_osc	lddt	0.486560
A0A6B0X6C9	foldmason_refine100_rosc_osc	lddt_columns	462/519
A0A6B0X6C9	foldmason_refine100_rosc	time	19.31
A0A6B0X6C9	foldmason_refine100	time	19.54
A0A6B0X6C9	foldmason	time	1.00
A0A6B0X6C9	mafft_3di	lddt	0.439026
A0A6B0X6C9	mafft_3di	lddt_columns	443/540
A0A6B0X6C9	mafft_3di_osc	lddt	0.535155
A0A6B0X6C9	mafft_3di_osc	lddt_columns	443/540
A0A6B0X6C9	mafft_3di	time	1.22
A0A6B0X6C9	mafft	lddt	0.363046
A0A6B0X6C9	mafft	lddt_columns	518/578
A0A6B0X6C9	mafft_osc	lddt	0.405098
A0A6B0X6C9	mafft_osc	lddt_columns	518/578
A0A6B0X6C9	mafft	time	2.75
A0A6B0X6C9	matt	lddt	0.033967
A0A6B0X6C9	matt	lddt_columns	668/3981
A0A6B0X6C9	matt_osc	lddt	0.202429
A0A6B0X6C9	matt_osc	lddt_columns	668/3981
A0A6B0X6C9	matt	time	1641.38
A0A6B0X6C9	mtmalign	lddt	0.104043
A0A6B0X6C9	mtmalign	lddt_columns	930/2323
A0A6B0X6C9	mtmalign_osc	lddt	0.259884
A0A6B0X6C9	mtmalign_osc	lddt_columns	930/2323
A0A6B0X6C9	mtmalign	time	64.66
A0A6B0X6C9	muscle	lddt	0.267832
A0A6B0X6C9	muscle	lddt_columns	508/759
A0A6B0X6C9	muscle_osc	lddt	0.400167
A0A6B0X6C9	muscle_osc	lddt_columns	508/759
A0A6B0X6C9	muscle	time	9.47
A0A6B0X6C9	mustang	lddt	0.300655
A0A6B0X6C9	mustang	lddt_columns	480/807
A0A6B0X6C9	mustang_osc	lddt	0.505477
A0A6B0X6C9	mustang_osc	lddt_columns	480/807
A0A6B0X6C9	mustang	time	1683.99
A0A6B0X6C9	usalign	lddt	0.137482
A0A6B0X6C9	usalign	lddt_columns	932/1844
A0A6B0X6C9	usalign_osc	lddt	0.272013
A0A6B0X6C9	usalign_osc	lddt_columns	932/1844
A0A6B0X6C9	usalign	time	25.54
A0A6H0CLG5	3dcoffee	lddt	0.704741
A0A6H0CLG5	3dcoffee	lddt_columns	177/196
A0A6H0CLG5	3dcoffee_osc	lddt	0.780391
A0A6H0CLG5	3dcoffee_osc	lddt_columns	177/196
A0A6H0CLG5	3dcoffee	time	342.03
A0A6H0CLG5	caretta	lddt	0.747954
A0A6H0CLG5	caretta	lddt_columns	178/185
A0A6H0CLG5	caretta_osc	lddt	0.777368
A0A6H0CLG5	caretta_osc	lddt_columns	178/185
A0A6H0CLG5	caretta	time	45.32
A0A6H0CLG5	clustalo	lddt	0.661232
A0A6H0CLG5	clustalo	lddt_columns	179/205
A0A6H0CLG5	clustalo_osc	lddt	0.757277
A0A6H0CLG5	clustalo_osc	lddt_columns	179/205
A0A6H0CLG5	clustalo	time	0.11
A0A6H0CLG5	famsa	lddt	0.700019
A0A6H0CLG5	famsa	lddt_columns	175/193
A0A6H0CLG5	famsa_osc	lddt	0.772020
A0A6H0CLG5	famsa_osc	lddt_columns	175/193
A0A6H0CLG5	famsa	time	0.06
A0A6H0CLG5	foldmason_fast	lddt	0.748536
A0A6H0CLG5	foldmason_fast	lddt_columns	180/182
A0A6H0CLG5	foldmason_fast_osc	lddt	0.756853
A0A6H0CLG5	foldmason_fast_osc	lddt_columns	180/182
A0A6H0CLG5	foldmason_fast	time	1.90
A0A6H0CLG5	foldmason	lddt	0.751300
A0A6H0CLG5	foldmason	lddt_columns	176/180
A0A6H0CLG5	foldmason_osc	lddt	0.768375
A0A6H0CLG5	foldmason_osc	lddt_columns	176/180
A0A6H0CLG5	foldmason_refine100	lddt	0.753567
A0A6H0CLG5	foldmason_refine100	lddt_columns	178/180
A0A6H0CLG5	foldmason_refine100_osc	lddt	0.762034
A0A6H0CLG5	foldmason_refine100_osc	lddt_columns	178/180
A0A6H0CLG5	foldmason_refine100_rosc	lddt	0.751300
A0A6H0CLG5	foldmason_refine100_rosc	lddt_columns	176/180
A0A6H0CLG5	foldmason_refine100_rosc_osc	lddt	0.768375
A0A6H0CLG5	foldmason_refine100_rosc_osc	lddt_columns	176/180
A0A6H0CLG5	foldmason_refine100_rosc	time	11.20
A0A6H0CLG5	foldmason_refine100	time	11.35
A0A6H0CLG5	foldmason	time	10.13
A0A6H0CLG5	mafft_3di	lddt	0.775072
A0A6H0CLG5	mafft_3di	lddt_columns	173/177
A0A6H0CLG5	mafft_3di_osc	lddt	0.792993
A0A6H0CLG5	mafft_3di_osc	lddt_columns	173/177
A0A6H0CLG5	mafft_3di	time	0.30
A0A6H0CLG5	mafft	lddt	0.622064
A0A6H0CLG5	mafft	lddt_columns	180/217
A0A6H0CLG5	mafft_osc	lddt	0.749933
A0A6H0CLG5	mafft_osc	lddt_columns	180/217
A0A6H0CLG5	mafft	time	0.39
A0A6H0CLG5	matt	lddt	0.555054
A0A6H0CLG5	matt	lddt_columns	187/247
A0A6H0CLG5	matt_osc	lddt	0.733147
A0A6H0CLG5	matt_osc	lddt_columns	187/247
A0A6H0CLG5	matt	time	795.47
A0A6H0CLG5	mtmalign	lddt	0.518128
A0A6H0CLG5	mtmalign	lddt_columns	184/268
A0A6H0CLG5	mtmalign_osc	lddt	0.754665
A0A6H0CLG5	mtmalign_osc	lddt_columns	184/268
A0A6H0CLG5	mtmalign	time	14.29
A0A6H0CLG5	muscle	lddt	0.621809
A0A6H0CLG5	muscle	lddt_columns	173/215
A0A6H0CLG5	muscle_osc	lddt	0.772769
A0A6H0CLG5	muscle_osc	lddt_columns	173/215
A0A6H0CLG5	muscle	time	1.39
A0A6H0CLG5	mustang	lddt	0.603301
A0A6H0CLG5	mustang	lddt_columns	178/227
A0A6H0CLG5	mustang_osc	lddt	0.769378
A0A6H0CLG5	mustang_osc	lddt_columns	178/227
A0A6H0CLG5	mustang	time	68.73
A0A6H0CLG5	usalign	lddt	0.683658
A0A6H0CLG5	usalign	lddt_columns	186/205
A0A6H0CLG5	usalign_osc	lddt	0.753494
A0A6H0CLG5	usalign_osc	lddt_columns	186/205
A0A6H0CLG5	usalign	time	5.45
A0A6H5IZH7	3dcoffee	lddt	0.588402
A0A6H5IZH7	3dcoffee	lddt_columns	396/467
A0A6H5IZH7	3dcoffee_osc	lddt	0.693898
A0A6H5IZH7	3dcoffee_osc	lddt_columns	396/467
A0A6H5IZH7	3dcoffee	time	707.69
A0A6H5IZH7	caretta	lddt	0.513641
A0A6H5IZH7	caretta	lddt_columns	441/451
A0A6H5IZH7	caretta_osc	lddt	0.525288
A0A6H5IZH7	caretta_osc	lddt_columns	441/451
A0A6H5IZH7	caretta	time	126.61
A0A6H5IZH7	clustalo	lddt	0.549419
A0A6H5IZH7	clustalo	lddt_columns	462/520
A0A6H5IZH7	clustalo_osc	lddt	0.618393
A0A6H5IZH7	clustalo_osc	lddt_columns	462/520
A0A6H5IZH7	clustalo	time	0.79
A0A6H5IZH7	famsa	lddt	0.544637
A0A6H5IZH7	famsa	lddt_columns	434/520
A0A6H5IZH7	famsa_osc	lddt	0.652560
A0A6H5IZH7	famsa_osc	lddt_columns	434/520
A0A6H5IZH7	famsa	time	0.22
A0A6H5IZH7	foldmason_fast	lddt	0.623205
A0A6H5IZH7	foldmason_fast	lddt_columns	447/475
A0A6H5IZH7	foldmason_fast_osc	lddt	0.662242
A0A6H5IZH7	foldmason_fast_osc	lddt_columns	447/475
A0A6H5IZH7	foldmason_fast	time	0.90
A0A6H5IZH7	foldmason	lddt	0.609638
A0A6H5IZH7	foldmason	lddt_columns	449/496
A0A6H5IZH7	foldmason_osc	lddt	0.673453
A0A6H5IZH7	foldmason_osc	lddt_columns	449/496
A0A6H5IZH7	foldmason_refine100	lddt	0.622316
A0A6H5IZH7	foldmason_refine100	lddt_columns	468/489
A0A6H5IZH7	foldmason_refine100_osc	lddt	0.650241
A0A6H5IZH7	foldmason_refine100_osc	lddt_columns	468/489
A0A6H5IZH7	foldmason_refine100_rosc	lddt	0.600548
A0A6H5IZH7	foldmason_refine100_rosc	lddt_columns	441/500
A0A6H5IZH7	foldmason_refine100_rosc_osc	lddt	0.680893
A0A6H5IZH7	foldmason_refine100_rosc_osc	lddt_columns	441/500
A0A6H5IZH7	foldmason_refine100_rosc	time	13.60
A0A6H5IZH7	foldmason_refine100	time	13.36
A0A6H5IZH7	foldmason	time	0.77
A0A6H5IZH7	mafft_3di	lddt	0.606406
A0A6H5IZH7	mafft_3di	lddt_columns	404/486
A0A6H5IZH7	mafft_3di_osc	lddt	0.729489
A0A6H5IZH7	mafft_3di_osc	lddt_columns	404/486
A0A6H5IZH7	mafft_3di	time	0.65
A0A6H5IZH7	mafft	lddt	0.530218
A0A6H5IZH7	mafft	lddt_columns	462/544
A0A6H5IZH7	mafft_osc	lddt	0.624326
A0A6H5IZH7	mafft_osc	lddt_columns	462/544
A0A6H5IZH7	mafft	time	1.77
A0A6H5IZH7	matt	lddt	0.090274
A0A6H5IZH7	matt	lddt_columns	579/2361
A0A6H5IZH7	matt_osc	lddt	0.368111
A0A6H5IZH7	matt_osc	lddt_columns	579/2361
A0A6H5IZH7	matt	time	993.81
A0A6H5IZH7	mtmalign	lddt	0.122803
A0A6H5IZH7	mtmalign	lddt_columns	573/2068
A0A6H5IZH7	mtmalign_osc	lddt	0.443205
A0A6H5IZH7	mtmalign_osc	lddt_columns	573/2068
A0A6H5IZH7	mtmalign	time	60.62
A0A6H5IZH7	muscle	lddt	0.414752
A0A6H5IZH7	muscle	lddt_columns	423/666
A0A6H5IZH7	muscle_osc	lddt	0.653014
A0A6H5IZH7	muscle_osc	lddt_columns	423/666
A0A6H5IZH7	muscle	time	6.72
A0A6H5IZH7	mustang	lddt	0.406886
A0A6H5IZH7	mustang	lddt_columns	522/735
A0A6H5IZH7	mustang_osc	lddt	0.572915
A0A6H5IZH7	mustang_osc	lddt_columns	522/735
A0A6H5IZH7	mustang	time	316.80
A0A6H5IZH7	usalign	lddt	0.158958
A0A6H5IZH7	usalign	lddt_columns	675/1734
A0A6H5IZH7	usalign_osc	lddt	0.408346
A0A6H5IZH7	usalign_osc	lddt_columns	675/1734
A0A6H5IZH7	usalign	time	21.21
A0A6J4UFW7	3dcoffee	lddt	0.654051
A0A6J4UFW7	3dcoffee	lddt_columns	416/453
A0A6J4UFW7	3dcoffee_osc	lddt	0.712224
A0A6J4UFW7	3dcoffee_osc	lddt_columns	416/453
A0A6J4UFW7	3dcoffee	time	718.19
A0A6J4UFW7	caretta	lddt	0.650419
A0A6J4UFW7	caretta	lddt_columns	426/453
A0A6J4UFW7	caretta_osc	lddt	0.691643
A0A6J4UFW7	caretta_osc	lddt_columns	426/453
A0A6J4UFW7	caretta	time	127.56
A0A6J4UFW7	clustalo	lddt	0.605927
A0A6J4UFW7	clustalo	lddt_columns	427/470
A0A6J4UFW7	clustalo_osc	lddt	0.666945
A0A6J4UFW7	clustalo_osc	lddt_columns	427/470
A0A6J4UFW7	clustalo	time	0.51
A0A6J4UFW7	famsa	lddt	0.592827
A0A6J4UFW7	famsa	lddt_columns	418/476
A0A6J4UFW7	famsa_osc	lddt	0.675086
A0A6J4UFW7	famsa_osc	lddt_columns	418/476
A0A6J4UFW7	famsa	time	0.20
A0A6J4UFW7	foldmason_fast	lddt	0.639200
A0A6J4UFW7	foldmason_fast	lddt_columns	442/458
A0A6J4UFW7	foldmason_fast_osc	lddt	0.662338
A0A6J4UFW7	foldmason_fast_osc	lddt_columns	442/458
A0A6J4UFW7	foldmason_fast	time	0.92
A0A6J4UFW7	foldmason	lddt	0.653577
A0A6J4UFW7	foldmason	lddt_columns	440/453
A0A6J4UFW7	foldmason_osc	lddt	0.672887
A0A6J4UFW7	foldmason_osc	lddt_columns	440/453
A0A6J4UFW7	foldmason_refine100	lddt	0.657183
A0A6J4UFW7	foldmason_refine100	lddt_columns	448/453
A0A6J4UFW7	foldmason_refine100_osc	lddt	0.664517
A0A6J4UFW7	foldmason_refine100_osc	lddt_columns	448/453
A0A6J4UFW7	foldmason_refine100_rosc	lddt	0.647990
A0A6J4UFW7	foldmason_refine100_rosc	lddt_columns	431/455
A0A6J4UFW7	foldmason_refine100_rosc_osc	lddt	0.684073
A0A6J4UFW7	foldmason_refine100_rosc_osc	lddt_columns	431/455
A0A6J4UFW7	foldmason_refine100_rosc	time	15.94
A0A6J4UFW7	foldmason_refine100	time	15.80
A0A6J4UFW7	foldmason	time	0.85
A0A6J4UFW7	mafft_3di	lddt	0.617864
A0A6J4UFW7	mafft_3di	lddt_columns	415/463
A0A6J4UFW7	mafft_3di_osc	lddt	0.689327
A0A6J4UFW7	mafft_3di_osc	lddt_columns	415/463
A0A6J4UFW7	mafft_3di	time	0.74
A0A6J4UFW7	mafft	lddt	0.614242
A0A6J4UFW7	mafft	lddt_columns	433/467
A0A6J4UFW7	mafft_osc	lddt	0.662473
A0A6J4UFW7	mafft_osc	lddt_columns	433/467
A0A6J4UFW7	mafft	time	1.22
A0A6J4UFW7	matt	lddt	0.402906
A0A6J4UFW7	matt	lddt_columns	483/726
A0A6J4UFW7	matt_osc	lddt	0.605611
A0A6J4UFW7	matt_osc	lddt_columns	483/726
A0A6J4UFW7	matt	time	1572.07
A0A6J4UFW7	mtmalign	lddt	0.401415
A0A6J4UFW7	mtmalign	lddt_columns	484/741
A0A6J4UFW7	mtmalign_osc	lddt	0.614563
A0A6J4UFW7	mtmalign_osc	lddt_columns	484/741
A0A6J4UFW7	mtmalign	time	58.88
A0A6J4UFW7	muscle	lddt	0.530721
A0A6J4UFW7	muscle	lddt_columns	437/538
A0A6J4UFW7	muscle_osc	lddt	0.653382
A0A6J4UFW7	muscle_osc	lddt_columns	437/538
A0A6J4UFW7	muscle	time	6.90
A0A6J4UFW7	mustang	lddt	0.536987
A0A6J4UFW7	mustang	lddt_columns	433/552
A0A6J4UFW7	mustang_osc	lddt	0.684566
A0A6J4UFW7	mustang_osc	lddt_columns	433/552
A0A6J4UFW7	mustang	time	428.61
A0A6J4UFW7	usalign	lddt	0.575158
A0A6J4UFW7	usalign	lddt_columns	454/522
A0A6J4UFW7	usalign_osc	lddt	0.661305
A0A6J4UFW7	usalign_osc	lddt_columns	454/522
A0A6J4UFW7	usalign	time	24.21
A0A6L9XVA4	3dcoffee	lddt	0.814972
A0A6L9XVA4	3dcoffee	lddt_columns	167/172
A0A6L9XVA4	3dcoffee_osc	lddt	0.839372
A0A6L9XVA4	3dcoffee_osc	lddt_columns	167/172
A0A6L9XVA4	3dcoffee	time	283.72
A0A6L9XVA4	caretta	lddt	0.885979
A0A6L9XVA4	caretta	lddt_columns	157/158
A0A6L9XVA4	caretta_osc	lddt	0.891623
A0A6L9XVA4	caretta_osc	lddt_columns	157/158
A0A6L9XVA4	caretta	time	47.99
A0A6L9XVA4	clustalo	lddt	0.687475
A0A6L9XVA4	clustalo	lddt_columns	179/196
A0A6L9XVA4	clustalo_osc	lddt	0.752766
A0A6L9XVA4	clustalo_osc	lddt_columns	179/196
A0A6L9XVA4	clustalo	time	0.11
A0A6L9XVA4	famsa	lddt	0.885285
A0A6L9XVA4	famsa	lddt_columns	157/158
A0A6L9XVA4	famsa_osc	lddt	0.890924
A0A6L9XVA4	famsa_osc	lddt_columns	157/158
A0A6L9XVA4	famsa	time	0.03
A0A6L9XVA4	foldmason_fast	lddt	0.868822
A0A6L9XVA4	foldmason_fast	lddt_columns	157/158
A0A6L9XVA4	foldmason_fast_osc	lddt	0.874356
A0A6L9XVA4	foldmason_fast_osc	lddt_columns	157/158
A0A6L9XVA4	foldmason_fast	time	2.09
A0A6L9XVA4	foldmason	lddt	0.862775
A0A6L9XVA4	foldmason	lddt_columns	157/158
A0A6L9XVA4	foldmason_osc	lddt	0.868271
A0A6L9XVA4	foldmason_osc	lddt_columns	157/158
A0A6L9XVA4	foldmason_refine100	lddt	0.868095
A0A6L9XVA4	foldmason_refine100	lddt_columns	158/158
A0A6L9XVA4	foldmason_refine100_osc	lddt	0.868095
A0A6L9XVA4	foldmason_refine100_osc	lddt_columns	158/158
A0A6L9XVA4	foldmason_refine100_rosc	lddt	0.865423
A0A6L9XVA4	foldmason_refine100_rosc	lddt_columns	157/158
A0A6L9XVA4	foldmason_refine100_rosc_osc	lddt	0.870935
A0A6L9XVA4	foldmason_refine100_rosc_osc	lddt_columns	157/158
A0A6L9XVA4	foldmason_refine100_rosc	time	3.78
A0A6L9XVA4	foldmason_refine100	time	3.75
A0A6L9XVA4	foldmason	time	0.29
A0A6L9XVA4	mafft_3di	lddt	0.873406
A0A6L9XVA4	mafft_3di	lddt_columns	157/158
A0A6L9XVA4	mafft_3di_osc	lddt	0.878970
A0A6L9XVA4	mafft_3di_osc	lddt_columns	157/158
A0A6L9XVA4	mafft_3di	time	0.28
A0A6L9XVA4	mafft	lddt	0.880644
A0A6L9XVA4	mafft	lddt_columns	157/158
A0A6L9XVA4	mafft_osc	lddt	0.886253
A0A6L9XVA4	mafft_osc	lddt_columns	157/158
A0A6L9XVA4	mafft	time	0.35
A0A6L9XVA4	matt	lddt	0.728522
A0A6L9XVA4	matt	lddt_columns	164/192
A0A6L9XVA4	matt_osc	lddt	0.852904
A0A6L9XVA4	matt_osc	lddt_columns	164/192
A0A6L9XVA4	matt	time	1177.17
A0A6L9XVA4	mtmalign	lddt	0.633716
A0A6L9XVA4	mtmalign	lddt_columns	166/220
A0A6L9XVA4	mtmalign_osc	lddt	0.839864
A0A6L9XVA4	mtmalign_osc	lddt_columns	166/220
A0A6L9XVA4	mtmalign	time	17.26
A0A6L9XVA4	muscle	lddt	0.819699
A0A6L9XVA4	muscle	lddt_columns	157/166
A0A6L9XVA4	muscle_osc	lddt	0.866688
A0A6L9XVA4	muscle_osc	lddt_columns	157/166
A0A6L9XVA4	muscle	time	1.55
A0A6L9XVA4	mustang	lddt	0.747275
A0A6L9XVA4	mustang	lddt_columns	168/185
A0A6L9XVA4	mustang_osc	lddt	0.822892
A0A6L9XVA4	mustang_osc	lddt_columns	168/185
A0A6L9XVA4	mustang	time	95.61
A0A6L9XVA4	usalign	lddt	0.771216
A0A6L9XVA4	usalign	lddt_columns	160/181
A0A6L9XVA4	usalign_osc	lddt	0.872438
A0A6L9XVA4	usalign_osc	lddt_columns	160/181
A0A6L9XVA4	usalign	time	6.78
A0A6N3EW37	3dcoffee	lddt	0.566316
A0A6N3EW37	3dcoffee	lddt_columns	364/395
A0A6N3EW37	3dcoffee_osc	lddt	0.614546
A0A6N3EW37	3dcoffee_osc	lddt_columns	364/395
A0A6N3EW37	3dcoffee	time	567.60
A0A6N3EW37	caretta	lddt	0.535585
A0A6N3EW37	caretta	lddt_columns	370/394
A0A6N3EW37	caretta_osc	lddt	0.570325
A0A6N3EW37	caretta_osc	lddt_columns	370/394
A0A6N3EW37	caretta	time	64.02
A0A6N3EW37	clustalo	lddt	0.479955
A0A6N3EW37	clustalo	lddt_columns	449/493
A0A6N3EW37	clustalo_osc	lddt	0.526989
A0A6N3EW37	clustalo_osc	lddt_columns	449/493
A0A6N3EW37	clustalo	time	0.61
A0A6N3EW37	famsa	lddt	0.507213
A0A6N3EW37	famsa	lddt_columns	386/453
A0A6N3EW37	famsa_osc	lddt	0.595253
A0A6N3EW37	famsa_osc	lddt_columns	386/453
A0A6N3EW37	famsa	time	0.21
A0A6N3EW37	foldmason_fast	lddt	0.589719
A0A6N3EW37	foldmason_fast	lddt_columns	389/403
A0A6N3EW37	foldmason_fast_osc	lddt	0.610943
A0A6N3EW37	foldmason_fast_osc	lddt_columns	389/403
A0A6N3EW37	foldmason_fast	time	1.58
A0A6N3EW37	foldmason	lddt	0.598083
A0A6N3EW37	foldmason	lddt_columns	385/404
A0A6N3EW37	foldmason_osc	lddt	0.627599
A0A6N3EW37	foldmason_osc	lddt_columns	385/404
A0A6N3EW37	foldmason_refine100	lddt	0.600987
A0A6N3EW37	foldmason_refine100	lddt_columns	398/404
A0A6N3EW37	foldmason_refine100_osc	lddt	0.610047
A0A6N3EW37	foldmason_refine100_osc	lddt_columns	398/404
A0A6N3EW37	foldmason_refine100_rosc	lddt	0.589898
A0A6N3EW37	foldmason_refine100_rosc	lddt_columns	378/408
A0A6N3EW37	foldmason_refine100_rosc_osc	lddt	0.636715
A0A6N3EW37	foldmason_refine100_rosc_osc	lddt_columns	378/408
A0A6N3EW37	foldmason_refine100_rosc	time	11.85
A0A6N3EW37	foldmason_refine100	time	13.72
A0A6N3EW37	foldmason	time	8.79
A0A6N3EW37	mafft_3di	lddt	0.598139
A0A6N3EW37	mafft_3di	lddt_columns	375/409
A0A6N3EW37	mafft_3di_osc	lddt	0.652371
A0A6N3EW37	mafft_3di_osc	lddt_columns	375/409
A0A6N3EW37	mafft_3di	time	0.76
A0A6N3EW37	mafft	lddt	0.512957
A0A6N3EW37	mafft	lddt_columns	408/460
A0A6N3EW37	mafft_osc	lddt	0.578334
A0A6N3EW37	mafft_osc	lddt_columns	408/460
A0A6N3EW37	mafft	time	1.19
A0A6N3EW37	matt	lddt	0.093876
A0A6N3EW37	matt	lddt_columns	723/2211
A0A6N3EW37	matt_osc	lddt	0.287082
A0A6N3EW37	matt_osc	lddt_columns	723/2211
A0A6N3EW37	matt	time	783.26
A0A6N3EW37	mtmalign	lddt	0.165198
A0A6N3EW37	mtmalign	lddt_columns	644/1485
A0A6N3EW37	mtmalign_osc	lddt	0.380930
A0A6N3EW37	mtmalign_osc	lddt_columns	644/1485
A0A6N3EW37	mtmalign	time	55.36
A0A6N3EW37	muscle	lddt	0.389562
A0A6N3EW37	muscle	lddt_columns	390/591
A0A6N3EW37	muscle_osc	lddt	0.590336
A0A6N3EW37	muscle_osc	lddt_columns	390/591
A0A6N3EW37	muscle	time	6.87
A0A6N3EW37	mustang	lddt	0.445364
A0A6N3EW37	mustang	lddt_columns	399/559
A0A6N3EW37	mustang_osc	lddt	0.623956
A0A6N3EW37	mustang_osc	lddt_columns	399/559
A0A6N3EW37	mustang	time	234.03
A0A6N3EW37	usalign	lddt	0.242702
A0A6N3EW37	usalign	lddt_columns	638/1026
A0A6N3EW37	usalign_osc	lddt	0.390301
A0A6N3EW37	usalign_osc	lddt_columns	638/1026
A0A6N3EW37	usalign	time	22.23
A0A6N8G8Y2	3dcoffee	lddt	0.603504
A0A6N8G8Y2	3dcoffee	lddt_columns	183/217
A0A6N8G8Y2	3dcoffee_osc	lddt	0.715630
A0A6N8G8Y2	3dcoffee_osc	lddt_columns	183/217
A0A6N8G8Y2	3dcoffee	time	287.85
A0A6N8G8Y2	caretta	lddt	0.624659
A0A6N8G8Y2	caretta	lddt_columns	185/209
A0A6N8G8Y2	caretta_osc	lddt	0.705696
A0A6N8G8Y2	caretta_osc	lddt_columns	185/209
A0A6N8G8Y2	caretta	time	47.37
A0A6N8G8Y2	clustalo	lddt	0.539032
A0A6N8G8Y2	clustalo	lddt_columns	198/222
A0A6N8G8Y2	clustalo_osc	lddt	0.604369
A0A6N8G8Y2	clustalo_osc	lddt_columns	198/222
A0A6N8G8Y2	clustalo	time	0.16
A0A6N8G8Y2	famsa	lddt	0.545521
A0A6N8G8Y2	famsa	lddt_columns	183/219
A0A6N8G8Y2	famsa_osc	lddt	0.652836
A0A6N8G8Y2	famsa_osc	lddt_columns	183/219
A0A6N8G8Y2	famsa	time	0.08
A0A6N8G8Y2	foldmason_fast	lddt	0.595548
A0A6N8G8Y2	foldmason_fast	lddt_columns	189/212
A0A6N8G8Y2	foldmason_fast_osc	lddt	0.668022
A0A6N8G8Y2	foldmason_fast_osc	lddt_columns	189/212
A0A6N8G8Y2	foldmason_fast	time	1.70
A0A6N8G8Y2	foldmason	lddt	0.583820
A0A6N8G8Y2	foldmason	lddt_columns	185/214
A0A6N8G8Y2	foldmason_osc	lddt	0.675338
A0A6N8G8Y2	foldmason_osc	lddt_columns	185/214
A0A6N8G8Y2	foldmason_refine100	lddt	0.608319
A0A6N8G8Y2	foldmason_refine100	lddt_columns	201/209
A0A6N8G8Y2	foldmason_refine100_osc	lddt	0.632531
A0A6N8G8Y2	foldmason_refine100_osc	lddt_columns	201/209
A0A6N8G8Y2	foldmason_refine100_rosc	lddt	0.573465
A0A6N8G8Y2	foldmason_refine100_rosc	lddt_columns	179/218
A0A6N8G8Y2	foldmason_refine100_rosc_osc	lddt	0.698410
A0A6N8G8Y2	foldmason_refine100_rosc_osc	lddt_columns	179/218
A0A6N8G8Y2	foldmason_refine100_rosc	time	5.18
A0A6N8G8Y2	foldmason_refine100	time	5.17
A0A6N8G8Y2	foldmason	time	0.33
A0A6N8G8Y2	mafft_3di	lddt	0.617650
A0A6N8G8Y2	mafft_3di	lddt_columns	180/210
A0A6N8G8Y2	mafft_3di_osc	lddt	0.720591
A0A6N8G8Y2	mafft_3di_osc	lddt_columns	180/210
A0A6N8G8Y2	mafft_3di	time	0.33
A0A6N8G8Y2	mafft	lddt	0.564540
A0A6N8G8Y2	mafft	lddt_columns	191/218
A0A6N8G8Y2	mafft_osc	lddt	0.644344
A0A6N8G8Y2	mafft_osc	lddt_columns	191/218
A0A6N8G8Y2	mafft	time	0.50
A0A6N8G8Y2	matt	lddt	0.481649
A0A6N8G8Y2	matt	lddt_columns	185/267
A0A6N8G8Y2	matt_osc	lddt	0.695137
A0A6N8G8Y2	matt_osc	lddt_columns	185/267
A0A6N8G8Y2	matt	time	900.33
A0A6N8G8Y2	mtmalign	lddt	0.496145
A0A6N8G8Y2	mtmalign	lddt_columns	181/262
A0A6N8G8Y2	mtmalign_osc	lddt	0.718177
A0A6N8G8Y2	mtmalign_osc	lddt_columns	181/262
A0A6N8G8Y2	mtmalign	time	13.97
A0A6N8G8Y2	muscle	lddt	0.458503
A0A6N8G8Y2	muscle	lddt_columns	176/252
A0A6N8G8Y2	muscle_osc	lddt	0.656493
A0A6N8G8Y2	muscle_osc	lddt_columns	176/252
A0A6N8G8Y2	muscle	time	1.92
A0A6N8G8Y2	mustang	lddt	0.523415
A0A6N8G8Y2	mustang	lddt_columns	180/245
A0A6N8G8Y2	mustang_osc	lddt	0.712426
A0A6N8G8Y2	mustang_osc	lddt_columns	180/245
A0A6N8G8Y2	mustang	time	82.63
A0A6N8G8Y2	usalign	lddt	0.590932
A0A6N8G8Y2	usalign	lddt_columns	185/223
A0A6N8G8Y2	usalign_osc	lddt	0.712312
A0A6N8G8Y2	usalign_osc	lddt_columns	185/223
A0A6N8G8Y2	usalign	time	5.89
A0A6N8HBF9	3dcoffee	lddt	0.588616
A0A6N8HBF9	3dcoffee	lddt_columns	647/687
A0A6N8HBF9	3dcoffee_osc	lddt	0.625006
A0A6N8HBF9	3dcoffee_osc	lddt_columns	647/687
A0A6N8HBF9	3dcoffee	time	1693.66
A0A6N8HBF9	caretta	lddt	0.494447
A0A6N8HBF9	caretta	lddt_columns	641/644
A0A6N8HBF9	caretta_osc	lddt	0.496761
A0A6N8HBF9	caretta_osc	lddt_columns	641/644
A0A6N8HBF9	caretta	time	110.11
A0A6N8HBF9	clustalo	lddt	0.500416
A0A6N8HBF9	clustalo	lddt_columns	742/823
A0A6N8HBF9	clustalo_osc	lddt	0.555044
A0A6N8HBF9	clustalo_osc	lddt_columns	742/823
A0A6N8HBF9	clustalo	time	1.39
A0A6N8HBF9	famsa	lddt	0.506345
A0A6N8HBF9	famsa	lddt_columns	667/793
A0A6N8HBF9	famsa_osc	lddt	0.601996
A0A6N8HBF9	famsa_osc	lddt_columns	667/793
A0A6N8HBF9	famsa	time	0.39
A0A6N8HBF9	foldmason_fast	lddt	0.588008
A0A6N8HBF9	foldmason_fast	lddt_columns	684/730
A0A6N8HBF9	foldmason_fast_osc	lddt	0.627553
A0A6N8HBF9	foldmason_fast_osc	lddt_columns	684/730
A0A6N8HBF9	foldmason_fast	time	1.83
A0A6N8HBF9	foldmason	lddt	0.571405
A0A6N8HBF9	foldmason	lddt_columns	700/762
A0A6N8HBF9	foldmason_osc	lddt	0.622015
A0A6N8HBF9	foldmason_osc	lddt_columns	700/762
A0A6N8HBF9	foldmason_refine100	lddt	0.582792
A0A6N8HBF9	foldmason_refine100	lddt_columns	713/748
A0A6N8HBF9	foldmason_refine100_osc	lddt	0.611400
A0A6N8HBF9	foldmason_refine100_osc	lddt_columns	713/748
A0A6N8HBF9	foldmason_refine100_rosc	lddt	0.573392
A0A6N8HBF9	foldmason_refine100_rosc	lddt_columns	692/758
A0A6N8HBF9	foldmason_refine100_rosc_osc	lddt	0.628080
A0A6N8HBF9	foldmason_refine100_rosc_osc	lddt_columns	692/758
A0A6N8HBF9	foldmason_refine100_rosc	time	32.21
A0A6N8HBF9	foldmason_refine100	time	31.83
A0A6N8HBF9	foldmason	time	3.06
A0A6N8HBF9	mafft_3di	lddt	0.581468
A0A6N8HBF9	mafft_3di	lddt_columns	651/745
A0A6N8HBF9	mafft_3di_osc	lddt	0.665428
A0A6N8HBF9	mafft_3di_osc	lddt_columns	651/745
A0A6N8HBF9	mafft_3di	time	1.46
A0A6N8HBF9	mafft	lddt	0.523760
A0A6N8HBF9	mafft	lddt_columns	762/820
A0A6N8HBF9	mafft_osc	lddt	0.563626
A0A6N8HBF9	mafft_osc	lddt_columns	762/820
A0A6N8HBF9	mafft	time	3.96
A0A6N8HBF9	matt	lddt	0.073010
A0A6N8HBF9	matt	lddt_columns	1275/4482
A0A6N8HBF9	matt_osc	lddt	0.256651
A0A6N8HBF9	matt_osc	lddt_columns	1275/4482
A0A6N8HBF9	matt	time	4392.25
A0A6N8HBF9	mtmalign	lddt	0.145069
A0A6N8HBF9	mtmalign	lddt_columns	1331/3035
A0A6N8HBF9	mtmalign_osc	lddt	0.330793
A0A6N8HBF9	mtmalign_osc	lddt_columns	1331/3035
A0A6N8HBF9	mtmalign	time	218.77
A0A6N8HBF9	muscle	lddt	0.432493
A0A6N8HBF9	muscle	lddt_columns	726/961
A0A6N8HBF9	muscle_osc	lddt	0.572488
A0A6N8HBF9	muscle_osc	lddt_columns	726/961
A0A6N8HBF9	muscle	time	17.63
A0A6N8HBF9	mustang	lddt	0.389674
A0A6N8HBF9	mustang	lddt_columns	750/1136
A0A6N8HBF9	mustang_osc	lddt	0.590227
A0A6N8HBF9	mustang_osc	lddt_columns	750/1136
A0A6N8HBF9	mustang	time	1638.10
A0A6N8HBF9	usalign	lddt	0.181661
A0A6N8HBF9	usalign	lddt_columns	1367/2515
A0A6N8HBF9	usalign_osc	lddt	0.334219
A0A6N8HBF9	usalign_osc	lddt_columns	1367/2515
A0A6N8HBF9	usalign	time	65.42
A0A7C1VXD0	3dcoffee	lddt	0.782559
A0A7C1VXD0	3dcoffee	lddt_columns	152/168
A0A7C1VXD0	3dcoffee_osc	lddt	0.864933
A0A7C1VXD0	3dcoffee_osc	lddt_columns	152/168
A0A7C1VXD0	3dcoffee	time	276.49
A0A7C1VXD0	caretta	lddt	0.795147
A0A7C1VXD0	caretta	lddt_columns	153/168
A0A7C1VXD0	caretta_osc	lddt	0.873102
A0A7C1VXD0	caretta_osc	lddt_columns	153/168
A0A7C1VXD0	caretta	time	45.44
A0A7C1VXD0	clustalo	lddt	0.762337
A0A7C1VXD0	clustalo	lddt_columns	155/172
A0A7C1VXD0	clustalo_osc	lddt	0.845948
A0A7C1VXD0	clustalo_osc	lddt_columns	155/172
A0A7C1VXD0	clustalo	time	0.09
A0A7C1VXD0	famsa	lddt	0.779886
A0A7C1VXD0	famsa	lddt_columns	151/169
A0A7C1VXD0	famsa_osc	lddt	0.872853
A0A7C1VXD0	famsa_osc	lddt_columns	151/169
A0A7C1VXD0	famsa	time	0.06
A0A7C1VXD0	foldmason_fast	lddt	0.788221
A0A7C1VXD0	foldmason_fast	lddt_columns	153/168
A0A7C1VXD0	foldmason_fast_osc	lddt	0.865497
A0A7C1VXD0	foldmason_fast_osc	lddt_columns	153/168
A0A7C1VXD0	foldmason_fast	time	2.79
A0A7C1VXD0	foldmason	lddt	0.761493
A0A7C1VXD0	foldmason	lddt_columns	154/173
A0A7C1VXD0	foldmason_osc	lddt	0.855443
A0A7C1VXD0	foldmason_osc	lddt_columns	154/173
A0A7C1VXD0	foldmason_refine100	lddt	0.768916
A0A7C1VXD0	foldmason_refine100	lddt_columns	156/172
A0A7C1VXD0	foldmason_refine100_osc	lddt	0.847779
A0A7C1VXD0	foldmason_refine100_osc	lddt_columns	156/172
A0A7C1VXD0	foldmason_refine100_rosc	lddt	0.768752
A0A7C1VXD0	foldmason_refine100_rosc	lddt_columns	154/172
A0A7C1VXD0	foldmason_refine100_rosc_osc	lddt	0.858606
A0A7C1VXD0	foldmason_refine100_rosc_osc	lddt_columns	154/172
A0A7C1VXD0	foldmason_refine100_rosc	time	3.79
A0A7C1VXD0	foldmason_refine100	time	3.78
A0A7C1VXD0	foldmason	time	0.27
A0A7C1VXD0	mafft_3di	lddt	0.786345
A0A7C1VXD0	mafft_3di	lddt_columns	153/169
A0A7C1VXD0	mafft_3di_osc	lddt	0.868578
A0A7C1VXD0	mafft_3di_osc	lddt_columns	153/169
A0A7C1VXD0	mafft_3di	time	0.30
A0A7C1VXD0	mafft	lddt	0.754910
A0A7C1VXD0	mafft	lddt_columns	157/174
A0A7C1VXD0	mafft_osc	lddt	0.836652
A0A7C1VXD0	mafft_osc	lddt_columns	157/174
A0A7C1VXD0	mafft	time	0.36
A0A7C1VXD0	matt	lddt	0.573116
A0A7C1VXD0	matt	lddt_columns	164/230
A0A7C1VXD0	matt_osc	lddt	0.803761
A0A7C1VXD0	matt_osc	lddt_columns	164/230
A0A7C1VXD0	matt	time	411.98
A0A7C1VXD0	mtmalign	lddt	0.575110
A0A7C1VXD0	mtmalign	lddt_columns	156/229
A0A7C1VXD0	mtmalign_osc	lddt	0.844231
A0A7C1VXD0	mtmalign_osc	lddt_columns	156/229
A0A7C1VXD0	mtmalign	time	14.77
A0A7C1VXD0	muscle	lddt	0.743677
A0A7C1VXD0	muscle	lddt_columns	153/172
A0A7C1VXD0	muscle_osc	lddt	0.836030
A0A7C1VXD0	muscle_osc	lddt_columns	153/172
A0A7C1VXD0	muscle	time	1.36
A0A7C1VXD0	mustang	lddt	0.622804
A0A7C1VXD0	mustang	lddt_columns	156/211
A0A7C1VXD0	mustang_osc	lddt	0.842382
A0A7C1VXD0	mustang_osc	lddt_columns	156/211
A0A7C1VXD0	mustang	time	44.96
A0A7C1VXD0	usalign	lddt	0.664593
A0A7C1VXD0	usalign	lddt_columns	153/199
A0A7C1VXD0	usalign_osc	lddt	0.864405
A0A7C1VXD0	usalign_osc	lddt_columns	153/199
A0A7C1VXD0	usalign	time	5.52
A0A7C1WGV1	3dcoffee	lddt	0.297050
A0A7C1WGV1	3dcoffee	lddt_columns	766/1138
A0A7C1WGV1	3dcoffee_osc	lddt	0.441310
A0A7C1WGV1	3dcoffee_osc	lddt_columns	766/1138
A0A7C1WGV1	3dcoffee	time	991.44
A0A7C1WGV1	caretta	lddt	0.371313
A0A7C1WGV1	caretta	lddt_columns	583/594
A0A7C1WGV1	caretta_osc	lddt	0.378319
A0A7C1WGV1	caretta_osc	lddt_columns	583/594
A0A7C1WGV1	caretta	time	90.54
A0A7C1WGV1	clustalo	lddt	0.276403
A0A7C1WGV1	clustalo	lddt_columns	992/1081
A0A7C1WGV1	clustalo_osc	lddt	0.301201
A0A7C1WGV1	clustalo_osc	lddt_columns	992/1081
A0A7C1WGV1	clustalo	time	1.11
A0A7C1WGV1	famsa	lddt	0.301752
A0A7C1WGV1	famsa	lddt_columns	631/726
A0A7C1WGV1	famsa_osc	lddt	0.347183
A0A7C1WGV1	famsa_osc	lddt_columns	631/726
A0A7C1WGV1	famsa	time	0.25
A0A7C1WGV1	foldmason_fast	lddt	0.347325
A0A7C1WGV1	foldmason_fast	lddt_columns	693/847
A0A7C1WGV1	foldmason_fast_osc	lddt	0.424508
A0A7C1WGV1	foldmason_fast_osc	lddt_columns	693/847
A0A7C1WGV1	foldmason_fast	time	2.09
A0A7C1WGV1	foldmason	lddt	0.365458
A0A7C1WGV1	foldmason	lddt_columns	721/815
A0A7C1WGV1	foldmason_osc	lddt	0.413104
A0A7C1WGV1	foldmason_osc	lddt_columns	721/815
A0A7C1WGV1	foldmason_refine100	lddt	0.370236
A0A7C1WGV1	foldmason_refine100	lddt_columns	766/814
A0A7C1WGV1	foldmason_refine100_osc	lddt	0.393436
A0A7C1WGV1	foldmason_refine100_osc	lddt_columns	766/814
A0A7C1WGV1	foldmason_refine100_rosc	lddt	0.309471
A0A7C1WGV1	foldmason_refine100_rosc	lddt_columns	667/922
A0A7C1WGV1	foldmason_refine100_rosc_osc	lddt	0.427785
A0A7C1WGV1	foldmason_refine100_rosc_osc	lddt_columns	667/922
A0A7C1WGV1	foldmason_refine100_rosc	time	23.82
A0A7C1WGV1	foldmason_refine100	time	26.40
A0A7C1WGV1	foldmason	time	1.46
A0A7C1WGV1	mafft_3di	lddt	0.345054
A0A7C1WGV1	mafft_3di	lddt_columns	715/905
A0A7C1WGV1	mafft_3di_osc	lddt	0.436747
A0A7C1WGV1	mafft_3di_osc	lddt_columns	715/905
A0A7C1WGV1	mafft_3di	time	2.40
A0A7C1WGV1	mafft	lddt	0.287923
A0A7C1WGV1	mafft	lddt_columns	781/906
A0A7C1WGV1	mafft_osc	lddt	0.334006
A0A7C1WGV1	mafft_osc	lddt_columns	781/906
A0A7C1WGV1	mafft	time	5.29
A0A7C1WGV1	matt	lddt	0.026463
A0A7C1WGV1	matt	lddt_columns	1041/6488
A0A7C1WGV1	matt_osc	lddt	0.164928
A0A7C1WGV1	matt_osc	lddt_columns	1041/6488
A0A7C1WGV1	matt	time	3647.45
A0A7C1WGV1	mtmalign	lddt	0.093051
A0A7C1WGV1	mtmalign	lddt_columns	1669/4263
A0A7C1WGV1	mtmalign_osc	lddt	0.237673
A0A7C1WGV1	mtmalign_osc	lddt_columns	1669/4263
A0A7C1WGV1	mtmalign	time	135.91
A0A7C1WGV1	muscle	lddt	0.203910
A0A7C1WGV1	muscle	lddt_columns	838/1294
A0A7C1WGV1	muscle_osc	lddt	0.314868
A0A7C1WGV1	muscle_osc	lddt_columns	838/1294
A0A7C1WGV1	muscle	time	14.43
A0A7C1WGV1	mustang	lddt	0.200257
A0A7C1WGV1	mustang	lddt_columns	835/1555
A0A7C1WGV1	mustang_osc	lddt	0.372933
A0A7C1WGV1	mustang_osc	lddt_columns	835/1555
A0A7C1WGV1	mustang	time	2486.50
A0A7C1WGV1	usalign	lddt	0.102789
A0A7C1WGV1	usalign	lddt_columns	1536/3809
A0A7C1WGV1	usalign_osc	lddt	0.254899
A0A7C1WGV1	usalign_osc	lddt_columns	1536/3809
A0A7C1WGV1	usalign	time	27.83
A0A7C2XUU5	3dcoffee	lddt	0.404159
A0A7C2XUU5	3dcoffee	lddt_columns	787/937
A0A7C2XUU5	3dcoffee_osc	lddt	0.481191
A0A7C2XUU5	3dcoffee_osc	lddt_columns	787/937
A0A7C2XUU5	3dcoffee	time	1363.51
A0A7C2XUU5	caretta	lddt	0.429756
A0A7C2XUU5	caretta	lddt_columns	743/769
A0A7C2XUU5	caretta_osc	lddt	0.444794
A0A7C2XUU5	caretta_osc	lddt_columns	743/769
A0A7C2XUU5	caretta	time	100.36
A0A7C2XUU5	clustalo	lddt	0.418274
A0A7C2XUU5	clustalo	lddt_columns	846/932
A0A7C2XUU5	clustalo_osc	lddt	0.460794
A0A7C2XUU5	clustalo_osc	lddt_columns	846/932
A0A7C2XUU5	clustalo	time	1.32
A0A7C2XUU5	famsa	lddt	0.411606
A0A7C2XUU5	famsa	lddt_columns	739/883
A0A7C2XUU5	famsa_osc	lddt	0.491811
A0A7C2XUU5	famsa_osc	lddt_columns	739/883
A0A7C2XUU5	famsa	time	0.35
A0A7C2XUU5	foldmason_fast	lddt	0.490184
A0A7C2XUU5	foldmason_fast	lddt_columns	783/835
A0A7C2XUU5	foldmason_fast_osc	lddt	0.522737
A0A7C2XUU5	foldmason_fast_osc	lddt_columns	783/835
A0A7C2XUU5	foldmason_fast	time	3.18
A0A7C2XUU5	foldmason	lddt	0.509948
A0A7C2XUU5	foldmason	lddt_columns	744/794
A0A7C2XUU5	foldmason_osc	lddt	0.544219
A0A7C2XUU5	foldmason_osc	lddt_columns	744/794
A0A7C2XUU5	foldmason_refine100	lddt	0.510400
A0A7C2XUU5	foldmason_refine100	lddt_columns	744/793
A0A7C2XUU5	foldmason_refine100_osc	lddt	0.544015
A0A7C2XUU5	foldmason_refine100_osc	lddt_columns	744/793
A0A7C2XUU5	foldmason_refine100_rosc	lddt	0.458831
A0A7C2XUU5	foldmason_refine100_rosc	lddt_columns	714/867
A0A7C2XUU5	foldmason_refine100_rosc_osc	lddt	0.557152
A0A7C2XUU5	foldmason_refine100_rosc_osc	lddt_columns	714/867
A0A7C2XUU5	foldmason_refine100_rosc	time	48.26
A0A7C2XUU5	foldmason_refine100	time	29.32
A0A7C2XUU5	foldmason	time	1.80
A0A7C2XUU5	mafft_3di	lddt	0.408169
A0A7C2XUU5	mafft_3di	lddt_columns	734/976
A0A7C2XUU5	mafft_3di_osc	lddt	0.542743
A0A7C2XUU5	mafft_3di_osc	lddt_columns	734/976
A0A7C2XUU5	mafft_3di	time	1.55
A0A7C2XUU5	mafft	lddt	0.405642
A0A7C2XUU5	mafft	lddt_columns	780/952
A0A7C2XUU5	mafft_osc	lddt	0.495091
A0A7C2XUU5	mafft_osc	lddt_columns	780/952
A0A7C2XUU5	mafft	time	2.70
A0A7C2XUU5	matt	lddt	0.052932
A0A7C2XUU5	matt	lddt_columns	991/4984
A0A7C2XUU5	matt_osc	lddt	0.266211
A0A7C2XUU5	matt_osc	lddt_columns	991/4984
A0A7C2XUU5	matt	time	7808.29
A0A7C2XUU5	mtmalign	lddt	0.147860
A0A7C2XUU5	mtmalign	lddt_columns	1349/2891
A0A7C2XUU5	mtmalign_osc	lddt	0.316874
A0A7C2XUU5	mtmalign_osc	lddt_columns	1349/2891
A0A7C2XUU5	mtmalign	time	140.40
A0A7C2XUU5	muscle	lddt	0.349483
A0A7C2XUU5	muscle	lddt_columns	761/1085
A0A7C2XUU5	muscle_osc	lddt	0.498278
A0A7C2XUU5	muscle_osc	lddt_columns	761/1085
A0A7C2XUU5	muscle	time	11.63
A0A7C2XUU5	mustang	lddt	0.332622
A0A7C2XUU5	mustang	lddt_columns	767/1246
A0A7C2XUU5	mustang_osc	lddt	0.540348
A0A7C2XUU5	mustang_osc	lddt_columns	767/1246
A0A7C2XUU5	mustang	time	1232.45
A0A7C2XUU5	usalign	lddt	0.198309
A0A7C2XUU5	usalign	lddt_columns	1323/2317
A0A7C2XUU5	usalign_osc	lddt	0.347303
A0A7C2XUU5	usalign_osc	lddt_columns	1323/2317
A0A7C2XUU5	usalign	time	44.74
A0A7C5W3X4	3dcoffee	lddt	0.521303
A0A7C5W3X4	3dcoffee	lddt_columns	465/567
A0A7C5W3X4	3dcoffee_osc	lddt	0.635653
A0A7C5W3X4	3dcoffee_osc	lddt_columns	465/567
A0A7C5W3X4	3dcoffee	time	717.63
A0A7C5W3X4	caretta	lddt	0.537087
A0A7C5W3X4	caretta	lddt_columns	505/531
A0A7C5W3X4	caretta_osc	lddt	0.564739
A0A7C5W3X4	caretta_osc	lddt_columns	505/531
A0A7C5W3X4	caretta	time	75.64
A0A7C5W3X4	clustalo	lddt	0.466902
A0A7C5W3X4	clustalo	lddt_columns	532/599
A0A7C5W3X4	clustalo_osc	lddt	0.525704
A0A7C5W3X4	clustalo_osc	lddt_columns	532/599
A0A7C5W3X4	clustalo	time	0.79
A0A7C5W3X4	famsa	lddt	0.484441
A0A7C5W3X4	famsa	lddt_columns	473/574
A0A7C5W3X4	famsa_osc	lddt	0.587884
A0A7C5W3X4	famsa_osc	lddt_columns	473/574
A0A7C5W3X4	famsa	time	0.24
A0A7C5W3X4	foldmason_fast	lddt	0.600265
A0A7C5W3X4	foldmason_fast	lddt_columns	484/507
A0A7C5W3X4	foldmason_fast_osc	lddt	0.628790
A0A7C5W3X4	foldmason_fast_osc	lddt_columns	484/507
A0A7C5W3X4	foldmason_fast	time	2.60
A0A7C5W3X4	foldmason	lddt	0.593689
A0A7C5W3X4	foldmason	lddt_columns	486/521
A0A7C5W3X4	foldmason_osc	lddt	0.636445
A0A7C5W3X4	foldmason_osc	lddt_columns	486/521
A0A7C5W3X4	foldmason_refine100	lddt	0.609176
A0A7C5W3X4	foldmason_refine100	lddt_columns	499/513
A0A7C5W3X4	foldmason_refine100_osc	lddt	0.626267
A0A7C5W3X4	foldmason_refine100_osc	lddt_columns	499/513
A0A7C5W3X4	foldmason_refine100_rosc	lddt	0.593454
A0A7C5W3X4	foldmason_refine100_rosc	lddt_columns	477/523
A0A7C5W3X4	foldmason_refine100_rosc_osc	lddt	0.650685
A0A7C5W3X4	foldmason_refine100_rosc_osc	lddt_columns	477/523
A0A7C5W3X4	foldmason_refine100_rosc	time	23.80
A0A7C5W3X4	foldmason_refine100	time	30.00
A0A7C5W3X4	foldmason	time	31.70
A0A7C5W3X4	mafft_3di	lddt	0.592348
A0A7C5W3X4	mafft_3di	lddt_columns	450/514
A0A7C5W3X4	mafft_3di_osc	lddt	0.676593
A0A7C5W3X4	mafft_3di_osc	lddt_columns	450/514
A0A7C5W3X4	mafft_3di	time	0.75
A0A7C5W3X4	mafft	lddt	0.483896
A0A7C5W3X4	mafft	lddt_columns	517/607
A0A7C5W3X4	mafft_osc	lddt	0.568133
A0A7C5W3X4	mafft_osc	lddt_columns	517/607
A0A7C5W3X4	mafft	time	3.25
A0A7C5W3X4	matt	lddt	0.134370
A0A7C5W3X4	matt	lddt_columns	745/1929
A0A7C5W3X4	matt_osc	lddt	0.347919
A0A7C5W3X4	matt_osc	lddt_columns	745/1929
A0A7C5W3X4	matt	time	1913.99
A0A7C5W3X4	mtmalign	lddt	0.183652
A0A7C5W3X4	mtmalign	lddt_columns	614/1568
A0A7C5W3X4	mtmalign_osc	lddt	0.469000
A0A7C5W3X4	mtmalign_osc	lddt_columns	614/1568
A0A7C5W3X4	mtmalign	time	77.37
A0A7C5W3X4	muscle	lddt	0.390036
A0A7C5W3X4	muscle	lddt_columns	484/714
A0A7C5W3X4	muscle_osc	lddt	0.575384
A0A7C5W3X4	muscle_osc	lddt_columns	484/714
A0A7C5W3X4	muscle	time	8.40
A0A7C5W3X4	mustang	lddt	0.429501
A0A7C5W3X4	mustang	lddt_columns	515/721
A0A7C5W3X4	mustang_osc	lddt	0.601302
A0A7C5W3X4	mustang_osc	lddt_columns	515/721
A0A7C5W3X4	mustang	time	429.73
A0A7C5W3X4	usalign	lddt	0.282526
A0A7C5W3X4	usalign	lddt_columns	558/1061
A0A7C5W3X4	usalign_osc	lddt	0.537205
A0A7C5W3X4	usalign_osc	lddt_columns	558/1061
A0A7C5W3X4	usalign	time	34.66
A0A7C6KKI9	3dcoffee	lddt	0.615617
A0A7C6KKI9	3dcoffee	lddt_columns	397/435
A0A7C6KKI9	3dcoffee_osc	lddt	0.674542
A0A7C6KKI9	3dcoffee_osc	lddt_columns	397/435
A0A7C6KKI9	3dcoffee	time	574.36
A0A7C6KKI9	caretta	lddt	0.594437
A0A7C6KKI9	caretta	lddt_columns	413/420
A0A7C6KKI9	caretta_osc	lddt	0.604512
A0A7C6KKI9	caretta_osc	lddt_columns	413/420
A0A7C6KKI9	caretta	time	66.65
A0A7C6KKI9	clustalo	lddt	0.524099
A0A7C6KKI9	clustalo	lddt_columns	446/512
A0A7C6KKI9	clustalo_osc	lddt	0.601656
A0A7C6KKI9	clustalo_osc	lddt_columns	446/512
A0A7C6KKI9	clustalo	time	0.49
A0A7C6KKI9	famsa	lddt	0.586021
A0A7C6KKI9	famsa	lddt_columns	420/458
A0A7C6KKI9	famsa_osc	lddt	0.639042
A0A7C6KKI9	famsa_osc	lddt_columns	420/458
A0A7C6KKI9	famsa	time	0.19
A0A7C6KKI9	foldmason_fast	lddt	0.625181
A0A7C6KKI9	foldmason_fast	lddt_columns	414/436
A0A7C6KKI9	foldmason_fast_osc	lddt	0.658403
A0A7C6KKI9	foldmason_fast_osc	lddt_columns	414/436
A0A7C6KKI9	foldmason_fast	time	2.55
A0A7C6KKI9	foldmason	lddt	0.560707
A0A7C6KKI9	foldmason	lddt_columns	443/493
A0A7C6KKI9	foldmason_osc	lddt	0.623992
A0A7C6KKI9	foldmason_osc	lddt_columns	443/493
A0A7C6KKI9	foldmason_refine100	lddt	0.608900
A0A7C6KKI9	foldmason_refine100	lddt_columns	451/454
A0A7C6KKI9	foldmason_refine100_osc	lddt	0.612951
A0A7C6KKI9	foldmason_refine100_osc	lddt_columns	451/454
A0A7C6KKI9	foldmason_refine100_rosc	lddt	0.581296
A0A7C6KKI9	foldmason_refine100_rosc	lddt_columns	433/475
A0A7C6KKI9	foldmason_refine100_rosc_osc	lddt	0.637680
A0A7C6KKI9	foldmason_refine100_rosc_osc	lddt_columns	433/475
A0A7C6KKI9	foldmason_refine100_rosc	time	17.01
A0A7C6KKI9	foldmason_refine100	time	17.36
A0A7C6KKI9	foldmason	time	0.77
A0A7C6KKI9	mafft_3di	lddt	0.648098
A0A7C6KKI9	mafft_3di	lddt_columns	399/422
A0A7C6KKI9	mafft_3di_osc	lddt	0.685457
A0A7C6KKI9	mafft_3di_osc	lddt_columns	399/422
A0A7C6KKI9	mafft_3di	time	0.58
A0A7C6KKI9	mafft	lddt	0.530684
A0A7C6KKI9	mafft	lddt_columns	455/525
A0A7C6KKI9	mafft_osc	lddt	0.612328
A0A7C6KKI9	mafft_osc	lddt_columns	455/525
A0A7C6KKI9	mafft	time	1.33
A0A7C6KKI9	matt	lddt	0.158694
A0A7C6KKI9	matt	lddt_columns	573/1517
A0A7C6KKI9	matt_osc	lddt	0.420138
A0A7C6KKI9	matt_osc	lddt_columns	573/1517
A0A7C6KKI9	matt	time	920.52
A0A7C6KKI9	mtmalign	lddt	0.181160
A0A7C6KKI9	mtmalign	lddt_columns	523/1424
A0A7C6KKI9	mtmalign_osc	lddt	0.493254
A0A7C6KKI9	mtmalign_osc	lddt_columns	523/1424
A0A7C6KKI9	mtmalign	time	55.93
A0A7C6KKI9	muscle	lddt	0.516535
A0A7C6KKI9	muscle	lddt_columns	416/518
A0A7C6KKI9	muscle_osc	lddt	0.643186
A0A7C6KKI9	muscle_osc	lddt_columns	416/518
A0A7C6KKI9	muscle	time	6.33
A0A7C6KKI9	mustang	lddt	0.337507
A0A7C6KKI9	mustang	lddt_columns	470/814
A0A7C6KKI9	mustang_osc	lddt	0.584534
A0A7C6KKI9	mustang_osc	lddt_columns	470/814
A0A7C6KKI9	mustang	time	301.88
A0A7C6KKI9	usalign	lddt	0.251592
A0A7C6KKI9	usalign	lddt_columns	539/1061
A0A7C6KKI9	usalign_osc	lddt	0.495248
A0A7C6KKI9	usalign_osc	lddt_columns	539/1061
A0A7C6KKI9	usalign	time	24.43
A0A7C6QFL5	3dcoffee	lddt	0.623790
A0A7C6QFL5	3dcoffee	lddt_columns	207/246
A0A7C6QFL5	3dcoffee_osc	lddt	0.741315
A0A7C6QFL5	3dcoffee_osc	lddt_columns	207/246
A0A7C6QFL5	3dcoffee	time	393.68
A0A7C6QFL5	caretta	lddt	0.638240
A0A7C6QFL5	caretta	lddt_columns	215/242
A0A7C6QFL5	caretta_osc	lddt	0.718391
A0A7C6QFL5	caretta_osc	lddt_columns	215/242
A0A7C6QFL5	caretta	time	48.70
A0A7C6QFL5	clustalo	lddt	0.609087
A0A7C6QFL5	clustalo	lddt_columns	215/250
A0A7C6QFL5	clustalo_osc	lddt	0.708241
A0A7C6QFL5	clustalo_osc	lddt_columns	215/250
A0A7C6QFL5	clustalo	time	0.19
A0A7C6QFL5	famsa	lddt	0.549131
A0A7C6QFL5	famsa	lddt_columns	215/270
A0A7C6QFL5	famsa_osc	lddt	0.689607
A0A7C6QFL5	famsa_osc	lddt_columns	215/270
A0A7C6QFL5	famsa	time	0.12
A0A7C6QFL5	foldmason_fast	lddt	0.584952
A0A7C6QFL5	foldmason_fast	lddt_columns	196/257
A0A7C6QFL5	foldmason_fast_osc	lddt	0.767003
A0A7C6QFL5	foldmason_fast_osc	lddt_columns	196/257
A0A7C6QFL5	foldmason_fast	time	2.17
A0A7C6QFL5	foldmason	lddt	0.631452
A0A7C6QFL5	foldmason	lddt_columns	211/242
A0A7C6QFL5	foldmason_osc	lddt	0.724224
A0A7C6QFL5	foldmason_osc	lddt_columns	211/242
A0A7C6QFL5	foldmason_refine100	lddt	0.639431
A0A7C6QFL5	foldmason_refine100	lddt_columns	223/242
A0A7C6QFL5	foldmason_refine100_osc	lddt	0.693911
A0A7C6QFL5	foldmason_refine100_osc	lddt_columns	223/242
A0A7C6QFL5	foldmason_refine100_rosc	lddt	0.608378
A0A7C6QFL5	foldmason_refine100_rosc	lddt_columns	204/250
A0A7C6QFL5	foldmason_refine100_rosc_osc	lddt	0.745561
A0A7C6QFL5	foldmason_refine100_rosc_osc	lddt_columns	204/250
A0A7C6QFL5	foldmason_refine100_rosc	time	5.40
A0A7C6QFL5	foldmason_refine100	time	5.78
A0A7C6QFL5	foldmason	time	0.30
A0A7C6QFL5	mafft_3di	lddt	0.607180
A0A7C6QFL5	mafft_3di	lddt_columns	195/250
A0A7C6QFL5	mafft_3di_osc	lddt	0.778436
A0A7C6QFL5	mafft_3di_osc	lddt_columns	195/250
A0A7C6QFL5	mafft_3di	time	0.38
A0A7C6QFL5	mafft	lddt	0.626415
A0A7C6QFL5	mafft	lddt_columns	215/245
A0A7C6QFL5	mafft_osc	lddt	0.713822
A0A7C6QFL5	mafft_osc	lddt_columns	215/245
A0A7C6QFL5	mafft	time	0.57
A0A7C6QFL5	matt	lddt	0.289789
A0A7C6QFL5	matt	lddt_columns	248/515
A0A7C6QFL5	matt_osc	lddt	0.601780
A0A7C6QFL5	matt_osc	lddt_columns	248/515
A0A7C6QFL5	matt	time	295.83
A0A7C6QFL5	mtmalign	lddt	0.299092
A0A7C6QFL5	mtmalign	lddt_columns	241/506
A0A7C6QFL5	mtmalign_osc	lddt	0.627969
A0A7C6QFL5	mtmalign_osc	lddt_columns	241/506
A0A7C6QFL5	mtmalign	time	17.72
A0A7C6QFL5	muscle	lddt	0.567979
A0A7C6QFL5	muscle	lddt_columns	199/261
A0A7C6QFL5	muscle_osc	lddt	0.744937
A0A7C6QFL5	muscle_osc	lddt_columns	199/261
A0A7C6QFL5	muscle	time	1.87
A0A7C6QFL5	mustang	lddt	0.446464
A0A7C6QFL5	mustang	lddt_columns	233/346
A0A7C6QFL5	mustang_osc	lddt	0.662990
A0A7C6QFL5	mustang_osc	lddt_columns	233/346
A0A7C6QFL5	mustang	time	99.48
A0A7C6QFL5	usalign	lddt	0.386209
A0A7C6QFL5	usalign	lddt_columns	243/399
A0A7C6QFL5	usalign_osc	lddt	0.634146
A0A7C6QFL5	usalign_osc	lddt_columns	243/399
A0A7C6QFL5	usalign	time	7.98
A0A7C6SBR4	3dcoffee	lddt	0.589641
A0A7C6SBR4	3dcoffee	lddt_columns	938/1082
A0A7C6SBR4	3dcoffee_osc	lddt	0.680161
A0A7C6SBR4	3dcoffee_osc	lddt_columns	938/1082
A0A7C6SBR4	3dcoffee	time	4744.40
A0A7C6SBR4	caretta	lddt	0.655668
A0A7C6SBR4	caretta	lddt_columns	957/1031
A0A7C6SBR4	caretta_osc	lddt	0.706367
A0A7C6SBR4	caretta_osc	lddt_columns	957/1031
A0A7C6SBR4	caretta	time	225.11
A0A7C6SBR4	clustalo	lddt	0.617793
A0A7C6SBR4	clustalo	lddt_columns	961/1055
A0A7C6SBR4	clustalo_osc	lddt	0.678222
A0A7C6SBR4	clustalo_osc	lddt_columns	961/1055
A0A7C6SBR4	clustalo	time	2.31
A0A7C6SBR4	famsa	lddt	0.578122
A0A7C6SBR4	famsa	lddt_columns	947/1110
A0A7C6SBR4	famsa_osc	lddt	0.677630
A0A7C6SBR4	famsa_osc	lddt_columns	947/1110
A0A7C6SBR4	famsa	time	0.49
A0A7C6SBR4	foldmason_fast	lddt	0.647013
A0A7C6SBR4	foldmason_fast	lddt_columns	975/1032
A0A7C6SBR4	foldmason_fast_osc	lddt	0.684838
A0A7C6SBR4	foldmason_fast_osc	lddt_columns	975/1032
A0A7C6SBR4	foldmason_fast	time	4.04
A0A7C6SBR4	foldmason	lddt	0.651077
A0A7C6SBR4	foldmason	lddt_columns	954/1037
A0A7C6SBR4	foldmason_osc	lddt	0.707722
A0A7C6SBR4	foldmason_osc	lddt_columns	954/1037
A0A7C6SBR4	foldmason_refine100	lddt	0.658873
A0A7C6SBR4	foldmason_refine100	lddt_columns	975/1027
A0A7C6SBR4	foldmason_refine100_osc	lddt	0.694013
A0A7C6SBR4	foldmason_refine100_osc	lddt_columns	975/1027
A0A7C6SBR4	foldmason_refine100_rosc	lddt	0.639648
A0A7C6SBR4	foldmason_refine100_rosc	lddt_columns	943/1049
A0A7C6SBR4	foldmason_refine100_rosc_osc	lddt	0.711549
A0A7C6SBR4	foldmason_refine100_rosc_osc	lddt_columns	943/1049
A0A7C6SBR4	foldmason_refine100_rosc	time	66.80
A0A7C6SBR4	foldmason_refine100	time	68.33
A0A7C6SBR4	foldmason	time	4.65
A0A7C6SBR4	mafft_3di	lddt	0.646420
A0A7C6SBR4	mafft_3di	lddt_columns	936/1046
A0A7C6SBR4	mafft_3di_osc	lddt	0.722388
A0A7C6SBR4	mafft_3di_osc	lddt_columns	936/1046
A0A7C6SBR4	mafft_3di	time	2.18
A0A7C6SBR4	mafft	lddt	0.638552
A0A7C6SBR4	mafft	lddt_columns	950/1048
A0A7C6SBR4	mafft_osc	lddt	0.704424
A0A7C6SBR4	mafft_osc	lddt_columns	950/1048
A0A7C6SBR4	mafft	time	4.31
A0A7C6SBR4	matt	lddt	0.416594
A0A7C6SBR4	matt	lddt_columns	1156/1622
A0A7C6SBR4	matt_osc	lddt	0.584528
A0A7C6SBR4	matt_osc	lddt_columns	1156/1622
A0A7C6SBR4	matt	time	5360.68
A0A7C6SBR4	mtmalign	lddt	0.467150
A0A7C6SBR4	mtmalign	lddt_columns	1115/1486
A0A7C6SBR4	mtmalign_osc	lddt	0.622587
A0A7C6SBR4	mtmalign_osc	lddt_columns	1115/1486
A0A7C6SBR4	mtmalign	time	704.21
A0A7C6SBR4	muscle	lddt	0.587955
A0A7C6SBR4	muscle	lddt_columns	939/1128
A0A7C6SBR4	muscle_osc	lddt	0.706298
A0A7C6SBR4	muscle_osc	lddt_columns	939/1128
A0A7C6SBR4	muscle	time	25.46
A0A7C6SBR4	mustang	lddt	0.557574
A0A7C6SBR4	mustang	lddt_columns	958/1228
A0A7C6SBR4	mustang_osc	lddt	0.714719
A0A7C6SBR4	mustang_osc	lddt_columns	958/1228
A0A7C6SBR4	mustang	time	1016.05
A0A7C6SBR4	usalign	lddt	0.634712
A0A7C6SBR4	usalign	lddt_columns	983/1073
A0A7C6SBR4	usalign_osc	lddt	0.692824
A0A7C6SBR4	usalign_osc	lddt_columns	983/1073
A0A7C6SBR4	usalign	time	168.20
A0A7C7CLP8	3dcoffee	lddt	0.330119
A0A7C7CLP8	3dcoffee	lddt_columns	538/780
A0A7C7CLP8	3dcoffee_osc	lddt	0.478611
A0A7C7CLP8	3dcoffee_osc	lddt_columns	538/780
A0A7C7CLP8	3dcoffee	time	699.92
A0A7C7CLP8	caretta	lddt	0.413704
A0A7C7CLP8	caretta	lddt_columns	438/440
A0A7C7CLP8	caretta_osc	lddt	0.415593
A0A7C7CLP8	caretta_osc	lddt_columns	438/440
A0A7C7CLP8	caretta	time	74.16
A0A7C7CLP8	clustalo	lddt	0.278299
A0A7C7CLP8	clustalo	lddt_columns	710/854
A0A7C7CLP8	clustalo_osc	lddt	0.334743
A0A7C7CLP8	clustalo_osc	lddt_columns	710/854
A0A7C7CLP8	clustalo	time	0.88
A0A7C7CLP8	famsa	lddt	0.332116
A0A7C7CLP8	famsa	lddt_columns	493/643
A0A7C7CLP8	famsa_osc	lddt	0.433166
A0A7C7CLP8	famsa_osc	lddt_columns	493/643
A0A7C7CLP8	famsa	time	0.23
A0A7C7CLP8	foldmason_fast	lddt	0.415884
A0A7C7CLP8	foldmason_fast	lddt_columns	528/567
A0A7C7CLP8	foldmason_fast_osc	lddt	0.446603
A0A7C7CLP8	foldmason_fast_osc	lddt_columns	528/567
A0A7C7CLP8	foldmason_fast	time	2.35
A0A7C7CLP8	foldmason	lddt	0.431159
A0A7C7CLP8	foldmason	lddt_columns	518/546
A0A7C7CLP8	foldmason_osc	lddt	0.454464
A0A7C7CLP8	foldmason_osc	lddt_columns	518/546
A0A7C7CLP8	foldmason_refine100	lddt	0.434957
A0A7C7CLP8	foldmason_refine100	lddt_columns	528/542
A0A7C7CLP8	foldmason_refine100_osc	lddt	0.446490
A0A7C7CLP8	foldmason_refine100_osc	lddt_columns	528/542
A0A7C7CLP8	foldmason_refine100_rosc	lddt	0.424065
A0A7C7CLP8	foldmason_refine100_rosc	lddt_columns	510/554
A0A7C7CLP8	foldmason_refine100_rosc_osc	lddt	0.460651
A0A7C7CLP8	foldmason_refine100_rosc_osc	lddt_columns	510/554
A0A7C7CLP8	foldmason_refine100_rosc	time	15.03
A0A7C7CLP8	foldmason_refine100	time	17.40
A0A7C7CLP8	foldmason	time	1.02
A0A7C7CLP8	mafft_3di	lddt	0.378320
A0A7C7CLP8	mafft_3di	lddt_columns	463/647
A0A7C7CLP8	mafft_3di_osc	lddt	0.528667
A0A7C7CLP8	mafft_3di_osc	lddt_columns	463/647
A0A7C7CLP8	mafft_3di	time	1.35
A0A7C7CLP8	mafft	lddt	0.299894
A0A7C7CLP8	mafft	lddt_columns	588/757
A0A7C7CLP8	mafft_osc	lddt	0.386088
A0A7C7CLP8	mafft_osc	lddt_columns	588/757
A0A7C7CLP8	mafft	time	2.66
A0A7C7CLP8	matt	lddt	0.040671
A0A7C7CLP8	matt	lddt_columns	942/3923
A0A7C7CLP8	matt_osc	lddt	0.169377
A0A7C7CLP8	matt_osc	lddt_columns	942/3923
A0A7C7CLP8	matt	time	1642.54
A0A7C7CLP8	mtmalign	lddt	0.100346
A0A7C7CLP8	mtmalign	lddt_columns	1034/2623
A0A7C7CLP8	mtmalign_osc	lddt	0.254552
A0A7C7CLP8	mtmalign_osc	lddt_columns	1034/2623
A0A7C7CLP8	mtmalign	time	76.58
A0A7C7CLP8	muscle	lddt	0.218712
A0A7C7CLP8	muscle	lddt_columns	545/970
A0A7C7CLP8	muscle_osc	lddt	0.389268
A0A7C7CLP8	muscle_osc	lddt_columns	545/970
A0A7C7CLP8	muscle	time	8.13
A0A7C7CLP8	mustang	lddt	0.245806
A0A7C7CLP8	mustang	lddt_columns	533/1013
A0A7C7CLP8	mustang_osc	lddt	0.467169
A0A7C7CLP8	mustang_osc	lddt_columns	533/1013
A0A7C7CLP8	mustang	time	1154.07
A0A7C7CLP8	usalign	lddt	0.133489
A0A7C7CLP8	usalign	lddt_columns	979/1960
A0A7C7CLP8	usalign_osc	lddt	0.267250
A0A7C7CLP8	usalign_osc	lddt_columns	979/1960
A0A7C7CLP8	usalign	time	26.83
A0A7C7KA74	3dcoffee	lddt	0.447774
A0A7C7KA74	3dcoffee	lddt_columns	920/1075
A0A7C7KA74	3dcoffee_osc	lddt	0.523214
A0A7C7KA74	3dcoffee_osc	lddt_columns	920/1075
A0A7C7KA74	3dcoffee	time	2566.37
A0A7C7KA74	caretta	lddt	0.493374
A0A7C7KA74	caretta	lddt_columns	960/1049
A0A7C7KA74	caretta_osc	lddt	0.539113
A0A7C7KA74	caretta_osc	lddt_columns	960/1049
A0A7C7KA74	caretta	time	184.93
A0A7C7KA74	clustalo	lddt	0.489277
A0A7C7KA74	clustalo	lddt_columns	977/1064
A0A7C7KA74	clustalo_osc	lddt	0.532846
A0A7C7KA74	clustalo_osc	lddt_columns	977/1064
A0A7C7KA74	clustalo	time	2.43
A0A7C7KA74	famsa	lddt	0.436781
A0A7C7KA74	famsa	lddt_columns	957/1139
A0A7C7KA74	famsa_osc	lddt	0.519847
A0A7C7KA74	famsa_osc	lddt_columns	957/1139
A0A7C7KA74	famsa	time	0.56
A0A7C7KA74	foldmason_fast	lddt	0.494328
A0A7C7KA74	foldmason_fast	lddt_columns	955/1047
A0A7C7KA74	foldmason_fast_osc	lddt	0.541950
A0A7C7KA74	foldmason_fast_osc	lddt_columns	955/1047
A0A7C7KA74	foldmason_fast	time	3.26
A0A7C7KA74	foldmason	lddt	0.500394
A0A7C7KA74	foldmason	lddt_columns	979/1060
A0A7C7KA74	foldmason_osc	lddt	0.541795
A0A7C7KA74	foldmason_osc	lddt_columns	979/1060
A0A7C7KA74	foldmason_refine100	lddt	0.506548
A0A7C7KA74	foldmason_refine100	lddt_columns	985/1046
A0A7C7KA74	foldmason_refine100_osc	lddt	0.537918
A0A7C7KA74	foldmason_refine100_osc	lddt_columns	985/1046
A0A7C7KA74	foldmason_refine100_rosc	lddt	0.454643
A0A7C7KA74	foldmason_refine100_rosc	lddt_columns	923/1138
A0A7C7KA74	foldmason_refine100_rosc_osc	lddt	0.560546
A0A7C7KA74	foldmason_refine100_rosc_osc	lddt_columns	923/1138
A0A7C7KA74	foldmason_refine100_rosc	time	76.21
A0A7C7KA74	foldmason_refine100	time	47.15
A0A7C7KA74	foldmason	time	3.59
A0A7C7KA74	mafft_3di	lddt	0.484236
A0A7C7KA74	mafft_3di	lddt_columns	930/1102
A0A7C7KA74	mafft_3di_osc	lddt	0.573793
A0A7C7KA74	mafft_3di_osc	lddt_columns	930/1102
A0A7C7KA74	mafft_3di	time	2.30
A0A7C7KA74	mafft	lddt	0.473118
A0A7C7KA74	mafft	lddt_columns	993/1116
A0A7C7KA74	mafft_osc	lddt	0.531722
A0A7C7KA74	mafft_osc	lddt_columns	993/1116
A0A7C7KA74	mafft	time	4.71
A0A7C7KA74	matt	lddt	0.255049
A0A7C7KA74	matt	lddt_columns	1177/2089
A0A7C7KA74	matt_osc	lddt	0.452674
A0A7C7KA74	matt_osc	lddt_columns	1177/2089
A0A7C7KA74	matt	time	2397.39
A0A7C7KA74	mtmalign	lddt	0.277942
A0A7C7KA74	mtmalign	lddt_columns	1200/2032
A0A7C7KA74	mtmalign_osc	lddt	0.470648
A0A7C7KA74	mtmalign_osc	lddt_columns	1200/2032
A0A7C7KA74	mtmalign	time	366.34
A0A7C7KA74	muscle	lddt	0.425396
A0A7C7KA74	muscle	lddt_columns	950/1244
A0A7C7KA74	muscle_osc	lddt	0.557044
A0A7C7KA74	muscle_osc	lddt_columns	950/1244
A0A7C7KA74	muscle	time	22.93
A0A7C7KA74	mustang	lddt	0.403064
A0A7C7KA74	mustang	lddt_columns	976/1363
A0A7C7KA74	mustang_osc	lddt	0.562886
A0A7C7KA74	mustang_osc	lddt_columns	976/1363
A0A7C7KA74	mustang	time	2804.09
A0A7C7KA74	usalign	lddt	0.413474
A0A7C7KA74	usalign	lddt_columns	1030/1321
A0A7C7KA74	usalign_osc	lddt	0.530290
A0A7C7KA74	usalign_osc	lddt_columns	1030/1321
A0A7C7KA74	usalign	time	105.83
A0A7D9I810	3dcoffee	lddt	0.662565
A0A7D9I810	3dcoffee	lddt_columns	424/498
A0A7D9I810	3dcoffee_osc	lddt	0.778201
A0A7D9I810	3dcoffee_osc	lddt_columns	424/498
A0A7D9I810	3dcoffee	time	837.64
A0A7D9I810	caretta	lddt	0.645567
A0A7D9I810	caretta	lddt_columns	450/472
A0A7D9I810	caretta_osc	lddt	0.677128
A0A7D9I810	caretta_osc	lddt_columns	450/472
A0A7D9I810	caretta	time	121.69
A0A7D9I810	clustalo	lddt	0.640411
A0A7D9I810	clustalo	lddt_columns	453/513
A0A7D9I810	clustalo_osc	lddt	0.725233
A0A7D9I810	clustalo_osc	lddt_columns	453/513
A0A7D9I810	clustalo	time	0.62
A0A7D9I810	famsa	lddt	0.648383
A0A7D9I810	famsa	lddt_columns	434/500
A0A7D9I810	famsa_osc	lddt	0.746985
A0A7D9I810	famsa_osc	lddt_columns	434/500
A0A7D9I810	famsa	time	0.20
A0A7D9I810	foldmason_fast	lddt	0.664086
A0A7D9I810	foldmason_fast	lddt_columns	453/495
A0A7D9I810	foldmason_fast_osc	lddt	0.725656
A0A7D9I810	foldmason_fast_osc	lddt_columns	453/495
A0A7D9I810	foldmason_fast	time	1.03
A0A7D9I810	foldmason	lddt	0.677202
A0A7D9I810	foldmason	lddt_columns	463/494
A0A7D9I810	foldmason_osc	lddt	0.722544
A0A7D9I810	foldmason_osc	lddt_columns	463/494
A0A7D9I810	foldmason_refine100	lddt	0.684151
A0A7D9I810	foldmason_refine100	lddt_columns	476/489
A0A7D9I810	foldmason_refine100_osc	lddt	0.702836
A0A7D9I810	foldmason_refine100_osc	lddt_columns	476/489
A0A7D9I810	foldmason_refine100_rosc	lddt	0.647294
A0A7D9I810	foldmason_refine100_rosc	lddt_columns	450/512
A0A7D9I810	foldmason_refine100_rosc_osc	lddt	0.736477
A0A7D9I810	foldmason_refine100_rosc_osc	lddt_columns	450/512
A0A7D9I810	foldmason_refine100_rosc	time	19.54
A0A7D9I810	foldmason_refine100	time	19.17
A0A7D9I810	foldmason	time	0.98
A0A7D9I810	mafft_3di	lddt	0.673272
A0A7D9I810	mafft_3di	lddt_columns	419/488
A0A7D9I810	mafft_3di_osc	lddt	0.784145
A0A7D9I810	mafft_3di_osc	lddt_columns	419/488
A0A7D9I810	mafft_3di	time	0.90
A0A7D9I810	mafft	lddt	0.638566
A0A7D9I810	mafft	lddt_columns	430/511
A0A7D9I810	mafft_osc	lddt	0.758854
A0A7D9I810	mafft_osc	lddt_columns	430/511
A0A7D9I810	mafft	time	1.62
A0A7D9I810	matt	lddt	0.299377
A0A7D9I810	matt	lddt_columns	499/969
A0A7D9I810	matt_osc	lddt	0.581355
A0A7D9I810	matt_osc	lddt_columns	499/969
A0A7D9I810	matt	time	1510.36
A0A7D9I810	mtmalign	lddt	0.365181
A0A7D9I810	mtmalign	lddt_columns	488/925
A0A7D9I810	mtmalign_osc	lddt	0.692198
A0A7D9I810	mtmalign_osc	lddt_columns	488/925
A0A7D9I810	mtmalign	time	76.06
A0A7D9I810	muscle	lddt	0.593042
A0A7D9I810	muscle	lddt_columns	421/544
A0A7D9I810	muscle_osc	lddt	0.766306
A0A7D9I810	muscle_osc	lddt_columns	421/544
A0A7D9I810	muscle	time	7.64
A0A7D9I810	mustang	lddt	0.523437
A0A7D9I810	mustang	lddt_columns	433/632
A0A7D9I810	mustang_osc	lddt	0.764000
A0A7D9I810	mustang_osc	lddt_columns	433/632
A0A7D9I810	mustang	time	246.66
A0A7D9I810	usalign	lddt	0.443425
A0A7D9I810	usalign	lddt_columns	464/762
A0A7D9I810	usalign_osc	lddt	0.728211
A0A7D9I810	usalign_osc	lddt_columns	464/762
A0A7D9I810	usalign	time	29.32
A0A7J5VQD9	3dcoffee	lddt	0.389213
A0A7J5VQD9	3dcoffee	lddt_columns	436/544
A0A7J5VQD9	3dcoffee_osc	lddt	0.485623
A0A7J5VQD9	3dcoffee_osc	lddt_columns	436/544
A0A7J5VQD9	3dcoffee	time	526.78
A0A7J5VQD9	caretta	lddt	0.370501
A0A7J5VQD9	caretta	lddt_columns	386/397
A0A7J5VQD9	caretta_osc	lddt	0.381059
A0A7J5VQD9	caretta_osc	lddt_columns	386/397
A0A7J5VQD9	caretta	time	60.26
A0A7J5VQD9	clustalo	lddt	0.271913
A0A7J5VQD9	clustalo	lddt_columns	574/670
A0A7J5VQD9	clustalo_osc	lddt	0.317390
A0A7J5VQD9	clustalo_osc	lddt_columns	574/670
A0A7J5VQD9	clustalo	time	0.68
A0A7J5VQD9	famsa	lddt	0.301215
A0A7J5VQD9	famsa	lddt_columns	429/537
A0A7J5VQD9	famsa_osc	lddt	0.377045
A0A7J5VQD9	famsa_osc	lddt_columns	429/537
A0A7J5VQD9	famsa	time	0.21
A0A7J5VQD9	foldmason_fast	lddt	0.429472
A0A7J5VQD9	foldmason_fast	lddt_columns	426/449
A0A7J5VQD9	foldmason_fast_osc	lddt	0.452660
A0A7J5VQD9	foldmason_fast_osc	lddt_columns	426/449
A0A7J5VQD9	foldmason_fast	time	1.84
A0A7J5VQD9	foldmason	lddt	0.422125
A0A7J5VQD9	foldmason	lddt_columns	436/456
A0A7J5VQD9	foldmason_osc	lddt	0.441488
A0A7J5VQD9	foldmason_osc	lddt_columns	436/456
A0A7J5VQD9	foldmason_refine100	lddt	0.424621
A0A7J5VQD9	foldmason_refine100	lddt_columns	447/454
A0A7J5VQD9	foldmason_refine100_osc	lddt	0.431270
A0A7J5VQD9	foldmason_refine100_osc	lddt_columns	447/454
A0A7J5VQD9	foldmason_refine100_rosc	lddt	0.417996
A0A7J5VQD9	foldmason_refine100_rosc	lddt_columns	434/462
A0A7J5VQD9	foldmason_refine100_rosc_osc	lddt	0.444963
A0A7J5VQD9	foldmason_refine100_rosc_osc	lddt_columns	434/462
A0A7J5VQD9	foldmason_refine100_rosc	time	13.92
A0A7J5VQD9	foldmason_refine100	time	13.53
A0A7J5VQD9	foldmason	time	1.42
A0A7J5VQD9	mafft_3di	lddt	0.399401
A0A7J5VQD9	mafft_3di	lddt_columns	407/492
A0A7J5VQD9	mafft_3di_osc	lddt	0.482814
A0A7J5VQD9	mafft_3di_osc	lddt_columns	407/492
A0A7J5VQD9	mafft_3di	time	1.01
A0A7J5VQD9	mafft	lddt	0.273754
A0A7J5VQD9	mafft	lddt_columns	525/632
A0A7J5VQD9	mafft_osc	lddt	0.329548
A0A7J5VQD9	mafft_osc	lddt_columns	525/632
A0A7J5VQD9	mafft	time	2.03
A0A7J5VQD9	matt	lddt	0.034991
A0A7J5VQD9	matt	lddt_columns	608/3421
A0A7J5VQD9	matt_osc	lddt	0.196880
A0A7J5VQD9	matt_osc	lddt_columns	608/3421
A0A7J5VQD9	matt	time	1004.96
A0A7J5VQD9	mtmalign	lddt	0.106190
A0A7J5VQD9	mtmalign	lddt_columns	906/2083
A0A7J5VQD9	mtmalign_osc	lddt	0.244143
A0A7J5VQD9	mtmalign_osc	lddt_columns	906/2083
A0A7J5VQD9	mtmalign	time	44.26
A0A7J5VQD9	muscle	lddt	0.230712
A0A7J5VQD9	muscle	lddt_columns	496/746
A0A7J5VQD9	muscle_osc	lddt	0.346998
A0A7J5VQD9	muscle_osc	lddt_columns	496/746
A0A7J5VQD9	muscle	time	7.91
A0A7J5VQD9	mustang	lddt	0.251959
A0A7J5VQD9	mustang	lddt_columns	449/806
A0A7J5VQD9	mustang_osc	lddt	0.452292
A0A7J5VQD9	mustang_osc	lddt_columns	449/806
A0A7J5VQD9	mustang	time	810.21
A0A7J5VQD9	usalign	lddt	0.139162
A0A7J5VQD9	usalign	lddt_columns	931/1675
A0A7J5VQD9	usalign_osc	lddt	0.250371
A0A7J5VQD9	usalign_osc	lddt_columns	931/1675
A0A7J5VQD9	usalign	time	16.42
A0A7K0JS47	3dcoffee	lddt	0.353867
A0A7K0JS47	3dcoffee	lddt_columns	635/895
A0A7K0JS47	3dcoffee_osc	lddt	0.498758
A0A7K0JS47	3dcoffee_osc	lddt_columns	635/895
A0A7K0JS47	3dcoffee	time	1000.94
A0A7K0JS47	caretta	lddt	0.386170
A0A7K0JS47	caretta	lddt_columns	512/545
A0A7K0JS47	caretta_osc	lddt	0.411059
A0A7K0JS47	caretta_osc	lddt_columns	512/545
A0A7K0JS47	caretta	time	129.04
A0A7K0JS47	clustalo	lddt	0.358639
A0A7K0JS47	clustalo	lddt_columns	752/814
A0A7K0JS47	clustalo_osc	lddt	0.388208
A0A7K0JS47	clustalo_osc	lddt_columns	752/814
A0A7K0JS47	clustalo	time	1.43
A0A7K0JS47	famsa	lddt	0.349461
A0A7K0JS47	famsa	lddt_columns	571/712
A0A7K0JS47	famsa_osc	lddt	0.435756
A0A7K0JS47	famsa_osc	lddt_columns	571/712
A0A7K0JS47	famsa	time	0.65
A0A7K0JS47	foldmason_fast	lddt	0.427754
A0A7K0JS47	foldmason_fast	lddt_columns	631/680
A0A7K0JS47	foldmason_fast_osc	lddt	0.460971
A0A7K0JS47	foldmason_fast_osc	lddt_columns	631/680
A0A7K0JS47	foldmason_fast	time	1.24
A0A7K0JS47	foldmason	lddt	0.408975
A0A7K0JS47	foldmason	lddt_columns	649/728
A0A7K0JS47	foldmason_osc	lddt	0.458758
A0A7K0JS47	foldmason_osc	lddt_columns	649/728
A0A7K0JS47	foldmason_refine100	lddt	0.408975
A0A7K0JS47	foldmason_refine100	lddt_columns	649/728
A0A7K0JS47	foldmason_refine100_osc	lddt	0.458758
A0A7K0JS47	foldmason_refine100_osc	lddt_columns	649/728
A0A7K0JS47	foldmason_refine100_rosc	lddt	0.384551
A0A7K0JS47	foldmason_refine100_rosc	lddt_columns	627/756
A0A7K0JS47	foldmason_refine100_rosc_osc	lddt	0.463669
A0A7K0JS47	foldmason_refine100_rosc_osc	lddt_columns	627/756
A0A7K0JS47	foldmason_refine100_rosc	time	23.05
A0A7K0JS47	foldmason_refine100	time	22.97
A0A7K0JS47	foldmason	time	1.05
A0A7K0JS47	mafft_3di	lddt	0.374190
A0A7K0JS47	mafft_3di	lddt_columns	609/824
A0A7K0JS47	mafft_3di_osc	lddt	0.506294
A0A7K0JS47	mafft_3di_osc	lddt_columns	609/824
A0A7K0JS47	mafft_3di	time	1.79
A0A7K0JS47	mafft	lddt	0.350954
A0A7K0JS47	mafft	lddt_columns	703/819
A0A7K0JS47	mafft_osc	lddt	0.408864
A0A7K0JS47	mafft_osc	lddt_columns	703/819
A0A7K0JS47	mafft	time	3.59
A0A7K0JS47	matt	lddt	0.038503
A0A7K0JS47	matt	lddt_columns	808/4659
A0A7K0JS47	matt_osc	lddt	0.222012
A0A7K0JS47	matt_osc	lddt_columns	808/4659
A0A7K0JS47	matt	time	3131.63
A0A7K0JS47	mtmalign	lddt	0.088299
A0A7K0JS47	mtmalign	lddt_columns	1029/3416
A0A7K0JS47	mtmalign_osc	lddt	0.293128
A0A7K0JS47	mtmalign_osc	lddt_columns	1029/3416
A0A7K0JS47	mtmalign	time	98.83
A0A7K0JS47	muscle	lddt	0.234829
A0A7K0JS47	muscle	lddt_columns	629/1146
A0A7K0JS47	muscle_osc	lddt	0.427845
A0A7K0JS47	muscle_osc	lddt_columns	629/1146
A0A7K0JS47	muscle	time	12.66
A0A7K0JS47	mustang	lddt	0.289154
A0A7K0JS47	mustang	lddt_columns	680/1108
A0A7K0JS47	mustang_osc	lddt	0.471150
A0A7K0JS47	mustang_osc	lddt_columns	680/1108
A0A7K0JS47	mustang	time	3045.81
A0A7K0JS47	usalign	lddt	0.129840
A0A7K0JS47	usalign	lddt_columns	1002/2536
A0A7K0JS47	usalign_osc	lddt	0.328616
A0A7K0JS47	usalign_osc	lddt_columns	1002/2536
A0A7K0JS47	usalign	time	30.75
A0A7N2L6I2	3dcoffee	lddt	0.741432
A0A7N2L6I2	3dcoffee	lddt_columns	262/278
A0A7N2L6I2	3dcoffee_osc	lddt	0.786710
A0A7N2L6I2	3dcoffee_osc	lddt_columns	262/278
A0A7N2L6I2	3dcoffee	time	428.33
A0A7N2L6I2	caretta	lddt	0.628600
A0A7N2L6I2	caretta	lddt_columns	277/289
A0A7N2L6I2	caretta_osc	lddt	0.655832
A0A7N2L6I2	caretta_osc	lddt_columns	277/289
A0A7N2L6I2	caretta	time	55.90
A0A7N2L6I2	clustalo	lddt	0.577216
A0A7N2L6I2	clustalo	lddt_columns	313/368
A0A7N2L6I2	clustalo_osc	lddt	0.678644
A0A7N2L6I2	clustalo_osc	lddt_columns	313/368
A0A7N2L6I2	clustalo	time	0.29
A0A7N2L6I2	famsa	lddt	0.534005
A0A7N2L6I2	famsa	lddt_columns	304/381
A0A7N2L6I2	famsa_osc	lddt	0.669263
A0A7N2L6I2	famsa_osc	lddt_columns	304/381
A0A7N2L6I2	famsa	time	0.15
A0A7N2L6I2	foldmason_fast	lddt	0.716647
A0A7N2L6I2	foldmason_fast	lddt_columns	276/293
A0A7N2L6I2	foldmason_fast_osc	lddt	0.760788
A0A7N2L6I2	foldmason_fast_osc	lddt_columns	276/293
A0A7N2L6I2	foldmason_fast	time	1.16
A0A7N2L6I2	foldmason	lddt	0.677141
A0A7N2L6I2	foldmason	lddt_columns	303/317
A0A7N2L6I2	foldmason_osc	lddt	0.708428
A0A7N2L6I2	foldmason_osc	lddt_columns	303/317
A0A7N2L6I2	foldmason_refine100	lddt	0.683105
A0A7N2L6I2	foldmason_refine100	lddt_columns	307/315
A0A7N2L6I2	foldmason_refine100_osc	lddt	0.700906
A0A7N2L6I2	foldmason_refine100_osc	lddt_columns	307/315
A0A7N2L6I2	foldmason_refine100_rosc	lddt	0.680579
A0A7N2L6I2	foldmason_refine100_rosc	lddt_columns	301/315
A0A7N2L6I2	foldmason_refine100_rosc_osc	lddt	0.712234
A0A7N2L6I2	foldmason_refine100_rosc_osc	lddt_columns	301/315
A0A7N2L6I2	foldmason_refine100_rosc	time	6.93
A0A7N2L6I2	foldmason_refine100	time	7.44
A0A7N2L6I2	foldmason	time	0.48
A0A7N2L6I2	mafft_3di	lddt	0.670925
A0A7N2L6I2	mafft_3di	lddt_columns	268/314
A0A7N2L6I2	mafft_3di_osc	lddt	0.786084
A0A7N2L6I2	mafft_3di_osc	lddt_columns	268/314
A0A7N2L6I2	mafft_3di	time	0.46
A0A7N2L6I2	mafft	lddt	0.571607
A0A7N2L6I2	mafft	lddt_columns	316/368
A0A7N2L6I2	mafft_osc	lddt	0.665669
A0A7N2L6I2	mafft_osc	lddt_columns	316/368
A0A7N2L6I2	mafft	time	0.95
A0A7N2L6I2	matt	lddt	0.059741
A0A7N2L6I2	matt	lddt_columns	586/2434
A0A7N2L6I2	matt_osc	lddt	0.248139
A0A7N2L6I2	matt_osc	lddt_columns	586/2434
A0A7N2L6I2	matt	time	539.25
A0A7N2L6I2	mtmalign	lddt	0.109874
A0A7N2L6I2	mtmalign	lddt_columns	559/1717
A0A7N2L6I2	mtmalign_osc	lddt	0.337485
A0A7N2L6I2	mtmalign_osc	lddt_columns	559/1717
A0A7N2L6I2	mtmalign	time	28.05
A0A7N2L6I2	muscle	lddt	0.510919
A0A7N2L6I2	muscle	lddt_columns	287/393
A0A7N2L6I2	muscle_osc	lddt	0.699620
A0A7N2L6I2	muscle_osc	lddt_columns	287/393
A0A7N2L6I2	muscle	time	3.35
A0A7N2L6I2	mustang	lddt	0.353520
A0A7N2L6I2	mustang	lddt_columns	423/584
A0A7N2L6I2	mustang_osc	lddt	0.488076
A0A7N2L6I2	mustang_osc	lddt_columns	423/584
A0A7N2L6I2	mustang	time	151.72
A0A7N2L6I2	usalign	lddt	0.118578
A0A7N2L6I2	usalign	lddt_columns	615/1599
A0A7N2L6I2	usalign_osc	lddt	0.308304
A0A7N2L6I2	usalign_osc	lddt_columns	615/1599
A0A7N2L6I2	usalign	time	9.20
A0A7R9A562	3dcoffee	lddt	0.375890
A0A7R9A562	3dcoffee	lddt_columns	626/922
A0A7R9A562	3dcoffee_osc	lddt	0.553626
A0A7R9A562	3dcoffee_osc	lddt_columns	626/922
A0A7R9A562	3dcoffee	time	1067.52
A0A7R9A562	caretta	lddt	0.383546
A0A7R9A562	caretta	lddt_columns	686/793
A0A7R9A562	caretta_osc	lddt	0.443370
A0A7R9A562	caretta_osc	lddt_columns	686/793
A0A7R9A562	caretta	time	141.98
A0A7R9A562	clustalo	lddt	0.378153
A0A7R9A562	clustalo	lddt_columns	689/857
A0A7R9A562	clustalo_osc	lddt	0.470358
A0A7R9A562	clustalo_osc	lddt_columns	689/857
A0A7R9A562	clustalo	time	0.96
A0A7R9A562	famsa	lddt	0.371744
A0A7R9A562	famsa	lddt_columns	639/842
A0A7R9A562	famsa_osc	lddt	0.489841
A0A7R9A562	famsa_osc	lddt_columns	639/842
A0A7R9A562	famsa	time	0.35
A0A7R9A562	foldmason_fast	lddt	0.419156
A0A7R9A562	foldmason_fast	lddt_columns	692/836
A0A7R9A562	foldmason_fast_osc	lddt	0.506379
A0A7R9A562	foldmason_fast_osc	lddt_columns	692/836
A0A7R9A562	foldmason_fast	time	1.43
A0A7R9A562	foldmason	lddt	0.402939
A0A7R9A562	foldmason	lddt_columns	673/860
A0A7R9A562	foldmason_osc	lddt	0.514899
A0A7R9A562	foldmason_osc	lddt_columns	673/860
A0A7R9A562	foldmason_refine100	lddt	0.407482
A0A7R9A562	foldmason_refine100	lddt_columns	674/849
A0A7R9A562	foldmason_refine100_osc	lddt	0.513282
A0A7R9A562	foldmason_refine100_osc	lddt_columns	674/849
A0A7R9A562	foldmason_refine100_rosc	lddt	0.356899
A0A7R9A562	foldmason_refine100_rosc	lddt_columns	605/935
A0A7R9A562	foldmason_refine100_rosc_osc	lddt	0.551572
A0A7R9A562	foldmason_refine100_rosc_osc	lddt_columns	605/935
A0A7R9A562	foldmason_refine100_rosc	time	27.63
A0A7R9A562	foldmason_refine100	time	27.04
A0A7R9A562	foldmason	time	1.69
A0A7R9A562	mafft_3di	lddt	0.407706
A0A7R9A562	mafft_3di	lddt_columns	626/850
A0A7R9A562	mafft_3di_osc	lddt	0.553595
A0A7R9A562	mafft_3di_osc	lddt_columns	626/850
A0A7R9A562	mafft_3di	time	1.39
A0A7R9A562	mafft	lddt	0.392468
A0A7R9A562	mafft	lddt_columns	688/863
A0A7R9A562	mafft_osc	lddt	0.492296
A0A7R9A562	mafft_osc	lddt_columns	688/863
A0A7R9A562	mafft	time	2.65
A0A7R9A562	matt	lddt	0.141155
A0A7R9A562	matt	lddt_columns	752/2084
A0A7R9A562	matt_osc	lddt	0.391180
A0A7R9A562	matt_osc	lddt_columns	752/2084
A0A7R9A562	matt	time	1444.43
A0A7R9A562	mtmalign	lddt	0.200115
A0A7R9A562	mtmalign	lddt_columns	635/1708
A0A7R9A562	mtmalign_osc	lddt	0.538263
A0A7R9A562	mtmalign_osc	lddt_columns	635/1708
A0A7R9A562	mtmalign	time	104.93
A0A7R9A562	muscle	lddt	0.333861
A0A7R9A562	muscle	lddt_columns	632/980
A0A7R9A562	muscle_osc	lddt	0.517695
A0A7R9A562	muscle_osc	lddt_columns	632/980
A0A7R9A562	muscle	time	13.26
A0A7R9A562	mustang	lddt	0.313483
A0A7R9A562	mustang	lddt_columns	631/1101
A0A7R9A562	mustang_osc	lddt	0.546981
A0A7R9A562	mustang_osc	lddt_columns	631/1101
A0A7R9A562	mustang	time	1010.34
A0A7R9A562	usalign	lddt	0.246899
A0A7R9A562	usalign	lddt_columns	618/1374
A0A7R9A562	usalign_osc	lddt	0.548930
A0A7R9A562	usalign_osc	lddt_columns	618/1374
A0A7R9A562	usalign	time	35.82
A0A7T8YPS0	3dcoffee	lddt	0.609926
A0A7T8YPS0	3dcoffee	lddt_columns	692/719
A0A7T8YPS0	3dcoffee_osc	lddt	0.633724
A0A7T8YPS0	3dcoffee_osc	lddt_columns	692/719
A0A7T8YPS0	3dcoffee	time	2192.79
A0A7T8YPS0	caretta	lddt	0.513448
A0A7T8YPS0	caretta	lddt_columns	673/702
A0A7T8YPS0	caretta_osc	lddt	0.535573
A0A7T8YPS0	caretta_osc	lddt_columns	673/702
A0A7T8YPS0	caretta	time	175.52
A0A7T8YPS0	clustalo	lddt	0.588084
A0A7T8YPS0	clustalo	lddt_columns	747/833
A0A7T8YPS0	clustalo_osc	lddt	0.655788
A0A7T8YPS0	clustalo_osc	lddt_columns	747/833
A0A7T8YPS0	clustalo	time	1.64
A0A7T8YPS0	famsa	lddt	0.596741
A0A7T8YPS0	famsa	lddt_columns	708/810
A0A7T8YPS0	famsa_osc	lddt	0.682712
A0A7T8YPS0	famsa_osc	lddt_columns	708/810
A0A7T8YPS0	famsa	time	0.44
A0A7T8YPS0	foldmason_fast	lddt	0.660993
A0A7T8YPS0	foldmason_fast	lddt_columns	715/746
A0A7T8YPS0	foldmason_fast_osc	lddt	0.689651
A0A7T8YPS0	foldmason_fast_osc	lddt_columns	715/746
A0A7T8YPS0	foldmason_fast	time	1.90
A0A7T8YPS0	foldmason	lddt	0.672954
A0A7T8YPS0	foldmason	lddt_columns	719/747
A0A7T8YPS0	foldmason_osc	lddt	0.699161
A0A7T8YPS0	foldmason_osc	lddt_columns	719/747
A0A7T8YPS0	foldmason_refine100	lddt	0.673394
A0A7T8YPS0	foldmason_refine100	lddt_columns	725/747
A0A7T8YPS0	foldmason_refine100_osc	lddt	0.693828
A0A7T8YPS0	foldmason_refine100_osc	lddt_columns	725/747
A0A7T8YPS0	foldmason_refine100_rosc	lddt	0.653592
A0A7T8YPS0	foldmason_refine100_rosc	lddt_columns	699/763
A0A7T8YPS0	foldmason_refine100_rosc_osc	lddt	0.713434
A0A7T8YPS0	foldmason_refine100_rosc_osc	lddt_columns	699/763
A0A7T8YPS0	foldmason_refine100_rosc	time	33.88
A0A7T8YPS0	foldmason_refine100	time	34.69
A0A7T8YPS0	foldmason	time	2.22
A0A7T8YPS0	mafft_3di	lddt	0.674278
A0A7T8YPS0	mafft_3di	lddt_columns	682/748
A0A7T8YPS0	mafft_3di_osc	lddt	0.739531
A0A7T8YPS0	mafft_3di_osc	lddt_columns	682/748
A0A7T8YPS0	mafft_3di	time	1.47
A0A7T8YPS0	mafft	lddt	0.609406
A0A7T8YPS0	mafft	lddt_columns	743/814
A0A7T8YPS0	mafft_osc	lddt	0.667640
A0A7T8YPS0	mafft_osc	lddt_columns	743/814
A0A7T8YPS0	mafft	time	5.46
A0A7T8YPS0	matt	lddt	0.060343
A0A7T8YPS0	matt	lddt_columns	1337/5729
A0A7T8YPS0	matt_osc	lddt	0.258566
A0A7T8YPS0	matt_osc	lddt_columns	1337/5729
A0A7T8YPS0	matt	time	5086.31
A0A7T8YPS0	mtmalign	lddt	0.097155
A0A7T8YPS0	mtmalign	lddt_columns	1662/4735
A0A7T8YPS0	mtmalign_osc	lddt	0.276794
A0A7T8YPS0	mtmalign_osc	lddt_columns	1662/4735
A0A7T8YPS0	mtmalign	time	267.67
A0A7T8YPS0	muscle	lddt	0.579480
A0A7T8YPS0	muscle	lddt_columns	725/847
A0A7T8YPS0	muscle_osc	lddt	0.676992
A0A7T8YPS0	muscle_osc	lddt_columns	725/847
A0A7T8YPS0	muscle	time	19.21
A0A7T8YPS0	mustang	lddt	0.473969
A0A7T8YPS0	mustang	lddt_columns	774/1057
A0A7T8YPS0	mustang_osc	lddt	0.647268
A0A7T8YPS0	mustang_osc	lddt_columns	774/1057
A0A7T8YPS0	mustang	time	1172.42
A0A7T8YPS0	usalign	lddt	0.135936
A0A7T8YPS0	usalign	lddt_columns	1731/3721
A0A7T8YPS0	usalign_osc	lddt	0.292212
A0A7T8YPS0	usalign_osc	lddt_columns	1731/3721
A0A7T8YPS0	usalign	time	64.94
A0A7V1EGX4	3dcoffee	lddt	0.475110
A0A7V1EGX4	3dcoffee	lddt_columns	401/539
A0A7V1EGX4	3dcoffee_osc	lddt	0.638614
A0A7V1EGX4	3dcoffee_osc	lddt_columns	401/539
A0A7V1EGX4	3dcoffee	time	553.44
A0A7V1EGX4	caretta	lddt	0.497779
A0A7V1EGX4	caretta	lddt_columns	402/422
A0A7V1EGX4	caretta_osc	lddt	0.522544
A0A7V1EGX4	caretta_osc	lddt_columns	402/422
A0A7V1EGX4	caretta	time	62.84
A0A7V1EGX4	clustalo	lddt	0.532123
A0A7V1EGX4	clustalo	lddt_columns	443/494
A0A7V1EGX4	clustalo_osc	lddt	0.593383
A0A7V1EGX4	clustalo_osc	lddt_columns	443/494
A0A7V1EGX4	clustalo	time	0.57
A0A7V1EGX4	famsa	lddt	0.539820
A0A7V1EGX4	famsa	lddt_columns	404/452
A0A7V1EGX4	famsa_osc	lddt	0.603957
A0A7V1EGX4	famsa_osc	lddt_columns	404/452
A0A7V1EGX4	famsa	time	0.18
A0A7V1EGX4	foldmason_fast	lddt	0.553509
A0A7V1EGX4	foldmason_fast	lddt_columns	426/479
A0A7V1EGX4	foldmason_fast_osc	lddt	0.622373
A0A7V1EGX4	foldmason_fast_osc	lddt_columns	426/479
A0A7V1EGX4	foldmason_fast	time	2.55
A0A7V1EGX4	foldmason	lddt	0.545440
A0A7V1EGX4	foldmason	lddt_columns	410/487
A0A7V1EGX4	foldmason_osc	lddt	0.647877
A0A7V1EGX4	foldmason_osc	lddt_columns	410/487
A0A7V1EGX4	foldmason_refine100	lddt	0.574754
A0A7V1EGX4	foldmason_refine100	lddt_columns	443/471
A0A7V1EGX4	foldmason_refine100_osc	lddt	0.611081
A0A7V1EGX4	foldmason_refine100_osc	lddt_columns	443/471
A0A7V1EGX4	foldmason_refine100_rosc	lddt	0.573072
A0A7V1EGX4	foldmason_refine100_rosc	lddt_columns	406/471
A0A7V1EGX4	foldmason_refine100_rosc_osc	lddt	0.664820
A0A7V1EGX4	foldmason_refine100_rosc_osc	lddt_columns	406/471
A0A7V1EGX4	foldmason_refine100_rosc	time	12.26
A0A7V1EGX4	foldmason_refine100	time	13.57
A0A7V1EGX4	foldmason	time	0.69
A0A7V1EGX4	mafft_3di	lddt	0.542784
A0A7V1EGX4	mafft_3di	lddt_columns	397/489
A0A7V1EGX4	mafft_3di_osc	lddt	0.668568
A0A7V1EGX4	mafft_3di_osc	lddt_columns	397/489
A0A7V1EGX4	mafft_3di	time	0.65
A0A7V1EGX4	mafft	lddt	0.560386
A0A7V1EGX4	mafft	lddt_columns	408/466
A0A7V1EGX4	mafft_osc	lddt	0.640049
A0A7V1EGX4	mafft_osc	lddt_columns	408/466
A0A7V1EGX4	mafft	time	1.11
A0A7V1EGX4	matt	lddt	0.190902
A0A7V1EGX4	matt	lddt_columns	590/1244
A0A7V1EGX4	matt_osc	lddt	0.402511
A0A7V1EGX4	matt_osc	lddt_columns	590/1244
A0A7V1EGX4	matt	time	462.93
A0A7V1EGX4	mtmalign	lddt	0.261652
A0A7V1EGX4	mtmalign	lddt_columns	589/1011
A0A7V1EGX4	mtmalign_osc	lddt	0.449117
A0A7V1EGX4	mtmalign_osc	lddt_columns	589/1011
A0A7V1EGX4	mtmalign	time	52.25
A0A7V1EGX4	muscle	lddt	0.456848
A0A7V1EGX4	muscle	lddt_columns	370/546
A0A7V1EGX4	muscle_osc	lddt	0.674159
A0A7V1EGX4	muscle_osc	lddt_columns	370/546
A0A7V1EGX4	muscle	time	5.46
A0A7V1EGX4	mustang	lddt	0.433391
A0A7V1EGX4	mustang	lddt_columns	422/610
A0A7V1EGX4	mustang_osc	lddt	0.626466
A0A7V1EGX4	mustang_osc	lddt_columns	422/610
A0A7V1EGX4	mustang	time	284.05
A0A7V1EGX4	usalign	lddt	0.346075
A0A7V1EGX4	usalign	lddt_columns	532/749
A0A7V1EGX4	usalign_osc	lddt	0.487237
A0A7V1EGX4	usalign_osc	lddt_columns	532/749
A0A7V1EGX4	usalign	time	25.31
A0A7V2HZ10	3dcoffee	lddt	0.546362
A0A7V2HZ10	3dcoffee	lddt_columns	476/536
A0A7V2HZ10	3dcoffee_osc	lddt	0.615232
A0A7V2HZ10	3dcoffee_osc	lddt_columns	476/536
A0A7V2HZ10	3dcoffee	time	977.38
A0A7V2HZ10	caretta	lddt	0.663660
A0A7V2HZ10	caretta	lddt_columns	460/492
A0A7V2HZ10	caretta_osc	lddt	0.709828
A0A7V2HZ10	caretta_osc	lddt_columns	460/492
A0A7V2HZ10	caretta	time	78.70
A0A7V2HZ10	clustalo	lddt	0.665366
A0A7V2HZ10	clustalo	lddt_columns	448/497
A0A7V2HZ10	clustalo_osc	lddt	0.738141
A0A7V2HZ10	clustalo_osc	lddt_columns	448/497
A0A7V2HZ10	clustalo	time	0.81
A0A7V2HZ10	famsa	lddt	0.675254
A0A7V2HZ10	famsa	lddt_columns	443/494
A0A7V2HZ10	famsa_osc	lddt	0.752993
A0A7V2HZ10	famsa_osc	lddt_columns	443/494
A0A7V2HZ10	famsa	time	0.22
A0A7V2HZ10	foldmason_fast	lddt	0.697414
A0A7V2HZ10	foldmason_fast	lddt_columns	447/483
A0A7V2HZ10	foldmason_fast_osc	lddt	0.753582
A0A7V2HZ10	foldmason_fast_osc	lddt_columns	447/483
A0A7V2HZ10	foldmason_fast	time	2.33
A0A7V2HZ10	foldmason	lddt	0.700552
A0A7V2HZ10	foldmason	lddt_columns	445/486
A0A7V2HZ10	foldmason_osc	lddt	0.765097
A0A7V2HZ10	foldmason_osc	lddt_columns	445/486
A0A7V2HZ10	foldmason_refine100	lddt	0.703457
A0A7V2HZ10	foldmason_refine100	lddt_columns	453/485
A0A7V2HZ10	foldmason_refine100_osc	lddt	0.753150
A0A7V2HZ10	foldmason_refine100_osc	lddt_columns	453/485
A0A7V2HZ10	foldmason_refine100_rosc	lddt	0.699040
A0A7V2HZ10	foldmason_refine100_rosc	lddt_columns	444/487
A0A7V2HZ10	foldmason_refine100_rosc_osc	lddt	0.766740
A0A7V2HZ10	foldmason_refine100_rosc_osc	lddt_columns	444/487
A0A7V2HZ10	foldmason_refine100_rosc	time	19.47
A0A7V2HZ10	foldmason_refine100	time	21.00
A0A7V2HZ10	foldmason	time	1.11
A0A7V2HZ10	mafft_3di	lddt	0.703154
A0A7V2HZ10	mafft_3di	lddt_columns	441/485
A0A7V2HZ10	mafft_3di_osc	lddt	0.773309
A0A7V2HZ10	mafft_3di_osc	lddt_columns	441/485
A0A7V2HZ10	mafft_3di	time	0.89
A0A7V2HZ10	mafft	lddt	0.622335
A0A7V2HZ10	mafft	lddt_columns	459/539
A0A7V2HZ10	mafft_osc	lddt	0.730803
A0A7V2HZ10	mafft_osc	lddt_columns	459/539
A0A7V2HZ10	mafft	time	1.66
A0A7V2HZ10	matt	lddt	0.328045
A0A7V2HZ10	matt	lddt_columns	558/1004
A0A7V2HZ10	matt_osc	lddt	0.590246
A0A7V2HZ10	matt_osc	lddt_columns	558/1004
A0A7V2HZ10	matt	time	1233.45
A0A7V2HZ10	mtmalign	lddt	0.339129
A0A7V2HZ10	mtmalign	lddt_columns	529/990
A0A7V2HZ10	mtmalign_osc	lddt	0.634666
A0A7V2HZ10	mtmalign_osc	lddt_columns	529/990
A0A7V2HZ10	mtmalign	time	94.09
A0A7V2HZ10	muscle	lddt	0.595108
A0A7V2HZ10	muscle	lddt_columns	453/561
A0A7V2HZ10	muscle_osc	lddt	0.736988
A0A7V2HZ10	muscle_osc	lddt_columns	453/561
A0A7V2HZ10	muscle	time	9.50
A0A7V2HZ10	mustang	lddt	0.583228
A0A7V2HZ10	mustang	lddt_columns	454/593
A0A7V2HZ10	mustang_osc	lddt	0.761793
A0A7V2HZ10	mustang_osc	lddt_columns	454/593
A0A7V2HZ10	mustang	time	289.44
A0A7V2HZ10	usalign	lddt	0.496364
A0A7V2HZ10	usalign	lddt_columns	481/681
A0A7V2HZ10	usalign_osc	lddt	0.702753
A0A7V2HZ10	usalign_osc	lddt_columns	481/681
A0A7V2HZ10	usalign	time	40.21
A0A7V2MEE1	3dcoffee	lddt	0.786434
A0A7V2MEE1	3dcoffee	lddt_columns	161/174
A0A7V2MEE1	3dcoffee_osc	lddt	0.849935
A0A7V2MEE1	3dcoffee_osc	lddt_columns	161/174
A0A7V2MEE1	3dcoffee	time	279.82
A0A7V2MEE1	caretta	lddt	0.808680
A0A7V2MEE1	caretta	lddt_columns	160/169
A0A7V2MEE1	caretta_osc	lddt	0.854168
A0A7V2MEE1	caretta_osc	lddt_columns	160/169
A0A7V2MEE1	caretta	time	47.72
A0A7V2MEE1	clustalo	lddt	0.736178
A0A7V2MEE1	clustalo	lddt_columns	171/185
A0A7V2MEE1	clustalo_osc	lddt	0.796450
A0A7V2MEE1	clustalo_osc	lddt_columns	171/185
A0A7V2MEE1	clustalo	time	0.09
A0A7V2MEE1	famsa	lddt	0.752869
A0A7V2MEE1	famsa	lddt_columns	160/177
A0A7V2MEE1	famsa_osc	lddt	0.832862
A0A7V2MEE1	famsa_osc	lddt_columns	160/177
A0A7V2MEE1	famsa	time	0.06
A0A7V2MEE1	foldmason_fast	lddt	0.806090
A0A7V2MEE1	foldmason_fast	lddt_columns	163/166
A0A7V2MEE1	foldmason_fast_osc	lddt	0.820926
A0A7V2MEE1	foldmason_fast_osc	lddt_columns	163/166
A0A7V2MEE1	foldmason_fast	time	1.55
A0A7V2MEE1	foldmason	lddt	0.809697
A0A7V2MEE1	foldmason	lddt_columns	163/167
A0A7V2MEE1	foldmason_osc	lddt	0.829567
A0A7V2MEE1	foldmason_osc	lddt_columns	163/167
A0A7V2MEE1	foldmason_refine100	lddt	0.812227
A0A7V2MEE1	foldmason_refine100	lddt_columns	164/167
A0A7V2MEE1	foldmason_refine100_osc	lddt	0.827084
A0A7V2MEE1	foldmason_refine100_osc	lddt_columns	164/167
A0A7V2MEE1	foldmason_refine100_rosc	lddt	0.811308
A0A7V2MEE1	foldmason_refine100_rosc	lddt_columns	163/167
A0A7V2MEE1	foldmason_refine100_rosc_osc	lddt	0.831217
A0A7V2MEE1	foldmason_refine100_rosc_osc	lddt_columns	163/167
A0A7V2MEE1	foldmason_refine100_rosc	time	4.66
A0A7V2MEE1	foldmason_refine100	time	4.48
A0A7V2MEE1	foldmason	time	8.79
A0A7V2MEE1	mafft_3di	lddt	0.804417
A0A7V2MEE1	mafft_3di	lddt_columns	162/169
A0A7V2MEE1	mafft_3di_osc	lddt	0.839176
A0A7V2MEE1	mafft_3di_osc	lddt_columns	162/169
A0A7V2MEE1	mafft_3di	time	0.30
A0A7V2MEE1	mafft	lddt	0.721032
A0A7V2MEE1	mafft	lddt_columns	171/187
A0A7V2MEE1	mafft_osc	lddt	0.788497
A0A7V2MEE1	mafft_osc	lddt_columns	171/187
A0A7V2MEE1	mafft	time	0.33
A0A7V2MEE1	matt	lddt	0.614724
A0A7V2MEE1	matt	lddt_columns	178/227
A0A7V2MEE1	matt_osc	lddt	0.783946
A0A7V2MEE1	matt_osc	lddt_columns	178/227
A0A7V2MEE1	matt	time	95.03
A0A7V2MEE1	mtmalign	lddt	0.599197
A0A7V2MEE1	mtmalign	lddt_columns	185/236
A0A7V2MEE1	mtmalign_osc	lddt	0.764381
A0A7V2MEE1	mtmalign_osc	lddt_columns	185/236
A0A7V2MEE1	mtmalign	time	18.20
A0A7V2MEE1	muscle	lddt	0.698758
A0A7V2MEE1	muscle	lddt_columns	174/193
A0A7V2MEE1	muscle_osc	lddt	0.775059
A0A7V2MEE1	muscle_osc	lddt_columns	174/193
A0A7V2MEE1	muscle	time	1.25
A0A7V2MEE1	mustang	lddt	0.683553
A0A7V2MEE1	mustang	lddt_columns	167/202
A0A7V2MEE1	mustang_osc	lddt	0.826812
A0A7V2MEE1	mustang_osc	lddt_columns	167/202
A0A7V2MEE1	mustang	time	35.30
A0A7V2MEE1	usalign	lddt	0.703219
A0A7V2MEE1	usalign	lddt_columns	177/199
A0A7V2MEE1	usalign_osc	lddt	0.790625
A0A7V2MEE1	usalign_osc	lddt_columns	177/199
A0A7V2MEE1	usalign	time	4.59
A0A7V2NG30	3dcoffee	lddt	0.306333
A0A7V2NG30	3dcoffee	lddt_columns	649/936
A0A7V2NG30	3dcoffee_osc	lddt	0.441800
A0A7V2NG30	3dcoffee_osc	lddt_columns	649/936
A0A7V2NG30	3dcoffee	time	886.01
A0A7V2NG30	caretta	lddt	0.366602
A0A7V2NG30	caretta	lddt_columns	495/509
A0A7V2NG30	caretta_osc	lddt	0.376971
A0A7V2NG30	caretta_osc	lddt_columns	495/509
A0A7V2NG30	caretta	time	80.81
A0A7V2NG30	clustalo	lddt	0.252237
A0A7V2NG30	clustalo	lddt_columns	853/996
A0A7V2NG30	clustalo_osc	lddt	0.294523
A0A7V2NG30	clustalo_osc	lddt_columns	853/996
A0A7V2NG30	clustalo	time	1.57
A0A7V2NG30	famsa	lddt	0.269955
A0A7V2NG30	famsa	lddt_columns	569/789
A0A7V2NG30	famsa_osc	lddt	0.374331
A0A7V2NG30	famsa_osc	lddt_columns	569/789
A0A7V2NG30	famsa	time	0.25
A0A7V2NG30	foldmason_fast	lddt	0.347682
A0A7V2NG30	foldmason_fast	lddt_columns	593/733
A0A7V2NG30	foldmason_fast_osc	lddt	0.429766
A0A7V2NG30	foldmason_fast_osc	lddt_columns	593/733
A0A7V2NG30	foldmason_fast	time	1.48
A0A7V2NG30	foldmason	lddt	0.386669
A0A7V2NG30	foldmason	lddt_columns	609/680
A0A7V2NG30	foldmason_osc	lddt	0.431749
A0A7V2NG30	foldmason_osc	lddt_columns	609/680
A0A7V2NG30	foldmason_refine100	lddt	0.396658
A0A7V2NG30	foldmason_refine100	lddt_columns	630/671
A0A7V2NG30	foldmason_refine100_osc	lddt	0.422472
A0A7V2NG30	foldmason_refine100_osc	lddt_columns	630/671
A0A7V2NG30	foldmason_refine100_rosc	lddt	0.381612
A0A7V2NG30	foldmason_refine100_rosc	lddt_columns	604/689
A0A7V2NG30	foldmason_refine100_rosc_osc	lddt	0.435316
A0A7V2NG30	foldmason_refine100_rosc_osc	lddt_columns	604/689
A0A7V2NG30	foldmason_refine100_rosc	time	19.18
A0A7V2NG30	foldmason_refine100	time	21.76
A0A7V2NG30	foldmason	time	1.30
A0A7V2NG30	mafft_3di	lddt	0.341322
A0A7V2NG30	mafft_3di	lddt_columns	587/805
A0A7V2NG30	mafft_3di_osc	lddt	0.468082
A0A7V2NG30	mafft_3di_osc	lddt_columns	587/805
A0A7V2NG30	mafft_3di	time	1.48
A0A7V2NG30	mafft	lddt	0.220373
A0A7V2NG30	mafft	lddt_columns	743/1051
A0A7V2NG30	mafft_osc	lddt	0.311726
A0A7V2NG30	mafft_osc	lddt_columns	743/1051
A0A7V2NG30	mafft	time	3.08
A0A7V2NG30	matt	lddt	0.026978
A0A7V2NG30	matt	lddt_columns	887/5484
A0A7V2NG30	matt_osc	lddt	0.166797
A0A7V2NG30	matt_osc	lddt_columns	887/5484
A0A7V2NG30	matt	time	3023.58
A0A7V2NG30	mtmalign	lddt	0.081621
A0A7V2NG30	mtmalign	lddt_columns	1470/3873
A0A7V2NG30	mtmalign_osc	lddt	0.215047
A0A7V2NG30	mtmalign_osc	lddt_columns	1470/3873
A0A7V2NG30	mtmalign	time	117.32
A0A7V2NG30	muscle	lddt	0.162612
A0A7V2NG30	muscle	lddt_columns	734/1380
A0A7V2NG30	muscle_osc	lddt	0.305728
A0A7V2NG30	muscle_osc	lddt_columns	734/1380
A0A7V2NG30	muscle	time	10.80
A0A7V2NG30	mustang	lddt	0.232747
A0A7V2NG30	mustang	lddt_columns	702/1199
A0A7V2NG30	mustang_osc	lddt	0.397526
A0A7V2NG30	mustang_osc	lddt_columns	702/1199
A0A7V2NG30	mustang	time	2305.06
A0A7V2NG30	usalign	lddt	0.094760
A0A7V2NG30	usalign	lddt_columns	1434/3260
A0A7V2NG30	usalign_osc	lddt	0.215423
A0A7V2NG30	usalign_osc	lddt_columns	1434/3260
A0A7V2NG30	usalign	time	30.62
A0A7V2RPF0	3dcoffee	lddt	0.480929
A0A7V2RPF0	3dcoffee	lddt_columns	385/436
A0A7V2RPF0	3dcoffee_osc	lddt	0.544637
A0A7V2RPF0	3dcoffee_osc	lddt_columns	385/436
A0A7V2RPF0	3dcoffee	time	670.86
A0A7V2RPF0	caretta	lddt	0.423088
A0A7V2RPF0	caretta	lddt_columns	404/419
A0A7V2RPF0	caretta_osc	lddt	0.438797
A0A7V2RPF0	caretta_osc	lddt_columns	404/419
A0A7V2RPF0	caretta	time	69.19
A0A7V2RPF0	clustalo	lddt	0.443928
A0A7V2RPF0	clustalo	lddt_columns	468/533
A0A7V2RPF0	clustalo_osc	lddt	0.505584
A0A7V2RPF0	clustalo_osc	lddt_columns	468/533
A0A7V2RPF0	clustalo	time	0.76
A0A7V2RPF0	famsa	lddt	0.479228
A0A7V2RPF0	famsa	lddt_columns	410/476
A0A7V2RPF0	famsa_osc	lddt	0.556372
A0A7V2RPF0	famsa_osc	lddt_columns	410/476
A0A7V2RPF0	famsa	time	0.20
A0A7V2RPF0	foldmason_fast	lddt	0.516690
A0A7V2RPF0	foldmason_fast	lddt_columns	450/472
A0A7V2RPF0	foldmason_fast_osc	lddt	0.541951
A0A7V2RPF0	foldmason_fast_osc	lddt_columns	450/472
A0A7V2RPF0	foldmason_fast	time	1.86
A0A7V2RPF0	foldmason	lddt	0.532451
A0A7V2RPF0	foldmason	lddt_columns	452/462
A0A7V2RPF0	foldmason_osc	lddt	0.544231
A0A7V2RPF0	foldmason_osc	lddt_columns	452/462
A0A7V2RPF0	foldmason_refine100	lddt	0.539463
A0A7V2RPF0	foldmason_refine100	lddt_columns	454/455
A0A7V2RPF0	foldmason_refine100_osc	lddt	0.540651
A0A7V2RPF0	foldmason_refine100_osc	lddt_columns	454/455
A0A7V2RPF0	foldmason_refine100_rosc	lddt	0.502262
A0A7V2RPF0	foldmason_refine100_rosc	lddt_columns	441/484
A0A7V2RPF0	foldmason_refine100_rosc_osc	lddt	0.551236
A0A7V2RPF0	foldmason_refine100_rosc_osc	lddt_columns	441/484
A0A7V2RPF0	foldmason_refine100_rosc	time	49.00
A0A7V2RPF0	foldmason_refine100	time	19.30
A0A7V2RPF0	foldmason	time	0.89
A0A7V2RPF0	mafft_3di	lddt	0.456054
A0A7V2RPF0	mafft_3di	lddt_columns	438/557
A0A7V2RPF0	mafft_3di_osc	lddt	0.579959
A0A7V2RPF0	mafft_3di_osc	lddt_columns	438/557
A0A7V2RPF0	mafft_3di	time	1.02
A0A7V2RPF0	mafft	lddt	0.446841
A0A7V2RPF0	mafft	lddt_columns	474/539
A0A7V2RPF0	mafft_osc	lddt	0.508117
A0A7V2RPF0	mafft_osc	lddt_columns	474/539
A0A7V2RPF0	mafft	time	2.26
A0A7V2RPF0	matt	lddt	0.041389
A0A7V2RPF0	matt	lddt_columns	858/3889
A0A7V2RPF0	matt_osc	lddt	0.187599
A0A7V2RPF0	matt_osc	lddt_columns	858/3889
A0A7V2RPF0	matt	time	2546.61
A0A7V2RPF0	mtmalign	lddt	0.127257
A0A7V2RPF0	mtmalign	lddt_columns	1042/2240
A0A7V2RPF0	mtmalign_osc	lddt	0.273566
A0A7V2RPF0	mtmalign_osc	lddt_columns	1042/2240
A0A7V2RPF0	mtmalign	time	68.55
A0A7V2RPF0	muscle	lddt	0.362620
A0A7V2RPF0	muscle	lddt_columns	421/637
A0A7V2RPF0	muscle_osc	lddt	0.548668
A0A7V2RPF0	muscle_osc	lddt_columns	421/637
A0A7V2RPF0	muscle	time	7.68
A0A7V2RPF0	mustang	lddt	0.314404
A0A7V2RPF0	mustang	lddt_columns	517/829
A0A7V2RPF0	mustang_osc	lddt	0.504141
A0A7V2RPF0	mustang_osc	lddt_columns	517/829
A0A7V2RPF0	mustang	time	663.04
A0A7V2RPF0	usalign	lddt	0.131058
A0A7V2RPF0	usalign	lddt_columns	1175/2143
A0A7V2RPF0	usalign_osc	lddt	0.239028
A0A7V2RPF0	usalign_osc	lddt_columns	1175/2143
A0A7V2RPF0	usalign	time	23.83
A0A7V3QYX8	3dcoffee	lddt	0.321888
A0A7V3QYX8	3dcoffee	lddt_columns	425/614
A0A7V3QYX8	3dcoffee_osc	lddt	0.465033
A0A7V3QYX8	3dcoffee_osc	lddt_columns	425/614
A0A7V3QYX8	3dcoffee	time	539.52
A0A7V3QYX8	caretta	lddt	0.365956
A0A7V3QYX8	caretta	lddt_columns	365/374
A0A7V3QYX8	caretta_osc	lddt	0.374980
A0A7V3QYX8	caretta_osc	lddt_columns	365/374
A0A7V3QYX8	caretta	time	116.09
A0A7V3QYX8	clustalo	lddt	0.263160
A0A7V3QYX8	clustalo	lddt_columns	648/695
A0A7V3QYX8	clustalo_osc	lddt	0.282248
A0A7V3QYX8	clustalo_osc	lddt_columns	648/695
A0A7V3QYX8	clustalo	time	0.64
A0A7V3QYX8	famsa	lddt	0.274199
A0A7V3QYX8	famsa	lddt_columns	391/494
A0A7V3QYX8	famsa_osc	lddt	0.346430
A0A7V3QYX8	famsa_osc	lddt_columns	391/494
A0A7V3QYX8	famsa	time	0.20
A0A7V3QYX8	foldmason_fast	lddt	0.392305
A0A7V3QYX8	foldmason_fast	lddt_columns	431/453
A0A7V3QYX8	foldmason_fast_osc	lddt	0.412330
A0A7V3QYX8	foldmason_fast_osc	lddt_columns	431/453
A0A7V3QYX8	foldmason_fast	time	0.77
A0A7V3QYX8	foldmason	lddt	0.384965
A0A7V3QYX8	foldmason	lddt_columns	422/467
A0A7V3QYX8	foldmason_osc	lddt	0.426015
A0A7V3QYX8	foldmason_osc	lddt_columns	422/467
A0A7V3QYX8	foldmason_refine100	lddt	0.402080
A0A7V3QYX8	foldmason_refine100	lddt_columns	448/453
A0A7V3QYX8	foldmason_refine100_osc	lddt	0.406568
A0A7V3QYX8	foldmason_refine100_osc	lddt_columns	448/453
A0A7V3QYX8	foldmason_refine100_rosc	lddt	0.347982
A0A7V3QYX8	foldmason_refine100_rosc	lddt_columns	406/506
A0A7V3QYX8	foldmason_refine100_rosc_osc	lddt	0.433692
A0A7V3QYX8	foldmason_refine100_rosc_osc	lddt_columns	406/506
A0A7V3QYX8	foldmason_refine100_rosc	time	13.95
A0A7V3QYX8	foldmason_refine100	time	13.85
A0A7V3QYX8	foldmason	time	0.70
A0A7V3QYX8	mafft_3di	lddt	0.361292
A0A7V3QYX8	mafft_3di	lddt_columns	398/515
A0A7V3QYX8	mafft_3di_osc	lddt	0.467501
A0A7V3QYX8	mafft_3di_osc	lddt_columns	398/515
A0A7V3QYX8	mafft_3di	time	1.59
A0A7V3QYX8	mafft	lddt	0.256161
A0A7V3QYX8	mafft	lddt_columns	616/671
A0A7V3QYX8	mafft_osc	lddt	0.279033
A0A7V3QYX8	mafft_osc	lddt_columns	616/671
A0A7V3QYX8	mafft	time	3.43
A0A7V3QYX8	matt	lddt	0.041703
A0A7V3QYX8	matt	lddt_columns	709/3121
A0A7V3QYX8	matt_osc	lddt	0.183576
A0A7V3QYX8	matt_osc	lddt_columns	709/3121
A0A7V3QYX8	matt	time	861.86
A0A7V3QYX8	mtmalign	lddt	0.092751
A0A7V3QYX8	mtmalign	lddt_columns	844/2201
A0A7V3QYX8	mtmalign_osc	lddt	0.241878
A0A7V3QYX8	mtmalign_osc	lddt_columns	844/2201
A0A7V3QYX8	mtmalign	time	44.04
A0A7V3QYX8	muscle	lddt	0.182984
A0A7V3QYX8	muscle	lddt_columns	557/870
A0A7V3QYX8	muscle_osc	lddt	0.285810
A0A7V3QYX8	muscle_osc	lddt_columns	557/870
A0A7V3QYX8	muscle	time	8.03
A0A7V3QYX8	mustang	lddt	0.231275
A0A7V3QYX8	mustang	lddt_columns	476/820
A0A7V3QYX8	mustang_osc	lddt	0.398416
A0A7V3QYX8	mustang_osc	lddt_columns	476/820
A0A7V3QYX8	mustang	time	685.39
A0A7V3QYX8	usalign	lddt	0.118153
A0A7V3QYX8	usalign	lddt_columns	844/1792
A0A7V3QYX8	usalign_osc	lddt	0.250864
A0A7V3QYX8	usalign_osc	lddt_columns	844/1792
A0A7V3QYX8	usalign	time	14.84
A0A7V3RQS4	3dcoffee	lddt	0.431524
A0A7V3RQS4	3dcoffee	lddt_columns	689/955
A0A7V3RQS4	3dcoffee_osc	lddt	0.598121
A0A7V3RQS4	3dcoffee_osc	lddt_columns	689/955
A0A7V3RQS4	3dcoffee	time	1319.01
A0A7V3RQS4	caretta	lddt	0.438105
A0A7V3RQS4	caretta	lddt_columns	596/606
A0A7V3RQS4	caretta_osc	lddt	0.445455
A0A7V3RQS4	caretta_osc	lddt_columns	596/606
A0A7V3RQS4	caretta	time	161.67
A0A7V3RQS4	clustalo	lddt	0.375199
A0A7V3RQS4	clustalo	lddt_columns	981/1104
A0A7V3RQS4	clustalo_osc	lddt	0.422243
A0A7V3RQS4	clustalo_osc	lddt_columns	981/1104
A0A7V3RQS4	clustalo	time	1.16
A0A7V3RQS4	famsa	lddt	0.467761
A0A7V3RQS4	famsa	lddt_columns	695/763
A0A7V3RQS4	famsa_osc	lddt	0.513527
A0A7V3RQS4	famsa_osc	lddt_columns	695/763
A0A7V3RQS4	famsa	time	0.27
A0A7V3RQS4	foldmason_fast	lddt	0.493319
A0A7V3RQS4	foldmason_fast	lddt_columns	761/815
A0A7V3RQS4	foldmason_fast_osc	lddt	0.528325
A0A7V3RQS4	foldmason_fast_osc	lddt_columns	761/815
A0A7V3RQS4	foldmason_fast	time	1.94
A0A7V3RQS4	foldmason	lddt	0.524070
A0A7V3RQS4	foldmason	lddt_columns	719/747
A0A7V3RQS4	foldmason_osc	lddt	0.544479
A0A7V3RQS4	foldmason_osc	lddt_columns	719/747
A0A7V3RQS4	foldmason_refine100	lddt	0.526037
A0A7V3RQS4	foldmason_refine100	lddt_columns	733/746
A0A7V3RQS4	foldmason_refine100_osc	lddt	0.535366
A0A7V3RQS4	foldmason_refine100_osc	lddt_columns	733/746
A0A7V3RQS4	foldmason_refine100_rosc	lddt	0.498122
A0A7V3RQS4	foldmason_refine100_rosc	lddt_columns	705/784
A0A7V3RQS4	foldmason_refine100_rosc_osc	lddt	0.553940
A0A7V3RQS4	foldmason_refine100_rosc_osc	lddt_columns	705/784
A0A7V3RQS4	foldmason_refine100_rosc	time	36.48
A0A7V3RQS4	foldmason_refine100	time	32.66
A0A7V3RQS4	foldmason	time	1.66
A0A7V3RQS4	mafft_3di	lddt	0.467956
A0A7V3RQS4	mafft_3di	lddt_columns	693/864
A0A7V3RQS4	mafft_3di_osc	lddt	0.583425
A0A7V3RQS4	mafft_3di_osc	lddt_columns	693/864
A0A7V3RQS4	mafft_3di	time	1.43
A0A7V3RQS4	mafft	lddt	0.454531
A0A7V3RQS4	mafft	lddt_columns	752/846
A0A7V3RQS4	mafft_osc	lddt	0.511348
A0A7V3RQS4	mafft_osc	lddt_columns	752/846
A0A7V3RQS4	mafft	time	2.88
A0A7V3RQS4	matt	lddt	0.040704
A0A7V3RQS4	matt	lddt_columns	1292/6193
A0A7V3RQS4	matt_osc	lddt	0.195107
A0A7V3RQS4	matt_osc	lddt_columns	1292/6193
A0A7V3RQS4	matt	time	9171.38
A0A7V3RQS4	mtmalign	lddt	0.101146
A0A7V3RQS4	mtmalign	lddt_columns	1633/4326
A0A7V3RQS4	mtmalign_osc	lddt	0.267946
A0A7V3RQS4	mtmalign_osc	lddt_columns	1633/4326
A0A7V3RQS4	mtmalign	time	210.72
A0A7V3RQS4	muscle	lddt	0.320121
A0A7V3RQS4	muscle	lddt_columns	688/1152
A0A7V3RQS4	muscle_osc	lddt	0.536017
A0A7V3RQS4	muscle_osc	lddt_columns	688/1152
A0A7V3RQS4	muscle	time	15.14
A0A7V3RQS4	mustang	lddt	0.286691
A0A7V3RQS4	mustang	lddt_columns	797/1445
A0A7V3RQS4	mustang_osc	lddt	0.519785
A0A7V3RQS4	mustang_osc	lddt_columns	797/1445
A0A7V3RQS4	mustang	time	4162.77
A0A7V3RQS4	usalign	lddt	0.129117
A0A7V3RQS4	usalign	lddt_columns	1659/3404
A0A7V3RQS4	usalign_osc	lddt	0.264928
A0A7V3RQS4	usalign_osc	lddt_columns	1659/3404
A0A7V3RQS4	usalign	time	57.74
A0A7V9HBP6	3dcoffee	lddt	0.689082
A0A7V9HBP6	3dcoffee	lddt_columns	178/184
A0A7V9HBP6	3dcoffee_osc	lddt	0.712309
A0A7V9HBP6	3dcoffee_osc	lddt_columns	178/184
A0A7V9HBP6	3dcoffee	time	282.76
A0A7V9HBP6	caretta	lddt	0.693761
A0A7V9HBP6	caretta	lddt_columns	177/179
A0A7V9HBP6	caretta_osc	lddt	0.701600
A0A7V9HBP6	caretta_osc	lddt_columns	177/179
A0A7V9HBP6	caretta	time	68.76
A0A7V9HBP6	clustalo	lddt	0.533517
A0A7V9HBP6	clustalo	lddt_columns	190/212
A0A7V9HBP6	clustalo_osc	lddt	0.595293
A0A7V9HBP6	clustalo_osc	lddt_columns	190/212
A0A7V9HBP6	clustalo	time	0.16
A0A7V9HBP6	famsa	lddt	0.558118
A0A7V9HBP6	famsa	lddt_columns	181/202
A0A7V9HBP6	famsa_osc	lddt	0.622872
A0A7V9HBP6	famsa_osc	lddt_columns	181/202
A0A7V9HBP6	famsa	time	0.08
A0A7V9HBP6	foldmason_fast	lddt	0.689281
A0A7V9HBP6	foldmason_fast	lddt_columns	176/176
A0A7V9HBP6	foldmason_fast_osc	lddt	0.689281
A0A7V9HBP6	foldmason_fast_osc	lddt_columns	176/176
A0A7V9HBP6	foldmason_fast	time	0.46
A0A7V9HBP6	foldmason	lddt	0.678886
A0A7V9HBP6	foldmason	lddt_columns	183/183
A0A7V9HBP6	foldmason_osc	lddt	0.678886
A0A7V9HBP6	foldmason_osc	lddt_columns	183/183
A0A7V9HBP6	foldmason_refine100	lddt	0.679422
A0A7V9HBP6	foldmason_refine100	lddt_columns	183/183
A0A7V9HBP6	foldmason_refine100_osc	lddt	0.679422
A0A7V9HBP6	foldmason_refine100_osc	lddt_columns	183/183
A0A7V9HBP6	foldmason_refine100_rosc	lddt	0.679422
A0A7V9HBP6	foldmason_refine100_rosc	lddt_columns	183/183
A0A7V9HBP6	foldmason_refine100_rosc_osc	lddt	0.679422
A0A7V9HBP6	foldmason_refine100_rosc_osc	lddt_columns	183/183
A0A7V9HBP6	foldmason_refine100_rosc	time	5.02
A0A7V9HBP6	foldmason_refine100	time	5.01
A0A7V9HBP6	foldmason	time	0.29
A0A7V9HBP6	mafft_3di	lddt	0.680150
A0A7V9HBP6	mafft_3di	lddt_columns	171/178
A0A7V9HBP6	mafft_3di_osc	lddt	0.707993
A0A7V9HBP6	mafft_3di_osc	lddt_columns	171/178
A0A7V9HBP6	mafft_3di	time	0.33
A0A7V9HBP6	mafft	lddt	0.605285
A0A7V9HBP6	mafft	lddt_columns	181/193
A0A7V9HBP6	mafft_osc	lddt	0.645414
A0A7V9HBP6	mafft_osc	lddt_columns	181/193
A0A7V9HBP6	mafft	time	0.42
A0A7V9HBP6	matt	lddt	0.425087
A0A7V9HBP6	matt	lddt_columns	201/287
A0A7V9HBP6	matt_osc	lddt	0.606965
A0A7V9HBP6	matt_osc	lddt_columns	201/287
A0A7V9HBP6	matt	time	845.00
A0A7V9HBP6	mtmalign	lddt	0.459293
A0A7V9HBP6	mtmalign	lddt_columns	201/279
A0A7V9HBP6	mtmalign_osc	lddt	0.637526
A0A7V9HBP6	mtmalign_osc	lddt_columns	201/279
A0A7V9HBP6	mtmalign	time	15.80
A0A7V9HBP6	muscle	lddt	0.536974
A0A7V9HBP6	muscle	lddt_columns	179/210
A0A7V9HBP6	muscle_osc	lddt	0.629970
A0A7V9HBP6	muscle_osc	lddt_columns	179/210
A0A7V9HBP6	muscle	time	2.09
A0A7V9HBP6	mustang	lddt	0.484529
A0A7V9HBP6	mustang	lddt_columns	182/250
A0A7V9HBP6	mustang_osc	lddt	0.665562
A0A7V9HBP6	mustang_osc	lddt_columns	182/250
A0A7V9HBP6	mustang	time	75.71
A0A7V9HBP6	usalign	lddt	0.606347
A0A7V9HBP6	usalign	lddt_columns	185/210
A0A7V9HBP6	usalign_osc	lddt	0.688286
A0A7V9HBP6	usalign_osc	lddt_columns	185/210
A0A7V9HBP6	usalign	time	6.24
A0A7W0UR24	3dcoffee	lddt	0.853568
A0A7W0UR24	3dcoffee	lddt_columns	168/177
A0A7W0UR24	3dcoffee_osc	lddt	0.899295
A0A7W0UR24	3dcoffee_osc	lddt_columns	168/177
A0A7W0UR24	3dcoffee	time	291.45
A0A7W0UR24	caretta	lddt	0.769200
A0A7W0UR24	caretta	lddt_columns	177/186
A0A7W0UR24	caretta_osc	lddt	0.808312
A0A7W0UR24	caretta_osc	lddt_columns	177/186
A0A7W0UR24	caretta	time	86.18
A0A7W0UR24	clustalo	lddt	0.722183
A0A7W0UR24	clustalo	lddt_columns	172/207
A0A7W0UR24	clustalo_osc	lddt	0.869138
A0A7W0UR24	clustalo_osc	lddt_columns	172/207
A0A7W0UR24	clustalo	time	0.10
A0A7W0UR24	famsa	lddt	0.717324
A0A7W0UR24	famsa	lddt_columns	169/208
A0A7W0UR24	famsa_osc	lddt	0.882860
A0A7W0UR24	famsa_osc	lddt_columns	169/208
A0A7W0UR24	famsa	time	0.07
A0A7W0UR24	foldmason_fast	lddt	0.816951
A0A7W0UR24	foldmason_fast	lddt_columns	171/185
A0A7W0UR24	foldmason_fast_osc	lddt	0.883836
A0A7W0UR24	foldmason_fast_osc	lddt_columns	171/185
A0A7W0UR24	foldmason_fast	time	0.67
A0A7W0UR24	foldmason	lddt	0.793672
A0A7W0UR24	foldmason	lddt_columns	176/186
A0A7W0UR24	foldmason_osc	lddt	0.838767
A0A7W0UR24	foldmason_osc	lddt_columns	176/186
A0A7W0UR24	foldmason_refine100	lddt	0.795660
A0A7W0UR24	foldmason_refine100	lddt_columns	176/186
A0A7W0UR24	foldmason_refine100_osc	lddt	0.840868
A0A7W0UR24	foldmason_refine100_osc	lddt_columns	176/186
A0A7W0UR24	foldmason_refine100_rosc	lddt	0.776212
A0A7W0UR24	foldmason_refine100_rosc	lddt_columns	172/190
A0A7W0UR24	foldmason_refine100_rosc_osc	lddt	0.857443
A0A7W0UR24	foldmason_refine100_rosc_osc	lddt_columns	172/190
A0A7W0UR24	foldmason_refine100_rosc	time	3.59
A0A7W0UR24	foldmason_refine100	time	3.64
A0A7W0UR24	foldmason	time	0.26
A0A7W0UR24	mafft_3di	lddt	0.853588
A0A7W0UR24	mafft_3di	lddt_columns	168/177
A0A7W0UR24	mafft_3di_osc	lddt	0.899316
A0A7W0UR24	mafft_3di_osc	lddt_columns	168/177
A0A7W0UR24	mafft_3di	time	0.36
A0A7W0UR24	mafft	lddt	0.720745
A0A7W0UR24	mafft	lddt_columns	170/207
A0A7W0UR24	mafft_osc	lddt	0.877613
A0A7W0UR24	mafft_osc	lddt_columns	170/207
A0A7W0UR24	mafft	time	0.36
A0A7W0UR24	matt	lddt	0.560058
A0A7W0UR24	matt	lddt_columns	195/266
A0A7W0UR24	matt_osc	lddt	0.763977
A0A7W0UR24	matt_osc	lddt_columns	195/266
A0A7W0UR24	matt	time	1054.25
A0A7W0UR24	mtmalign	lddt	0.593023
A0A7W0UR24	mtmalign	lddt_columns	231/275
A0A7W0UR24	mtmalign_osc	lddt	0.705979
A0A7W0UR24	mtmalign_osc	lddt_columns	231/275
A0A7W0UR24	mtmalign	time	14.67
A0A7W0UR24	muscle	lddt	0.709628
A0A7W0UR24	muscle	lddt_columns	169/208
A0A7W0UR24	muscle_osc	lddt	0.873388
A0A7W0UR24	muscle_osc	lddt_columns	169/208
A0A7W0UR24	muscle	time	1.26
A0A7W0UR24	mustang	lddt	0.756493
A0A7W0UR24	mustang	lddt_columns	177/194
A0A7W0UR24	mustang_osc	lddt	0.829150
A0A7W0UR24	mustang_osc	lddt_columns	177/194
A0A7W0UR24	mustang	time	99.91
A0A7W0UR24	usalign	lddt	0.529595
A0A7W0UR24	usalign	lddt_columns	266/313
A0A7W0UR24	usalign_osc	lddt	0.623170
A0A7W0UR24	usalign_osc	lddt_columns	266/313
A0A7W0UR24	usalign	time	6.22
A0A7W7ZLX9	3dcoffee	lddt	0.540091
A0A7W7ZLX9	3dcoffee	lddt_columns	508/604
A0A7W7ZLX9	3dcoffee_osc	lddt	0.642155
A0A7W7ZLX9	3dcoffee_osc	lddt_columns	508/604
A0A7W7ZLX9	3dcoffee	time	1171.15
A0A7W7ZLX9	caretta	lddt	0.517536
A0A7W7ZLX9	caretta	lddt_columns	560/619
A0A7W7ZLX9	caretta_osc	lddt	0.572062
A0A7W7ZLX9	caretta_osc	lddt_columns	560/619
A0A7W7ZLX9	caretta	time	94.89
A0A7W7ZLX9	clustalo	lddt	0.486669
A0A7W7ZLX9	clustalo	lddt_columns	635/742
A0A7W7ZLX9	clustalo_osc	lddt	0.568675
A0A7W7ZLX9	clustalo_osc	lddt_columns	635/742
A0A7W7ZLX9	clustalo	time	0.78
A0A7W7ZLX9	famsa	lddt	0.531650
A0A7W7ZLX9	famsa	lddt_columns	558/682
A0A7W7ZLX9	famsa_osc	lddt	0.649794
A0A7W7ZLX9	famsa_osc	lddt_columns	558/682
A0A7W7ZLX9	famsa	time	0.23
A0A7W7ZLX9	foldmason_fast	lddt	0.610003
A0A7W7ZLX9	foldmason_fast	lddt_columns	557/622
A0A7W7ZLX9	foldmason_fast_osc	lddt	0.681188
A0A7W7ZLX9	foldmason_fast_osc	lddt_columns	557/622
A0A7W7ZLX9	foldmason_fast	time	2.63
A0A7W7ZLX9	foldmason	lddt	0.603778
A0A7W7ZLX9	foldmason	lddt_columns	553/632
A0A7W7ZLX9	foldmason_osc	lddt	0.690032
A0A7W7ZLX9	foldmason_osc	lddt_columns	553/632
A0A7W7ZLX9	foldmason_refine100	lddt	0.617625
A0A7W7ZLX9	foldmason_refine100	lddt_columns	564/619
A0A7W7ZLX9	foldmason_refine100_osc	lddt	0.677855
A0A7W7ZLX9	foldmason_refine100_osc	lddt_columns	564/619
A0A7W7ZLX9	foldmason_refine100_rosc	lddt	0.600906
A0A7W7ZLX9	foldmason_refine100_rosc	lddt_columns	550/634
A0A7W7ZLX9	foldmason_refine100_rosc_osc	lddt	0.692681
A0A7W7ZLX9	foldmason_refine100_rosc_osc	lddt_columns	550/634
A0A7W7ZLX9	foldmason_refine100_rosc	time	50.86
A0A7W7ZLX9	foldmason_refine100	time	29.13
A0A7W7ZLX9	foldmason	time	1.42
A0A7W7ZLX9	mafft_3di	lddt	0.607116
A0A7W7ZLX9	mafft_3di	lddt_columns	529/624
A0A7W7ZLX9	mafft_3di_osc	lddt	0.716145
A0A7W7ZLX9	mafft_3di_osc	lddt_columns	529/624
A0A7W7ZLX9	mafft_3di	time	0.91
A0A7W7ZLX9	mafft	lddt	0.580054
A0A7W7ZLX9	mafft	lddt_columns	568/648
A0A7W7ZLX9	mafft_osc	lddt	0.661752
A0A7W7ZLX9	mafft_osc	lddt_columns	568/648
A0A7W7ZLX9	mafft	time	2.01
A0A7W7ZLX9	matt	lddt	0.106978
A0A7W7ZLX9	matt	lddt_columns	1326/3116
A0A7W7ZLX9	matt_osc	lddt	0.251390
A0A7W7ZLX9	matt_osc	lddt_columns	1326/3116
A0A7W7ZLX9	matt	time	7456.08
A0A7W7ZLX9	mtmalign	lddt	0.215318
A0A7W7ZLX9	mtmalign	lddt_columns	1073/1924
A0A7W7ZLX9	mtmalign_osc	lddt	0.386088
A0A7W7ZLX9	mtmalign_osc	lddt_columns	1073/1924
A0A7W7ZLX9	mtmalign	time	127.55
A0A7W7ZLX9	muscle	lddt	0.507271
A0A7W7ZLX9	muscle	lddt_columns	533/723
A0A7W7ZLX9	muscle_osc	lddt	0.688099
A0A7W7ZLX9	muscle_osc	lddt_columns	533/723
A0A7W7ZLX9	muscle	time	9.86
A0A7W7ZLX9	mustang	lddt	0.476785
A0A7W7ZLX9	mustang	lddt_columns	608/819
A0A7W7ZLX9	mustang_osc	lddt	0.642249
A0A7W7ZLX9	mustang_osc	lddt_columns	608/819
A0A7W7ZLX9	mustang	time	480.37
A0A7W7ZLX9	usalign	lddt	0.298916
A0A7W7ZLX9	usalign	lddt_columns	1013/1385
A0A7W7ZLX9	usalign_osc	lddt	0.408686
A0A7W7ZLX9	usalign_osc	lddt_columns	1013/1385
A0A7W7ZLX9	usalign	time	43.08
A0A7X0H801	3dcoffee	lddt	0.526787
A0A7X0H801	3dcoffee	lddt_columns	554/633
A0A7X0H801	3dcoffee_osc	lddt	0.601907
A0A7X0H801	3dcoffee_osc	lddt_columns	554/633
A0A7X0H801	3dcoffee	time	1260.10
A0A7X0H801	caretta	lddt	0.494651
A0A7X0H801	caretta	lddt_columns	555/561
A0A7X0H801	caretta_osc	lddt	0.499999
A0A7X0H801	caretta_osc	lddt_columns	555/561
A0A7X0H801	caretta	time	142.26
A0A7X0H801	clustalo	lddt	0.368354
A0A7X0H801	clustalo	lddt_columns	726/811
A0A7X0H801	clustalo_osc	lddt	0.411481
A0A7X0H801	clustalo_osc	lddt_columns	726/811
A0A7X0H801	clustalo	time	1.25
A0A7X0H801	famsa	lddt	0.455506
A0A7X0H801	famsa	lddt_columns	556/639
A0A7X0H801	famsa_osc	lddt	0.523504
A0A7X0H801	famsa_osc	lddt_columns	556/639
A0A7X0H801	famsa	time	0.32
A0A7X0H801	foldmason_fast	lddt	0.545541
A0A7X0H801	foldmason_fast	lddt_columns	586/610
A0A7X0H801	foldmason_fast_osc	lddt	0.567884
A0A7X0H801	foldmason_fast_osc	lddt_columns	586/610
A0A7X0H801	foldmason_fast	time	1.48
A0A7X0H801	foldmason	lddt	0.554627
A0A7X0H801	foldmason	lddt_columns	566/610
A0A7X0H801	foldmason_osc	lddt	0.597743
A0A7X0H801	foldmason_osc	lddt_columns	566/610
A0A7X0H801	foldmason_refine100	lddt	0.558281
A0A7X0H801	foldmason_refine100	lddt_columns	583/608
A0A7X0H801	foldmason_refine100_osc	lddt	0.582221
A0A7X0H801	foldmason_refine100_osc	lddt_columns	583/608
A0A7X0H801	foldmason_refine100_rosc	lddt	0.537749
A0A7X0H801	foldmason_refine100_rosc	lddt_columns	554/623
A0A7X0H801	foldmason_refine100_rosc_osc	lddt	0.604725
A0A7X0H801	foldmason_refine100_rosc_osc	lddt_columns	554/623
A0A7X0H801	foldmason_refine100_rosc	time	28.00
A0A7X0H801	foldmason_refine100	time	27.67
A0A7X0H801	foldmason	time	1.29
A0A7X0H801	mafft_3di	lddt	0.521978
A0A7X0H801	mafft_3di	lddt_columns	543/641
A0A7X0H801	mafft_3di_osc	lddt	0.616185
A0A7X0H801	mafft_3di_osc	lddt_columns	543/641
A0A7X0H801	mafft_3di	time	1.19
A0A7X0H801	mafft	lddt	0.486722
A0A7X0H801	mafft	lddt_columns	605/647
A0A7X0H801	mafft_osc	lddt	0.520511
A0A7X0H801	mafft_osc	lddt_columns	605/647
A0A7X0H801	mafft	time	3.87
A0A7X0H801	matt	lddt	0.037194
A0A7X0H801	matt	lddt_columns	1316/5052
A0A7X0H801	matt_osc	lddt	0.142785
A0A7X0H801	matt_osc	lddt_columns	1316/5052
A0A7X0H801	matt	time	2578.28
A0A7X0H801	mtmalign	lddt	0.114560
A0A7X0H801	mtmalign	lddt_columns	881/2728
A0A7X0H801	mtmalign_osc	lddt	0.354734
A0A7X0H801	mtmalign_osc	lddt_columns	881/2728
A0A7X0H801	mtmalign	time	126.31
A0A7X0H801	muscle	lddt	0.370771
A0A7X0H801	muscle	lddt_columns	618/826
A0A7X0H801	muscle_osc	lddt	0.495561
A0A7X0H801	muscle_osc	lddt_columns	618/826
A0A7X0H801	muscle	time	14.13
A0A7X0H801	mustang	lddt	0.377508
A0A7X0H801	mustang	lddt_columns	617/926
A0A7X0H801	mustang_osc	lddt	0.566568
A0A7X0H801	mustang_osc	lddt_columns	617/926
A0A7X0H801	mustang	time	529.01
A0A7X0H801	usalign	lddt	0.143932
A0A7X0H801	usalign	lddt_columns	956/2292
A0A7X0H801	usalign_osc	lddt	0.345076
A0A7X0H801	usalign_osc	lddt_columns	956/2292
A0A7X0H801	usalign	time	38.71
A0A7X2FUC2	3dcoffee	lddt	0.758578
A0A7X2FUC2	3dcoffee	lddt_columns	150/161
A0A7X2FUC2	3dcoffee_osc	lddt	0.814207
A0A7X2FUC2	3dcoffee_osc	lddt_columns	150/161
A0A7X2FUC2	3dcoffee	time	269.23
A0A7X2FUC2	caretta	lddt	0.761475
A0A7X2FUC2	caretta	lddt_columns	154/161
A0A7X2FUC2	caretta_osc	lddt	0.796087
A0A7X2FUC2	caretta_osc	lddt_columns	154/161
A0A7X2FUC2	caretta	time	46.78
A0A7X2FUC2	clustalo	lddt	0.652655
A0A7X2FUC2	clustalo	lddt_columns	152/182
A0A7X2FUC2	clustalo_osc	lddt	0.781469
A0A7X2FUC2	clustalo_osc	lddt_columns	152/182
A0A7X2FUC2	clustalo	time	0.10
A0A7X2FUC2	famsa	lddt	0.744876
A0A7X2FUC2	famsa	lddt_columns	150/158
A0A7X2FUC2	famsa_osc	lddt	0.784603
A0A7X2FUC2	famsa_osc	lddt_columns	150/158
A0A7X2FUC2	famsa	time	0.06
A0A7X2FUC2	foldmason_fast	lddt	0.767874
A0A7X2FUC2	foldmason_fast	lddt_columns	152/157
A0A7X2FUC2	foldmason_fast_osc	lddt	0.793133
A0A7X2FUC2	foldmason_fast_osc	lddt_columns	152/157
A0A7X2FUC2	foldmason_fast	time	1.83
A0A7X2FUC2	foldmason	lddt	0.788031
A0A7X2FUC2	foldmason	lddt_columns	153/153
A0A7X2FUC2	foldmason_osc	lddt	0.788031
A0A7X2FUC2	foldmason_osc	lddt_columns	153/153
A0A7X2FUC2	foldmason_refine100	lddt	0.788623
A0A7X2FUC2	foldmason_refine100	lddt_columns	153/153
A0A7X2FUC2	foldmason_refine100_osc	lddt	0.788623
A0A7X2FUC2	foldmason_refine100_osc	lddt_columns	153/153
A0A7X2FUC2	foldmason_refine100_rosc	lddt	0.785379
A0A7X2FUC2	foldmason_refine100_rosc	lddt_columns	153/154
A0A7X2FUC2	foldmason_refine100_rosc_osc	lddt	0.790512
A0A7X2FUC2	foldmason_refine100_rosc_osc	lddt_columns	153/154
A0A7X2FUC2	foldmason_refine100_rosc	time	3.91
A0A7X2FUC2	foldmason_refine100	time	3.78
A0A7X2FUC2	foldmason	time	5.93
A0A7X2FUC2	mafft_3di	lddt	0.788083
A0A7X2FUC2	mafft_3di	lddt_columns	149/154
A0A7X2FUC2	mafft_3di_osc	lddt	0.814529
A0A7X2FUC2	mafft_3di_osc	lddt_columns	149/154
A0A7X2FUC2	mafft_3di	time	0.28
A0A7X2FUC2	mafft	lddt	0.720965
A0A7X2FUC2	mafft	lddt_columns	155/163
A0A7X2FUC2	mafft_osc	lddt	0.758176
A0A7X2FUC2	mafft_osc	lddt_columns	155/163
A0A7X2FUC2	mafft	time	0.35
A0A7X2FUC2	matt	lddt	0.598044
A0A7X2FUC2	matt	lddt_columns	159/203
A0A7X2FUC2	matt_osc	lddt	0.763541
A0A7X2FUC2	matt_osc	lddt_columns	159/203
A0A7X2FUC2	matt	time	683.85
A0A7X2FUC2	mtmalign	lddt	0.601150
A0A7X2FUC2	mtmalign	lddt_columns	164/205
A0A7X2FUC2	mtmalign_osc	lddt	0.751438
A0A7X2FUC2	mtmalign_osc	lddt_columns	164/205
A0A7X2FUC2	mtmalign	time	14.01
A0A7X2FUC2	muscle	lddt	0.666568
A0A7X2FUC2	muscle	lddt_columns	148/172
A0A7X2FUC2	muscle_osc	lddt	0.774660
A0A7X2FUC2	muscle_osc	lddt_columns	148/172
A0A7X2FUC2	muscle	time	1.33
A0A7X2FUC2	mustang	lddt	0.631474
A0A7X2FUC2	mustang	lddt_columns	158/192
A0A7X2FUC2	mustang_osc	lddt	0.767361
A0A7X2FUC2	mustang_osc	lddt_columns	158/192
A0A7X2FUC2	mustang	time	61.51
A0A7X2FUC2	usalign	lddt	0.723335
A0A7X2FUC2	usalign	lddt_columns	156/170
A0A7X2FUC2	usalign_osc	lddt	0.788250
A0A7X2FUC2	usalign_osc	lddt_columns	156/170
A0A7X2FUC2	usalign	time	4.78
A0A7X5R0W0	3dcoffee	lddt	0.320825
A0A7X5R0W0	3dcoffee	lddt_columns	712/1088
A0A7X5R0W0	3dcoffee_osc	lddt	0.490249
A0A7X5R0W0	3dcoffee_osc	lddt_columns	712/1088
A0A7X5R0W0	3dcoffee	time	1759.21
A0A7X5R0W0	caretta	lddt	0.408153
A0A7X5R0W0	caretta	lddt_columns	571/590
A0A7X5R0W0	caretta_osc	lddt	0.421735
A0A7X5R0W0	caretta_osc	lddt_columns	571/590
A0A7X5R0W0	caretta	time	145.88
A0A7X5R0W0	clustalo	lddt	0.257918
A0A7X5R0W0	clustalo	lddt_columns	1041/1234
A0A7X5R0W0	clustalo_osc	lddt	0.305735
A0A7X5R0W0	clustalo_osc	lddt_columns	1041/1234
A0A7X5R0W0	clustalo	time	1.98
A0A7X5R0W0	famsa	lddt	0.313595
A0A7X5R0W0	famsa	lddt_columns	657/809
A0A7X5R0W0	famsa_osc	lddt	0.386146
A0A7X5R0W0	famsa_osc	lddt_columns	657/809
A0A7X5R0W0	famsa	time	0.38
A0A7X5R0W0	foldmason_fast	lddt	0.372834
A0A7X5R0W0	foldmason_fast	lddt_columns	729/853
A0A7X5R0W0	foldmason_fast_osc	lddt	0.436252
A0A7X5R0W0	foldmason_fast_osc	lddt_columns	729/853
A0A7X5R0W0	foldmason_fast	time	1.36
A0A7X5R0W0	foldmason	lddt	0.376866
A0A7X5R0W0	foldmason	lddt_columns	767/863
A0A7X5R0W0	foldmason_osc	lddt	0.424035
A0A7X5R0W0	foldmason_osc	lddt_columns	767/863
A0A7X5R0W0	foldmason_refine100	lddt	0.381456
A0A7X5R0W0	foldmason_refine100	lddt_columns	777/850
A0A7X5R0W0	foldmason_refine100_osc	lddt	0.417294
A0A7X5R0W0	foldmason_refine100_osc	lddt_columns	777/850
A0A7X5R0W0	foldmason_refine100_rosc	lddt	0.347620
A0A7X5R0W0	foldmason_refine100_rosc	lddt_columns	756/930
A0A7X5R0W0	foldmason_refine100_rosc_osc	lddt	0.427628
A0A7X5R0W0	foldmason_refine100_rosc_osc	lddt_columns	756/930
A0A7X5R0W0	foldmason_refine100_rosc	time	37.48
A0A7X5R0W0	foldmason_refine100	time	31.74
A0A7X5R0W0	foldmason	time	1.53
A0A7X5R0W0	mafft_3di	lddt	0.387048
A0A7X5R0W0	mafft_3di	lddt_columns	700/865
A0A7X5R0W0	mafft_3di_osc	lddt	0.478281
A0A7X5R0W0	mafft_3di_osc	lddt_columns	700/865
A0A7X5R0W0	mafft_3di	time	2.14
A0A7X5R0W0	mafft	lddt	0.308911
A0A7X5R0W0	mafft	lddt_columns	868/986
A0A7X5R0W0	mafft_osc	lddt	0.350905
A0A7X5R0W0	mafft_osc	lddt_columns	868/986
A0A7X5R0W0	mafft	time	4.02
A0A7X5R0W0	matt	lddt	0.028185
A0A7X5R0W0	matt	lddt_columns	1150/6417
A0A7X5R0W0	matt_osc	lddt	0.157275
A0A7X5R0W0	matt_osc	lddt_columns	1150/6417
A0A7X5R0W0	matt	time	4802.93
A0A7X5R0W0	mtmalign	lddt	0.088692
A0A7X5R0W0	mtmalign	lddt_columns	1689/4413
A0A7X5R0W0	mtmalign_osc	lddt	0.231734
A0A7X5R0W0	mtmalign_osc	lddt_columns	1689/4413
A0A7X5R0W0	mtmalign	time	155.93
A0A7X5R0W0	muscle	lddt	0.218126
A0A7X5R0W0	muscle	lddt_columns	846/1305
A0A7X5R0W0	muscle_osc	lddt	0.336472
A0A7X5R0W0	muscle_osc	lddt_columns	846/1305
A0A7X5R0W0	muscle	time	17.77
A0A7X5R0W0	mustang	lddt	0.195021
A0A7X5R0W0	mustang	lddt_columns	1001/1746
A0A7X5R0W0	mustang_osc	lddt	0.340166
A0A7X5R0W0	mustang_osc	lddt_columns	1001/1746
A0A7X5R0W0	mustang	time	3841.26
A0A7X5R0W0	usalign	lddt	0.102816
A0A7X5R0W0	usalign	lddt_columns	1643/3806
A0A7X5R0W0	usalign_osc	lddt	0.238172
A0A7X5R0W0	usalign_osc	lddt_columns	1643/3806
A0A7X5R0W0	usalign	time	39.97
A0A7X9A1N2	3dcoffee	lddt	0.535907
A0A7X9A1N2	3dcoffee	lddt_columns	603/709
A0A7X9A1N2	3dcoffee_osc	lddt	0.630113
A0A7X9A1N2	3dcoffee_osc	lddt_columns	603/709
A0A7X9A1N2	3dcoffee	time	1171.15
A0A7X9A1N2	caretta	lddt	0.551194
A0A7X9A1N2	caretta	lddt_columns	612/697
A0A7X9A1N2	caretta_osc	lddt	0.627749
A0A7X9A1N2	caretta_osc	lddt_columns	612/697
A0A7X9A1N2	caretta	time	145.12
A0A7X9A1N2	clustalo	lddt	0.490235
A0A7X9A1N2	clustalo	lddt_columns	607/738
A0A7X9A1N2	clustalo_osc	lddt	0.596035
A0A7X9A1N2	clustalo_osc	lddt_columns	607/738
A0A7X9A1N2	clustalo	time	1.02
A0A7X9A1N2	famsa	lddt	0.451119
A0A7X9A1N2	famsa	lddt_columns	602/789
A0A7X9A1N2	famsa_osc	lddt	0.591251
A0A7X9A1N2	famsa_osc	lddt_columns	602/789
A0A7X9A1N2	famsa	time	0.32
A0A7X9A1N2	foldmason_fast	lddt	0.535966
A0A7X9A1N2	foldmason_fast	lddt_columns	620/700
A0A7X9A1N2	foldmason_fast_osc	lddt	0.605123
A0A7X9A1N2	foldmason_fast_osc	lddt_columns	620/700
A0A7X9A1N2	foldmason_fast	time	1.48
A0A7X9A1N2	foldmason	lddt	0.542104
A0A7X9A1N2	foldmason	lddt_columns	651/709
A0A7X9A1N2	foldmason_osc	lddt	0.590403
A0A7X9A1N2	foldmason_osc	lddt_columns	651/709
A0A7X9A1N2	foldmason_refine100	lddt	0.551193
A0A7X9A1N2	foldmason_refine100	lddt_columns	666/698
A0A7X9A1N2	foldmason_refine100_osc	lddt	0.577677
A0A7X9A1N2	foldmason_refine100_osc	lddt_columns	666/698
A0A7X9A1N2	foldmason_refine100_rosc	lddt	0.508679
A0A7X9A1N2	foldmason_refine100_rosc	lddt_columns	623/744
A0A7X9A1N2	foldmason_refine100_rosc_osc	lddt	0.607475
A0A7X9A1N2	foldmason_refine100_rosc_osc	lddt_columns	623/744
A0A7X9A1N2	foldmason_refine100_rosc	time	27.22
A0A7X9A1N2	foldmason_refine100	time	26.81
A0A7X9A1N2	foldmason	time	1.45
A0A7X9A1N2	mafft_3di	lddt	0.526526
A0A7X9A1N2	mafft_3di	lddt_columns	606/721
A0A7X9A1N2	mafft_3di_osc	lddt	0.626444
A0A7X9A1N2	mafft_3di_osc	lddt_columns	606/721
A0A7X9A1N2	mafft_3di	time	1.23
A0A7X9A1N2	mafft	lddt	0.502654
A0A7X9A1N2	mafft	lddt_columns	613/733
A0A7X9A1N2	mafft_osc	lddt	0.601052
A0A7X9A1N2	mafft_osc	lddt_columns	613/733
A0A7X9A1N2	mafft	time	3.08
A0A7X9A1N2	matt	lddt	0.366046
A0A7X9A1N2	matt	lddt_columns	670/1051
A0A7X9A1N2	matt_osc	lddt	0.574201
A0A7X9A1N2	matt_osc	lddt_columns	670/1051
A0A7X9A1N2	matt	time	1167.09
A0A7X9A1N2	mtmalign	lddt	0.365378
A0A7X9A1N2	mtmalign	lddt_columns	658/1063
A0A7X9A1N2	mtmalign_osc	lddt	0.590269
A0A7X9A1N2	mtmalign_osc	lddt_columns	658/1063
A0A7X9A1N2	mtmalign	time	120.07
A0A7X9A1N2	muscle	lddt	0.431176
A0A7X9A1N2	muscle	lddt_columns	593/835
A0A7X9A1N2	muscle_osc	lddt	0.607136
A0A7X9A1N2	muscle_osc	lddt_columns	593/835
A0A7X9A1N2	muscle	time	11.75
A0A7X9A1N2	mustang	lddt	0.427638
A0A7X9A1N2	mustang	lddt_columns	637/898
A0A7X9A1N2	mustang_osc	lddt	0.602855
A0A7X9A1N2	mustang_osc	lddt_columns	637/898
A0A7X9A1N2	mustang	time	486.63
A0A7X9A1N2	usalign	lddt	0.512115
A0A7X9A1N2	usalign	lddt_columns	651/768
A0A7X9A1N2	usalign_osc	lddt	0.604154
A0A7X9A1N2	usalign_osc	lddt_columns	651/768
A0A7X9A1N2	usalign	time	40.42
A0A7X9B9L0	3dcoffee	lddt	0.487687
A0A7X9B9L0	3dcoffee	lddt_columns	813/913
A0A7X9B9L0	3dcoffee_osc	lddt	0.547673
A0A7X9B9L0	3dcoffee_osc	lddt_columns	813/913
A0A7X9B9L0	3dcoffee	time	2185.39
A0A7X9B9L0	caretta	lddt	0.350528
A0A7X9B9L0	caretta	lddt_columns	745/804
A0A7X9B9L0	caretta_osc	lddt	0.378288
A0A7X9B9L0	caretta_osc	lddt_columns	745/804
A0A7X9B9L0	caretta	time	182.20
A0A7X9B9L0	clustalo	lddt	0.431827
A0A7X9B9L0	clustalo	lddt_columns	964/1086
A0A7X9B9L0	clustalo_osc	lddt	0.486477
A0A7X9B9L0	clustalo_osc	lddt_columns	964/1086
A0A7X9B9L0	clustalo	time	1.90
A0A7X9B9L0	famsa	lddt	0.405267
A0A7X9B9L0	famsa	lddt_columns	831/1091
A0A7X9B9L0	famsa_osc	lddt	0.532065
A0A7X9B9L0	famsa_osc	lddt_columns	831/1091
A0A7X9B9L0	famsa	time	0.52
A0A7X9B9L0	foldmason_fast	lddt	0.453989
A0A7X9B9L0	foldmason_fast	lddt_columns	853/1045
A0A7X9B9L0	foldmason_fast_osc	lddt	0.556177
A0A7X9B9L0	foldmason_fast_osc	lddt_columns	853/1045
A0A7X9B9L0	foldmason_fast	time	2.01
A0A7X9B9L0	foldmason	lddt	0.458339
A0A7X9B9L0	foldmason	lddt_columns	866/1050
A0A7X9B9L0	foldmason_osc	lddt	0.555723
A0A7X9B9L0	foldmason_osc	lddt_columns	866/1050
A0A7X9B9L0	foldmason_refine100	lddt	0.458440
A0A7X9B9L0	foldmason_refine100	lddt_columns	884/1052
A0A7X9B9L0	foldmason_refine100_osc	lddt	0.545564
A0A7X9B9L0	foldmason_refine100_osc	lddt_columns	884/1052
A0A7X9B9L0	foldmason_refine100_rosc	lddt	0.426830
A0A7X9B9L0	foldmason_refine100_rosc	lddt_columns	846/1115
A0A7X9B9L0	foldmason_refine100_rosc_osc	lddt	0.562548
A0A7X9B9L0	foldmason_refine100_rosc_osc	lddt_columns	846/1115
A0A7X9B9L0	foldmason_refine100_rosc	time	52.33
A0A7X9B9L0	foldmason_refine100	time	44.23
A0A7X9B9L0	foldmason	time	2.51
A0A7X9B9L0	mafft_3di	lddt	0.442886
A0A7X9B9L0	mafft_3di	lddt_columns	805/1105
A0A7X9B9L0	mafft_3di_osc	lddt	0.607937
A0A7X9B9L0	mafft_3di_osc	lddt_columns	805/1105
A0A7X9B9L0	mafft_3di	time	2.59
A0A7X9B9L0	mafft	lddt	0.417149
A0A7X9B9L0	mafft	lddt_columns	925/1134
A0A7X9B9L0	mafft_osc	lddt	0.511402
A0A7X9B9L0	mafft_osc	lddt_columns	925/1134
A0A7X9B9L0	mafft	time	6.92
A0A7X9B9L0	matt	lddt	0.059103
A0A7X9B9L0	matt	lddt_columns	1046/5999
A0A7X9B9L0	matt_osc	lddt	0.338969
A0A7X9B9L0	matt_osc	lddt_columns	1046/5999
A0A7X9B9L0	matt	time	2331.56
A0A7X9B9L0	mtmalign	lddt	0.078669
A0A7X9B9L0	mtmalign	lddt_columns	1348/5500
A0A7X9B9L0	mtmalign_osc	lddt	0.320979
A0A7X9B9L0	mtmalign_osc	lddt_columns	1348/5500
A0A7X9B9L0	mtmalign	time	307.04
A0A7X9B9L0	muscle	lddt	0.345212
A0A7X9B9L0	muscle	lddt_columns	895/1344
A0A7X9B9L0	muscle_osc	lddt	0.518396
A0A7X9B9L0	muscle_osc	lddt_columns	895/1344
A0A7X9B9L0	muscle	time	23.95
A0A7X9B9L0	mustang	lddt	0.338678
A0A7X9B9L0	mustang	lddt_columns	873/1474
A0A7X9B9L0	mustang_osc	lddt	0.571834
A0A7X9B9L0	mustang_osc	lddt_columns	873/1474
A0A7X9B9L0	mustang	time	2264.09
A0A7X9B9L0	usalign	lddt	0.106083
A0A7X9B9L0	usalign	lddt_columns	1668/4501
A0A7X9B9L0	usalign_osc	lddt	0.286258
A0A7X9B9L0	usalign_osc	lddt_columns	1668/4501
A0A7X9B9L0	usalign	time	60.79
A0A7X9HAB4	3dcoffee	lddt	0.490805
A0A7X9HAB4	3dcoffee	lddt_columns	557/639
A0A7X9HAB4	3dcoffee_osc	lddt	0.563060
A0A7X9HAB4	3dcoffee_osc	lddt_columns	557/639
A0A7X9HAB4	3dcoffee	time	1458.03
A0A7X9HAB4	caretta	lddt	0.472965
A0A7X9HAB4	caretta	lddt_columns	572/603
A0A7X9HAB4	caretta_osc	lddt	0.498598
A0A7X9HAB4	caretta_osc	lddt_columns	572/603
A0A7X9HAB4	caretta	time	88.12
A0A7X9HAB4	clustalo	lddt	0.435945
A0A7X9HAB4	clustalo	lddt_columns	657/735
A0A7X9HAB4	clustalo_osc	lddt	0.487701
A0A7X9HAB4	clustalo_osc	lddt_columns	657/735
A0A7X9HAB4	clustalo	time	1.31
A0A7X9HAB4	famsa	lddt	0.434675
A0A7X9HAB4	famsa	lddt_columns	560/717
A0A7X9HAB4	famsa_osc	lddt	0.556539
A0A7X9HAB4	famsa_osc	lddt_columns	560/717
A0A7X9HAB4	famsa	time	0.32
A0A7X9HAB4	foldmason_fast	lddt	0.525017
A0A7X9HAB4	foldmason_fast	lddt_columns	625/672
A0A7X9HAB4	foldmason_fast_osc	lddt	0.564498
A0A7X9HAB4	foldmason_fast_osc	lddt_columns	625/672
A0A7X9HAB4	foldmason_fast	time	3.48
A0A7X9HAB4	foldmason	lddt	0.563375
A0A7X9HAB4	foldmason	lddt_columns	603/643
A0A7X9HAB4	foldmason_osc	lddt	0.600746
A0A7X9HAB4	foldmason_osc	lddt_columns	603/643
A0A7X9HAB4	foldmason_refine100	lddt	0.573186
A0A7X9HAB4	foldmason_refine100	lddt_columns	612/633
A0A7X9HAB4	foldmason_refine100_osc	lddt	0.592854
A0A7X9HAB4	foldmason_refine100_osc	lddt_columns	612/633
A0A7X9HAB4	foldmason_refine100_rosc	lddt	0.560690
A0A7X9HAB4	foldmason_refine100_rosc	lddt_columns	600/647
A0A7X9HAB4	foldmason_refine100_rosc_osc	lddt	0.604610
A0A7X9HAB4	foldmason_refine100_rosc_osc	lddt_columns	600/647
A0A7X9HAB4	foldmason_refine100_rosc	time	30.82
A0A7X9HAB4	foldmason_refine100	time	24.43
A0A7X9HAB4	foldmason	time	1.39
A0A7X9HAB4	mafft_3di	lddt	0.528242
A0A7X9HAB4	mafft_3di	lddt_columns	563/681
A0A7X9HAB4	mafft_3di_osc	lddt	0.638957
A0A7X9HAB4	mafft_3di_osc	lddt_columns	563/681
A0A7X9HAB4	mafft_3di	time	1.22
A0A7X9HAB4	mafft	lddt	0.454126
A0A7X9HAB4	mafft	lddt_columns	657/731
A0A7X9HAB4	mafft_osc	lddt	0.505276
A0A7X9HAB4	mafft_osc	lddt_columns	657/731
A0A7X9HAB4	mafft	time	3.99
A0A7X9HAB4	matt	lddt	0.087362
A0A7X9HAB4	matt	lddt_columns	1104/3359
A0A7X9HAB4	matt_osc	lddt	0.265805
A0A7X9HAB4	matt_osc	lddt_columns	1104/3359
A0A7X9HAB4	matt	time	5088.66
A0A7X9HAB4	mtmalign	lddt	0.141754
A0A7X9HAB4	mtmalign	lddt_columns	1020/2529
A0A7X9HAB4	mtmalign_osc	lddt	0.351468
A0A7X9HAB4	mtmalign_osc	lddt_columns	1020/2529
A0A7X9HAB4	mtmalign	time	141.58
A0A7X9HAB4	muscle	lddt	0.346709
A0A7X9HAB4	muscle	lddt_columns	675/968
A0A7X9HAB4	muscle_osc	lddt	0.497207
A0A7X9HAB4	muscle_osc	lddt_columns	675/968
A0A7X9HAB4	muscle	time	12.66
A0A7X9HAB4	mustang	lddt	0.369356
A0A7X9HAB4	mustang	lddt_columns	622/980
A0A7X9HAB4	mustang_osc	lddt	0.581944
A0A7X9HAB4	mustang_osc	lddt_columns	622/980
A0A7X9HAB4	mustang	time	1354.18
A0A7X9HAB4	usalign	lddt	0.199908
A0A7X9HAB4	usalign	lddt_columns	1252/2106
A0A7X9HAB4	usalign_osc	lddt	0.336267
A0A7X9HAB4	usalign_osc	lddt_columns	1252/2106
A0A7X9HAB4	usalign	time	41.26
A0A7Y0H117	3dcoffee	lddt	0.571670
A0A7Y0H117	3dcoffee	lddt_columns	182/204
A0A7Y0H117	3dcoffee_osc	lddt	0.640773
A0A7Y0H117	3dcoffee_osc	lddt_columns	182/204
A0A7Y0H117	3dcoffee	time	277.70
A0A7Y0H117	caretta	lddt	0.587582
A0A7Y0H117	caretta	lddt_columns	183/196
A0A7Y0H117	caretta_osc	lddt	0.629322
A0A7Y0H117	caretta_osc	lddt_columns	183/196
A0A7Y0H117	caretta	time	46.62
A0A7Y0H117	clustalo	lddt	0.475948
A0A7Y0H117	clustalo	lddt_columns	190/228
A0A7Y0H117	clustalo_osc	lddt	0.571137
A0A7Y0H117	clustalo_osc	lddt_columns	190/228
A0A7Y0H117	clustalo	time	0.25
A0A7Y0H117	famsa	lddt	0.567549
A0A7Y0H117	famsa	lddt_columns	174/187
A0A7Y0H117	famsa_osc	lddt	0.609952
A0A7Y0H117	famsa_osc	lddt_columns	174/187
A0A7Y0H117	famsa	time	0.10
A0A7Y0H117	foldmason_fast	lddt	0.577550
A0A7Y0H117	foldmason_fast	lddt_columns	184/195
A0A7Y0H117	foldmason_fast_osc	lddt	0.612077
A0A7Y0H117	foldmason_fast_osc	lddt_columns	184/195
A0A7Y0H117	foldmason_fast	time	1.37
A0A7Y0H117	foldmason	lddt	0.550257
A0A7Y0H117	foldmason	lddt_columns	182/208
A0A7Y0H117	foldmason_osc	lddt	0.628865
A0A7Y0H117	foldmason_osc	lddt_columns	182/208
A0A7Y0H117	foldmason_refine100	lddt	0.583671
A0A7Y0H117	foldmason_refine100	lddt_columns	190/197
A0A7Y0H117	foldmason_refine100_osc	lddt	0.605174
A0A7Y0H117	foldmason_refine100_osc	lddt_columns	190/197
A0A7Y0H117	foldmason_refine100_rosc	lddt	0.525394
A0A7Y0H117	foldmason_refine100_rosc	lddt_columns	169/214
A0A7Y0H117	foldmason_refine100_rosc_osc	lddt	0.665292
A0A7Y0H117	foldmason_refine100_rosc_osc	lddt_columns	169/214
A0A7Y0H117	foldmason_refine100_rosc	time	4.45
A0A7Y0H117	foldmason_refine100	time	4.65
A0A7Y0H117	foldmason	time	1.43
A0A7Y0H117	mafft_3di	lddt	0.583581
A0A7Y0H117	mafft_3di	lddt_columns	176/195
A0A7Y0H117	mafft_3di_osc	lddt	0.646581
A0A7Y0H117	mafft_3di_osc	lddt_columns	176/195
A0A7Y0H117	mafft_3di	time	0.31
A0A7Y0H117	mafft	lddt	0.561388
A0A7Y0H117	mafft	lddt_columns	170/188
A0A7Y0H117	mafft_osc	lddt	0.620830
A0A7Y0H117	mafft_osc	lddt_columns	170/188
A0A7Y0H117	mafft	time	0.42
A0A7Y0H117	matt	lddt	0.388349
A0A7Y0H117	matt	lddt_columns	197/293
A0A7Y0H117	matt_osc	lddt	0.577595
A0A7Y0H117	matt_osc	lddt_columns	197/293
A0A7Y0H117	matt	time	49.93
A0A7Y0H117	mtmalign	lddt	0.414312
A0A7Y0H117	mtmalign	lddt_columns	205/293
A0A7Y0H117	mtmalign_osc	lddt	0.592163
A0A7Y0H117	mtmalign_osc	lddt_columns	205/293
A0A7Y0H117	mtmalign	time	13.83
A0A7Y0H117	muscle	lddt	0.432837
A0A7Y0H117	muscle	lddt_columns	167/236
A0A7Y0H117	muscle_osc	lddt	0.611674
A0A7Y0H117	muscle_osc	lddt_columns	167/236
A0A7Y0H117	muscle	time	1.86
A0A7Y0H117	mustang	lddt	0.482414
A0A7Y0H117	mustang	lddt_columns	186/243
A0A7Y0H117	mustang_osc	lddt	0.630250
A0A7Y0H117	mustang_osc	lddt_columns	186/243
A0A7Y0H117	mustang	time	57.06
A0A7Y0H117	usalign	lddt	0.493071
A0A7Y0H117	usalign	lddt_columns	188/240
A0A7Y0H117	usalign_osc	lddt	0.629452
A0A7Y0H117	usalign_osc	lddt_columns	188/240
A0A7Y0H117	usalign	time	4.82
A0A7Y2E6D2	3dcoffee	lddt	0.800422
A0A7Y2E6D2	3dcoffee	lddt_columns	161/180
A0A7Y2E6D2	3dcoffee_osc	lddt	0.894882
A0A7Y2E6D2	3dcoffee_osc	lddt_columns	161/180
A0A7Y2E6D2	3dcoffee	time	355.67
A0A7Y2E6D2	caretta	lddt	0.818986
A0A7Y2E6D2	caretta	lddt_columns	164/177
A0A7Y2E6D2	caretta_osc	lddt	0.883906
A0A7Y2E6D2	caretta_osc	lddt_columns	164/177
A0A7Y2E6D2	caretta	time	51.10
A0A7Y2E6D2	clustalo	lddt	0.684650
A0A7Y2E6D2	clustalo	lddt_columns	167/202
A0A7Y2E6D2	clustalo_osc	lddt	0.828139
A0A7Y2E6D2	clustalo_osc	lddt_columns	167/202
A0A7Y2E6D2	clustalo	time	0.10
A0A7Y2E6D2	famsa	lddt	0.763238
A0A7Y2E6D2	famsa	lddt_columns	163/186
A0A7Y2E6D2	famsa_osc	lddt	0.870934
A0A7Y2E6D2	famsa_osc	lddt_columns	163/186
A0A7Y2E6D2	famsa	time	0.06
A0A7Y2E6D2	foldmason_fast	lddt	0.801012
A0A7Y2E6D2	foldmason_fast	lddt_columns	171/181
A0A7Y2E6D2	foldmason_fast_osc	lddt	0.847855
A0A7Y2E6D2	foldmason_fast_osc	lddt_columns	171/181
A0A7Y2E6D2	foldmason_fast	time	2.10
A0A7Y2E6D2	foldmason	lddt	0.794204
A0A7Y2E6D2	foldmason	lddt_columns	163/178
A0A7Y2E6D2	foldmason_osc	lddt	0.867290
A0A7Y2E6D2	foldmason_osc	lddt_columns	163/178
A0A7Y2E6D2	foldmason_refine100	lddt	0.805856
A0A7Y2E6D2	foldmason_refine100	lddt_columns	168/177
A0A7Y2E6D2	foldmason_refine100_osc	lddt	0.849027
A0A7Y2E6D2	foldmason_refine100_osc	lddt_columns	168/177
A0A7Y2E6D2	foldmason_refine100_rosc	lddt	0.796557
A0A7Y2E6D2	foldmason_refine100_rosc	lddt_columns	163/178
A0A7Y2E6D2	foldmason_refine100_rosc_osc	lddt	0.869859
A0A7Y2E6D2	foldmason_refine100_rosc_osc	lddt_columns	163/178
A0A7Y2E6D2	foldmason_refine100_rosc	time	3.69
A0A7Y2E6D2	foldmason_refine100	time	3.78
A0A7Y2E6D2	foldmason	time	0.23
A0A7Y2E6D2	mafft_3di	lddt	0.813762
A0A7Y2E6D2	mafft_3di	lddt_columns	160/177
A0A7Y2E6D2	mafft_3di_osc	lddt	0.900224
A0A7Y2E6D2	mafft_3di_osc	lddt_columns	160/177
A0A7Y2E6D2	mafft_3di	time	0.23
A0A7Y2E6D2	mafft	lddt	0.768245
A0A7Y2E6D2	mafft	lddt_columns	164/185
A0A7Y2E6D2	mafft_osc	lddt	0.866618
A0A7Y2E6D2	mafft_osc	lddt_columns	164/185
A0A7Y2E6D2	mafft	time	0.38
A0A7Y2E6D2	matt	lddt	0.680942
A0A7Y2E6D2	matt	lddt_columns	162/210
A0A7Y2E6D2	matt_osc	lddt	0.882703
A0A7Y2E6D2	matt_osc	lddt_columns	162/210
A0A7Y2E6D2	matt	time	1128.23
A0A7Y2E6D2	mtmalign	lddt	0.692622
A0A7Y2E6D2	mtmalign	lddt_columns	161/207
A0A7Y2E6D2	mtmalign_osc	lddt	0.890513
A0A7Y2E6D2	mtmalign_osc	lddt_columns	161/207
A0A7Y2E6D2	mtmalign	time	18.50
A0A7Y2E6D2	muscle	lddt	0.706914
A0A7Y2E6D2	muscle	lddt_columns	159/196
A0A7Y2E6D2	muscle_osc	lddt	0.871417
A0A7Y2E6D2	muscle_osc	lddt_columns	159/196
A0A7Y2E6D2	muscle	time	1.50
A0A7Y2E6D2	mustang	lddt	0.775740
A0A7Y2E6D2	mustang	lddt_columns	161/186
A0A7Y2E6D2	mustang_osc	lddt	0.896196
A0A7Y2E6D2	mustang_osc	lddt_columns	161/186
A0A7Y2E6D2	mustang	time	91.53
A0A7Y2E6D2	usalign	lddt	0.751051
A0A7Y2E6D2	usalign	lddt_columns	165/192
A0A7Y2E6D2	usalign_osc	lddt	0.873950
A0A7Y2E6D2	usalign_osc	lddt_columns	165/192
A0A7Y2E6D2	usalign	time	6.09
A0A7Y4U7C5	3dcoffee	lddt	0.438399
A0A7Y4U7C5	3dcoffee	lddt_columns	499/649
A0A7Y4U7C5	3dcoffee_osc	lddt	0.570182
A0A7Y4U7C5	3dcoffee_osc	lddt_columns	499/649
A0A7Y4U7C5	3dcoffee	time	1192.33
A0A7Y4U7C5	caretta	lddt	0.445682
A0A7Y4U7C5	caretta	lddt_columns	543/573
A0A7Y4U7C5	caretta_osc	lddt	0.470305
A0A7Y4U7C5	caretta_osc	lddt_columns	543/573
A0A7Y4U7C5	caretta	time	77.72
A0A7Y4U7C5	clustalo	lddt	0.454571
A0A7Y4U7C5	clustalo	lddt_columns	566/619
A0A7Y4U7C5	clustalo_osc	lddt	0.497137
A0A7Y4U7C5	clustalo_osc	lddt_columns	566/619
A0A7Y4U7C5	clustalo	time	1.07
A0A7Y4U7C5	famsa	lddt	0.431054
A0A7Y4U7C5	famsa	lddt_columns	514/645
A0A7Y4U7C5	famsa_osc	lddt	0.540914
A0A7Y4U7C5	famsa_osc	lddt_columns	514/645
A0A7Y4U7C5	famsa	time	0.30
A0A7Y4U7C5	foldmason_fast	lddt	0.476109
A0A7Y4U7C5	foldmason_fast	lddt_columns	508/584
A0A7Y4U7C5	foldmason_fast_osc	lddt	0.547338
A0A7Y4U7C5	foldmason_fast_osc	lddt_columns	508/584
A0A7Y4U7C5	foldmason_fast	time	2.04
A0A7Y4U7C5	foldmason	lddt	0.470181
A0A7Y4U7C5	foldmason	lddt_columns	545/626
A0A7Y4U7C5	foldmason_osc	lddt	0.540061
A0A7Y4U7C5	foldmason_osc	lddt_columns	545/626
A0A7Y4U7C5	foldmason_refine100	lddt	0.486258
A0A7Y4U7C5	foldmason_refine100	lddt_columns	578/610
A0A7Y4U7C5	foldmason_refine100_osc	lddt	0.513179
A0A7Y4U7C5	foldmason_refine100_osc	lddt_columns	578/610
A0A7Y4U7C5	foldmason_refine100_rosc	lddt	0.468651
A0A7Y4U7C5	foldmason_refine100_rosc	lddt_columns	533/630
A0A7Y4U7C5	foldmason_refine100_rosc_osc	lddt	0.553940
A0A7Y4U7C5	foldmason_refine100_rosc_osc	lddt_columns	533/630
A0A7Y4U7C5	foldmason_refine100_rosc	time	15.30
A0A7Y4U7C5	foldmason_refine100	time	17.78
A0A7Y4U7C5	foldmason	time	1.50
A0A7Y4U7C5	mafft_3di	lddt	0.444820
A0A7Y4U7C5	mafft_3di	lddt_columns	504/648
A0A7Y4U7C5	mafft_3di_osc	lddt	0.571911
A0A7Y4U7C5	mafft_3di_osc	lddt_columns	504/648
A0A7Y4U7C5	mafft_3di	time	1.48
A0A7Y4U7C5	mafft	lddt	0.434976
A0A7Y4U7C5	mafft	lddt_columns	543/661
A0A7Y4U7C5	mafft_osc	lddt	0.529501
A0A7Y4U7C5	mafft_osc	lddt_columns	543/661
A0A7Y4U7C5	mafft	time	2.65
A0A7Y4U7C5	matt	lddt	0.136492
A0A7Y4U7C5	matt	lddt_columns	665/1939
A0A7Y4U7C5	matt_osc	lddt	0.397983
A0A7Y4U7C5	matt_osc	lddt_columns	665/1939
A0A7Y4U7C5	matt	time	1026.44
A0A7Y4U7C5	mtmalign	lddt	0.153569
A0A7Y4U7C5	mtmalign	lddt_columns	669/1849
A0A7Y4U7C5	mtmalign_osc	lddt	0.424438
A0A7Y4U7C5	mtmalign_osc	lddt_columns	669/1849
A0A7Y4U7C5	mtmalign	time	85.91
A0A7Y4U7C5	muscle	lddt	0.335154
A0A7Y4U7C5	muscle	lddt_columns	500/819
A0A7Y4U7C5	muscle_osc	lddt	0.548982
A0A7Y4U7C5	muscle_osc	lddt_columns	500/819
A0A7Y4U7C5	muscle	time	7.63
A0A7Y4U7C5	mustang	lddt	0.341939
A0A7Y4U7C5	mustang	lddt_columns	506/868
A0A7Y4U7C5	mustang_osc	lddt	0.586568
A0A7Y4U7C5	mustang_osc	lddt_columns	506/868
A0A7Y4U7C5	mustang	time	434.91
A0A7Y4U7C5	usalign	lddt	0.227042
A0A7Y4U7C5	usalign	lddt_columns	696/1323
A0A7Y4U7C5	usalign_osc	lddt	0.431575
A0A7Y4U7C5	usalign_osc	lddt_columns	696/1323
A0A7Y4U7C5	usalign	time	25.61
A0A7Y4WUB0	3dcoffee	lddt	0.708432
A0A7Y4WUB0	3dcoffee	lddt_columns	188/204
A0A7Y4WUB0	3dcoffee_osc	lddt	0.768725
A0A7Y4WUB0	3dcoffee_osc	lddt_columns	188/204
A0A7Y4WUB0	3dcoffee	time	516.39
A0A7Y4WUB0	caretta	lddt	0.717082
A0A7Y4WUB0	caretta	lddt_columns	191/202
A0A7Y4WUB0	caretta_osc	lddt	0.758380
A0A7Y4WUB0	caretta_osc	lddt_columns	191/202
A0A7Y4WUB0	caretta	time	50.85
A0A7Y4WUB0	clustalo	lddt	0.702644
A0A7Y4WUB0	clustalo	lddt_columns	191/204
A0A7Y4WUB0	clustalo_osc	lddt	0.750468
A0A7Y4WUB0	clustalo_osc	lddt_columns	191/204
A0A7Y4WUB0	clustalo	time	0.11
A0A7Y4WUB0	famsa	lddt	0.692488
A0A7Y4WUB0	famsa	lddt_columns	187/205
A0A7Y4WUB0	famsa_osc	lddt	0.759144
A0A7Y4WUB0	famsa_osc	lddt_columns	187/205
A0A7Y4WUB0	famsa	time	0.07
A0A7Y4WUB0	foldmason_fast	lddt	0.713361
A0A7Y4WUB0	foldmason_fast	lddt_columns	195/202
A0A7Y4WUB0	foldmason_fast_osc	lddt	0.738969
A0A7Y4WUB0	foldmason_fast_osc	lddt_columns	195/202
A0A7Y4WUB0	foldmason_fast	time	2.13
A0A7Y4WUB0	foldmason	lddt	0.685833
A0A7Y4WUB0	foldmason	lddt_columns	191/208
A0A7Y4WUB0	foldmason_osc	lddt	0.746876
A0A7Y4WUB0	foldmason_osc	lddt_columns	191/208
A0A7Y4WUB0	foldmason_refine100	lddt	0.706364
A0A7Y4WUB0	foldmason_refine100	lddt_columns	204/204
A0A7Y4WUB0	foldmason_refine100_osc	lddt	0.706364
A0A7Y4WUB0	foldmason_refine100_osc	lddt_columns	204/204
A0A7Y4WUB0	foldmason_refine100_rosc	lddt	0.695688
A0A7Y4WUB0	foldmason_refine100_rosc	lddt_columns	189/205
A0A7Y4WUB0	foldmason_refine100_rosc_osc	lddt	0.754582
A0A7Y4WUB0	foldmason_refine100_rosc_osc	lddt_columns	189/205
A0A7Y4WUB0	foldmason_refine100_rosc	time	4.69
A0A7Y4WUB0	foldmason_refine100	time	4.95
A0A7Y4WUB0	foldmason	time	0.26
A0A7Y4WUB0	mafft_3di	lddt	0.713182
A0A7Y4WUB0	mafft_3di	lddt_columns	192/203
A0A7Y4WUB0	mafft_3di_osc	lddt	0.754042
A0A7Y4WUB0	mafft_3di_osc	lddt_columns	192/203
A0A7Y4WUB0	mafft_3di	time	0.62
A0A7Y4WUB0	mafft	lddt	0.701070
A0A7Y4WUB0	mafft	lddt_columns	192/205
A0A7Y4WUB0	mafft_osc	lddt	0.748538
A0A7Y4WUB0	mafft_osc	lddt_columns	192/205
A0A7Y4WUB0	mafft	time	0.44
A0A7Y4WUB0	matt	lddt	0.472209
A0A7Y4WUB0	matt	lddt_columns	208/305
A0A7Y4WUB0	matt_osc	lddt	0.692421
A0A7Y4WUB0	matt_osc	lddt_columns	208/305
A0A7Y4WUB0	matt	time	260.79
A0A7Y4WUB0	mtmalign	lddt	0.483433
A0A7Y4WUB0	mtmalign	lddt_columns	207/301
A0A7Y4WUB0	mtmalign_osc	lddt	0.702962
A0A7Y4WUB0	mtmalign_osc	lddt_columns	207/301
A0A7Y4WUB0	mtmalign	time	14.46
A0A7Y4WUB0	muscle	lddt	0.666800
A0A7Y4WUB0	muscle	lddt_columns	189/210
A0A7Y4WUB0	muscle_osc	lddt	0.740889
A0A7Y4WUB0	muscle_osc	lddt_columns	189/210
A0A7Y4WUB0	muscle	time	1.43
A0A7Y4WUB0	mustang	lddt	0.547591
A0A7Y4WUB0	mustang	lddt_columns	211/267
A0A7Y4WUB0	mustang_osc	lddt	0.692923
A0A7Y4WUB0	mustang_osc	lddt_columns	211/267
A0A7Y4WUB0	mustang	time	72.75
A0A7Y4WUB0	usalign	lddt	0.605650
A0A7Y4WUB0	usalign	lddt_columns	202/241
A0A7Y4WUB0	usalign_osc	lddt	0.722582
A0A7Y4WUB0	usalign_osc	lddt_columns	202/241
A0A7Y4WUB0	usalign	time	6.10
A0A7Y4YBM7	3dcoffee	lddt	0.392436
A0A7Y4YBM7	3dcoffee	lddt_columns	615/885
A0A7Y4YBM7	3dcoffee_osc	lddt	0.564724
A0A7Y4YBM7	3dcoffee_osc	lddt_columns	615/885
A0A7Y4YBM7	3dcoffee	time	999.50
A0A7Y4YBM7	caretta	lddt	0.359990
A0A7Y4YBM7	caretta	lddt_columns	579/611
A0A7Y4YBM7	caretta_osc	lddt	0.379885
A0A7Y4YBM7	caretta_osc	lddt_columns	579/611
A0A7Y4YBM7	caretta	time	103.07
A0A7Y4YBM7	clustalo	lddt	0.399349
A0A7Y4YBM7	clustalo	lddt_columns	669/807
A0A7Y4YBM7	clustalo_osc	lddt	0.481726
A0A7Y4YBM7	clustalo_osc	lddt_columns	669/807
A0A7Y4YBM7	clustalo	time	1.16
A0A7Y4YBM7	famsa	lddt	0.392327
A0A7Y4YBM7	famsa	lddt_columns	613/774
A0A7Y4YBM7	famsa_osc	lddt	0.495369
A0A7Y4YBM7	famsa_osc	lddt_columns	613/774
A0A7Y4YBM7	famsa	time	0.30
A0A7Y4YBM7	foldmason_fast	lddt	0.483949
A0A7Y4YBM7	foldmason_fast	lddt_columns	650/685
A0A7Y4YBM7	foldmason_fast_osc	lddt	0.510008
A0A7Y4YBM7	foldmason_fast_osc	lddt_columns	650/685
A0A7Y4YBM7	foldmason_fast	time	2.52
A0A7Y4YBM7	foldmason	lddt	0.507101
A0A7Y4YBM7	foldmason	lddt_columns	661/679
A0A7Y4YBM7	foldmason_osc	lddt	0.520910
A0A7Y4YBM7	foldmason_osc	lddt_columns	661/679
A0A7Y4YBM7	foldmason_refine100	lddt	0.507492
A0A7Y4YBM7	foldmason_refine100	lddt_columns	665/679
A0A7Y4YBM7	foldmason_refine100_osc	lddt	0.518176
A0A7Y4YBM7	foldmason_refine100_osc	lddt_columns	665/679
A0A7Y4YBM7	foldmason_refine100_rosc	lddt	0.486856
A0A7Y4YBM7	foldmason_refine100_rosc	lddt_columns	655/703
A0A7Y4YBM7	foldmason_refine100_rosc_osc	lddt	0.522534
A0A7Y4YBM7	foldmason_refine100_rosc_osc	lddt_columns	655/703
A0A7Y4YBM7	foldmason_refine100_rosc	time	20.71
A0A7Y4YBM7	foldmason_refine100	time	23.15
A0A7Y4YBM7	foldmason	time	1.52
A0A7Y4YBM7	mafft_3di	lddt	0.467673
A0A7Y4YBM7	mafft_3di	lddt_columns	636/745
A0A7Y4YBM7	mafft_3di_osc	lddt	0.547825
A0A7Y4YBM7	mafft_3di_osc	lddt_columns	636/745
A0A7Y4YBM7	mafft_3di	time	1.64
A0A7Y4YBM7	mafft	lddt	0.403936
A0A7Y4YBM7	mafft	lddt_columns	692/818
A0A7Y4YBM7	mafft_osc	lddt	0.477485
A0A7Y4YBM7	mafft_osc	lddt_columns	692/818
A0A7Y4YBM7	mafft	time	2.75
A0A7Y4YBM7	matt	lddt	0.040192
A0A7Y4YBM7	matt	lddt_columns	1138/5708
A0A7Y4YBM7	matt_osc	lddt	0.201596
A0A7Y4YBM7	matt_osc	lddt_columns	1138/5708
A0A7Y4YBM7	matt	time	5527.28
A0A7Y4YBM7	mtmalign	lddt	0.128201
A0A7Y4YBM7	mtmalign	lddt_columns	1616/3416
A0A7Y4YBM7	mtmalign_osc	lddt	0.271000
A0A7Y4YBM7	mtmalign_osc	lddt_columns	1616/3416
A0A7Y4YBM7	mtmalign	time	109.69
A0A7Y4YBM7	muscle	lddt	0.293042
A0A7Y4YBM7	muscle	lddt_columns	643/1075
A0A7Y4YBM7	muscle_osc	lddt	0.489923
A0A7Y4YBM7	muscle_osc	lddt_columns	643/1075
A0A7Y4YBM7	muscle	time	10.81
A0A7Y4YBM7	mustang	lddt	0.247659
A0A7Y4YBM7	mustang	lddt_columns	649/1431
A0A7Y4YBM7	mustang_osc	lddt	0.546071
A0A7Y4YBM7	mustang_osc	lddt_columns	649/1431
A0A7Y4YBM7	mustang	time	2093.59
A0A7Y4YBM7	usalign	lddt	0.150326
A0A7Y4YBM7	usalign	lddt_columns	1722/2895
A0A7Y4YBM7	usalign_osc	lddt	0.252727
A0A7Y4YBM7	usalign_osc	lddt_columns	1722/2895
A0A7Y4YBM7	usalign	time	30.89
A0A7Y8VRA7	3dcoffee	lddt	0.716002
A0A7Y8VRA7	3dcoffee	lddt_columns	153/164
A0A7Y8VRA7	3dcoffee_osc	lddt	0.767480
A0A7Y8VRA7	3dcoffee_osc	lddt_columns	153/164
A0A7Y8VRA7	3dcoffee	time	265.93
A0A7Y8VRA7	caretta	lddt	0.738709
A0A7Y8VRA7	caretta	lddt_columns	153/157
A0A7Y8VRA7	caretta_osc	lddt	0.758021
A0A7Y8VRA7	caretta_osc	lddt_columns	153/157
A0A7Y8VRA7	caretta	time	44.85
A0A7Y8VRA7	clustalo	lddt	0.613692
A0A7Y8VRA7	clustalo	lddt_columns	155/176
A0A7Y8VRA7	clustalo_osc	lddt	0.696838
A0A7Y8VRA7	clustalo_osc	lddt_columns	155/176
A0A7Y8VRA7	clustalo	time	0.10
A0A7Y8VRA7	famsa	lddt	0.661276
A0A7Y8VRA7	famsa	lddt_columns	155/165
A0A7Y8VRA7	famsa_osc	lddt	0.703939
A0A7Y8VRA7	famsa_osc	lddt_columns	155/165
A0A7Y8VRA7	famsa	time	0.06
A0A7Y8VRA7	foldmason_fast	lddt	0.723740
A0A7Y8VRA7	foldmason_fast	lddt_columns	159/161
A0A7Y8VRA7	foldmason_fast_osc	lddt	0.732844
A0A7Y8VRA7	foldmason_fast_osc	lddt_columns	159/161
A0A7Y8VRA7	foldmason_fast	time	1.48
A0A7Y8VRA7	foldmason	lddt	0.744311
A0A7Y8VRA7	foldmason	lddt_columns	156/157
A0A7Y8VRA7	foldmason_osc	lddt	0.749083
A0A7Y8VRA7	foldmason_osc	lddt_columns	156/157
A0A7Y8VRA7	foldmason_refine100	lddt	0.747357
A0A7Y8VRA7	foldmason_refine100	lddt_columns	155/156
A0A7Y8VRA7	foldmason_refine100_osc	lddt	0.752179
A0A7Y8VRA7	foldmason_refine100_osc	lddt_columns	155/156
A0A7Y8VRA7	foldmason_refine100_rosc	lddt	0.718660
A0A7Y8VRA7	foldmason_refine100_rosc	lddt_columns	152/162
A0A7Y8VRA7	foldmason_refine100_rosc_osc	lddt	0.765940
A0A7Y8VRA7	foldmason_refine100_rosc_osc	lddt_columns	152/162
A0A7Y8VRA7	foldmason_refine100_rosc	time	4.26
A0A7Y8VRA7	foldmason_refine100	time	4.22
A0A7Y8VRA7	foldmason	time	0.22
A0A7Y8VRA7	mafft_3di	lddt	0.713114
A0A7Y8VRA7	mafft_3di	lddt_columns	149/158
A0A7Y8VRA7	mafft_3di_osc	lddt	0.756188
A0A7Y8VRA7	mafft_3di_osc	lddt_columns	149/158
A0A7Y8VRA7	mafft_3di	time	0.33
A0A7Y8VRA7	mafft	lddt	0.600900
A0A7Y8VRA7	mafft	lddt_columns	164/181
A0A7Y8VRA7	mafft_osc	lddt	0.663188
A0A7Y8VRA7	mafft_osc	lddt_columns	164/181
A0A7Y8VRA7	mafft	time	0.42
A0A7Y8VRA7	matt	lddt	0.604491
A0A7Y8VRA7	matt	lddt_columns	161/195
A0A7Y8VRA7	matt_osc	lddt	0.732148
A0A7Y8VRA7	matt_osc	lddt_columns	161/195
A0A7Y8VRA7	matt	time	54.41
A0A7Y8VRA7	mtmalign	lddt	0.582815
A0A7Y8VRA7	mtmalign	lddt_columns	164/206
A0A7Y8VRA7	mtmalign_osc	lddt	0.732073
A0A7Y8VRA7	mtmalign_osc	lddt_columns	164/206
A0A7Y8VRA7	mtmalign	time	12.24
A0A7Y8VRA7	muscle	lddt	0.560965
A0A7Y8VRA7	muscle	lddt_columns	147/191
A0A7Y8VRA7	muscle_osc	lddt	0.728873
A0A7Y8VRA7	muscle_osc	lddt_columns	147/191
A0A7Y8VRA7	muscle	time	1.50
A0A7Y8VRA7	mustang	lddt	0.626311
A0A7Y8VRA7	mustang	lddt_columns	157/188
A0A7Y8VRA7	mustang_osc	lddt	0.749977
A0A7Y8VRA7	mustang_osc	lddt_columns	157/188
A0A7Y8VRA7	mustang	time	35.37
A0A7Y8VRA7	usalign	lddt	0.708527
A0A7Y8VRA7	usalign	lddt_columns	157/168
A0A7Y8VRA7	usalign_osc	lddt	0.758169
A0A7Y8VRA7	usalign_osc	lddt_columns	157/168
A0A7Y8VRA7	usalign	time	4.74
A0A7Z9PPG0	3dcoffee	lddt	0.837155
A0A7Z9PPG0	3dcoffee	lddt_columns	160/167
A0A7Z9PPG0	3dcoffee_osc	lddt	0.873781
A0A7Z9PPG0	3dcoffee_osc	lddt_columns	160/167
A0A7Z9PPG0	3dcoffee	time	277.56
A0A7Z9PPG0	caretta	lddt	0.907017
A0A7Z9PPG0	caretta	lddt_columns	154/157
A0A7Z9PPG0	caretta_osc	lddt	0.924686
A0A7Z9PPG0	caretta_osc	lddt_columns	154/157
A0A7Z9PPG0	caretta	time	46.94
A0A7Z9PPG0	clustalo	lddt	0.846835
A0A7Z9PPG0	clustalo	lddt_columns	163/165
A0A7Z9PPG0	clustalo_osc	lddt	0.857225
A0A7Z9PPG0	clustalo_osc	lddt_columns	163/165
A0A7Z9PPG0	clustalo	time	0.09
A0A7Z9PPG0	famsa	lddt	0.885927
A0A7Z9PPG0	famsa	lddt_columns	154/159
A0A7Z9PPG0	famsa_osc	lddt	0.914691
A0A7Z9PPG0	famsa_osc	lddt_columns	154/159
A0A7Z9PPG0	famsa	time	0.05
A0A7Z9PPG0	foldmason_fast	lddt	0.905378
A0A7Z9PPG0	foldmason_fast	lddt_columns	154/157
A0A7Z9PPG0	foldmason_fast_osc	lddt	0.923015
A0A7Z9PPG0	foldmason_fast_osc	lddt_columns	154/157
A0A7Z9PPG0	foldmason_fast	time	1.71
A0A7Z9PPG0	foldmason	lddt	0.889557
A0A7Z9PPG0	foldmason	lddt_columns	155/157
A0A7Z9PPG0	foldmason_osc	lddt	0.901035
A0A7Z9PPG0	foldmason_osc	lddt_columns	155/157
A0A7Z9PPG0	foldmason_refine100	lddt	0.894116
A0A7Z9PPG0	foldmason_refine100	lddt_columns	155/157
A0A7Z9PPG0	foldmason_refine100_osc	lddt	0.905653
A0A7Z9PPG0	foldmason_refine100_osc	lddt_columns	155/157
A0A7Z9PPG0	foldmason_refine100_rosc	lddt	0.892654
A0A7Z9PPG0	foldmason_refine100_rosc	lddt_columns	154/157
A0A7Z9PPG0	foldmason_refine100_rosc_osc	lddt	0.910043
A0A7Z9PPG0	foldmason_refine100_rosc_osc	lddt_columns	154/157
A0A7Z9PPG0	foldmason_refine100_rosc	time	4.01
A0A7Z9PPG0	foldmason_refine100	time	3.73
A0A7Z9PPG0	foldmason	time	0.25
A0A7Z9PPG0	mafft_3di	lddt	0.905707
A0A7Z9PPG0	mafft_3di	lddt_columns	154/157
A0A7Z9PPG0	mafft_3di_osc	lddt	0.923351
A0A7Z9PPG0	mafft_3di_osc	lddt_columns	154/157
A0A7Z9PPG0	mafft_3di	time	0.29
A0A7Z9PPG0	mafft	lddt	0.896888
A0A7Z9PPG0	mafft	lddt_columns	156/157
A0A7Z9PPG0	mafft_osc	lddt	0.902637
A0A7Z9PPG0	mafft_osc	lddt_columns	156/157
A0A7Z9PPG0	mafft	time	0.41
A0A7Z9PPG0	matt	lddt	0.843827
A0A7Z9PPG0	matt	lddt_columns	159/168
A0A7Z9PPG0	matt_osc	lddt	0.891591
A0A7Z9PPG0	matt_osc	lddt_columns	159/168
A0A7Z9PPG0	matt	time	1196.16
A0A7Z9PPG0	mtmalign	lddt	0.849457
A0A7Z9PPG0	mtmalign	lddt_columns	157/167
A0A7Z9PPG0	mtmalign_osc	lddt	0.903562
A0A7Z9PPG0	mtmalign_osc	lddt_columns	157/167
A0A7Z9PPG0	mtmalign	time	15.70
A0A7Z9PPG0	muscle	lddt	0.863166
A0A7Z9PPG0	muscle	lddt_columns	153/160
A0A7Z9PPG0	muscle_osc	lddt	0.902657
A0A7Z9PPG0	muscle_osc	lddt_columns	153/160
A0A7Z9PPG0	muscle	time	1.52
A0A7Z9PPG0	mustang	lddt	0.883044
A0A7Z9PPG0	mustang	lddt_columns	154/161
A0A7Z9PPG0	mustang_osc	lddt	0.923183
A0A7Z9PPG0	mustang_osc	lddt_columns	154/161
A0A7Z9PPG0	mustang	time	93.50
A0A7Z9PPG0	usalign	lddt	0.898820
A0A7Z9PPG0	usalign	lddt_columns	156/158
A0A7Z9PPG0	usalign_osc	lddt	0.910343
A0A7Z9PPG0	usalign_osc	lddt_columns	156/158
A0A7Z9PPG0	usalign	time	6.01
A0A803J2S0	3dcoffee	lddt	0.641230
A0A803J2S0	3dcoffee	lddt_columns	426/470
A0A803J2S0	3dcoffee_osc	lddt	0.707461
A0A803J2S0	3dcoffee_osc	lddt_columns	426/470
A0A803J2S0	3dcoffee	time	657.39
A0A803J2S0	caretta	lddt	0.548106
A0A803J2S0	caretta	lddt_columns	452/470
A0A803J2S0	caretta_osc	lddt	0.569933
A0A803J2S0	caretta_osc	lddt_columns	452/470
A0A803J2S0	caretta	time	125.02
A0A803J2S0	clustalo	lddt	0.512193
A0A803J2S0	clustalo	lddt_columns	509/584
A0A803J2S0	clustalo_osc	lddt	0.587663
A0A803J2S0	clustalo_osc	lddt_columns	509/584
A0A803J2S0	clustalo	time	0.80
A0A803J2S0	famsa	lddt	0.531018
A0A803J2S0	famsa	lddt_columns	438/540
A0A803J2S0	famsa_osc	lddt	0.654680
A0A803J2S0	famsa_osc	lddt_columns	438/540
A0A803J2S0	famsa	time	0.22
A0A803J2S0	foldmason_fast	lddt	0.633154
A0A803J2S0	foldmason_fast	lddt_columns	471/484
A0A803J2S0	foldmason_fast_osc	lddt	0.650630
A0A803J2S0	foldmason_fast_osc	lddt_columns	471/484
A0A803J2S0	foldmason_fast	time	0.94
A0A803J2S0	foldmason	lddt	0.605836
A0A803J2S0	foldmason	lddt_columns	488/514
A0A803J2S0	foldmason_osc	lddt	0.638114
A0A803J2S0	foldmason_osc	lddt_columns	488/514
A0A803J2S0	foldmason_refine100	lddt	0.613059
A0A803J2S0	foldmason_refine100	lddt_columns	500/515
A0A803J2S0	foldmason_refine100_osc	lddt	0.631451
A0A803J2S0	foldmason_refine100_osc	lddt_columns	500/515
A0A803J2S0	foldmason_refine100_rosc	lddt	0.585621
A0A803J2S0	foldmason_refine100_rosc	lddt_columns	474/533
A0A803J2S0	foldmason_refine100_rosc_osc	lddt	0.658515
A0A803J2S0	foldmason_refine100_rosc_osc	lddt_columns	474/533
A0A803J2S0	foldmason_refine100_rosc	time	14.91
A0A803J2S0	foldmason_refine100	time	14.83
A0A803J2S0	foldmason	time	0.86
A0A803J2S0	mafft_3di	lddt	0.620403
A0A803J2S0	mafft_3di	lddt_columns	434/487
A0A803J2S0	mafft_3di_osc	lddt	0.696167
A0A803J2S0	mafft_3di_osc	lddt_columns	434/487
A0A803J2S0	mafft_3di	time	0.64
A0A803J2S0	mafft	lddt	0.540025
A0A803J2S0	mafft	lddt_columns	501/562
A0A803J2S0	mafft_osc	lddt	0.605777
A0A803J2S0	mafft_osc	lddt_columns	501/562
A0A803J2S0	mafft	time	2.33
A0A803J2S0	matt	lddt	0.109030
A0A803J2S0	matt	lddt_columns	527/2174
A0A803J2S0	matt_osc	lddt	0.449774
A0A803J2S0	matt_osc	lddt_columns	527/2174
A0A803J2S0	matt	time	977.90
A0A803J2S0	mtmalign	lddt	0.129337
A0A803J2S0	mtmalign	lddt_columns	557/1999
A0A803J2S0	mtmalign_osc	lddt	0.464172
A0A803J2S0	mtmalign_osc	lddt_columns	557/1999
A0A803J2S0	mtmalign	time	61.88
A0A803J2S0	muscle	lddt	0.408870
A0A803J2S0	muscle	lddt_columns	505/694
A0A803J2S0	muscle_osc	lddt	0.561893
A0A803J2S0	muscle_osc	lddt_columns	505/694
A0A803J2S0	muscle	time	7.48
A0A803J2S0	mustang	lddt	0.308458
A0A803J2S0	mustang	lddt_columns	638/987
A0A803J2S0	mustang_osc	lddt	0.477192
A0A803J2S0	mustang_osc	lddt_columns	638/987
A0A803J2S0	mustang	time	521.93
A0A803J2S0	usalign	lddt	0.178737
A0A803J2S0	usalign	lddt_columns	675/1618
A0A803J2S0	usalign_osc	lddt	0.428439
A0A803J2S0	usalign_osc	lddt_columns	675/1618
A0A803J2S0	usalign	time	21.11
A0A811X6M4	3dcoffee	lddt	0.322648
A0A811X6M4	3dcoffee	lddt_columns	619/797
A0A811X6M4	3dcoffee_osc	lddt	0.415428
A0A811X6M4	3dcoffee_osc	lddt_columns	619/797
A0A811X6M4	3dcoffee	time	756.48
A0A811X6M4	caretta	lddt	0.368836
A0A811X6M4	caretta	lddt_columns	448/458
A0A811X6M4	caretta_osc	lddt	0.377069
A0A811X6M4	caretta_osc	lddt_columns	448/458
A0A811X6M4	caretta	time	126.25
A0A811X6M4	clustalo	lddt	0.254601
A0A811X6M4	clustalo	lddt_columns	779/848
A0A811X6M4	clustalo_osc	lddt	0.277152
A0A811X6M4	clustalo_osc	lddt_columns	779/848
A0A811X6M4	clustalo	time	1.23
A0A811X6M4	famsa	lddt	0.266911
A0A811X6M4	famsa	lddt_columns	514/619
A0A811X6M4	famsa_osc	lddt	0.321436
A0A811X6M4	famsa_osc	lddt_columns	514/619
A0A811X6M4	famsa	time	0.30
A0A811X6M4	foldmason_fast	lddt	0.370057
A0A811X6M4	foldmason_fast	lddt_columns	573/608
A0A811X6M4	foldmason_fast_osc	lddt	0.392661
A0A811X6M4	foldmason_fast_osc	lddt_columns	573/608
A0A811X6M4	foldmason_fast	time	1.04
A0A811X6M4	foldmason	lddt	0.369171
A0A811X6M4	foldmason	lddt_columns	565/605
A0A811X6M4	foldmason_osc	lddt	0.395308
A0A811X6M4	foldmason_osc	lddt_columns	565/605
A0A811X6M4	foldmason_refine100	lddt	0.375218
A0A811X6M4	foldmason_refine100	lddt_columns	572/598
A0A811X6M4	foldmason_refine100_osc	lddt	0.392273
A0A811X6M4	foldmason_refine100_osc	lddt_columns	572/598
A0A811X6M4	foldmason_refine100_rosc	lddt	0.349541
A0A811X6M4	foldmason_refine100_rosc	lddt_columns	541/625
A0A811X6M4	foldmason_refine100_rosc_osc	lddt	0.403813
A0A811X6M4	foldmason_refine100_rosc_osc	lddt_columns	541/625
A0A811X6M4	foldmason_refine100_rosc	time	20.23
A0A811X6M4	foldmason_refine100	time	20.33
A0A811X6M4	foldmason	time	1.03
A0A811X6M4	mafft_3di	lddt	0.368359
A0A811X6M4	mafft_3di	lddt_columns	563/640
A0A811X6M4	mafft_3di_osc	lddt	0.418739
A0A811X6M4	mafft_3di_osc	lddt_columns	563/640
A0A811X6M4	mafft_3di	time	1.93
A0A811X6M4	mafft	lddt	0.244920
A0A811X6M4	mafft	lddt_columns	701/786
A0A811X6M4	mafft_osc	lddt	0.274618
A0A811X6M4	mafft_osc	lddt_columns	701/786
A0A811X6M4	mafft	time	2.34
A0A811X6M4	matt	lddt	0.039934
A0A811X6M4	matt	lddt_columns	899/4113
A0A811X6M4	matt_osc	lddt	0.182700
A0A811X6M4	matt_osc	lddt_columns	899/4113
A0A811X6M4	matt	time	2099.80
A0A811X6M4	mtmalign	lddt	0.086290
A0A811X6M4	mtmalign	lddt_columns	1085/3006
A0A811X6M4	mtmalign_osc	lddt	0.239068
A0A811X6M4	mtmalign_osc	lddt_columns	1085/3006
A0A811X6M4	mtmalign	time	67.94
A0A811X6M4	muscle	lddt	0.200946
A0A811X6M4	muscle	lddt_columns	654/963
A0A811X6M4	muscle_osc	lddt	0.295889
A0A811X6M4	muscle_osc	lddt_columns	654/963
A0A811X6M4	muscle	time	12.73
A0A811X6M4	mustang	lddt	0.201694
A0A811X6M4	mustang	lddt_columns	668/1181
A0A811X6M4	mustang_osc	lddt	0.356587
A0A811X6M4	mustang_osc	lddt_columns	668/1181
A0A811X6M4	mustang	time	1440.05
A0A811X6M4	usalign	lddt	0.109361
A0A811X6M4	usalign	lddt_columns	1009/2450
A0A811X6M4	usalign_osc	lddt	0.265545
A0A811X6M4	usalign_osc	lddt_columns	1009/2450
A0A811X6M4	usalign	time	22.54
A0A831T5E4	3dcoffee	lddt	0.402538
A0A831T5E4	3dcoffee	lddt_columns	367/452
A0A831T5E4	3dcoffee_osc	lddt	0.495769
A0A831T5E4	3dcoffee_osc	lddt_columns	367/452
A0A831T5E4	3dcoffee	time	481.18
A0A831T5E4	caretta	lddt	0.417565
A0A831T5E4	caretta	lddt_columns	293/300
A0A831T5E4	caretta_osc	lddt	0.427541
A0A831T5E4	caretta_osc	lddt_columns	293/300
A0A831T5E4	caretta	time	55.14
A0A831T5E4	clustalo	lddt	0.291741
A0A831T5E4	clustalo	lddt_columns	507/544
A0A831T5E4	clustalo_osc	lddt	0.313032
A0A831T5E4	clustalo_osc	lddt_columns	507/544
A0A831T5E4	clustalo	time	0.37
A0A831T5E4	famsa	lddt	0.330422
A0A831T5E4	famsa	lddt_columns	316/400
A0A831T5E4	famsa_osc	lddt	0.418255
A0A831T5E4	famsa_osc	lddt_columns	316/400
A0A831T5E4	famsa	time	0.16
A0A831T5E4	foldmason_fast	lddt	0.430663
A0A831T5E4	foldmason_fast	lddt_columns	359/377
A0A831T5E4	foldmason_fast_osc	lddt	0.452256
A0A831T5E4	foldmason_fast_osc	lddt_columns	359/377
A0A831T5E4	foldmason_fast	time	1.56
A0A831T5E4	foldmason	lddt	0.421756
A0A831T5E4	foldmason	lddt_columns	361/394
A0A831T5E4	foldmason_osc	lddt	0.460310
A0A831T5E4	foldmason_osc	lddt_columns	361/394
A0A831T5E4	foldmason_refine100	lddt	0.424225
A0A831T5E4	foldmason_refine100	lddt_columns	372/392
A0A831T5E4	foldmason_refine100_osc	lddt	0.447033
A0A831T5E4	foldmason_refine100_osc	lddt_columns	372/392
A0A831T5E4	foldmason_refine100_rosc	lddt	0.405651
A0A831T5E4	foldmason_refine100_rosc	lddt_columns	351/405
A0A831T5E4	foldmason_refine100_rosc_osc	lddt	0.468059
A0A831T5E4	foldmason_refine100_rosc_osc	lddt_columns	351/405
A0A831T5E4	foldmason_refine100_rosc	time	9.44
A0A831T5E4	foldmason_refine100	time	10.69
A0A831T5E4	foldmason	time	0.84
A0A831T5E4	mafft_3di	lddt	0.420621
A0A831T5E4	mafft_3di	lddt_columns	317/399
A0A831T5E4	mafft_3di_osc	lddt	0.529425
A0A831T5E4	mafft_3di_osc	lddt_columns	317/399
A0A831T5E4	mafft_3di	time	0.79
A0A831T5E4	mafft	lddt	0.285641
A0A831T5E4	mafft	lddt_columns	478/517
A0A831T5E4	mafft_osc	lddt	0.308946
A0A831T5E4	mafft_osc	lddt_columns	478/517
A0A831T5E4	mafft	time	1.79
A0A831T5E4	matt	lddt	0.055651
A0A831T5E4	matt	lddt_columns	659/2449
A0A831T5E4	matt_osc	lddt	0.206813
A0A831T5E4	matt_osc	lddt_columns	659/2449
A0A831T5E4	matt	time	386.20
A0A831T5E4	mtmalign	lddt	0.129899
A0A831T5E4	mtmalign	lddt_columns	741/1543
A0A831T5E4	mtmalign_osc	lddt	0.270491
A0A831T5E4	mtmalign_osc	lddt_columns	741/1543
A0A831T5E4	mtmalign	time	31.83
A0A831T5E4	muscle	lddt	0.231292
A0A831T5E4	muscle	lddt_columns	392/594
A0A831T5E4	muscle_osc	lddt	0.350478
A0A831T5E4	muscle_osc	lddt_columns	392/594
A0A831T5E4	muscle	time	5.41
A0A831T5E4	mustang	lddt	0.271702
A0A831T5E4	mustang	lddt_columns	378/633
A0A831T5E4	mustang_osc	lddt	0.454993
A0A831T5E4	mustang_osc	lddt_columns	378/633
A0A831T5E4	mustang	time	463.26
A0A831T5E4	usalign	lddt	0.162749
A0A831T5E4	usalign	lddt_columns	780/1313
A0A831T5E4	usalign_osc	lddt	0.273960
A0A831T5E4	usalign_osc	lddt_columns	780/1313
A0A831T5E4	usalign	time	10.74
A0A832CAN4	3dcoffee	lddt	0.541849
A0A832CAN4	3dcoffee	lddt_columns	159/199
A0A832CAN4	3dcoffee_osc	lddt	0.678164
A0A832CAN4	3dcoffee_osc	lddt_columns	159/199
A0A832CAN4	3dcoffee	time	261.40
A0A832CAN4	caretta	lddt	0.525976
A0A832CAN4	caretta	lddt_columns	161/189
A0A832CAN4	caretta_osc	lddt	0.617450
A0A832CAN4	caretta_osc	lddt_columns	161/189
A0A832CAN4	caretta	time	68.28
A0A832CAN4	clustalo	lddt	0.503111
A0A832CAN4	clustalo	lddt_columns	181/204
A0A832CAN4	clustalo_osc	lddt	0.567042
A0A832CAN4	clustalo_osc	lddt_columns	181/204
A0A832CAN4	clustalo	time	0.13
A0A832CAN4	famsa	lddt	0.512851
A0A832CAN4	famsa	lddt_columns	165/199
A0A832CAN4	famsa_osc	lddt	0.618529
A0A832CAN4	famsa_osc	lddt_columns	165/199
A0A832CAN4	famsa	time	0.07
A0A832CAN4	foldmason_fast	lddt	0.584077
A0A832CAN4	foldmason_fast	lddt_columns	162/184
A0A832CAN4	foldmason_fast_osc	lddt	0.663396
A0A832CAN4	foldmason_fast_osc	lddt_columns	162/184
A0A832CAN4	foldmason_fast	time	0.51
A0A832CAN4	foldmason	lddt	0.565998
A0A832CAN4	foldmason	lddt_columns	166/190
A0A832CAN4	foldmason_osc	lddt	0.647829
A0A832CAN4	foldmason_osc	lddt_columns	166/190
A0A832CAN4	foldmason_refine100	lddt	0.583596
A0A832CAN4	foldmason_refine100	lddt_columns	175/187
A0A832CAN4	foldmason_refine100_osc	lddt	0.623614
A0A832CAN4	foldmason_refine100_osc	lddt_columns	175/187
A0A832CAN4	foldmason_refine100_rosc	lddt	0.559711
A0A832CAN4	foldmason_refine100_rosc	lddt_columns	165/193
A0A832CAN4	foldmason_refine100_rosc_osc	lddt	0.654692
A0A832CAN4	foldmason_refine100_rosc_osc	lddt_columns	165/193
A0A832CAN4	foldmason_refine100_rosc	time	3.65
A0A832CAN4	foldmason_refine100	time	3.66
A0A832CAN4	foldmason	time	0.25
A0A832CAN4	mafft_3di	lddt	0.552458
A0A832CAN4	mafft_3di	lddt_columns	149/195
A0A832CAN4	mafft_3di_osc	lddt	0.723016
A0A832CAN4	mafft_3di_osc	lddt_columns	149/195
A0A832CAN4	mafft_3di	time	0.39
A0A832CAN4	mafft	lddt	0.491115
A0A832CAN4	mafft	lddt_columns	180/218
A0A832CAN4	mafft_osc	lddt	0.594795
A0A832CAN4	mafft_osc	lddt_columns	180/218
A0A832CAN4	mafft	time	0.44
A0A832CAN4	matt	lddt	0.082190
A0A832CAN4	matt	lddt_columns	434/1111
A0A832CAN4	matt_osc	lddt	0.210400
A0A832CAN4	matt_osc	lddt_columns	434/1111
A0A832CAN4	matt	time	148.15
A0A832CAN4	mtmalign	lddt	0.228341
A0A832CAN4	mtmalign	lddt_columns	244/476
A0A832CAN4	mtmalign_osc	lddt	0.445453
A0A832CAN4	mtmalign_osc	lddt_columns	244/476
A0A832CAN4	mtmalign	time	11.41
A0A832CAN4	muscle	lddt	0.417191
A0A832CAN4	muscle	lddt_columns	152/234
A0A832CAN4	muscle_osc	lddt	0.642255
A0A832CAN4	muscle_osc	lddt_columns	152/234
A0A832CAN4	muscle	time	1.50
A0A832CAN4	mustang	lddt	0.425169
A0A832CAN4	mustang	lddt_columns	182/260
A0A832CAN4	mustang_osc	lddt	0.607385
A0A832CAN4	mustang_osc	lddt_columns	182/260
A0A832CAN4	mustang	time	40.69
A0A832CAN4	usalign	lddt	0.273418
A0A832CAN4	usalign	lddt_columns	317/455
A0A832CAN4	usalign_osc	lddt	0.392445
A0A832CAN4	usalign_osc	lddt_columns	317/455
A0A832CAN4	usalign	time	4.47
A0A832GZM8	3dcoffee	lddt	0.671257
A0A832GZM8	3dcoffee	lddt_columns	351/377
A0A832GZM8	3dcoffee_osc	lddt	0.720980
A0A832GZM8	3dcoffee_osc	lddt_columns	351/377
A0A832GZM8	3dcoffee	time	586.91
A0A832GZM8	caretta	lddt	0.677947
A0A832GZM8	caretta	lddt_columns	363/374
A0A832GZM8	caretta_osc	lddt	0.698490
A0A832GZM8	caretta_osc	lddt_columns	363/374
A0A832GZM8	caretta	time	64.74
A0A832GZM8	clustalo	lddt	0.656355
A0A832GZM8	clustalo	lddt_columns	361/386
A0A832GZM8	clustalo_osc	lddt	0.701809
A0A832GZM8	clustalo_osc	lddt_columns	361/386
A0A832GZM8	clustalo	time	0.53
A0A832GZM8	famsa	lddt	0.660125
A0A832GZM8	famsa	lddt_columns	353/384
A0A832GZM8	famsa_osc	lddt	0.718096
A0A832GZM8	famsa_osc	lddt_columns	353/384
A0A832GZM8	famsa	time	0.15
A0A832GZM8	foldmason_fast	lddt	0.683076
A0A832GZM8	foldmason_fast	lddt_columns	365/377
A0A832GZM8	foldmason_fast_osc	lddt	0.705533
A0A832GZM8	foldmason_fast_osc	lddt_columns	365/377
A0A832GZM8	foldmason_fast	time	2.06
A0A832GZM8	foldmason	lddt	0.678846
A0A832GZM8	foldmason	lddt_columns	365/380
A0A832GZM8	foldmason_osc	lddt	0.706744
A0A832GZM8	foldmason_osc	lddt_columns	365/380
A0A832GZM8	foldmason_refine100	lddt	0.683488
A0A832GZM8	foldmason_refine100	lddt_columns	372/378
A0A832GZM8	foldmason_refine100_osc	lddt	0.694512
A0A832GZM8	foldmason_refine100_osc	lddt_columns	372/378
A0A832GZM8	foldmason_refine100_rosc	lddt	0.645469
A0A832GZM8	foldmason_refine100_rosc	lddt_columns	353/395
A0A832GZM8	foldmason_refine100_rosc_osc	lddt	0.722267
A0A832GZM8	foldmason_refine100_rosc_osc	lddt_columns	353/395
A0A832GZM8	foldmason_refine100_rosc	time	14.28
A0A832GZM8	foldmason_refine100	time	14.34
A0A832GZM8	foldmason	time	0.62
A0A832GZM8	mafft_3di	lddt	0.674153
A0A832GZM8	mafft_3di	lddt_columns	352/384
A0A832GZM8	mafft_3di_osc	lddt	0.735440
A0A832GZM8	mafft_3di_osc	lddt_columns	352/384
A0A832GZM8	mafft_3di	time	0.64
A0A832GZM8	mafft	lddt	0.662053
A0A832GZM8	mafft	lddt_columns	357/384
A0A832GZM8	mafft_osc	lddt	0.712125
A0A832GZM8	mafft_osc	lddt_columns	357/384
A0A832GZM8	mafft	time	1.09
A0A832GZM8	matt	lddt	0.261991
A0A832GZM8	matt	lddt_columns	508/920
A0A832GZM8	matt_osc	lddt	0.474472
A0A832GZM8	matt_osc	lddt_columns	508/920
A0A832GZM8	matt	time	384.17
A0A832GZM8	mtmalign	lddt	0.365166
A0A832GZM8	mtmalign	lddt_columns	435/713
A0A832GZM8	mtmalign_osc	lddt	0.598537
A0A832GZM8	mtmalign_osc	lddt_columns	435/713
A0A832GZM8	mtmalign	time	54.63
A0A832GZM8	muscle	lddt	0.636295
A0A832GZM8	muscle	lddt_columns	357/401
A0A832GZM8	muscle_osc	lddt	0.714718
A0A832GZM8	muscle_osc	lddt_columns	357/401
A0A832GZM8	muscle	time	5.18
A0A832GZM8	mustang	lddt	0.583850
A0A832GZM8	mustang	lddt_columns	354/447
A0A832GZM8	mustang_osc	lddt	0.737234
A0A832GZM8	mustang_osc	lddt_columns	354/447
A0A832GZM8	mustang	time	147.89
A0A832GZM8	usalign	lddt	0.512223
A0A832GZM8	usalign	lddt_columns	389/505
A0A832GZM8	usalign_osc	lddt	0.664968
A0A832GZM8	usalign_osc	lddt_columns	389/505
A0A832GZM8	usalign	time	23.11
A0A835LCF3	3dcoffee	lddt	0.627446
A0A835LCF3	3dcoffee	lddt_columns	200/226
A0A835LCF3	3dcoffee_osc	lddt	0.709014
A0A835LCF3	3dcoffee_osc	lddt_columns	200/226
A0A835LCF3	3dcoffee	time	295.86
A0A835LCF3	caretta	lddt	0.565233
A0A835LCF3	caretta	lddt_columns	205/218
A0A835LCF3	caretta_osc	lddt	0.601077
A0A835LCF3	caretta_osc	lddt_columns	205/218
A0A835LCF3	caretta	time	69.32
A0A835LCF3	clustalo	lddt	0.519806
A0A835LCF3	clustalo	lddt_columns	248/255
A0A835LCF3	clustalo_osc	lddt	0.534478
A0A835LCF3	clustalo_osc	lddt_columns	248/255
A0A835LCF3	clustalo	time	0.20
A0A835LCF3	famsa	lddt	0.518600
A0A835LCF3	famsa	lddt_columns	197/235
A0A835LCF3	famsa_osc	lddt	0.618634
A0A835LCF3	famsa_osc	lddt_columns	197/235
A0A835LCF3	famsa	time	0.51
A0A835LCF3	foldmason_fast	lddt	0.627938
A0A835LCF3	foldmason_fast	lddt_columns	199/212
A0A835LCF3	foldmason_fast_osc	lddt	0.668960
A0A835LCF3	foldmason_fast_osc	lddt_columns	199/212
A0A835LCF3	foldmason_fast	time	1.56
A0A835LCF3	foldmason	lddt	0.657451
A0A835LCF3	foldmason	lddt_columns	209/212
A0A835LCF3	foldmason_osc	lddt	0.666888
A0A835LCF3	foldmason_osc	lddt_columns	209/212
A0A835LCF3	foldmason_refine100	lddt	0.659109
A0A835LCF3	foldmason_refine100	lddt_columns	211/212
A0A835LCF3	foldmason_refine100_osc	lddt	0.662233
A0A835LCF3	foldmason_refine100_osc	lddt_columns	211/212
A0A835LCF3	foldmason_refine100_rosc	lddt	0.642913
A0A835LCF3	foldmason_refine100_rosc	lddt_columns	207/217
A0A835LCF3	foldmason_refine100_rosc_osc	lddt	0.673972
A0A835LCF3	foldmason_refine100_rosc_osc	lddt_columns	207/217
A0A835LCF3	foldmason_refine100_rosc	time	4.79
A0A835LCF3	foldmason_refine100	time	4.57
A0A835LCF3	foldmason	time	8.78
A0A835LCF3	mafft_3di	lddt	0.636474
A0A835LCF3	mafft_3di	lddt_columns	191/216
A0A835LCF3	mafft_3di_osc	lddt	0.719782
A0A835LCF3	mafft_3di_osc	lddt_columns	191/216
A0A835LCF3	mafft_3di	time	0.33
A0A835LCF3	mafft	lddt	0.520388
A0A835LCF3	mafft	lddt_columns	236/248
A0A835LCF3	mafft_osc	lddt	0.546848
A0A835LCF3	mafft_osc	lddt_columns	236/248
A0A835LCF3	mafft	time	0.60
A0A835LCF3	matt	lddt	0.067698
A0A835LCF3	matt	lddt_columns	500/1491
A0A835LCF3	matt_osc	lddt	0.201876
A0A835LCF3	matt_osc	lddt_columns	500/1491
A0A835LCF3	matt	time	244.47
A0A835LCF3	mtmalign	lddt	0.294197
A0A835LCF3	mtmalign	lddt_columns	361/570
A0A835LCF3	mtmalign_osc	lddt	0.464521
A0A835LCF3	mtmalign_osc	lddt_columns	361/570
A0A835LCF3	mtmalign	time	15.38
A0A835LCF3	muscle	lddt	0.462548
A0A835LCF3	muscle	lddt_columns	230/274
A0A835LCF3	muscle_osc	lddt	0.551036
A0A835LCF3	muscle_osc	lddt_columns	230/274
A0A835LCF3	muscle	time	2.43
A0A835LCF3	mustang	lddt	0.407323
A0A835LCF3	mustang	lddt_columns	221/346
A0A835LCF3	mustang_osc	lddt	0.637710
A0A835LCF3	mustang_osc	lddt_columns	221/346
A0A835LCF3	mustang	time	61.36
A0A835LCF3	usalign	lddt	0.252108
A0A835LCF3	usalign	lddt_columns	312/592
A0A835LCF3	usalign_osc	lddt	0.478360
A0A835LCF3	usalign_osc	lddt_columns	312/592
A0A835LCF3	usalign	time	6.64
A0A835QTZ3	3dcoffee	lddt	0.514579
A0A835QTZ3	3dcoffee	lddt_columns	652/808
A0A835QTZ3	3dcoffee_osc	lddt	0.637699
A0A835QTZ3	3dcoffee_osc	lddt_columns	652/808
A0A835QTZ3	3dcoffee	time	1377.96
A0A835QTZ3	caretta	lddt	0.468377
A0A835QTZ3	caretta	lddt_columns	655/715
A0A835QTZ3	caretta_osc	lddt	0.511282
A0A835QTZ3	caretta_osc	lddt_columns	655/715
A0A835QTZ3	caretta	time	97.70
A0A835QTZ3	clustalo	lddt	0.481574
A0A835QTZ3	clustalo	lddt_columns	709/853
A0A835QTZ3	clustalo_osc	lddt	0.579383
A0A835QTZ3	clustalo_osc	lddt_columns	709/853
A0A835QTZ3	clustalo	time	1.14
A0A835QTZ3	famsa	lddt	0.455370
A0A835QTZ3	famsa	lddt_columns	682/874
A0A835QTZ3	famsa_osc	lddt	0.583569
A0A835QTZ3	famsa_osc	lddt_columns	682/874
A0A835QTZ3	famsa	time	0.38
A0A835QTZ3	foldmason_fast	lddt	0.532824
A0A835QTZ3	foldmason_fast	lddt_columns	710/782
A0A835QTZ3	foldmason_fast_osc	lddt	0.586857
A0A835QTZ3	foldmason_fast_osc	lddt_columns	710/782
A0A835QTZ3	foldmason_fast	time	2.29
A0A835QTZ3	foldmason	lddt	0.530516
A0A835QTZ3	foldmason	lddt_columns	723/793
A0A835QTZ3	foldmason_osc	lddt	0.581880
A0A835QTZ3	foldmason_osc	lddt_columns	723/793
A0A835QTZ3	foldmason_refine100	lddt	0.530516
A0A835QTZ3	foldmason_refine100	lddt_columns	723/793
A0A835QTZ3	foldmason_refine100_osc	lddt	0.581880
A0A835QTZ3	foldmason_refine100_osc	lddt_columns	723/793
A0A835QTZ3	foldmason_refine100_rosc	lddt	0.477023
A0A835QTZ3	foldmason_refine100_rosc	lddt_columns	676/860
A0A835QTZ3	foldmason_refine100_rosc_osc	lddt	0.606863
A0A835QTZ3	foldmason_refine100_rosc_osc	lddt_columns	676/860
A0A835QTZ3	foldmason_refine100_rosc	time	35.43
A0A835QTZ3	foldmason_refine100	time	29.09
A0A835QTZ3	foldmason	time	1.52
A0A835QTZ3	mafft_3di	lddt	0.537008
A0A835QTZ3	mafft_3di	lddt_columns	664/773
A0A835QTZ3	mafft_3di_osc	lddt	0.625162
A0A835QTZ3	mafft_3di_osc	lddt_columns	664/773
A0A835QTZ3	mafft_3di	time	1.54
A0A835QTZ3	mafft	lddt	0.487622
A0A835QTZ3	mafft	lddt_columns	720/849
A0A835QTZ3	mafft_osc	lddt	0.574988
A0A835QTZ3	mafft_osc	lddt_columns	720/849
A0A835QTZ3	mafft	time	4.88
A0A835QTZ3	matt	lddt	0.150921
A0A835QTZ3	matt	lddt_columns	883/2473
A0A835QTZ3	matt_osc	lddt	0.422681
A0A835QTZ3	matt_osc	lddt_columns	883/2473
A0A835QTZ3	matt	time	3081.24
A0A835QTZ3	mtmalign	lddt	0.182431
A0A835QTZ3	mtmalign	lddt_columns	900/2215
A0A835QTZ3	mtmalign_osc	lddt	0.448982
A0A835QTZ3	mtmalign_osc	lddt_columns	900/2215
A0A835QTZ3	mtmalign	time	152.07
A0A835QTZ3	muscle	lddt	0.406317
A0A835QTZ3	muscle	lddt_columns	668/987
A0A835QTZ3	muscle_osc	lddt	0.600352
A0A835QTZ3	muscle_osc	lddt_columns	668/987
A0A835QTZ3	muscle	time	12.15
A0A835QTZ3	mustang	lddt	0.315767
A0A835QTZ3	mustang	lddt_columns	751/1278
A0A835QTZ3	mustang_osc	lddt	0.537351
A0A835QTZ3	mustang_osc	lddt_columns	751/1278
A0A835QTZ3	mustang	time	1921.36
A0A835QTZ3	usalign	lddt	0.243143
A0A835QTZ3	usalign	lddt_columns	875/1690
A0A835QTZ3	usalign_osc	lddt	0.469613
A0A835QTZ3	usalign_osc	lddt_columns	875/1690
A0A835QTZ3	usalign	time	45.88
A0A838HGE3	3dcoffee	lddt	0.520561
A0A838HGE3	3dcoffee	lddt_columns	555/721
A0A838HGE3	3dcoffee_osc	lddt	0.676260
A0A838HGE3	3dcoffee_osc	lddt_columns	555/721
A0A838HGE3	3dcoffee	time	1156.59
A0A838HGE3	caretta	lddt	0.498348
A0A838HGE3	caretta	lddt_columns	561/593
A0A838HGE3	caretta_osc	lddt	0.526774
A0A838HGE3	caretta_osc	lddt_columns	561/593
A0A838HGE3	caretta	time	141.22
A0A838HGE3	clustalo	lddt	0.513467
A0A838HGE3	clustalo	lddt_columns	581/674
A0A838HGE3	clustalo_osc	lddt	0.595657
A0A838HGE3	clustalo_osc	lddt_columns	581/674
A0A838HGE3	clustalo	time	1.07
A0A838HGE3	famsa	lddt	0.501014
A0A838HGE3	famsa	lddt_columns	570/677
A0A838HGE3	famsa_osc	lddt	0.595064
A0A838HGE3	famsa_osc	lddt_columns	570/677
A0A838HGE3	famsa	time	0.29
A0A838HGE3	foldmason_fast	lddt	0.570836
A0A838HGE3	foldmason_fast	lddt_columns	595/634
A0A838HGE3	foldmason_fast_osc	lddt	0.608252
A0A838HGE3	foldmason_fast_osc	lddt_columns	595/634
A0A838HGE3	foldmason_fast	time	1.46
A0A838HGE3	foldmason	lddt	0.576036
A0A838HGE3	foldmason	lddt_columns	590/636
A0A838HGE3	foldmason_osc	lddt	0.620947
A0A838HGE3	foldmason_osc	lddt_columns	590/636
A0A838HGE3	foldmason_refine100	lddt	0.580431
A0A838HGE3	foldmason_refine100	lddt_columns	604/631
A0A838HGE3	foldmason_refine100_osc	lddt	0.606378
A0A838HGE3	foldmason_refine100_osc	lddt_columns	604/631
A0A838HGE3	foldmason_refine100_rosc	lddt	0.541607
A0A838HGE3	foldmason_refine100_rosc	lddt_columns	571/665
A0A838HGE3	foldmason_refine100_rosc_osc	lddt	0.630768
A0A838HGE3	foldmason_refine100_rosc_osc	lddt_columns	571/665
A0A838HGE3	foldmason_refine100_rosc	time	24.89
A0A838HGE3	foldmason_refine100	time	25.10
A0A838HGE3	foldmason	time	1.46
A0A838HGE3	mafft_3di	lddt	0.552348
A0A838HGE3	mafft_3di	lddt_columns	554/669
A0A838HGE3	mafft_3di_osc	lddt	0.667005
A0A838HGE3	mafft_3di_osc	lddt_columns	554/669
A0A838HGE3	mafft_3di	time	1.17
A0A838HGE3	mafft	lddt	0.541475
A0A838HGE3	mafft	lddt_columns	584/662
A0A838HGE3	mafft_osc	lddt	0.613795
A0A838HGE3	mafft_osc	lddt_columns	584/662
A0A838HGE3	mafft	time	3.76
A0A838HGE3	matt	lddt	0.106653
A0A838HGE3	matt	lddt_columns	1054/2729
A0A838HGE3	matt_osc	lddt	0.276144
A0A838HGE3	matt_osc	lddt_columns	1054/2729
A0A838HGE3	matt	time	2274.91
A0A838HGE3	mtmalign	lddt	0.200964
A0A838HGE3	mtmalign	lddt_columns	802/1906
A0A838HGE3	mtmalign_osc	lddt	0.477603
A0A838HGE3	mtmalign_osc	lddt_columns	802/1906
A0A838HGE3	mtmalign	time	147.93
A0A838HGE3	muscle	lddt	0.448719
A0A838HGE3	muscle	lddt_columns	548/780
A0A838HGE3	muscle_osc	lddt	0.638688
A0A838HGE3	muscle_osc	lddt_columns	548/780
A0A838HGE3	muscle	time	12.87
A0A838HGE3	mustang	lddt	0.416606
A0A838HGE3	mustang	lddt_columns	588/884
A0A838HGE3	mustang_osc	lddt	0.626326
A0A838HGE3	mustang_osc	lddt_columns	588/884
A0A838HGE3	mustang	time	4005.12
A0A838HGE3	usalign	lddt	0.250147
A0A838HGE3	usalign	lddt_columns	704/1403
A0A838HGE3	usalign_osc	lddt	0.498518
A0A838HGE3	usalign_osc	lddt_columns	704/1403
A0A838HGE3	usalign	time	53.06
A0A838KLY5	3dcoffee	lddt	0.575309
A0A838KLY5	3dcoffee	lddt_columns	510/558
A0A838KLY5	3dcoffee_osc	lddt	0.629456
A0A838KLY5	3dcoffee_osc	lddt_columns	510/558
A0A838KLY5	3dcoffee	time	1490.78
A0A838KLY5	caretta	lddt	0.518348
A0A838KLY5	caretta	lddt_columns	559/582
A0A838KLY5	caretta_osc	lddt	0.539675
A0A838KLY5	caretta_osc	lddt_columns	559/582
A0A838KLY5	caretta	time	88.86
A0A838KLY5	clustalo	lddt	0.455786
A0A838KLY5	clustalo	lddt_columns	594/713
A0A838KLY5	clustalo_osc	lddt	0.547097
A0A838KLY5	clustalo_osc	lddt_columns	594/713
A0A838KLY5	clustalo	time	1.10
A0A838KLY5	famsa	lddt	0.463246
A0A838KLY5	famsa	lddt_columns	550/691
A0A838KLY5	famsa_osc	lddt	0.582006
A0A838KLY5	famsa_osc	lddt_columns	550/691
A0A838KLY5	famsa	time	0.28
A0A838KLY5	foldmason_fast	lddt	0.571719
A0A838KLY5	foldmason_fast	lddt_columns	538/603
A0A838KLY5	foldmason_fast_osc	lddt	0.640793
A0A838KLY5	foldmason_fast_osc	lddt_columns	538/603
A0A838KLY5	foldmason_fast	time	2.41
A0A838KLY5	foldmason	lddt	0.569154
A0A838KLY5	foldmason	lddt_columns	565/618
A0A838KLY5	foldmason_osc	lddt	0.622544
A0A838KLY5	foldmason_osc	lddt_columns	565/618
A0A838KLY5	foldmason_refine100	lddt	0.571244
A0A838KLY5	foldmason_refine100	lddt_columns	579/618
A0A838KLY5	foldmason_refine100_osc	lddt	0.609721
A0A838KLY5	foldmason_refine100_osc	lddt_columns	579/618
A0A838KLY5	foldmason_refine100_rosc	lddt	0.532600
A0A838KLY5	foldmason_refine100_rosc	lddt_columns	553/656
A0A838KLY5	foldmason_refine100_rosc_osc	lddt	0.631800
A0A838KLY5	foldmason_refine100_rosc_osc	lddt_columns	553/656
A0A838KLY5	foldmason_refine100_rosc	time	52.12
A0A838KLY5	foldmason_refine100	time	26.25
A0A838KLY5	foldmason	time	1.42
A0A838KLY5	mafft_3di	lddt	0.565450
A0A838KLY5	mafft_3di	lddt_columns	542/625
A0A838KLY5	mafft_3di_osc	lddt	0.652042
A0A838KLY5	mafft_3di_osc	lddt_columns	542/625
A0A838KLY5	mafft_3di	time	1.01
A0A838KLY5	mafft	lddt	0.494860
A0A838KLY5	mafft	lddt_columns	588/690
A0A838KLY5	mafft_osc	lddt	0.580703
A0A838KLY5	mafft_osc	lddt_columns	588/690
A0A838KLY5	mafft	time	4.01
A0A838KLY5	matt	lddt	0.074069
A0A838KLY5	matt	lddt_columns	1456/3736
A0A838KLY5	matt_osc	lddt	0.190056
A0A838KLY5	matt_osc	lddt_columns	1456/3736
A0A838KLY5	matt	time	5542.53
A0A838KLY5	mtmalign	lddt	0.197612
A0A838KLY5	mtmalign	lddt_columns	1105/1937
A0A838KLY5	mtmalign_osc	lddt	0.346403
A0A838KLY5	mtmalign_osc	lddt_columns	1105/1937
A0A838KLY5	mtmalign	time	142.56
A0A838KLY5	muscle	lddt	0.418046
A0A838KLY5	muscle	lddt_columns	575/797
A0A838KLY5	muscle_osc	lddt	0.579447
A0A838KLY5	muscle_osc	lddt_columns	575/797
A0A838KLY5	muscle	time	10.56
A0A838KLY5	mustang	lddt	0.426675
A0A838KLY5	mustang	lddt_columns	593/853
A0A838KLY5	mustang_osc	lddt	0.613750
A0A838KLY5	mustang_osc	lddt_columns	593/853
A0A838KLY5	mustang	time	973.52
A0A838KLY5	usalign	lddt	0.295967
A0A838KLY5	usalign	lddt_columns	1015/1389
A0A838KLY5	usalign_osc	lddt	0.405023
A0A838KLY5	usalign_osc	lddt_columns	1015/1389
A0A838KLY5	usalign	time	52.78
A0A838PZG9	3dcoffee	lddt	0.662031
A0A838PZG9	3dcoffee	lddt_columns	177/197
A0A838PZG9	3dcoffee_osc	lddt	0.736837
A0A838PZG9	3dcoffee_osc	lddt_columns	177/197
A0A838PZG9	3dcoffee	time	287.06
A0A838PZG9	caretta	lddt	0.706019
A0A838PZG9	caretta	lddt_columns	177/184
A0A838PZG9	caretta_osc	lddt	0.733940
A0A838PZG9	caretta_osc	lddt_columns	177/184
A0A838PZG9	caretta	time	47.34
A0A838PZG9	clustalo	lddt	0.654493
A0A838PZG9	clustalo	lddt_columns	182/192
A0A838PZG9	clustalo_osc	lddt	0.690455
A0A838PZG9	clustalo_osc	lddt_columns	182/192
A0A838PZG9	clustalo	time	0.13
A0A838PZG9	famsa	lddt	0.647630
A0A838PZG9	famsa	lddt_columns	179/192
A0A838PZG9	famsa_osc	lddt	0.694665
A0A838PZG9	famsa_osc	lddt_columns	179/192
A0A838PZG9	famsa	time	0.08
A0A838PZG9	foldmason_fast	lddt	0.717375
A0A838PZG9	foldmason_fast	lddt_columns	176/178
A0A838PZG9	foldmason_fast_osc	lddt	0.725527
A0A838PZG9	foldmason_fast_osc	lddt_columns	176/178
A0A838PZG9	foldmason_fast	time	1.83
A0A838PZG9	foldmason	lddt	0.716444
A0A838PZG9	foldmason	lddt_columns	177/182
A0A838PZG9	foldmason_osc	lddt	0.736683
A0A838PZG9	foldmason_osc	lddt_columns	177/182
A0A838PZG9	foldmason_refine100	lddt	0.719292
A0A838PZG9	foldmason_refine100	lddt_columns	180/182
A0A838PZG9	foldmason_refine100_osc	lddt	0.727284
A0A838PZG9	foldmason_refine100_osc	lddt_columns	180/182
A0A838PZG9	foldmason_refine100_rosc	lddt	0.715723
A0A838PZG9	foldmason_refine100_rosc	lddt_columns	176/182
A0A838PZG9	foldmason_refine100_rosc_osc	lddt	0.740122
A0A838PZG9	foldmason_refine100_rosc_osc	lddt_columns	176/182
A0A838PZG9	foldmason_refine100_rosc	time	4.86
A0A838PZG9	foldmason_refine100	time	4.74
A0A838PZG9	foldmason	time	11.48
A0A838PZG9	mafft_3di	lddt	0.717911
A0A838PZG9	mafft_3di	lddt_columns	172/181
A0A838PZG9	mafft_3di_osc	lddt	0.755476
A0A838PZG9	mafft_3di_osc	lddt_columns	172/181
A0A838PZG9	mafft_3di	time	0.35
A0A838PZG9	mafft	lddt	0.640794
A0A838PZG9	mafft	lddt_columns	183/195
A0A838PZG9	mafft_osc	lddt	0.682814
A0A838PZG9	mafft_osc	lddt_columns	183/195
A0A838PZG9	mafft	time	0.64
A0A838PZG9	matt	lddt	0.559132
A0A838PZG9	matt	lddt_columns	199/236
A0A838PZG9	matt_osc	lddt	0.663092
A0A838PZG9	matt_osc	lddt_columns	199/236
A0A838PZG9	matt	time	833.64
A0A838PZG9	mtmalign	lddt	0.528099
A0A838PZG9	mtmalign	lddt_columns	192/251
A0A838PZG9	mtmalign_osc	lddt	0.690380
A0A838PZG9	mtmalign_osc	lddt_columns	192/251
A0A838PZG9	mtmalign	time	14.28
A0A838PZG9	muscle	lddt	0.562077
A0A838PZG9	muscle	lddt_columns	181/220
A0A838PZG9	muscle_osc	lddt	0.683188
A0A838PZG9	muscle_osc	lddt_columns	181/220
A0A838PZG9	muscle	time	1.77
A0A838PZG9	mustang	lddt	0.581541
A0A838PZG9	mustang	lddt_columns	184/225
A0A838PZG9	mustang_osc	lddt	0.711123
A0A838PZG9	mustang_osc	lddt_columns	184/225
A0A838PZG9	mustang	time	73.72
A0A838PZG9	usalign	lddt	0.677418
A0A838PZG9	usalign	lddt_columns	189/197
A0A838PZG9	usalign_osc	lddt	0.706091
A0A838PZG9	usalign_osc	lddt_columns	189/197
A0A838PZG9	usalign	time	6.04
A0A838SJH4	3dcoffee	lddt	0.721046
A0A838SJH4	3dcoffee	lddt_columns	150/167
A0A838SJH4	3dcoffee_osc	lddt	0.802765
A0A838SJH4	3dcoffee_osc	lddt_columns	150/167
A0A838SJH4	3dcoffee	time	275.26
A0A838SJH4	caretta	lddt	0.730309
A0A838SJH4	caretta	lddt_columns	151/165
A0A838SJH4	caretta_osc	lddt	0.798020
A0A838SJH4	caretta_osc	lddt_columns	151/165
A0A838SJH4	caretta	time	45.89
A0A838SJH4	clustalo	lddt	0.671147
A0A838SJH4	clustalo	lddt_columns	151/168
A0A838SJH4	clustalo_osc	lddt	0.746706
A0A838SJH4	clustalo_osc	lddt_columns	151/168
A0A838SJH4	clustalo	time	0.09
A0A838SJH4	famsa	lddt	0.653053
A0A838SJH4	famsa	lddt_columns	155/173
A0A838SJH4	famsa_osc	lddt	0.728892
A0A838SJH4	famsa_osc	lddt_columns	155/173
A0A838SJH4	famsa	time	0.06
A0A838SJH4	foldmason_fast	lddt	0.724386
A0A838SJH4	foldmason_fast	lddt_columns	154/165
A0A838SJH4	foldmason_fast_osc	lddt	0.776127
A0A838SJH4	foldmason_fast_osc	lddt_columns	154/165
A0A838SJH4	foldmason_fast	time	0.81
A0A838SJH4	foldmason	lddt	0.727430
A0A838SJH4	foldmason	lddt_columns	154/165
A0A838SJH4	foldmason_osc	lddt	0.779389
A0A838SJH4	foldmason_osc	lddt_columns	154/165
A0A838SJH4	foldmason_refine100	lddt	0.728497
A0A838SJH4	foldmason_refine100	lddt_columns	155/165
A0A838SJH4	foldmason_refine100_osc	lddt	0.775497
A0A838SJH4	foldmason_refine100_osc	lddt_columns	155/165
A0A838SJH4	foldmason_refine100_rosc	lddt	0.726796
A0A838SJH4	foldmason_refine100_rosc	lddt_columns	153/165
A0A838SJH4	foldmason_refine100_rosc_osc	lddt	0.783800
A0A838SJH4	foldmason_refine100_rosc_osc	lddt_columns	153/165
A0A838SJH4	foldmason_refine100_rosc	time	4.26
A0A838SJH4	foldmason_refine100	time	4.23
A0A838SJH4	foldmason	time	0.23
A0A838SJH4	mafft_3di	lddt	0.726683
A0A838SJH4	mafft_3di	lddt_columns	151/166
A0A838SJH4	mafft_3di_osc	lddt	0.798870
A0A838SJH4	mafft_3di_osc	lddt_columns	151/166
A0A838SJH4	mafft_3di	time	0.32
A0A838SJH4	mafft	lddt	0.695570
A0A838SJH4	mafft	lddt_columns	155/168
A0A838SJH4	mafft_osc	lddt	0.753908
A0A838SJH4	mafft_osc	lddt_columns	155/168
A0A838SJH4	mafft	time	0.36
A0A838SJH4	matt	lddt	0.589919
A0A838SJH4	matt	lddt_columns	173/210
A0A838SJH4	matt_osc	lddt	0.716087
A0A838SJH4	matt_osc	lddt_columns	173/210
A0A838SJH4	matt	time	687.95
A0A838SJH4	mtmalign	lddt	0.618838
A0A838SJH4	mtmalign	lddt_columns	170/203
A0A838SJH4	mtmalign_osc	lddt	0.738965
A0A838SJH4	mtmalign_osc	lddt_columns	170/203
A0A838SJH4	mtmalign	time	12.72
A0A838SJH4	muscle	lddt	0.671853
A0A838SJH4	muscle	lddt_columns	155/172
A0A838SJH4	muscle_osc	lddt	0.745540
A0A838SJH4	muscle_osc	lddt_columns	155/172
A0A838SJH4	muscle	time	1.33
A0A838SJH4	mustang	lddt	0.656759
A0A838SJH4	mustang	lddt_columns	156/185
A0A838SJH4	mustang_osc	lddt	0.778848
A0A838SJH4	mustang_osc	lddt_columns	156/185
A0A838SJH4	mustang	time	52.36
A0A838SJH4	usalign	lddt	0.691853
A0A838SJH4	usalign	lddt_columns	165/180
A0A838SJH4	usalign_osc	lddt	0.754748
A0A838SJH4	usalign_osc	lddt_columns	165/180
A0A838SJH4	usalign	time	4.87
A0A838UTW2	3dcoffee	lddt	0.418165
A0A838UTW2	3dcoffee	lddt_columns	727/874
A0A838UTW2	3dcoffee_osc	lddt	0.502719
A0A838UTW2	3dcoffee_osc	lddt_columns	727/874
A0A838UTW2	3dcoffee	time	1578.04
A0A838UTW2	caretta	lddt	0.427283
A0A838UTW2	caretta	lddt_columns	723/732
A0A838UTW2	caretta_osc	lddt	0.432602
A0A838UTW2	caretta_osc	lddt_columns	723/732
A0A838UTW2	caretta	time	112.15
A0A838UTW2	clustalo	lddt	0.359905
A0A838UTW2	clustalo	lddt_columns	968/1140
A0A838UTW2	clustalo_osc	lddt	0.423856
A0A838UTW2	clustalo_osc	lddt_columns	968/1140
A0A838UTW2	clustalo	time	1.45
A0A838UTW2	famsa	lddt	0.388936
A0A838UTW2	famsa	lddt_columns	759/951
A0A838UTW2	famsa_osc	lddt	0.487323
A0A838UTW2	famsa_osc	lddt_columns	759/951
A0A838UTW2	famsa	time	0.37
A0A838UTW2	foldmason_fast	lddt	0.496338
A0A838UTW2	foldmason_fast	lddt_columns	805/851
A0A838UTW2	foldmason_fast_osc	lddt	0.524700
A0A838UTW2	foldmason_fast_osc	lddt_columns	805/851
A0A838UTW2	foldmason_fast	time	3.20
A0A838UTW2	foldmason	lddt	0.471244
A0A838UTW2	foldmason	lddt_columns	780/928
A0A838UTW2	foldmason_osc	lddt	0.560660
A0A838UTW2	foldmason_osc	lddt_columns	780/928
A0A838UTW2	foldmason_refine100	lddt	0.474216
A0A838UTW2	foldmason_refine100	lddt_columns	793/927
A0A838UTW2	foldmason_refine100_osc	lddt	0.554348
A0A838UTW2	foldmason_refine100_osc	lddt_columns	793/927
A0A838UTW2	foldmason_refine100_rosc	lddt	0.467542
A0A838UTW2	foldmason_refine100_rosc	lddt_columns	770/932
A0A838UTW2	foldmason_refine100_rosc_osc	lddt	0.565908
A0A838UTW2	foldmason_refine100_rosc_osc	lddt_columns	770/932
A0A838UTW2	foldmason_refine100_rosc	time	59.20
A0A838UTW2	foldmason_refine100	time	46.42
A0A838UTW2	foldmason	time	2.14
A0A838UTW2	mafft_3di	lddt	0.461755
A0A838UTW2	mafft_3di	lddt_columns	753/947
A0A838UTW2	mafft_3di_osc	lddt	0.580720
A0A838UTW2	mafft_3di_osc	lddt_columns	753/947
A0A838UTW2	mafft_3di	time	1.57
A0A838UTW2	mafft	lddt	0.400580
A0A838UTW2	mafft	lddt_columns	876/1053
A0A838UTW2	mafft_osc	lddt	0.481519
A0A838UTW2	mafft_osc	lddt_columns	876/1053
A0A838UTW2	mafft	time	3.78
A0A838UTW2	matt	lddt	0.050864
A0A838UTW2	matt	lddt_columns	1538/5988
A0A838UTW2	matt_osc	lddt	0.198032
A0A838UTW2	matt_osc	lddt_columns	1538/5988
A0A838UTW2	matt	time	8338.61
A0A838UTW2	mtmalign	lddt	0.131557
A0A838UTW2	mtmalign	lddt_columns	1441/3508
A0A838UTW2	mtmalign_osc	lddt	0.320266
A0A838UTW2	mtmalign_osc	lddt_columns	1441/3508
A0A838UTW2	mtmalign	time	182.45
A0A838UTW2	muscle	lddt	0.327791
A0A838UTW2	muscle	lddt_columns	891/1280
A0A838UTW2	muscle_osc	lddt	0.470901
A0A838UTW2	muscle_osc	lddt_columns	891/1280
A0A838UTW2	muscle	time	14.82
A0A838UTW2	mustang	lddt	0.331632
A0A838UTW2	mustang	lddt_columns	842/1356
A0A838UTW2	mustang_osc	lddt	0.534078
A0A838UTW2	mustang_osc	lddt_columns	842/1356
A0A838UTW2	mustang	time	2606.86
A0A838UTW2	usalign	lddt	0.176570
A0A838UTW2	usalign	lddt_columns	1698/2908
A0A838UTW2	usalign_osc	lddt	0.302395
A0A838UTW2	usalign_osc	lddt_columns	1698/2908
A0A838UTW2	usalign	time	47.80
A0A839IJ68	3dcoffee	lddt	0.540471
A0A839IJ68	3dcoffee	lddt_columns	335/397
A0A839IJ68	3dcoffee_osc	lddt	0.640499
A0A839IJ68	3dcoffee_osc	lddt_columns	335/397
A0A839IJ68	3dcoffee	time	450.86
A0A839IJ68	caretta	lddt	0.459596
A0A839IJ68	caretta	lddt_columns	330/358
A0A839IJ68	caretta_osc	lddt	0.498592
A0A839IJ68	caretta_osc	lddt_columns	330/358
A0A839IJ68	caretta	time	110.40
A0A839IJ68	clustalo	lddt	0.521891
A0A839IJ68	clustalo	lddt_columns	358/392
A0A839IJ68	clustalo_osc	lddt	0.571456
A0A839IJ68	clustalo_osc	lddt_columns	358/392
A0A839IJ68	clustalo	time	0.37
A0A839IJ68	famsa	lddt	0.523162
A0A839IJ68	famsa	lddt_columns	330/391
A0A839IJ68	famsa_osc	lddt	0.619868
A0A839IJ68	famsa_osc	lddt_columns	330/391
A0A839IJ68	famsa	time	0.15
A0A839IJ68	foldmason_fast	lddt	0.586649
A0A839IJ68	foldmason_fast	lddt_columns	348/365
A0A839IJ68	foldmason_fast_osc	lddt	0.615308
A0A839IJ68	foldmason_fast_osc	lddt_columns	348/365
A0A839IJ68	foldmason_fast	time	0.70
A0A839IJ68	foldmason	lddt	0.559157
A0A839IJ68	foldmason	lddt_columns	351/382
A0A839IJ68	foldmason_osc	lddt	0.608541
A0A839IJ68	foldmason_osc	lddt_columns	351/382
A0A839IJ68	foldmason_refine100	lddt	0.566817
A0A839IJ68	foldmason_refine100	lddt_columns	365/379
A0A839IJ68	foldmason_refine100_osc	lddt	0.588557
A0A839IJ68	foldmason_refine100_osc	lddt_columns	365/379
A0A839IJ68	foldmason_refine100_rosc	lddt	0.550681
A0A839IJ68	foldmason_refine100_rosc	lddt_columns	346/386
A0A839IJ68	foldmason_refine100_rosc_osc	lddt	0.614343
A0A839IJ68	foldmason_refine100_rosc_osc	lddt_columns	346/386
A0A839IJ68	foldmason_refine100_rosc	time	10.61
A0A839IJ68	foldmason_refine100	time	10.58
A0A839IJ68	foldmason	time	0.51
A0A839IJ68	mafft_3di	lddt	0.535636
A0A839IJ68	mafft_3di	lddt_columns	326/393
A0A839IJ68	mafft_3di_osc	lddt	0.645721
A0A839IJ68	mafft_3di_osc	lddt_columns	326/393
A0A839IJ68	mafft_3di	time	0.57
A0A839IJ68	mafft	lddt	0.481745
A0A839IJ68	mafft	lddt_columns	366/433
A0A839IJ68	mafft_osc	lddt	0.569934
A0A839IJ68	mafft_osc	lddt_columns	366/433
A0A839IJ68	mafft	time	0.80
A0A839IJ68	matt	lddt	0.110191
A0A839IJ68	matt	lddt_columns	360/1576
A0A839IJ68	matt_osc	lddt	0.482391
A0A839IJ68	matt_osc	lddt_columns	360/1576
A0A839IJ68	matt	time	569.41
A0A839IJ68	mtmalign	lddt	0.140223
A0A839IJ68	mtmalign	lddt_columns	447/1424
A0A839IJ68	mtmalign_osc	lddt	0.446706
A0A839IJ68	mtmalign_osc	lddt_columns	447/1424
A0A839IJ68	mtmalign	time	32.39
A0A839IJ68	muscle	lddt	0.437122
A0A839IJ68	muscle	lddt_columns	356/474
A0A839IJ68	muscle_osc	lddt	0.582010
A0A839IJ68	muscle_osc	lddt_columns	356/474
A0A839IJ68	muscle	time	4.06
A0A839IJ68	mustang	lddt	0.373096
A0A839IJ68	mustang	lddt_columns	345/565
A0A839IJ68	mustang_osc	lddt	0.611013
A0A839IJ68	mustang_osc	lddt_columns	345/565
A0A839IJ68	mustang	time	161.82
A0A839IJ68	usalign	lddt	0.155995
A0A839IJ68	usalign	lddt_columns	455/1281
A0A839IJ68	usalign_osc	lddt	0.439187
A0A839IJ68	usalign_osc	lddt_columns	455/1281
A0A839IJ68	usalign	time	10.98
A0A840L1P2	3dcoffee	lddt	0.506428
A0A840L1P2	3dcoffee	lddt_columns	324/372
A0A840L1P2	3dcoffee_osc	lddt	0.581454
A0A840L1P2	3dcoffee_osc	lddt_columns	324/372
A0A840L1P2	3dcoffee	time	483.45
A0A840L1P2	caretta	lddt	0.514662
A0A840L1P2	caretta	lddt_columns	278/286
A0A840L1P2	caretta_osc	lddt	0.529473
A0A840L1P2	caretta_osc	lddt_columns	278/286
A0A840L1P2	caretta	time	53.60
A0A840L1P2	clustalo	lddt	0.475389
A0A840L1P2	clustalo	lddt_columns	352/366
A0A840L1P2	clustalo_osc	lddt	0.494297
A0A840L1P2	clustalo_osc	lddt_columns	352/366
A0A840L1P2	clustalo	time	0.27
A0A840L1P2	famsa	lddt	0.518474
A0A840L1P2	famsa	lddt_columns	286/315
A0A840L1P2	famsa_osc	lddt	0.571047
A0A840L1P2	famsa_osc	lddt_columns	286/315
A0A840L1P2	famsa	time	0.13
A0A840L1P2	foldmason_fast	lddt	0.544173
A0A840L1P2	foldmason_fast	lddt_columns	319/326
A0A840L1P2	foldmason_fast_osc	lddt	0.556114
A0A840L1P2	foldmason_fast_osc	lddt_columns	319/326
A0A840L1P2	foldmason_fast	time	3.08
A0A840L1P2	foldmason	lddt	0.511953
A0A840L1P2	foldmason	lddt_columns	347/366
A0A840L1P2	foldmason_osc	lddt	0.539985
A0A840L1P2	foldmason_osc	lddt_columns	347/366
A0A840L1P2	foldmason_refine100	lddt	0.530014
A0A840L1P2	foldmason_refine100	lddt_columns	350/354
A0A840L1P2	foldmason_refine100_osc	lddt	0.536071
A0A840L1P2	foldmason_refine100_osc	lddt_columns	350/354
A0A840L1P2	foldmason_refine100_rosc	lddt	0.502381
A0A840L1P2	foldmason_refine100_rosc	lddt_columns	344/372
A0A840L1P2	foldmason_refine100_rosc_osc	lddt	0.543272
A0A840L1P2	foldmason_refine100_rosc_osc	lddt_columns	344/372
A0A840L1P2	foldmason_refine100_rosc	time	7.29
A0A840L1P2	foldmason_refine100	time	7.99
A0A840L1P2	foldmason	time	0.43
A0A840L1P2	mafft_3di	lddt	0.532118
A0A840L1P2	mafft_3di	lddt_columns	311/341
A0A840L1P2	mafft_3di_osc	lddt	0.583448
A0A840L1P2	mafft_3di_osc	lddt_columns	311/341
A0A840L1P2	mafft_3di	time	0.47
A0A840L1P2	mafft	lddt	0.417853
A0A840L1P2	mafft	lddt_columns	362/414
A0A840L1P2	mafft_osc	lddt	0.477876
A0A840L1P2	mafft_osc	lddt_columns	362/414
A0A840L1P2	mafft	time	0.94
A0A840L1P2	matt	lddt	0.046029
A0A840L1P2	matt	lddt_columns	508/2674
A0A840L1P2	matt_osc	lddt	0.242285
A0A840L1P2	matt_osc	lddt_columns	508/2674
A0A840L1P2	matt	time	575.93
A0A840L1P2	mtmalign	lddt	0.149376
A0A840L1P2	mtmalign	lddt_columns	610/1344
A0A840L1P2	mtmalign_osc	lddt	0.329116
A0A840L1P2	mtmalign_osc	lddt_columns	610/1344
A0A840L1P2	mtmalign	time	27.61
A0A840L1P2	muscle	lddt	0.337993
A0A840L1P2	muscle	lddt_columns	401/518
A0A840L1P2	muscle_osc	lddt	0.436610
A0A840L1P2	muscle_osc	lddt_columns	401/518
A0A840L1P2	muscle	time	4.72
A0A840L1P2	mustang	lddt	0.298672
A0A840L1P2	mustang	lddt_columns	429/642
A0A840L1P2	mustang_osc	lddt	0.446964
A0A840L1P2	mustang_osc	lddt_columns	429/642
A0A840L1P2	mustang	time	158.77
A0A840L1P2	usalign	lddt	0.156358
A0A840L1P2	usalign	lddt_columns	789/1419
A0A840L1P2	usalign_osc	lddt	0.281206
A0A840L1P2	usalign_osc	lddt_columns	789/1419
A0A840L1P2	usalign	time	8.31
A0A840VNG9	3dcoffee	lddt	0.356117
A0A840VNG9	3dcoffee	lddt_columns	589/856
A0A840VNG9	3dcoffee_osc	lddt	0.517549
A0A840VNG9	3dcoffee_osc	lddt_columns	589/856
A0A840VNG9	3dcoffee	time	1023.24
A0A840VNG9	caretta	lddt	0.443988
A0A840VNG9	caretta	lddt_columns	468/475
A0A840VNG9	caretta_osc	lddt	0.450629
A0A840VNG9	caretta_osc	lddt_columns	468/475
A0A840VNG9	caretta	time	77.24
A0A840VNG9	clustalo	lddt	0.361424
A0A840VNG9	clustalo	lddt_columns	656/748
A0A840VNG9	clustalo_osc	lddt	0.412111
A0A840VNG9	clustalo_osc	lddt_columns	656/748
A0A840VNG9	clustalo	time	1.23
A0A840VNG9	famsa	lddt	0.359602
A0A840VNG9	famsa	lddt_columns	539/646
A0A840VNG9	famsa_osc	lddt	0.430989
A0A840VNG9	famsa_osc	lddt_columns	539/646
A0A840VNG9	famsa	time	0.31
A0A840VNG9	foldmason_fast	lddt	0.432006
A0A840VNG9	foldmason_fast	lddt_columns	591/647
A0A840VNG9	foldmason_fast_osc	lddt	0.472941
A0A840VNG9	foldmason_fast_osc	lddt_columns	591/647
A0A840VNG9	foldmason_fast	time	2.03
A0A840VNG9	foldmason	lddt	0.464082
A0A840VNG9	foldmason	lddt_columns	606/645
A0A840VNG9	foldmason_osc	lddt	0.493949
A0A840VNG9	foldmason_osc	lddt_columns	606/645
A0A840VNG9	foldmason_refine100	lddt	0.469904
A0A840VNG9	foldmason_refine100	lddt_columns	616/642
A0A840VNG9	foldmason_refine100_osc	lddt	0.489737
A0A840VNG9	foldmason_refine100_osc	lddt_columns	616/642
A0A840VNG9	foldmason_refine100_rosc	lddt	0.459289
A0A840VNG9	foldmason_refine100_rosc	lddt_columns	603/653
A0A840VNG9	foldmason_refine100_rosc_osc	lddt	0.497373
A0A840VNG9	foldmason_refine100_rosc_osc	lddt_columns	603/653
A0A840VNG9	foldmason_refine100_rosc	time	49.50
A0A840VNG9	foldmason_refine100	time	26.58
A0A840VNG9	foldmason	time	22.38
A0A840VNG9	mafft_3di	lddt	0.420407
A0A840VNG9	mafft_3di	lddt_columns	570/688
A0A840VNG9	mafft_3di_osc	lddt	0.507438
A0A840VNG9	mafft_3di_osc	lddt_columns	570/688
A0A840VNG9	mafft_3di	time	1.39
A0A840VNG9	mafft	lddt	0.378669
A0A840VNG9	mafft	lddt_columns	635/695
A0A840VNG9	mafft_osc	lddt	0.414449
A0A840VNG9	mafft_osc	lddt_columns	635/695
A0A840VNG9	mafft	time	2.94
A0A840VNG9	matt	lddt	0.058507
A0A840VNG9	matt	lddt_columns	897/3844
A0A840VNG9	matt_osc	lddt	0.250725
A0A840VNG9	matt_osc	lddt_columns	897/3844
A0A840VNG9	matt	time	1760.36
A0A840VNG9	mtmalign	lddt	0.096139
A0A840VNG9	mtmalign	lddt_columns	966/3197
A0A840VNG9	mtmalign_osc	lddt	0.318176
A0A840VNG9	mtmalign_osc	lddt_columns	966/3197
A0A840VNG9	mtmalign	time	84.14
A0A840VNG9	muscle	lddt	0.224118
A0A840VNG9	muscle	lddt_columns	579/1072
A0A840VNG9	muscle_osc	lddt	0.414948
A0A840VNG9	muscle_osc	lddt_columns	579/1072
A0A840VNG9	muscle	time	11.46
A0A840VNG9	mustang	lddt	0.237699
A0A840VNG9	mustang	lddt_columns	764/1271
A0A840VNG9	mustang_osc	lddt	0.395439
A0A840VNG9	mustang_osc	lddt_columns	764/1271
A0A840VNG9	mustang	time	1476.98
A0A840VNG9	usalign	lddt	0.115526
A0A840VNG9	usalign	lddt_columns	1085/2839
A0A840VNG9	usalign_osc	lddt	0.302285
A0A840VNG9	usalign_osc	lddt_columns	1085/2839
A0A840VNG9	usalign	time	22.71
A0A841BX55	3dcoffee	lddt	0.289502
A0A841BX55	3dcoffee	lddt_columns	641/947
A0A841BX55	3dcoffee_osc	lddt	0.427704
A0A841BX55	3dcoffee_osc	lddt_columns	641/947
A0A841BX55	3dcoffee	time	1057.26
A0A841BX55	caretta	lddt	0.366425
A0A841BX55	caretta	lddt_columns	562/585
A0A841BX55	caretta_osc	lddt	0.381421
A0A841BX55	caretta_osc	lddt_columns	562/585
A0A841BX55	caretta	time	81.08
A0A841BX55	clustalo	lddt	0.209194
A0A841BX55	clustalo	lddt_columns	906/997
A0A841BX55	clustalo_osc	lddt	0.230206
A0A841BX55	clustalo_osc	lddt_columns	906/997
A0A841BX55	clustalo	time	2.50
A0A841BX55	famsa	lddt	0.282265
A0A841BX55	famsa	lddt_columns	547/665
A0A841BX55	famsa_osc	lddt	0.343155
A0A841BX55	famsa_osc	lddt_columns	547/665
A0A841BX55	famsa	time	0.36
A0A841BX55	foldmason_fast	lddt	0.338710
A0A841BX55	foldmason_fast	lddt_columns	625/708
A0A841BX55	foldmason_fast_osc	lddt	0.383691
A0A841BX55	foldmason_fast_osc	lddt_columns	625/708
A0A841BX55	foldmason_fast	time	3.46
A0A841BX55	foldmason	lddt	0.325354
A0A841BX55	foldmason	lddt_columns	637/741
A0A841BX55	foldmason_osc	lddt	0.378473
A0A841BX55	foldmason_osc	lddt_columns	637/741
A0A841BX55	foldmason_refine100	lddt	0.333104
A0A841BX55	foldmason_refine100	lddt_columns	654/723
A0A841BX55	foldmason_refine100_osc	lddt	0.368248
A0A841BX55	foldmason_refine100_osc	lddt_columns	654/723
A0A841BX55	foldmason_refine100_rosc	lddt	0.305768
A0A841BX55	foldmason_refine100_rosc	lddt_columns	622/780
A0A841BX55	foldmason_refine100_rosc_osc	lddt	0.383439
A0A841BX55	foldmason_refine100_rosc_osc	lddt_columns	622/780
A0A841BX55	foldmason_refine100_rosc	time	21.93
A0A841BX55	foldmason_refine100	time	24.28
A0A841BX55	foldmason	time	1.23
A0A841BX55	mafft_3di	lddt	0.290327
A0A841BX55	mafft_3di	lddt_columns	617/868
A0A841BX55	mafft_3di_osc	lddt	0.408434
A0A841BX55	mafft_3di_osc	lddt_columns	617/868
A0A841BX55	mafft_3di	time	1.77
A0A841BX55	mafft	lddt	0.220235
A0A841BX55	mafft	lddt_columns	842/976
A0A841BX55	mafft_osc	lddt	0.255285
A0A841BX55	mafft_osc	lddt_columns	842/976
A0A841BX55	mafft	time	3.53
A0A841BX55	matt	lddt	0.065819
A0A841BX55	matt	lddt_columns	1010/3085
A0A841BX55	matt_osc	lddt	0.201040
A0A841BX55	matt_osc	lddt_columns	1010/3085
A0A841BX55	matt	time	1506.35
A0A841BX55	mtmalign	lddt	0.128606
A0A841BX55	mtmalign	lddt_columns	858/2167
A0A841BX55	mtmalign_osc	lddt	0.324813
A0A841BX55	mtmalign_osc	lddt_columns	858/2167
A0A841BX55	mtmalign	time	98.81
A0A841BX55	muscle	lddt	0.159697
A0A841BX55	muscle	lddt_columns	816/1285
A0A841BX55	muscle_osc	lddt	0.251484
A0A841BX55	muscle_osc	lddt_columns	816/1285
A0A841BX55	muscle	time	12.53
A0A841BX55	mustang	lddt	0.195850
A0A841BX55	mustang	lddt_columns	792/1403
A0A841BX55	mustang_osc	lddt	0.346942
A0A841BX55	mustang_osc	lddt_columns	792/1403
A0A841BX55	mustang	time	790.06
A0A841BX55	usalign	lddt	0.180674
A0A841BX55	usalign	lddt_columns	731/1523
A0A841BX55	usalign_osc	lddt	0.376424
A0A841BX55	usalign_osc	lddt_columns	731/1523
A0A841BX55	usalign	time	31.37
A0A841FY34	3dcoffee	lddt	0.441091
A0A841FY34	3dcoffee	lddt_columns	660/865
A0A841FY34	3dcoffee_osc	lddt	0.578096
A0A841FY34	3dcoffee_osc	lddt_columns	660/865
A0A841FY34	3dcoffee	time	1366.46
A0A841FY34	caretta	lddt	0.456937
A0A841FY34	caretta	lddt_columns	622/661
A0A841FY34	caretta_osc	lddt	0.485588
A0A841FY34	caretta_osc	lddt_columns	622/661
A0A841FY34	caretta	time	145.39
A0A841FY34	clustalo	lddt	0.480353
A0A841FY34	clustalo	lddt_columns	676/786
A0A841FY34	clustalo_osc	lddt	0.558517
A0A841FY34	clustalo_osc	lddt_columns	676/786
A0A841FY34	clustalo	time	1.54
A0A841FY34	famsa	lddt	0.481579
A0A841FY34	famsa	lddt_columns	643/772
A0A841FY34	famsa_osc	lddt	0.578194
A0A841FY34	famsa_osc	lddt_columns	643/772
A0A841FY34	famsa	time	0.36
A0A841FY34	foldmason_fast	lddt	0.511820
A0A841FY34	foldmason_fast	lddt_columns	665/749
A0A841FY34	foldmason_fast_osc	lddt	0.576470
A0A841FY34	foldmason_fast_osc	lddt_columns	665/749
A0A841FY34	foldmason_fast	time	1.58
A0A841FY34	foldmason	lddt	0.530083
A0A841FY34	foldmason	lddt_columns	683/728
A0A841FY34	foldmason_osc	lddt	0.565008
A0A841FY34	foldmason_osc	lddt_columns	683/728
A0A841FY34	foldmason_refine100	lddt	0.532043
A0A841FY34	foldmason_refine100	lddt_columns	698/728
A0A841FY34	foldmason_refine100_osc	lddt	0.554910
A0A841FY34	foldmason_refine100_osc	lddt_columns	698/728
A0A841FY34	foldmason_refine100_rosc	lddt	0.513669
A0A841FY34	foldmason_refine100_rosc	lddt_columns	674/747
A0A841FY34	foldmason_refine100_rosc_osc	lddt	0.569304
A0A841FY34	foldmason_refine100_rosc_osc	lddt_columns	674/747
A0A841FY34	foldmason_refine100_rosc	time	33.68
A0A841FY34	foldmason_refine100	time	31.08
A0A841FY34	foldmason	time	1.54
A0A841FY34	mafft_3di	lddt	0.509132
A0A841FY34	mafft_3di	lddt_columns	618/763
A0A841FY34	mafft_3di_osc	lddt	0.628589
A0A841FY34	mafft_3di_osc	lddt_columns	618/763
A0A841FY34	mafft_3di	time	1.29
A0A841FY34	mafft	lddt	0.496738
A0A841FY34	mafft	lddt_columns	693/775
A0A841FY34	mafft_osc	lddt	0.555515
A0A841FY34	mafft_osc	lddt_columns	693/775
A0A841FY34	mafft	time	3.89
A0A841FY34	matt	lddt	0.052965
A0A841FY34	matt	lddt_columns	1432/4865
A0A841FY34	matt_osc	lddt	0.179941
A0A841FY34	matt_osc	lddt_columns	1432/4865
A0A841FY34	matt	time	3277.33
A0A841FY34	mtmalign	lddt	0.137632
A0A841FY34	mtmalign	lddt_columns	1003/2826
A0A841FY34	mtmalign_osc	lddt	0.387785
A0A841FY34	mtmalign_osc	lddt_columns	1003/2826
A0A841FY34	mtmalign	time	166.11
A0A841FY34	muscle	lddt	0.392231
A0A841FY34	muscle	lddt_columns	630/947
A0A841FY34	muscle_osc	lddt	0.589592
A0A841FY34	muscle_osc	lddt_columns	630/947
A0A841FY34	muscle	time	14.04
A0A841FY34	mustang	lddt	0.313577
A0A841FY34	mustang	lddt_columns	718/1229
A0A841FY34	mustang_osc	lddt	0.536749
A0A841FY34	mustang_osc	lddt_columns	718/1229
A0A841FY34	mustang	time	2261.59
A0A841FY34	usalign	lddt	0.190756
A0A841FY34	usalign	lddt_columns	1032/2069
A0A841FY34	usalign_osc	lddt	0.382436
A0A841FY34	usalign_osc	lddt_columns	1032/2069
A0A841FY34	usalign	time	53.56
A0A841GQ48	3dcoffee	lddt	0.513805
A0A841GQ48	3dcoffee	lddt_columns	610/647
A0A841GQ48	3dcoffee_osc	lddt	0.544970
A0A841GQ48	3dcoffee_osc	lddt_columns	610/647
A0A841GQ48	3dcoffee	time	1078.20
A0A841GQ48	caretta	lddt	0.449584
A0A841GQ48	caretta	lddt_columns	539/555
A0A841GQ48	caretta_osc	lddt	0.462930
A0A841GQ48	caretta_osc	lddt_columns	539/555
A0A841GQ48	caretta	time	133.50
A0A841GQ48	clustalo	lddt	0.501927
A0A841GQ48	clustalo	lddt_columns	627/668
A0A841GQ48	clustalo_osc	lddt	0.534749
A0A841GQ48	clustalo_osc	lddt_columns	627/668
A0A841GQ48	clustalo	time	0.90
A0A841GQ48	famsa	lddt	0.459282
A0A841GQ48	famsa	lddt_columns	569/699
A0A841GQ48	famsa_osc	lddt	0.564214
A0A841GQ48	famsa_osc	lddt_columns	569/699
A0A841GQ48	famsa	time	0.29
A0A841GQ48	foldmason_fast	lddt	0.559162
A0A841GQ48	foldmason_fast	lddt_columns	567/598
A0A841GQ48	foldmason_fast_osc	lddt	0.589733
A0A841GQ48	foldmason_fast_osc	lddt_columns	567/598
A0A841GQ48	foldmason_fast	time	1.41
A0A841GQ48	foldmason	lddt	0.557057
A0A841GQ48	foldmason	lddt_columns	581/615
A0A841GQ48	foldmason_osc	lddt	0.589656
A0A841GQ48	foldmason_osc	lddt_columns	581/615
A0A841GQ48	foldmason_refine100	lddt	0.561669
A0A841GQ48	foldmason_refine100	lddt_columns	596/613
A0A841GQ48	foldmason_refine100_osc	lddt	0.577690
A0A841GQ48	foldmason_refine100_osc	lddt_columns	596/613
A0A841GQ48	foldmason_refine100_rosc	lddt	0.534329
A0A841GQ48	foldmason_refine100_rosc	lddt_columns	574/635
A0A841GQ48	foldmason_refine100_rosc_osc	lddt	0.591113
A0A841GQ48	foldmason_refine100_rosc_osc	lddt_columns	574/635
A0A841GQ48	foldmason_refine100_rosc	time	23.17
A0A841GQ48	foldmason_refine100	time	22.31
A0A841GQ48	foldmason	time	1.25
A0A841GQ48	mafft_3di	lddt	0.556845
A0A841GQ48	mafft_3di	lddt_columns	567/613
A0A841GQ48	mafft_3di_osc	lddt	0.602021
A0A841GQ48	mafft_3di_osc	lddt_columns	567/613
A0A841GQ48	mafft_3di	time	1.04
A0A841GQ48	mafft	lddt	0.517771
A0A841GQ48	mafft	lddt_columns	594/655
A0A841GQ48	mafft_osc	lddt	0.570942
A0A841GQ48	mafft_osc	lddt_columns	594/655
A0A841GQ48	mafft	time	2.16
A0A841GQ48	matt	lddt	0.073774
A0A841GQ48	matt	lddt_columns	854/3304
A0A841GQ48	matt_osc	lddt	0.285421
A0A841GQ48	matt_osc	lddt_columns	854/3304
A0A841GQ48	matt	time	3363.85
A0A841GQ48	mtmalign	lddt	0.154078
A0A841GQ48	mtmalign	lddt_columns	1087/2291
A0A841GQ48	mtmalign_osc	lddt	0.324741
A0A841GQ48	mtmalign_osc	lddt_columns	1087/2291
A0A841GQ48	mtmalign	time	102.28
A0A841GQ48	muscle	lddt	0.419890
A0A841GQ48	muscle	lddt_columns	604/795
A0A841GQ48	muscle_osc	lddt	0.552669
A0A841GQ48	muscle_osc	lddt_columns	604/795
A0A841GQ48	muscle	time	10.24
A0A841GQ48	mustang	lddt	0.418753
A0A841GQ48	mustang	lddt_columns	596/823
A0A841GQ48	mustang_osc	lddt	0.578245
A0A841GQ48	mustang_osc	lddt_columns	596/823
A0A841GQ48	mustang	time	632.90
A0A841GQ48	usalign	lddt	0.162967
A0A841GQ48	usalign	lddt_columns	955/2021
A0A841GQ48	usalign_osc	lddt	0.344875
A0A841GQ48	usalign_osc	lddt_columns	955/2021
A0A841GQ48	usalign	time	35.53
A0A841HGH3	3dcoffee	lddt	0.612496
A0A841HGH3	3dcoffee	lddt_columns	170/202
A0A841HGH3	3dcoffee_osc	lddt	0.727789
A0A841HGH3	3dcoffee_osc	lddt_columns	170/202
A0A841HGH3	3dcoffee	time	273.58
A0A841HGH3	caretta	lddt	0.628513
A0A841HGH3	caretta	lddt_columns	172/192
A0A841HGH3	caretta_osc	lddt	0.701596
A0A841HGH3	caretta_osc	lddt_columns	172/192
A0A841HGH3	caretta	time	67.94
A0A841HGH3	clustalo	lddt	0.586861
A0A841HGH3	clustalo	lddt_columns	176/204
A0A841HGH3	clustalo_osc	lddt	0.680226
A0A841HGH3	clustalo_osc	lddt_columns	176/204
A0A841HGH3	clustalo	time	0.11
A0A841HGH3	famsa	lddt	0.562313
A0A841HGH3	famsa	lddt_columns	169/203
A0A841HGH3	famsa_osc	lddt	0.675441
A0A841HGH3	famsa_osc	lddt_columns	169/203
A0A841HGH3	famsa	time	0.07
A0A841HGH3	foldmason_fast	lddt	0.603981
A0A841HGH3	foldmason_fast	lddt_columns	185/203
A0A841HGH3	foldmason_fast_osc	lddt	0.662747
A0A841HGH3	foldmason_fast_osc	lddt_columns	185/203
A0A841HGH3	foldmason_fast	time	0.44
A0A841HGH3	foldmason	lddt	0.597326
A0A841HGH3	foldmason	lddt_columns	183/206
A0A841HGH3	foldmason_osc	lddt	0.672400
A0A841HGH3	foldmason_osc	lddt_columns	183/206
A0A841HGH3	foldmason_refine100	lddt	0.619763
A0A841HGH3	foldmason_refine100	lddt_columns	199/202
A0A841HGH3	foldmason_refine100_osc	lddt	0.629106
A0A841HGH3	foldmason_refine100_osc	lddt_columns	199/202
A0A841HGH3	foldmason_refine100_rosc	lddt	0.549133
A0A841HGH3	foldmason_refine100_rosc	lddt_columns	171/220
A0A841HGH3	foldmason_refine100_rosc_osc	lddt	0.706486
A0A841HGH3	foldmason_refine100_rosc_osc	lddt_columns	171/220
A0A841HGH3	foldmason_refine100_rosc	time	4.25
A0A841HGH3	foldmason_refine100	time	4.22
A0A841HGH3	foldmason	time	0.37
A0A841HGH3	mafft_3di	lddt	0.628060
A0A841HGH3	mafft_3di	lddt_columns	170/191
A0A841HGH3	mafft_3di_osc	lddt	0.705643
A0A841HGH3	mafft_3di_osc	lddt_columns	170/191
A0A841HGH3	mafft_3di	time	0.32
A0A841HGH3	mafft	lddt	0.598979
A0A841HGH3	mafft	lddt_columns	172/198
A0A841HGH3	mafft_osc	lddt	0.689522
A0A841HGH3	mafft_osc	lddt_columns	172/198
A0A841HGH3	mafft	time	0.38
A0A841HGH3	matt	lddt	0.454235
A0A841HGH3	matt	lddt_columns	183/269
A0A841HGH3	matt_osc	lddt	0.667700
A0A841HGH3	matt_osc	lddt_columns	183/269
A0A841HGH3	matt	time	683.15
A0A841HGH3	mtmalign	lddt	0.473665
A0A841HGH3	mtmalign	lddt_columns	177/260
A0A841HGH3	mtmalign_osc	lddt	0.695779
A0A841HGH3	mtmalign_osc	lddt_columns	177/260
A0A841HGH3	mtmalign	time	13.20
A0A841HGH3	muscle	lddt	0.521232
A0A841HGH3	muscle	lddt_columns	166/218
A0A841HGH3	muscle_osc	lddt	0.684510
A0A841HGH3	muscle_osc	lddt_columns	166/218
A0A841HGH3	muscle	time	1.50
A0A841HGH3	mustang	lddt	0.508863
A0A841HGH3	mustang	lddt_columns	175/239
A0A841HGH3	mustang_osc	lddt	0.694961
A0A841HGH3	mustang_osc	lddt_columns	175/239
A0A841HGH3	mustang	time	67.29
A0A841HGH3	usalign	lddt	0.570157
A0A841HGH3	usalign	lddt_columns	175/218
A0A841HGH3	usalign_osc	lddt	0.710253
A0A841HGH3	usalign_osc	lddt_columns	175/218
A0A841HGH3	usalign	time	4.96
A0A842R2G4	3dcoffee	lddt	0.843152
A0A842R2G4	3dcoffee	lddt_columns	139/143
A0A842R2G4	3dcoffee_osc	lddt	0.867415
A0A842R2G4	3dcoffee_osc	lddt_columns	139/143
A0A842R2G4	3dcoffee	time	265.91
A0A842R2G4	caretta	lddt	0.844414
A0A842R2G4	caretta	lddt_columns	139/143
A0A842R2G4	caretta_osc	lddt	0.868714
A0A842R2G4	caretta_osc	lddt_columns	139/143
A0A842R2G4	caretta	time	45.02
A0A842R2G4	clustalo	lddt	0.840237
A0A842R2G4	clustalo	lddt_columns	139/143
A0A842R2G4	clustalo_osc	lddt	0.864417
A0A842R2G4	clustalo_osc	lddt_columns	139/143
A0A842R2G4	clustalo	time	0.07
A0A842R2G4	famsa	lddt	0.838205
A0A842R2G4	famsa	lddt_columns	139/143
A0A842R2G4	famsa_osc	lddt	0.862327
A0A842R2G4	famsa_osc	lddt_columns	139/143
A0A842R2G4	famsa	time	0.03
A0A842R2G4	foldmason_fast	lddt	0.842955
A0A842R2G4	foldmason_fast	lddt_columns	141/143
A0A842R2G4	foldmason_fast_osc	lddt	0.854912
A0A842R2G4	foldmason_fast_osc	lddt_columns	141/143
A0A842R2G4	foldmason_fast	time	2.15
A0A842R2G4	foldmason	lddt	0.842281
A0A842R2G4	foldmason	lddt_columns	141/143
A0A842R2G4	foldmason_osc	lddt	0.854228
A0A842R2G4	foldmason_osc	lddt_columns	141/143
A0A842R2G4	foldmason_refine100	lddt	0.843852
A0A842R2G4	foldmason_refine100	lddt_columns	142/143
A0A842R2G4	foldmason_refine100_osc	lddt	0.849795
A0A842R2G4	foldmason_refine100_osc	lddt_columns	142/143
A0A842R2G4	foldmason_refine100_rosc	lddt	0.842425
A0A842R2G4	foldmason_refine100_rosc	lddt_columns	141/143
A0A842R2G4	foldmason_refine100_rosc_osc	lddt	0.854375
A0A842R2G4	foldmason_refine100_rosc_osc	lddt_columns	141/143
A0A842R2G4	foldmason_refine100_rosc	time	3.93
A0A842R2G4	foldmason_refine100	time	3.94
A0A842R2G4	foldmason	time	0.20
A0A842R2G4	mafft_3di	lddt	0.835798
A0A842R2G4	mafft_3di	lddt_columns	138/143
A0A842R2G4	mafft_3di_osc	lddt	0.866080
A0A842R2G4	mafft_3di_osc	lddt_columns	138/143
A0A842R2G4	mafft_3di	time	0.29
A0A842R2G4	mafft	lddt	0.838523
A0A842R2G4	mafft	lddt_columns	139/143
A0A842R2G4	mafft_osc	lddt	0.862653
A0A842R2G4	mafft_osc	lddt_columns	139/143
A0A842R2G4	mafft	time	0.29
A0A842R2G4	matt	lddt	0.741062
A0A842R2G4	matt	lddt_columns	147/163
A0A842R2G4	matt_osc	lddt	0.821721
A0A842R2G4	matt_osc	lddt_columns	147/163
A0A842R2G4	matt	time	422.36
A0A842R2G4	mtmalign	lddt	0.730198
A0A842R2G4	mtmalign	lddt_columns	148/167
A0A842R2G4	mtmalign_osc	lddt	0.823940
A0A842R2G4	mtmalign_osc	lddt_columns	148/167
A0A842R2G4	mtmalign	time	13.24
A0A842R2G4	muscle	lddt	0.836159
A0A842R2G4	muscle	lddt_columns	139/143
A0A842R2G4	muscle_osc	lddt	0.860221
A0A842R2G4	muscle_osc	lddt_columns	139/143
A0A842R2G4	muscle	time	1.04
A0A842R2G4	mustang	lddt	0.788285
A0A842R2G4	mustang	lddt_columns	139/153
A0A842R2G4	mustang_osc	lddt	0.867680
A0A842R2G4	mustang_osc	lddt_columns	139/153
A0A842R2G4	mustang	time	47.65
A0A842R2G4	usalign	lddt	0.817523
A0A842R2G4	usalign	lddt_columns	146/149
A0A842R2G4	usalign_osc	lddt	0.834321
A0A842R2G4	usalign_osc	lddt_columns	146/149
A0A842R2G4	usalign	time	4.40
A0A842R4M3	3dcoffee	lddt	0.682310
A0A842R4M3	3dcoffee	lddt_columns	839/889
A0A842R4M3	3dcoffee_osc	lddt	0.722973
A0A842R4M3	3dcoffee_osc	lddt_columns	839/889
A0A842R4M3	3dcoffee	time	2910.88
A0A842R4M3	caretta	lddt	0.639437
A0A842R4M3	caretta	lddt_columns	852/909
A0A842R4M3	caretta_osc	lddt	0.682217
A0A842R4M3	caretta_osc	lddt_columns	852/909
A0A842R4M3	caretta	time	151.56
A0A842R4M3	clustalo	lddt	0.661390
A0A842R4M3	clustalo	lddt_columns	859/945
A0A842R4M3	clustalo_osc	lddt	0.727606
A0A842R4M3	clustalo_osc	lddt_columns	859/945
A0A842R4M3	clustalo	time	1.68
A0A842R4M3	famsa	lddt	0.628840
A0A842R4M3	famsa	lddt_columns	839/981
A0A842R4M3	famsa_osc	lddt	0.735270
A0A842R4M3	famsa_osc	lddt_columns	839/981
A0A842R4M3	famsa	time	0.43
A0A842R4M3	foldmason_fast	lddt	0.698439
A0A842R4M3	foldmason_fast	lddt_columns	860/908
A0A842R4M3	foldmason_fast_osc	lddt	0.737421
A0A842R4M3	foldmason_fast_osc	lddt_columns	860/908
A0A842R4M3	foldmason_fast	time	4.22
A0A842R4M3	foldmason	lddt	0.693874
A0A842R4M3	foldmason	lddt_columns	845/916
A0A842R4M3	foldmason_osc	lddt	0.752176
A0A842R4M3	foldmason_osc	lddt_columns	845/916
A0A842R4M3	foldmason_refine100	lddt	0.698729
A0A842R4M3	foldmason_refine100	lddt_columns	868/910
A0A842R4M3	foldmason_refine100_osc	lddt	0.732538
A0A842R4M3	foldmason_refine100_osc	lddt_columns	868/910
A0A842R4M3	foldmason_refine100_rosc	lddt	0.691969
A0A842R4M3	foldmason_refine100_rosc	lddt_columns	844/918
A0A842R4M3	foldmason_refine100_rosc_osc	lddt	0.752639
A0A842R4M3	foldmason_refine100_rosc_osc	lddt_columns	844/918
A0A842R4M3	foldmason_refine100_rosc	time	62.22
A0A842R4M3	foldmason_refine100	time	48.76
A0A842R4M3	foldmason	time	3.57
A0A842R4M3	mafft_3di	lddt	0.693557
A0A842R4M3	mafft_3di	lddt_columns	813/914
A0A842R4M3	mafft_3di_osc	lddt	0.779718
A0A842R4M3	mafft_3di_osc	lddt_columns	813/914
A0A842R4M3	mafft_3di	time	1.32
A0A842R4M3	mafft	lddt	0.659721
A0A842R4M3	mafft	lddt_columns	859/956
A0A842R4M3	mafft_osc	lddt	0.734218
A0A842R4M3	mafft_osc	lddt_columns	859/956
A0A842R4M3	mafft	time	3.20
A0A842R4M3	matt	lddt	0.235332
A0A842R4M3	matt	lddt_columns	1128/2477
A0A842R4M3	matt_osc	lddt	0.516770
A0A842R4M3	matt_osc	lddt_columns	1128/2477
A0A842R4M3	matt	time	4794.17
A0A842R4M3	mtmalign	lddt	0.213252
A0A842R4M3	mtmalign	lddt_columns	1280/2800
A0A842R4M3	mtmalign_osc	lddt	0.466489
A0A842R4M3	mtmalign_osc	lddt_columns	1280/2800
A0A842R4M3	mtmalign	time	481.93
A0A842R4M3	muscle	lddt	0.612713
A0A842R4M3	muscle	lddt_columns	857/1017
A0A842R4M3	muscle_osc	lddt	0.727105
A0A842R4M3	muscle_osc	lddt_columns	857/1017
A0A842R4M3	muscle	time	18.31
A0A842R4M3	mustang	lddt	0.490191
A0A842R4M3	mustang	lddt_columns	857/1243
A0A842R4M3	mustang_osc	lddt	0.710976
A0A842R4M3	mustang_osc	lddt_columns	857/1243
A0A842R4M3	mustang	time	1668.00
A0A842R4M3	usalign	lddt	0.355018
A0A842R4M3	usalign	lddt_columns	1184/1755
A0A842R4M3	usalign_osc	lddt	0.526230
A0A842R4M3	usalign_osc	lddt_columns	1184/1755
A0A842R4M3	usalign	time	149.18
A0A842RCX9	3dcoffee	lddt	0.674668
A0A842RCX9	3dcoffee	lddt_columns	328/364
A0A842RCX9	3dcoffee_osc	lddt	0.748717
A0A842RCX9	3dcoffee_osc	lddt_columns	328/364
A0A842RCX9	3dcoffee	time	554.23
A0A842RCX9	caretta	lddt	0.669401
A0A842RCX9	caretta	lddt_columns	342/367
A0A842RCX9	caretta_osc	lddt	0.718334
A0A842RCX9	caretta_osc	lddt_columns	342/367
A0A842RCX9	caretta	time	64.30
A0A842RCX9	clustalo	lddt	0.637202
A0A842RCX9	clustalo	lddt_columns	340/384
A0A842RCX9	clustalo_osc	lddt	0.719663
A0A842RCX9	clustalo_osc	lddt_columns	340/384
A0A842RCX9	clustalo	time	0.64
A0A842RCX9	famsa	lddt	0.651534
A0A842RCX9	famsa	lddt_columns	333/376
A0A842RCX9	famsa_osc	lddt	0.735666
A0A842RCX9	famsa_osc	lddt_columns	333/376
A0A842RCX9	famsa	time	0.19
A0A842RCX9	foldmason_fast	lddt	0.701797
A0A842RCX9	foldmason_fast	lddt_columns	338/359
A0A842RCX9	foldmason_fast_osc	lddt	0.745399
A0A842RCX9	foldmason_fast_osc	lddt_columns	338/359
A0A842RCX9	foldmason_fast	time	2.72
A0A842RCX9	foldmason	lddt	0.706233
A0A842RCX9	foldmason	lddt_columns	343/360
A0A842RCX9	foldmason_osc	lddt	0.741236
A0A842RCX9	foldmason_osc	lddt_columns	343/360
A0A842RCX9	foldmason_refine100	lddt	0.709131
A0A842RCX9	foldmason_refine100	lddt_columns	353/360
A0A842RCX9	foldmason_refine100_osc	lddt	0.723193
A0A842RCX9	foldmason_refine100_osc	lddt_columns	353/360
A0A842RCX9	foldmason_refine100_rosc	lddt	0.704319
A0A842RCX9	foldmason_refine100_rosc	lddt_columns	343/362
A0A842RCX9	foldmason_refine100_rosc_osc	lddt	0.743334
A0A842RCX9	foldmason_refine100_rosc_osc	lddt_columns	343/362
A0A842RCX9	foldmason_refine100_rosc	time	17.10
A0A842RCX9	foldmason_refine100	time	19.79
A0A842RCX9	foldmason	time	0.75
A0A842RCX9	mafft_3di	lddt	0.686957
A0A842RCX9	mafft_3di	lddt_columns	328/368
A0A842RCX9	mafft_3di_osc	lddt	0.770732
A0A842RCX9	mafft_3di_osc	lddt_columns	328/368
A0A842RCX9	mafft_3di	time	0.60
A0A842RCX9	mafft	lddt	0.674937
A0A842RCX9	mafft	lddt_columns	333/368
A0A842RCX9	mafft_osc	lddt	0.745876
A0A842RCX9	mafft_osc	lddt_columns	333/368
A0A842RCX9	mafft	time	0.82
A0A842RCX9	matt	lddt	0.245273
A0A842RCX9	matt	lddt_columns	494/984
A0A842RCX9	matt_osc	lddt	0.488561
A0A842RCX9	matt_osc	lddt_columns	494/984
A0A842RCX9	matt	time	363.86
A0A842RCX9	mtmalign	lddt	0.343823
A0A842RCX9	mtmalign	lddt_columns	503/771
A0A842RCX9	mtmalign_osc	lddt	0.527012
A0A842RCX9	mtmalign_osc	lddt_columns	503/771
A0A842RCX9	mtmalign	time	50.86
A0A842RCX9	muscle	lddt	0.641669
A0A842RCX9	muscle	lddt_columns	321/378
A0A842RCX9	muscle_osc	lddt	0.755610
A0A842RCX9	muscle_osc	lddt_columns	321/378
A0A842RCX9	muscle	time	5.33
A0A842RCX9	mustang	lddt	0.635812
A0A842RCX9	mustang	lddt_columns	334/403
A0A842RCX9	mustang_osc	lddt	0.767162
A0A842RCX9	mustang_osc	lddt_columns	334/403
A0A842RCX9	mustang	time	142.09
A0A842RCX9	usalign	lddt	0.476753
A0A842RCX9	usalign	lddt_columns	408/540
A0A842RCX9	usalign_osc	lddt	0.630997
A0A842RCX9	usalign_osc	lddt_columns	408/540
A0A842RCX9	usalign	time	22.83
A0A845QUM5	3dcoffee	lddt	0.574736
A0A845QUM5	3dcoffee	lddt_columns	394/443
A0A845QUM5	3dcoffee_osc	lddt	0.646213
A0A845QUM5	3dcoffee_osc	lddt_columns	394/443
A0A845QUM5	3dcoffee	time	530.87
A0A845QUM5	caretta	lddt	0.595269
A0A845QUM5	caretta	lddt_columns	389/412
A0A845QUM5	caretta_osc	lddt	0.630465
A0A845QUM5	caretta_osc	lddt_columns	389/412
A0A845QUM5	caretta	time	61.96
A0A845QUM5	clustalo	lddt	0.539250
A0A845QUM5	clustalo	lddt_columns	394/437
A0A845QUM5	clustalo_osc	lddt	0.598102
A0A845QUM5	clustalo_osc	lddt_columns	394/437
A0A845QUM5	clustalo	time	0.38
A0A845QUM5	famsa	lddt	0.523327
A0A845QUM5	famsa	lddt_columns	353/412
A0A845QUM5	famsa_osc	lddt	0.610796
A0A845QUM5	famsa_osc	lddt_columns	353/412
A0A845QUM5	famsa	time	0.18
A0A845QUM5	foldmason_fast	lddt	0.593902
A0A845QUM5	foldmason_fast	lddt_columns	406/416
A0A845QUM5	foldmason_fast_osc	lddt	0.608530
A0A845QUM5	foldmason_fast_osc	lddt_columns	406/416
A0A845QUM5	foldmason_fast	time	1.44
A0A845QUM5	foldmason	lddt	0.595434
A0A845QUM5	foldmason	lddt_columns	393/412
A0A845QUM5	foldmason_osc	lddt	0.624220
A0A845QUM5	foldmason_osc	lddt_columns	393/412
A0A845QUM5	foldmason_refine100	lddt	0.597080
A0A845QUM5	foldmason_refine100	lddt_columns	401/412
A0A845QUM5	foldmason_refine100_osc	lddt	0.613459
A0A845QUM5	foldmason_refine100_osc	lddt_columns	401/412
A0A845QUM5	foldmason_refine100_rosc	lddt	0.582672
A0A845QUM5	foldmason_refine100_rosc	lddt_columns	388/419
A0A845QUM5	foldmason_refine100_rosc_osc	lddt	0.629226
A0A845QUM5	foldmason_refine100_rosc_osc	lddt_columns	388/419
A0A845QUM5	foldmason_refine100_rosc	time	10.20
A0A845QUM5	foldmason_refine100	time	11.75
A0A845QUM5	foldmason	time	0.71
A0A845QUM5	mafft_3di	lddt	0.602972
A0A845QUM5	mafft_3di	lddt_columns	384/417
A0A845QUM5	mafft_3di_osc	lddt	0.654790
A0A845QUM5	mafft_3di_osc	lddt_columns	384/417
A0A845QUM5	mafft_3di	time	0.61
A0A845QUM5	mafft	lddt	0.529934
A0A845QUM5	mafft	lddt_columns	398/438
A0A845QUM5	mafft_osc	lddt	0.583194
A0A845QUM5	mafft_osc	lddt_columns	398/438
A0A845QUM5	mafft	time	1.40
A0A845QUM5	matt	lddt	0.274759
A0A845QUM5	matt	lddt_columns	562/892
A0A845QUM5	matt_osc	lddt	0.436094
A0A845QUM5	matt_osc	lddt_columns	562/892
A0A845QUM5	matt	time	503.76
A0A845QUM5	mtmalign	lddt	0.311237
A0A845QUM5	mtmalign	lddt_columns	488/778
A0A845QUM5	mtmalign_osc	lddt	0.496193
A0A845QUM5	mtmalign_osc	lddt_columns	488/778
A0A845QUM5	mtmalign	time	53.98
A0A845QUM5	muscle	lddt	0.494482
A0A845QUM5	muscle	lddt_columns	388/468
A0A845QUM5	muscle_osc	lddt	0.596437
A0A845QUM5	muscle_osc	lddt_columns	388/468
A0A845QUM5	muscle	time	5.59
A0A845QUM5	mustang	lddt	0.471129
A0A845QUM5	mustang	lddt_columns	384/530
A0A845QUM5	mustang_osc	lddt	0.650257
A0A845QUM5	mustang_osc	lddt_columns	384/530
A0A845QUM5	mustang	time	256.01
A0A845QUM5	usalign	lddt	0.426508
A0A845QUM5	usalign	lddt_columns	494/582
A0A845QUM5	usalign_osc	lddt	0.502486
A0A845QUM5	usalign_osc	lddt_columns	494/582
A0A845QUM5	usalign	time	28.40
A0A846H7L1	3dcoffee	lddt	0.452617
A0A846H7L1	3dcoffee	lddt_columns	198/253
A0A846H7L1	3dcoffee_osc	lddt	0.578344
A0A846H7L1	3dcoffee_osc	lddt_columns	198/253
A0A846H7L1	3dcoffee	time	276.72
A0A846H7L1	caretta	lddt	0.477966
A0A846H7L1	caretta	lddt_columns	203/240
A0A846H7L1	caretta_osc	lddt	0.565083
A0A846H7L1	caretta_osc	lddt_columns	203/240
A0A846H7L1	caretta	time	45.64
A0A846H7L1	clustalo	lddt	0.361158
A0A846H7L1	clustalo	lddt_columns	235/274
A0A846H7L1	clustalo_osc	lddt	0.421095
A0A846H7L1	clustalo_osc	lddt_columns	235/274
A0A846H7L1	clustalo	time	0.13
A0A846H7L1	famsa	lddt	0.406550
A0A846H7L1	famsa	lddt_columns	219/250
A0A846H7L1	famsa_osc	lddt	0.464098
A0A846H7L1	famsa_osc	lddt_columns	219/250
A0A846H7L1	famsa	time	0.12
A0A846H7L1	foldmason_fast	lddt	0.446937
A0A846H7L1	foldmason_fast	lddt_columns	211/241
A0A846H7L1	foldmason_fast_osc	lddt	0.510482
A0A846H7L1	foldmason_fast_osc	lddt_columns	211/241
A0A846H7L1	foldmason_fast	time	0.85
A0A846H7L1	foldmason	lddt	0.464392
A0A846H7L1	foldmason	lddt_columns	207/240
A0A846H7L1	foldmason_osc	lddt	0.538426
A0A846H7L1	foldmason_osc	lddt_columns	207/240
A0A846H7L1	foldmason_refine100	lddt	0.469382
A0A846H7L1	foldmason_refine100	lddt_columns	225/239
A0A846H7L1	foldmason_refine100_osc	lddt	0.498588
A0A846H7L1	foldmason_refine100_osc	lddt_columns	225/239
A0A846H7L1	foldmason_refine100_rosc	lddt	0.448476
A0A846H7L1	foldmason_refine100_rosc	lddt_columns	202/246
A0A846H7L1	foldmason_refine100_rosc_osc	lddt	0.546164
A0A846H7L1	foldmason_refine100_rosc_osc	lddt_columns	202/246
A0A846H7L1	foldmason_refine100_rosc	time	8.31
A0A846H7L1	foldmason_refine100	time	10.57
A0A846H7L1	foldmason	time	0.27
A0A846H7L1	mafft_3di	lddt	0.448972
A0A846H7L1	mafft_3di	lddt_columns	208/247
A0A846H7L1	mafft_3di_osc	lddt	0.533154
A0A846H7L1	mafft_3di_osc	lddt_columns	208/247
A0A846H7L1	mafft_3di	time	0.38
A0A846H7L1	mafft	lddt	0.433729
A0A846H7L1	mafft	lddt_columns	218/240
A0A846H7L1	mafft_osc	lddt	0.477500
A0A846H7L1	mafft_osc	lddt_columns	218/240
A0A846H7L1	mafft	time	0.56
A0A846H7L1	matt	lddt	0.268510
A0A846H7L1	matt	lddt_columns	247/427
A0A846H7L1	matt_osc	lddt	0.464185
A0A846H7L1	matt_osc	lddt_columns	247/427
A0A846H7L1	matt	time	60.15
A0A846H7L1	mtmalign	lddt	0.304426
A0A846H7L1	mtmalign	lddt_columns	258/400
A0A846H7L1	mtmalign_osc	lddt	0.471978
A0A846H7L1	mtmalign_osc	lddt_columns	258/400
A0A846H7L1	mtmalign	time	13.91
A0A846H7L1	muscle	lddt	0.295665
A0A846H7L1	muscle	lddt_columns	222/332
A0A846H7L1	muscle_osc	lddt	0.442166
A0A846H7L1	muscle_osc	lddt_columns	222/332
A0A846H7L1	muscle	time	2.04
A0A846H7L1	mustang	lddt	0.353828
A0A846H7L1	mustang	lddt_columns	213/326
A0A846H7L1	mustang_osc	lddt	0.541539
A0A846H7L1	mustang_osc	lddt_columns	213/326
A0A846H7L1	mustang	time	52.41
A0A846H7L1	usalign	lddt	0.375343
A0A846H7L1	usalign	lddt_columns	226/314
A0A846H7L1	usalign_osc	lddt	0.521494
A0A846H7L1	usalign_osc	lddt_columns	226/314
A0A846H7L1	usalign	time	4.91
A0A847HHU4	3dcoffee	lddt	0.265110
A0A847HHU4	3dcoffee	lddt_columns	459/673
A0A847HHU4	3dcoffee_osc	lddt	0.388713
A0A847HHU4	3dcoffee_osc	lddt_columns	459/673
A0A847HHU4	3dcoffee	time	403.37
A0A847HHU4	caretta	lddt	0.437747
A0A847HHU4	caretta	lddt_columns	299/302
A0A847HHU4	caretta_osc	lddt	0.442139
A0A847HHU4	caretta_osc	lddt_columns	299/302
A0A847HHU4	caretta	time	56.70
A0A847HHU4	clustalo	lddt	0.331979
A0A847HHU4	clustalo	lddt_columns	422/452
A0A847HHU4	clustalo_osc	lddt	0.355580
A0A847HHU4	clustalo_osc	lddt_columns	422/452
A0A847HHU4	clustalo	time	0.40
A0A847HHU4	famsa	lddt	0.338625
A0A847HHU4	famsa	lddt_columns	315/388
A0A847HHU4	famsa_osc	lddt	0.417100
A0A847HHU4	famsa_osc	lddt_columns	315/388
A0A847HHU4	famsa	time	0.15
A0A847HHU4	foldmason_fast	lddt	0.428793
A0A847HHU4	foldmason_fast	lddt_columns	343/366
A0A847HHU4	foldmason_fast_osc	lddt	0.457546
A0A847HHU4	foldmason_fast_osc	lddt_columns	343/366
A0A847HHU4	foldmason_fast	time	1.51
A0A847HHU4	foldmason	lddt	0.446815
A0A847HHU4	foldmason	lddt_columns	345/368
A0A847HHU4	foldmason_osc	lddt	0.476602
A0A847HHU4	foldmason_osc	lddt_columns	345/368
A0A847HHU4	foldmason_refine100	lddt	0.449237
A0A847HHU4	foldmason_refine100	lddt_columns	359/368
A0A847HHU4	foldmason_refine100_osc	lddt	0.460500
A0A847HHU4	foldmason_refine100_osc	lddt_columns	359/368
A0A847HHU4	foldmason_refine100_rosc	lddt	0.415224
A0A847HHU4	foldmason_refine100_rosc	lddt_columns	335/391
A0A847HHU4	foldmason_refine100_rosc_osc	lddt	0.484634
A0A847HHU4	foldmason_refine100_rosc_osc	lddt_columns	335/391
A0A847HHU4	foldmason_refine100_rosc	time	10.67
A0A847HHU4	foldmason_refine100	time	11.25
A0A847HHU4	foldmason	time	0.47
A0A847HHU4	mafft_3di	lddt	0.405339
A0A847HHU4	mafft_3di	lddt_columns	305/405
A0A847HHU4	mafft_3di_osc	lddt	0.538237
A0A847HHU4	mafft_3di_osc	lddt_columns	305/405
A0A847HHU4	mafft_3di	time	1.16
A0A847HHU4	mafft	lddt	0.331740
A0A847HHU4	mafft	lddt_columns	387/439
A0A847HHU4	mafft_osc	lddt	0.376315
A0A847HHU4	mafft_osc	lddt_columns	387/439
A0A847HHU4	mafft	time	1.43
A0A847HHU4	matt	lddt	0.062327
A0A847HHU4	matt	lddt_columns	519/2154
A0A847HHU4	matt_osc	lddt	0.258675
A0A847HHU4	matt_osc	lddt_columns	519/2154
A0A847HHU4	matt	time	572.31
A0A847HHU4	mtmalign	lddt	0.138539
A0A847HHU4	mtmalign	lddt_columns	481/1277
A0A847HHU4	mtmalign_osc	lddt	0.367804
A0A847HHU4	mtmalign_osc	lddt_columns	481/1277
A0A847HHU4	mtmalign	time	31.19
A0A847HHU4	muscle	lddt	0.230221
A0A847HHU4	muscle	lddt_columns	416/623
A0A847HHU4	muscle_osc	lddt	0.344778
A0A847HHU4	muscle_osc	lddt_columns	416/623
A0A847HHU4	muscle	time	5.74
A0A847HHU4	mustang	lddt	0.266346
A0A847HHU4	mustang	lddt_columns	350/642
A0A847HHU4	mustang_osc	lddt	0.488554
A0A847HHU4	mustang_osc	lddt_columns	350/642
A0A847HHU4	mustang	time	329.21
A0A847HHU4	usalign	lddt	0.156042
A0A847HHU4	usalign	lddt_columns	583/1259
A0A847HHU4	usalign_osc	lddt	0.336976
A0A847HHU4	usalign_osc	lddt_columns	583/1259
A0A847HHU4	usalign	time	12.50
A0A847S9B0	3dcoffee	lddt	0.826886
A0A847S9B0	3dcoffee	lddt_columns	155/163
A0A847S9B0	3dcoffee_osc	lddt	0.869564
A0A847S9B0	3dcoffee_osc	lddt_columns	155/163
A0A847S9B0	3dcoffee	time	277.03
A0A847S9B0	caretta	lddt	0.836777
A0A847S9B0	caretta	lddt_columns	154/161
A0A847S9B0	caretta_osc	lddt	0.874812
A0A847S9B0	caretta_osc	lddt_columns	154/161
A0A847S9B0	caretta	time	45.85
A0A847S9B0	clustalo	lddt	0.839579
A0A847S9B0	clustalo	lddt_columns	153/160
A0A847S9B0	clustalo_osc	lddt	0.877991
A0A847S9B0	clustalo_osc	lddt_columns	153/160
A0A847S9B0	clustalo	time	0.09
A0A847S9B0	famsa	lddt	0.818689
A0A847S9B0	famsa	lddt_columns	155/163
A0A847S9B0	famsa_osc	lddt	0.860943
A0A847S9B0	famsa_osc	lddt_columns	155/163
A0A847S9B0	famsa	time	0.05
A0A847S9B0	foldmason_fast	lddt	0.836306
A0A847S9B0	foldmason_fast	lddt_columns	152/160
A0A847S9B0	foldmason_fast_osc	lddt	0.880322
A0A847S9B0	foldmason_fast_osc	lddt_columns	152/160
A0A847S9B0	foldmason_fast	time	1.03
A0A847S9B0	foldmason	lddt	0.837291
A0A847S9B0	foldmason	lddt_columns	154/160
A0A847S9B0	foldmason_osc	lddt	0.869913
A0A847S9B0	foldmason_osc	lddt_columns	154/160
A0A847S9B0	foldmason_refine100	lddt	0.838654
A0A847S9B0	foldmason_refine100	lddt_columns	156/160
A0A847S9B0	foldmason_refine100_osc	lddt	0.860158
A0A847S9B0	foldmason_refine100_osc	lddt_columns	156/160
A0A847S9B0	foldmason_refine100_rosc	lddt	0.837898
A0A847S9B0	foldmason_refine100_rosc	lddt_columns	154/160
A0A847S9B0	foldmason_refine100_rosc_osc	lddt	0.870544
A0A847S9B0	foldmason_refine100_rosc_osc	lddt_columns	154/160
A0A847S9B0	foldmason_refine100_rosc	time	4.22
A0A847S9B0	foldmason_refine100	time	4.20
A0A847S9B0	foldmason	time	0.26
A0A847S9B0	mafft_3di	lddt	0.838274
A0A847S9B0	mafft_3di	lddt_columns	152/160
A0A847S9B0	mafft_3di_osc	lddt	0.882394
A0A847S9B0	mafft_3di_osc	lddt_columns	152/160
A0A847S9B0	mafft_3di	time	0.30
A0A847S9B0	mafft	lddt	0.821466
A0A847S9B0	mafft	lddt_columns	154/163
A0A847S9B0	mafft_osc	lddt	0.869474
A0A847S9B0	mafft_osc	lddt_columns	154/163
A0A847S9B0	mafft	time	0.33
A0A847S9B0	matt	lddt	0.778958
A0A847S9B0	matt	lddt_columns	158/173
A0A847S9B0	matt_osc	lddt	0.852910
A0A847S9B0	matt_osc	lddt_columns	158/173
A0A847S9B0	matt	time	679.25
A0A847S9B0	mtmalign	lddt	0.791099
A0A847S9B0	mtmalign	lddt_columns	156/171
A0A847S9B0	mtmalign_osc	lddt	0.867167
A0A847S9B0	mtmalign_osc	lddt_columns	156/171
A0A847S9B0	mtmalign	time	13.08
A0A847S9B0	muscle	lddt	0.827318
A0A847S9B0	muscle	lddt_columns	151/161
A0A847S9B0	muscle_osc	lddt	0.882107
A0A847S9B0	muscle_osc	lddt_columns	151/161
A0A847S9B0	muscle	time	1.16
A0A847S9B0	mustang	lddt	0.763143
A0A847S9B0	mustang	lddt_columns	166/178
A0A847S9B0	mustang_osc	lddt	0.818310
A0A847S9B0	mustang_osc	lddt_columns	166/178
A0A847S9B0	mustang	time	55.91
A0A847S9B0	usalign	lddt	0.837743
A0A847S9B0	usalign	lddt_columns	154/161
A0A847S9B0	usalign_osc	lddt	0.875823
A0A847S9B0	usalign_osc	lddt_columns	154/161
A0A847S9B0	usalign	time	4.36
A0A848RSI4	3dcoffee	lddt	0.344944
A0A848RSI4	3dcoffee	lddt_columns	627/816
A0A848RSI4	3dcoffee_osc	lddt	0.448922
A0A848RSI4	3dcoffee_osc	lddt_columns	627/816
A0A848RSI4	3dcoffee	time	921.36
A0A848RSI4	caretta	lddt	0.350703
A0A848RSI4	caretta	lddt_columns	578/640
A0A848RSI4	caretta_osc	lddt	0.388321
A0A848RSI4	caretta_osc	lddt_columns	578/640
A0A848RSI4	caretta	time	135.12
A0A848RSI4	clustalo	lddt	0.249263
A0A848RSI4	clustalo	lddt_columns	878/969
A0A848RSI4	clustalo_osc	lddt	0.275097
A0A848RSI4	clustalo_osc	lddt_columns	878/969
A0A848RSI4	clustalo	time	1.28
A0A848RSI4	famsa	lddt	0.270498
A0A848RSI4	famsa	lddt_columns	552/688
A0A848RSI4	famsa_osc	lddt	0.337142
A0A848RSI4	famsa_osc	lddt_columns	552/688
A0A848RSI4	famsa	time	0.31
A0A848RSI4	foldmason_fast	lddt	0.378682
A0A848RSI4	foldmason_fast	lddt_columns	646/683
A0A848RSI4	foldmason_fast_osc	lddt	0.400371
A0A848RSI4	foldmason_fast_osc	lddt_columns	646/683
A0A848RSI4	foldmason_fast	time	1.26
A0A848RSI4	foldmason	lddt	0.345090
A0A848RSI4	foldmason	lddt_columns	629/732
A0A848RSI4	foldmason_osc	lddt	0.401600
A0A848RSI4	foldmason_osc	lddt_columns	629/732
A0A848RSI4	foldmason_refine100	lddt	0.359887
A0A848RSI4	foldmason_refine100	lddt_columns	687/722
A0A848RSI4	foldmason_refine100_osc	lddt	0.378222
A0A848RSI4	foldmason_refine100_osc	lddt_columns	687/722
A0A848RSI4	foldmason_refine100_rosc	lddt	0.335586
A0A848RSI4	foldmason_refine100_rosc	lddt_columns	610/757
A0A848RSI4	foldmason_refine100_rosc_osc	lddt	0.416457
A0A848RSI4	foldmason_refine100_rosc_osc	lddt_columns	610/757
A0A848RSI4	foldmason_refine100_rosc	time	26.16
A0A848RSI4	foldmason_refine100	time	25.83
A0A848RSI4	foldmason	time	1.11
A0A848RSI4	mafft_3di	lddt	0.346228
A0A848RSI4	mafft_3di	lddt_columns	589/750
A0A848RSI4	mafft_3di_osc	lddt	0.440867
A0A848RSI4	mafft_3di_osc	lddt_columns	589/750
A0A848RSI4	mafft_3di	time	2.21
A0A848RSI4	mafft	lddt	0.241629
A0A848RSI4	mafft	lddt_columns	859/972
A0A848RSI4	mafft_osc	lddt	0.273415
A0A848RSI4	mafft_osc	lddt_columns	859/972
A0A848RSI4	mafft	time	3.53
A0A848RSI4	matt	lddt	0.099611
A0A848RSI4	matt	lddt_columns	1029/2432
A0A848RSI4	matt_osc	lddt	0.235427
A0A848RSI4	matt_osc	lddt_columns	1029/2432
A0A848RSI4	matt	time	1100.08
A0A848RSI4	mtmalign	lddt	0.144465
A0A848RSI4	mtmalign	lddt_columns	772/1951
A0A848RSI4	mtmalign_osc	lddt	0.365091
A0A848RSI4	mtmalign_osc	lddt_columns	772/1951
A0A848RSI4	mtmalign	time	99.04
A0A848RSI4	muscle	lddt	0.183758
A0A848RSI4	muscle	lddt_columns	735/1172
A0A848RSI4	muscle_osc	lddt	0.293013
A0A848RSI4	muscle_osc	lddt_columns	735/1172
A0A848RSI4	muscle	time	14.28
A0A848RSI4	mustang	lddt	0.223354
A0A848RSI4	mustang	lddt_columns	717/1239
A0A848RSI4	mustang_osc	lddt	0.385964
A0A848RSI4	mustang_osc	lddt_columns	717/1239
A0A848RSI4	mustang	time	690.58
A0A848RSI4	usalign	lddt	0.221359
A0A848RSI4	usalign	lddt_columns	758/1271
A0A848RSI4	usalign_osc	lddt	0.371170
A0A848RSI4	usalign_osc	lddt_columns	758/1271
A0A848RSI4	usalign	time	35.17
A0A849N4M5	3dcoffee	lddt	0.701640
A0A849N4M5	3dcoffee	lddt_columns	169/180
A0A849N4M5	3dcoffee_osc	lddt	0.747308
A0A849N4M5	3dcoffee_osc	lddt_columns	169/180
A0A849N4M5	3dcoffee	time	276.60
A0A849N4M5	caretta	lddt	0.596234
A0A849N4M5	caretta	lddt_columns	178/192
A0A849N4M5	caretta_osc	lddt	0.643129
A0A849N4M5	caretta_osc	lddt_columns	178/192
A0A849N4M5	caretta	time	46.16
A0A849N4M5	clustalo	lddt	0.610364
A0A849N4M5	clustalo	lddt_columns	182/202
A0A849N4M5	clustalo_osc	lddt	0.677437
A0A849N4M5	clustalo_osc	lddt_columns	182/202
A0A849N4M5	clustalo	time	0.14
A0A849N4M5	famsa	lddt	0.591566
A0A849N4M5	famsa	lddt_columns	175/204
A0A849N4M5	famsa_osc	lddt	0.689597
A0A849N4M5	famsa_osc	lddt_columns	175/204
A0A849N4M5	famsa	time	0.07
A0A849N4M5	foldmason_fast	lddt	0.670238
A0A849N4M5	foldmason_fast	lddt_columns	181/188
A0A849N4M5	foldmason_fast_osc	lddt	0.696158
A0A849N4M5	foldmason_fast_osc	lddt_columns	181/188
A0A849N4M5	foldmason_fast	time	1.51
A0A849N4M5	foldmason	lddt	0.656360
A0A849N4M5	foldmason	lddt_columns	180/190
A0A849N4M5	foldmason_osc	lddt	0.692824
A0A849N4M5	foldmason_osc	lddt_columns	180/190
A0A849N4M5	foldmason_refine100	lddt	0.661783
A0A849N4M5	foldmason_refine100	lddt_columns	187/190
A0A849N4M5	foldmason_refine100_osc	lddt	0.672400
A0A849N4M5	foldmason_refine100_osc	lddt_columns	187/190
A0A849N4M5	foldmason_refine100_rosc	lddt	0.614034
A0A849N4M5	foldmason_refine100_rosc	lddt_columns	171/200
A0A849N4M5	foldmason_refine100_rosc_osc	lddt	0.718169
A0A849N4M5	foldmason_refine100_rosc_osc	lddt_columns	171/200
A0A849N4M5	foldmason_refine100_rosc	time	4.09
A0A849N4M5	foldmason_refine100	time	4.14
A0A849N4M5	foldmason	time	0.78
A0A849N4M5	mafft_3di	lddt	0.664891
A0A849N4M5	mafft_3di	lddt_columns	167/187
A0A849N4M5	mafft_3di_osc	lddt	0.744519
A0A849N4M5	mafft_3di_osc	lddt_columns	167/187
A0A849N4M5	mafft_3di	time	0.33
A0A849N4M5	mafft	lddt	0.555427
A0A849N4M5	mafft	lddt_columns	174/216
A0A849N4M5	mafft_osc	lddt	0.689495
A0A849N4M5	mafft_osc	lddt_columns	174/216
A0A849N4M5	mafft	time	0.45
A0A849N4M5	matt	lddt	0.060440
A0A849N4M5	matt	lddt_columns	398/1538
A0A849N4M5	matt_osc	lddt	0.233561
A0A849N4M5	matt_osc	lddt_columns	398/1538
A0A849N4M5	matt	time	234.39
A0A849N4M5	mtmalign	lddt	0.251490
A0A849N4M5	mtmalign	lddt_columns	361/578
A0A849N4M5	mtmalign_osc	lddt	0.402663
A0A849N4M5	mtmalign_osc	lddt_columns	361/578
A0A849N4M5	mtmalign	time	12.49
A0A849N4M5	muscle	lddt	0.487442
A0A849N4M5	muscle	lddt_columns	166/244
A0A849N4M5	muscle_osc	lddt	0.716480
A0A849N4M5	muscle_osc	lddt_columns	166/244
A0A849N4M5	muscle	time	1.56
A0A849N4M5	mustang	lddt	0.481554
A0A849N4M5	mustang	lddt_columns	192/265
A0A849N4M5	mustang_osc	lddt	0.664645
A0A849N4M5	mustang_osc	lddt_columns	192/265
A0A849N4M5	mustang	time	40.99
A0A849N4M5	usalign	lddt	0.200996
A0A849N4M5	usalign	lddt_columns	395/687
A0A849N4M5	usalign_osc	lddt	0.349581
A0A849N4M5	usalign_osc	lddt_columns	395/687
A0A849N4M5	usalign	time	4.45
A0A849TDM4	3dcoffee	lddt	0.472226
A0A849TDM4	3dcoffee	lddt_columns	436/545
A0A849TDM4	3dcoffee_osc	lddt	0.590283
A0A849TDM4	3dcoffee_osc	lddt_columns	436/545
A0A849TDM4	3dcoffee	time	666.71
A0A849TDM4	caretta	lddt	0.483565
A0A849TDM4	caretta	lddt_columns	470/525
A0A849TDM4	caretta_osc	lddt	0.540153
A0A849TDM4	caretta_osc	lddt_columns	470/525
A0A849TDM4	caretta	time	69.38
A0A849TDM4	clustalo	lddt	0.400051
A0A849TDM4	clustalo	lddt_columns	523/613
A0A849TDM4	clustalo_osc	lddt	0.468893
A0A849TDM4	clustalo_osc	lddt_columns	523/613
A0A849TDM4	clustalo	time	0.72
A0A849TDM4	famsa	lddt	0.423162
A0A849TDM4	famsa	lddt_columns	456/572
A0A849TDM4	famsa_osc	lddt	0.530808
A0A849TDM4	famsa_osc	lddt_columns	456/572
A0A849TDM4	famsa	time	0.29
A0A849TDM4	foldmason_fast	lddt	0.484148
A0A849TDM4	foldmason_fast	lddt_columns	454/524
A0A849TDM4	foldmason_fast_osc	lddt	0.558797
A0A849TDM4	foldmason_fast_osc	lddt_columns	454/524
A0A849TDM4	foldmason_fast	time	2.33
A0A849TDM4	foldmason	lddt	0.492531
A0A849TDM4	foldmason	lddt_columns	454/525
A0A849TDM4	foldmason_osc	lddt	0.569556
A0A849TDM4	foldmason_osc	lddt_columns	454/525
A0A849TDM4	foldmason_refine100	lddt	0.502676
A0A849TDM4	foldmason_refine100	lddt_columns	466/513
A0A849TDM4	foldmason_refine100_osc	lddt	0.553376
A0A849TDM4	foldmason_refine100_osc	lddt_columns	466/513
A0A849TDM4	foldmason_refine100_rosc	lddt	0.460118
A0A849TDM4	foldmason_refine100_rosc	lddt_columns	436/553
A0A849TDM4	foldmason_refine100_rosc_osc	lddt	0.583590
A0A849TDM4	foldmason_refine100_rosc_osc	lddt_columns	436/553
A0A849TDM4	foldmason_refine100_rosc	time	23.23
A0A849TDM4	foldmason_refine100	time	17.61
A0A849TDM4	foldmason	time	0.89
A0A849TDM4	mafft_3di	lddt	0.460134
A0A849TDM4	mafft_3di	lddt_columns	417/558
A0A849TDM4	mafft_3di_osc	lddt	0.615719
A0A849TDM4	mafft_3di_osc	lddt_columns	417/558
A0A849TDM4	mafft_3di	time	0.83
A0A849TDM4	mafft	lddt	0.421455
A0A849TDM4	mafft	lddt_columns	470/599
A0A849TDM4	mafft_osc	lddt	0.537131
A0A849TDM4	mafft_osc	lddt_columns	470/599
A0A849TDM4	mafft	time	2.62
A0A849TDM4	matt	lddt	0.187267
A0A849TDM4	matt	lddt_columns	703/1362
A0A849TDM4	matt_osc	lddt	0.362813
A0A849TDM4	matt_osc	lddt_columns	703/1362
A0A849TDM4	matt	time	967.33
A0A849TDM4	mtmalign	lddt	0.234161
A0A849TDM4	mtmalign	lddt_columns	599/1144
A0A849TDM4	mtmalign_osc	lddt	0.447212
A0A849TDM4	mtmalign_osc	lddt_columns	599/1144
A0A849TDM4	mtmalign	time	73.79
A0A849TDM4	muscle	lddt	0.366805
A0A849TDM4	muscle	lddt_columns	440/668
A0A849TDM4	muscle_osc	lddt	0.556877
A0A849TDM4	muscle_osc	lddt_columns	440/668
A0A849TDM4	muscle	time	7.76
A0A849TDM4	mustang	lddt	0.300409
A0A849TDM4	mustang	lddt_columns	485/862
A0A849TDM4	mustang_osc	lddt	0.533923
A0A849TDM4	mustang_osc	lddt_columns	485/862
A0A849TDM4	mustang	time	349.74
A0A849TDM4	usalign	lddt	0.345397
A0A849TDM4	usalign	lddt_columns	563/790
A0A849TDM4	usalign_osc	lddt	0.484660
A0A849TDM4	usalign_osc	lddt_columns	563/790
A0A849TDM4	usalign	time	31.64
A0A850SNP2	3dcoffee	lddt	0.718324
A0A850SNP2	3dcoffee	lddt_columns	108/114
A0A850SNP2	3dcoffee_osc	lddt	0.758231
A0A850SNP2	3dcoffee_osc	lddt_columns	108/114
A0A850SNP2	3dcoffee	time	240.52
A0A850SNP2	caretta	lddt	0.662450
A0A850SNP2	caretta	lddt_columns	108/113
A0A850SNP2	caretta_osc	lddt	0.693119
A0A850SNP2	caretta_osc	lddt_columns	108/113
A0A850SNP2	caretta	time	42.62
A0A850SNP2	clustalo	lddt	0.504388
A0A850SNP2	clustalo	lddt_columns	143/161
A0A850SNP2	clustalo_osc	lddt	0.567878
A0A850SNP2	clustalo_osc	lddt_columns	143/161
A0A850SNP2	clustalo	time	0.06
A0A850SNP2	famsa	lddt	0.597144
A0A850SNP2	famsa	lddt_columns	109/132
A0A850SNP2	famsa_osc	lddt	0.723146
A0A850SNP2	famsa_osc	lddt_columns	109/132
A0A850SNP2	famsa	time	0.04
A0A850SNP2	foldmason_fast	lddt	0.715544
A0A850SNP2	foldmason_fast	lddt_columns	111/113
A0A850SNP2	foldmason_fast_osc	lddt	0.728436
A0A850SNP2	foldmason_fast_osc	lddt_columns	111/113
A0A850SNP2	foldmason_fast	time	0.80
A0A850SNP2	foldmason	lddt	0.697229
A0A850SNP2	foldmason	lddt_columns	113/114
A0A850SNP2	foldmason_osc	lddt	0.703399
A0A850SNP2	foldmason_osc	lddt_columns	113/114
A0A850SNP2	foldmason_refine100	lddt	0.699978
A0A850SNP2	foldmason_refine100	lddt_columns	113/114
A0A850SNP2	foldmason_refine100_osc	lddt	0.706172
A0A850SNP2	foldmason_refine100_osc	lddt_columns	113/114
A0A850SNP2	foldmason_refine100_rosc	lddt	0.662282
A0A850SNP2	foldmason_refine100_rosc	lddt_columns	107/119
A0A850SNP2	foldmason_refine100_rosc_osc	lddt	0.736557
A0A850SNP2	foldmason_refine100_rosc_osc	lddt_columns	107/119
A0A850SNP2	foldmason_refine100_rosc	time	1.96
A0A850SNP2	foldmason_refine100	time	1.95
A0A850SNP2	foldmason	time	0.13
A0A850SNP2	mafft_3di	lddt	0.729068
A0A850SNP2	mafft_3di	lddt_columns	107/111
A0A850SNP2	mafft_3di_osc	lddt	0.756322
A0A850SNP2	mafft_3di_osc	lddt_columns	107/111
A0A850SNP2	mafft_3di	time	0.25
A0A850SNP2	mafft	lddt	0.645481
A0A850SNP2	mafft	lddt_columns	115/123
A0A850SNP2	mafft_osc	lddt	0.690383
A0A850SNP2	mafft_osc	lddt_columns	115/123
A0A850SNP2	mafft	time	0.30
A0A850SNP2	matt	lddt	0.108841
A0A850SNP2	matt	lddt_columns	200/631
A0A850SNP2	matt_osc	lddt	0.343393
A0A850SNP2	matt_osc	lddt_columns	200/631
A0A850SNP2	matt	time	27.36
A0A850SNP2	mtmalign	lddt	0.156397
A0A850SNP2	mtmalign	lddt_columns	192/499
A0A850SNP2	mtmalign_osc	lddt	0.406468
A0A850SNP2	mtmalign_osc	lddt_columns	192/499
A0A850SNP2	mtmalign	time	5.16
A0A850SNP2	muscle	lddt	0.527259
A0A850SNP2	muscle	lddt_columns	112/141
A0A850SNP2	muscle_osc	lddt	0.663781
A0A850SNP2	muscle_osc	lddt_columns	112/141
A0A850SNP2	muscle	time	0.73
A0A850SNP2	mustang	lddt	0.411209
A0A850SNP2	mustang	lddt_columns	132/199
A0A850SNP2	mustang_osc	lddt	0.619928
A0A850SNP2	mustang_osc	lddt_columns	132/199
A0A850SNP2	mustang	time	16.66
A0A850SNP2	usalign	lddt	0.168307
A0A850SNP2	usalign	lddt_columns	228/472
A0A850SNP2	usalign_osc	lddt	0.348426
A0A850SNP2	usalign_osc	lddt_columns	228/472
A0A850SNP2	usalign	time	1.58
A0A851GER1	3dcoffee	lddt	0.741266
A0A851GER1	3dcoffee	lddt_columns	963/1000
A0A851GER1	3dcoffee_osc	lddt	0.769746
A0A851GER1	3dcoffee_osc	lddt_columns	963/1000
A0A851GER1	3dcoffee	time	3551.78
A0A851GER1	caretta	lddt	0.742677
A0A851GER1	caretta	lddt_columns	1007/1037
A0A851GER1	caretta_osc	lddt	0.764803
A0A851GER1	caretta_osc	lddt_columns	1007/1037
A0A851GER1	caretta	time	208.64
A0A851GER1	clustalo	lddt	0.729338
A0A851GER1	clustalo	lddt_columns	1001/1060
A0A851GER1	clustalo_osc	lddt	0.772326
A0A851GER1	clustalo_osc	lddt_columns	1001/1060
A0A851GER1	clustalo	time	2.24
A0A851GER1	famsa	lddt	0.701658
A0A851GER1	famsa	lddt_columns	999/1096
A0A851GER1	famsa_osc	lddt	0.769787
A0A851GER1	famsa_osc	lddt_columns	999/1096
A0A851GER1	famsa	time	0.45
A0A851GER1	foldmason_fast	lddt	0.743499
A0A851GER1	foldmason_fast	lddt_columns	1010/1045
A0A851GER1	foldmason_fast_osc	lddt	0.769264
A0A851GER1	foldmason_fast_osc	lddt_columns	1010/1045
A0A851GER1	foldmason_fast	time	5.05
A0A851GER1	foldmason	lddt	0.746947
A0A851GER1	foldmason	lddt_columns	1006/1045
A0A851GER1	foldmason_osc	lddt	0.775904
A0A851GER1	foldmason_osc	lddt_columns	1006/1045
A0A851GER1	foldmason_refine100	lddt	0.749128
A0A851GER1	foldmason_refine100	lddt_columns	1010/1042
A0A851GER1	foldmason_refine100_osc	lddt	0.772863
A0A851GER1	foldmason_refine100_osc	lddt_columns	1010/1042
A0A851GER1	foldmason_refine100_rosc	lddt	0.734288
A0A851GER1	foldmason_refine100_rosc	lddt_columns	992/1059
A0A851GER1	foldmason_refine100_rosc_osc	lddt	0.783882
A0A851GER1	foldmason_refine100_rosc_osc	lddt_columns	992/1059
A0A851GER1	foldmason_refine100_rosc	time	92.25
A0A851GER1	foldmason_refine100	time	77.65
A0A851GER1	foldmason	time	5.02
A0A851GER1	mafft_3di	lddt	0.744842
A0A851GER1	mafft_3di	lddt_columns	987/1047
A0A851GER1	mafft_3di_osc	lddt	0.790121
A0A851GER1	mafft_3di_osc	lddt_columns	987/1047
A0A851GER1	mafft_3di	time	1.95
A0A851GER1	mafft	lddt	0.717611
A0A851GER1	mafft	lddt_columns	998/1080
A0A851GER1	mafft_osc	lddt	0.776573
A0A851GER1	mafft_osc	lddt_columns	998/1080
A0A851GER1	mafft	time	3.62
A0A851GER1	matt	lddt	0.493016
A0A851GER1	matt	lddt_columns	1100/1599
A0A851GER1	matt_osc	lddt	0.716667
A0A851GER1	matt_osc	lddt_columns	1100/1599
A0A851GER1	matt	time	4865.79
A0A851GER1	mtmalign	lddt	0.486689
A0A851GER1	mtmalign	lddt_columns	1121/1638
A0A851GER1	mtmalign_osc	lddt	0.711147
A0A851GER1	mtmalign_osc	lddt_columns	1121/1638
A0A851GER1	mtmalign	time	856.49
A0A851GER1	muscle	lddt	0.689529
A0A851GER1	muscle	lddt_columns	979/1118
A0A851GER1	muscle_osc	lddt	0.787429
A0A851GER1	muscle_osc	lddt_columns	979/1118
A0A851GER1	muscle	time	27.11
A0A851GER1	mustang	lddt	0.621968
A0A851GER1	mustang	lddt_columns	1026/1259
A0A851GER1	mustang_osc	lddt	0.763215
A0A851GER1	mustang_osc	lddt_columns	1026/1259
A0A851GER1	mustang	time	1118.99
A0A851GER1	usalign	lddt	0.639746
A0A851GER1	usalign	lddt_columns	1062/1236
A0A851GER1	usalign_osc	lddt	0.744564
A0A851GER1	usalign_osc	lddt_columns	1062/1236
A0A851GER1	usalign	time	156.25
A0A852XNB6	3dcoffee	lddt	0.732235
A0A852XNB6	3dcoffee	lddt_columns	173/186
A0A852XNB6	3dcoffee_osc	lddt	0.787258
A0A852XNB6	3dcoffee_osc	lddt_columns	173/186
A0A852XNB6	3dcoffee	time	271.62
A0A852XNB6	caretta	lddt	0.756721
A0A852XNB6	caretta	lddt_columns	180/181
A0A852XNB6	caretta_osc	lddt	0.760925
A0A852XNB6	caretta_osc	lddt_columns	180/181
A0A852XNB6	caretta	time	46.53
A0A852XNB6	clustalo	lddt	0.715274
A0A852XNB6	clustalo	lddt_columns	178/188
A0A852XNB6	clustalo_osc	lddt	0.755458
A0A852XNB6	clustalo_osc	lddt_columns	178/188
A0A852XNB6	clustalo	time	0.10
A0A852XNB6	famsa	lddt	0.667233
A0A852XNB6	famsa	lddt_columns	174/197
A0A852XNB6	famsa_osc	lddt	0.755430
A0A852XNB6	famsa_osc	lddt_columns	174/197
A0A852XNB6	famsa	time	0.06
A0A852XNB6	foldmason_fast	lddt	0.740673
A0A852XNB6	foldmason_fast	lddt_columns	177/183
A0A852XNB6	foldmason_fast_osc	lddt	0.765781
A0A852XNB6	foldmason_fast_osc	lddt_columns	177/183
A0A852XNB6	foldmason_fast	time	1.69
A0A852XNB6	foldmason	lddt	0.749079
A0A852XNB6	foldmason	lddt_columns	179/181
A0A852XNB6	foldmason_osc	lddt	0.757448
A0A852XNB6	foldmason_osc	lddt_columns	179/181
A0A852XNB6	foldmason_refine100	lddt	0.753238
A0A852XNB6	foldmason_refine100	lddt_columns	181/181
A0A852XNB6	foldmason_refine100_osc	lddt	0.753238
A0A852XNB6	foldmason_refine100_osc	lddt_columns	181/181
A0A852XNB6	foldmason_refine100_rosc	lddt	0.736256
A0A852XNB6	foldmason_refine100_rosc	lddt_columns	172/183
A0A852XNB6	foldmason_refine100_rosc_osc	lddt	0.783342
A0A852XNB6	foldmason_refine100_rosc_osc	lddt_columns	172/183
A0A852XNB6	foldmason_refine100_rosc	time	4.41
A0A852XNB6	foldmason_refine100	time	4.43
A0A852XNB6	foldmason	time	0.23
A0A852XNB6	mafft_3di	lddt	0.737008
A0A852XNB6	mafft_3di	lddt_columns	172/184
A0A852XNB6	mafft_3di_osc	lddt	0.788427
A0A852XNB6	mafft_3di_osc	lddt_columns	172/184
A0A852XNB6	mafft_3di	time	0.31
A0A852XNB6	mafft	lddt	0.706358
A0A852XNB6	mafft	lddt_columns	174/190
A0A852XNB6	mafft_osc	lddt	0.771311
A0A852XNB6	mafft_osc	lddt_columns	174/190
A0A852XNB6	mafft	time	0.39
A0A852XNB6	matt	lddt	0.553573
A0A852XNB6	matt	lddt_columns	172/242
A0A852XNB6	matt_osc	lddt	0.778865
A0A852XNB6	matt_osc	lddt_columns	172/242
A0A852XNB6	matt	time	660.69
A0A852XNB6	mtmalign	lddt	0.546790
A0A852XNB6	mtmalign	lddt_columns	171/246
A0A852XNB6	mtmalign_osc	lddt	0.786611
A0A852XNB6	mtmalign_osc	lddt_columns	171/246
A0A852XNB6	mtmalign	time	14.72
A0A852XNB6	muscle	lddt	0.643236
A0A852XNB6	muscle	lddt_columns	180/204
A0A852XNB6	muscle_osc	lddt	0.729001
A0A852XNB6	muscle_osc	lddt_columns	180/204
A0A852XNB6	muscle	time	1.24
A0A852XNB6	mustang	lddt	0.633021
A0A852XNB6	mustang	lddt_columns	174/213
A0A852XNB6	mustang_osc	lddt	0.774905
A0A852XNB6	mustang_osc	lddt_columns	174/213
A0A852XNB6	mustang	time	63.62
A0A852XNB6	usalign	lddt	0.674458
A0A852XNB6	usalign	lddt_columns	171/201
A0A852XNB6	usalign_osc	lddt	0.792784
A0A852XNB6	usalign_osc	lddt_columns	171/201
A0A852XNB6	usalign	time	4.99
A0A8A8PMA1	3dcoffee	lddt	0.755634
A0A8A8PMA1	3dcoffee	lddt_columns	239/256
A0A8A8PMA1	3dcoffee_osc	lddt	0.809382
A0A8A8PMA1	3dcoffee_osc	lddt_columns	239/256
A0A8A8PMA1	3dcoffee	time	372.78
A0A8A8PMA1	caretta	lddt	0.599703
A0A8A8PMA1	caretta	lddt_columns	250/259
A0A8A8PMA1	caretta_osc	lddt	0.621292
A0A8A8PMA1	caretta_osc	lddt_columns	250/259
A0A8A8PMA1	caretta	time	53.54
A0A8A8PMA1	clustalo	lddt	0.689612
A0A8A8PMA1	clustalo	lddt_columns	252/273
A0A8A8PMA1	clustalo_osc	lddt	0.747080
A0A8A8PMA1	clustalo_osc	lddt_columns	252/273
A0A8A8PMA1	clustalo	time	0.30
A0A8A8PMA1	famsa	lddt	0.686942
A0A8A8PMA1	famsa	lddt_columns	239/275
A0A8A8PMA1	famsa_osc	lddt	0.790415
A0A8A8PMA1	famsa_osc	lddt_columns	239/275
A0A8A8PMA1	famsa	time	0.11
A0A8A8PMA1	foldmason_fast	lddt	0.756782
A0A8A8PMA1	foldmason_fast	lddt_columns	249/258
A0A8A8PMA1	foldmason_fast_osc	lddt	0.784135
A0A8A8PMA1	foldmason_fast_osc	lddt_columns	249/258
A0A8A8PMA1	foldmason_fast	time	1.72
A0A8A8PMA1	foldmason	lddt	0.707927
A0A8A8PMA1	foldmason	lddt_columns	266/278
A0A8A8PMA1	foldmason_osc	lddt	0.739863
A0A8A8PMA1	foldmason_osc	lddt_columns	266/278
A0A8A8PMA1	foldmason_refine100	lddt	0.725759
A0A8A8PMA1	foldmason_refine100	lddt_columns	271/272
A0A8A8PMA1	foldmason_refine100_osc	lddt	0.728437
A0A8A8PMA1	foldmason_refine100_osc	lddt_columns	271/272
A0A8A8PMA1	foldmason_refine100_rosc	lddt	0.727018
A0A8A8PMA1	foldmason_refine100_rosc	lddt_columns	261/269
A0A8A8PMA1	foldmason_refine100_rosc_osc	lddt	0.749303
A0A8A8PMA1	foldmason_refine100_rosc_osc	lddt_columns	261/269
A0A8A8PMA1	foldmason_refine100_rosc	time	14.83
A0A8A8PMA1	foldmason_refine100	time	9.03
A0A8A8PMA1	foldmason	time	0.40
A0A8A8PMA1	mafft_3di	lddt	0.755379
A0A8A8PMA1	mafft_3di	lddt_columns	237/255
A0A8A8PMA1	mafft_3di_osc	lddt	0.812749
A0A8A8PMA1	mafft_3di_osc	lddt_columns	237/255
A0A8A8PMA1	mafft_3di	time	0.38
A0A8A8PMA1	mafft	lddt	0.704272
A0A8A8PMA1	mafft	lddt_columns	255/271
A0A8A8PMA1	mafft_osc	lddt	0.748461
A0A8A8PMA1	mafft_osc	lddt_columns	255/271
A0A8A8PMA1	mafft	time	0.77
A0A8A8PMA1	matt	lddt	0.111516
A0A8A8PMA1	matt	lddt_columns	306/1379
A0A8A8PMA1	matt_osc	lddt	0.502553
A0A8A8PMA1	matt_osc	lddt_columns	306/1379
A0A8A8PMA1	matt	time	353.69
A0A8A8PMA1	mtmalign	lddt	0.170553
A0A8A8PMA1	mtmalign	lddt_columns	372/1059
A0A8A8PMA1	mtmalign_osc	lddt	0.485527
A0A8A8PMA1	mtmalign_osc	lddt_columns	372/1059
A0A8A8PMA1	mtmalign	time	23.71
A0A8A8PMA1	muscle	lddt	0.620880
A0A8A8PMA1	muscle	lddt_columns	241/299
A0A8A8PMA1	muscle_osc	lddt	0.770304
A0A8A8PMA1	muscle_osc	lddt_columns	241/299
A0A8A8PMA1	muscle	time	3.04
A0A8A8PMA1	mustang	lddt	0.506223
A0A8A8PMA1	mustang	lddt_columns	287/383
A0A8A8PMA1	mustang_osc	lddt	0.675552
A0A8A8PMA1	mustang_osc	lddt_columns	287/383
A0A8A8PMA1	mustang	time	108.12
A0A8A8PMA1	usalign	lddt	0.190574
A0A8A8PMA1	usalign	lddt_columns	365/943
A0A8A8PMA1	usalign_osc	lddt	0.492361
A0A8A8PMA1	usalign_osc	lddt_columns	365/943
A0A8A8PMA1	usalign	time	10.08
A0A8B6D2T1	3dcoffee	lddt	0.620563
A0A8B6D2T1	3dcoffee	lddt_columns	241/290
A0A8B6D2T1	3dcoffee_osc	lddt	0.746736
A0A8B6D2T1	3dcoffee_osc	lddt_columns	241/290
A0A8B6D2T1	3dcoffee	time	466.85
A0A8B6D2T1	caretta	lddt	0.582087
A0A8B6D2T1	caretta	lddt_columns	261/280
A0A8B6D2T1	caretta_osc	lddt	0.624461
A0A8B6D2T1	caretta_osc	lddt_columns	261/280
A0A8B6D2T1	caretta	time	50.67
A0A8B6D2T1	clustalo	lddt	0.468015
A0A8B6D2T1	clustalo	lddt_columns	299/349
A0A8B6D2T1	clustalo_osc	lddt	0.546278
A0A8B6D2T1	clustalo_osc	lddt_columns	299/349
A0A8B6D2T1	clustalo	time	0.22
A0A8B6D2T1	famsa	lddt	0.515478
A0A8B6D2T1	famsa	lddt_columns	248/313
A0A8B6D2T1	famsa_osc	lddt	0.650584
A0A8B6D2T1	famsa_osc	lddt_columns	248/313
A0A8B6D2T1	famsa	time	0.12
A0A8B6D2T1	foldmason_fast	lddt	0.614491
A0A8B6D2T1	foldmason_fast	lddt_columns	252/285
A0A8B6D2T1	foldmason_fast_osc	lddt	0.694961
A0A8B6D2T1	foldmason_fast_osc	lddt_columns	252/285
A0A8B6D2T1	foldmason_fast	time	1.53
A0A8B6D2T1	foldmason	lddt	0.619632
A0A8B6D2T1	foldmason	lddt_columns	257/285
A0A8B6D2T1	foldmason_osc	lddt	0.687141
A0A8B6D2T1	foldmason_osc	lddt_columns	257/285
A0A8B6D2T1	foldmason_refine100	lddt	0.632021
A0A8B6D2T1	foldmason_refine100	lddt_columns	261/280
A0A8B6D2T1	foldmason_refine100_osc	lddt	0.678030
A0A8B6D2T1	foldmason_refine100_osc	lddt_columns	261/280
A0A8B6D2T1	foldmason_refine100_rosc	lddt	0.630415
A0A8B6D2T1	foldmason_refine100_rosc	lddt_columns	256/281
A0A8B6D2T1	foldmason_refine100_rosc_osc	lddt	0.691979
A0A8B6D2T1	foldmason_refine100_rosc_osc	lddt_columns	256/281
A0A8B6D2T1	foldmason_refine100_rosc	time	6.32
A0A8B6D2T1	foldmason_refine100	time	6.71
A0A8B6D2T1	foldmason	time	0.41
A0A8B6D2T1	mafft_3di	lddt	0.634614
A0A8B6D2T1	mafft_3di	lddt_columns	244/281
A0A8B6D2T1	mafft_3di_osc	lddt	0.730846
A0A8B6D2T1	mafft_3di_osc	lddt_columns	244/281
A0A8B6D2T1	mafft_3di	time	0.66
A0A8B6D2T1	mafft	lddt	0.481518
A0A8B6D2T1	mafft	lddt_columns	305/356
A0A8B6D2T1	mafft_osc	lddt	0.562034
A0A8B6D2T1	mafft_osc	lddt_columns	305/356
A0A8B6D2T1	mafft	time	1.00
A0A8B6D2T1	matt	lddt	0.128007
A0A8B6D2T1	matt	lddt_columns	361/1118
A0A8B6D2T1	matt_osc	lddt	0.396433
A0A8B6D2T1	matt_osc	lddt_columns	361/1118
A0A8B6D2T1	matt	time	530.15
A0A8B6D2T1	mtmalign	lddt	0.241342
A0A8B6D2T1	mtmalign	lddt_columns	316/716
A0A8B6D2T1	mtmalign_osc	lddt	0.546837
A0A8B6D2T1	mtmalign_osc	lddt_columns	316/716
A0A8B6D2T1	mtmalign	time	25.68
A0A8B6D2T1	muscle	lddt	0.433457
A0A8B6D2T1	muscle	lddt_columns	266/375
A0A8B6D2T1	muscle_osc	lddt	0.611076
A0A8B6D2T1	muscle_osc	lddt_columns	266/375
A0A8B6D2T1	muscle	time	2.88
A0A8B6D2T1	mustang	lddt	0.419423
A0A8B6D2T1	mustang	lddt_columns	282/427
A0A8B6D2T1	mustang_osc	lddt	0.635083
A0A8B6D2T1	mustang_osc	lddt_columns	282/427
A0A8B6D2T1	mustang	time	134.61
A0A8B6D2T1	usalign	lddt	0.269339
A0A8B6D2T1	usalign	lddt_columns	308/650
A0A8B6D2T1	usalign_osc	lddt	0.568409
A0A8B6D2T1	usalign_osc	lddt_columns	308/650
A0A8B6D2T1	usalign	time	11.31
A0A8B6H5Z5	3dcoffee	lddt	0.583111
A0A8B6H5Z5	3dcoffee	lddt_columns	385/476
A0A8B6H5Z5	3dcoffee_osc	lddt	0.720937
A0A8B6H5Z5	3dcoffee_osc	lddt_columns	385/476
A0A8B6H5Z5	3dcoffee	time	601.79
A0A8B6H5Z5	caretta	lddt	0.491137
A0A8B6H5Z5	caretta	lddt_columns	404/407
A0A8B6H5Z5	caretta_osc	lddt	0.494784
A0A8B6H5Z5	caretta_osc	lddt_columns	404/407
A0A8B6H5Z5	caretta	time	123.72
A0A8B6H5Z5	clustalo	lddt	0.512482
A0A8B6H5Z5	clustalo	lddt_columns	456/522
A0A8B6H5Z5	clustalo_osc	lddt	0.586657
A0A8B6H5Z5	clustalo_osc	lddt_columns	456/522
A0A8B6H5Z5	clustalo	time	0.78
A0A8B6H5Z5	famsa	lddt	0.518147
A0A8B6H5Z5	famsa	lddt_columns	384/503
A0A8B6H5Z5	famsa_osc	lddt	0.678719
A0A8B6H5Z5	famsa_osc	lddt_columns	384/503
A0A8B6H5Z5	famsa	time	0.19
A0A8B6H5Z5	foldmason_fast	lddt	0.564839
A0A8B6H5Z5	foldmason_fast	lddt_columns	399/475
A0A8B6H5Z5	foldmason_fast_osc	lddt	0.672427
A0A8B6H5Z5	foldmason_fast_osc	lddt_columns	399/475
A0A8B6H5Z5	foldmason_fast	time	0.85
A0A8B6H5Z5	foldmason	lddt	0.586054
A0A8B6H5Z5	foldmason	lddt_columns	408/472
A0A8B6H5Z5	foldmason_osc	lddt	0.677984
A0A8B6H5Z5	foldmason_osc	lddt_columns	408/472
A0A8B6H5Z5	foldmason_refine100	lddt	0.607054
A0A8B6H5Z5	foldmason_refine100	lddt_columns	421/457
A0A8B6H5Z5	foldmason_refine100_osc	lddt	0.658963
A0A8B6H5Z5	foldmason_refine100_osc	lddt_columns	421/457
A0A8B6H5Z5	foldmason_refine100_rosc	lddt	0.529223
A0A8B6H5Z5	foldmason_refine100_rosc	lddt_columns	388/513
A0A8B6H5Z5	foldmason_refine100_rosc_osc	lddt	0.699720
A0A8B6H5Z5	foldmason_refine100_rosc_osc	lddt_columns	388/513
A0A8B6H5Z5	foldmason_refine100_rosc	time	13.58
A0A8B6H5Z5	foldmason_refine100	time	13.28
A0A8B6H5Z5	foldmason	time	0.63
A0A8B6H5Z5	mafft_3di	lddt	0.576873
A0A8B6H5Z5	mafft_3di	lddt_columns	386/475
A0A8B6H5Z5	mafft_3di_osc	lddt	0.709883
A0A8B6H5Z5	mafft_3di_osc	lddt_columns	386/475
A0A8B6H5Z5	mafft_3di	time	0.97
A0A8B6H5Z5	mafft	lddt	0.518331
A0A8B6H5Z5	mafft	lddt_columns	433/520
A0A8B6H5Z5	mafft_osc	lddt	0.622476
A0A8B6H5Z5	mafft_osc	lddt_columns	433/520
A0A8B6H5Z5	mafft	time	1.88
A0A8B6H5Z5	matt	lddt	0.095836
A0A8B6H5Z5	matt	lddt_columns	400/2142
A0A8B6H5Z5	matt_osc	lddt	0.513202
A0A8B6H5Z5	matt_osc	lddt_columns	400/2142
A0A8B6H5Z5	matt	time	1030.29
A0A8B6H5Z5	mtmalign	lddt	0.112304
A0A8B6H5Z5	mtmalign	lddt_columns	469/2033
A0A8B6H5Z5	mtmalign_osc	lddt	0.486811
A0A8B6H5Z5	mtmalign_osc	lddt_columns	469/2033
A0A8B6H5Z5	mtmalign	time	42.35
A0A8B6H5Z5	muscle	lddt	0.473637
A0A8B6H5Z5	muscle	lddt_columns	411/551
A0A8B6H5Z5	muscle_osc	lddt	0.634974
A0A8B6H5Z5	muscle_osc	lddt_columns	411/551
A0A8B6H5Z5	muscle	time	5.92
A0A8B6H5Z5	mustang	lddt	0.382121
A0A8B6H5Z5	mustang	lddt_columns	457/719
A0A8B6H5Z5	mustang_osc	lddt	0.601193
A0A8B6H5Z5	mustang_osc	lddt_columns	457/719
A0A8B6H5Z5	mustang	time	223.30
A0A8B6H5Z5	usalign	lddt	0.143792
A0A8B6H5Z5	usalign	lddt_columns	566/1739
A0A8B6H5Z5	usalign_osc	lddt	0.441792
A0A8B6H5Z5	usalign_osc	lddt_columns	566/1739
A0A8B6H5Z5	usalign	time	14.04
A5BWJ2	3dcoffee	lddt	0.755240
A5BWJ2	3dcoffee	lddt_columns	139/155
A5BWJ2	3dcoffee_osc	lddt	0.842174
A5BWJ2	3dcoffee_osc	lddt_columns	139/155
A5BWJ2	3dcoffee	time	270.70
A5BWJ2	caretta	lddt	0.731717
A5BWJ2	caretta	lddt_columns	150/155
A5BWJ2	caretta_osc	lddt	0.756108
A5BWJ2	caretta_osc	lddt_columns	150/155
A5BWJ2	caretta	time	44.58
A5BWJ2	clustalo	lddt	0.694207
A5BWJ2	clustalo	lddt_columns	148/169
A5BWJ2	clustalo_osc	lddt	0.792709
A5BWJ2	clustalo_osc	lddt_columns	148/169
A5BWJ2	clustalo	time	0.07
A5BWJ2	famsa	lddt	0.716800
A5BWJ2	famsa	lddt_columns	147/163
A5BWJ2	famsa_osc	lddt	0.794819
A5BWJ2	famsa_osc	lddt_columns	147/163
A5BWJ2	famsa	time	0.05
A5BWJ2	foldmason_fast	lddt	0.757858
A5BWJ2	foldmason_fast	lddt_columns	142/153
A5BWJ2	foldmason_fast_osc	lddt	0.816565
A5BWJ2	foldmason_fast_osc	lddt_columns	142/153
A5BWJ2	foldmason_fast	time	1.64
A5BWJ2	foldmason	lddt	0.746584
A5BWJ2	foldmason	lddt_columns	145/155
A5BWJ2	foldmason_osc	lddt	0.798072
A5BWJ2	foldmason_osc	lddt_columns	145/155
A5BWJ2	foldmason_refine100	lddt	0.755161
A5BWJ2	foldmason_refine100	lddt_columns	148/153
A5BWJ2	foldmason_refine100_osc	lddt	0.780673
A5BWJ2	foldmason_refine100_osc	lddt_columns	148/153
A5BWJ2	foldmason_refine100_rosc	lddt	0.732421
A5BWJ2	foldmason_refine100_rosc	lddt_columns	144/158
A5BWJ2	foldmason_refine100_rosc_osc	lddt	0.803629
A5BWJ2	foldmason_refine100_rosc_osc	lddt_columns	144/158
A5BWJ2	foldmason_refine100_rosc	time	23.96
A5BWJ2	foldmason_refine100	time	42.85
A5BWJ2	foldmason	time	2.36
A5BWJ2	mafft_3di	lddt	0.765884
A5BWJ2	mafft_3di	lddt_columns	140/153
A5BWJ2	mafft_3di_osc	lddt	0.837002
A5BWJ2	mafft_3di_osc	lddt_columns	140/153
A5BWJ2	mafft_3di	time	0.27
A5BWJ2	mafft	lddt	0.713022
A5BWJ2	mafft	lddt_columns	150/165
A5BWJ2	mafft_osc	lddt	0.784324
A5BWJ2	mafft_osc	lddt_columns	150/165
A5BWJ2	mafft	time	0.33
A5BWJ2	matt	lddt	0.258479
A5BWJ2	matt	lddt_columns	197/424
A5BWJ2	matt_osc	lddt	0.556320
A5BWJ2	matt_osc	lddt_columns	197/424
A5BWJ2	matt	time	49.32
A5BWJ2	mtmalign	lddt	0.303545
A5BWJ2	mtmalign	lddt_columns	201/381
A5BWJ2	mtmalign_osc	lddt	0.575377
A5BWJ2	mtmalign_osc	lddt_columns	201/381
A5BWJ2	mtmalign	time	11.82
A5BWJ2	muscle	lddt	0.675663
A5BWJ2	muscle	lddt_columns	139/169
A5BWJ2	muscle_osc	lddt	0.821490
A5BWJ2	muscle_osc	lddt_columns	139/169
A5BWJ2	muscle	time	1.07
A5BWJ2	mustang	lddt	0.552800
A5BWJ2	mustang	lddt_columns	155/210
A5BWJ2	mustang_osc	lddt	0.748954
A5BWJ2	mustang_osc	lddt_columns	155/210
A5BWJ2	mustang	time	25.38
A5BWJ2	usalign	lddt	0.369633
A5BWJ2	usalign	lddt_columns	207/315
A5BWJ2	usalign_osc	lddt	0.562484
A5BWJ2	usalign_osc	lddt_columns	207/315
A5BWJ2	usalign	time	5.47
A9WQP9	3dcoffee	lddt	0.673919
A9WQP9	3dcoffee	lddt_columns	234/255
A9WQP9	3dcoffee_osc	lddt	0.734399
A9WQP9	3dcoffee_osc	lddt_columns	234/255
A9WQP9	3dcoffee	time	349.96
A9WQP9	caretta	lddt	0.656818
A9WQP9	caretta	lddt_columns	233/247
A9WQP9	caretta_osc	lddt	0.696283
A9WQP9	caretta_osc	lddt_columns	233/247
A9WQP9	caretta	time	50.26
A9WQP9	clustalo	lddt	0.585630
A9WQP9	clustalo	lddt_columns	293/306
A9WQP9	clustalo_osc	lddt	0.611613
A9WQP9	clustalo_osc	lddt_columns	293/306
A9WQP9	clustalo	time	0.17
A9WQP9	famsa	lddt	0.685733
A9WQP9	famsa	lddt_columns	228/241
A9WQP9	famsa_osc	lddt	0.724832
A9WQP9	famsa_osc	lddt_columns	228/241
A9WQP9	famsa	time	0.09
A9WQP9	foldmason_fast	lddt	0.683301
A9WQP9	foldmason_fast	lddt_columns	242/251
A9WQP9	foldmason_fast_osc	lddt	0.708713
A9WQP9	foldmason_fast_osc	lddt_columns	242/251
A9WQP9	foldmason_fast	time	1.80
A9WQP9	foldmason	lddt	0.686592
A9WQP9	foldmason	lddt_columns	244/251
A9WQP9	foldmason_osc	lddt	0.706289
A9WQP9	foldmason_osc	lddt_columns	244/251
A9WQP9	foldmason_refine100	lddt	0.690140
A9WQP9	foldmason_refine100	lddt_columns	245/249
A9WQP9	foldmason_refine100_osc	lddt	0.701408
A9WQP9	foldmason_refine100_osc	lddt_columns	245/249
A9WQP9	foldmason_refine100_rosc	lddt	0.673645
A9WQP9	foldmason_refine100_rosc	lddt_columns	241/257
A9WQP9	foldmason_refine100_rosc_osc	lddt	0.718368
A9WQP9	foldmason_refine100_rosc_osc	lddt_columns	241/257
A9WQP9	foldmason_refine100_rosc	time	7.67
A9WQP9	foldmason_refine100	time	7.23
A9WQP9	foldmason	time	0.40
A9WQP9	mafft_3di	lddt	0.681565
A9WQP9	mafft_3di	lddt_columns	236/258
A9WQP9	mafft_3di_osc	lddt	0.745101
A9WQP9	mafft_3di_osc	lddt_columns	236/258
A9WQP9	mafft_3di	time	0.43
A9WQP9	mafft	lddt	0.554806
A9WQP9	mafft	lddt_columns	283/315
A9WQP9	mafft_osc	lddt	0.617540
A9WQP9	mafft_osc	lddt_columns	283/315
A9WQP9	mafft	time	0.57
A9WQP9	matt	lddt	0.448897
A9WQP9	matt	lddt_columns	291/390
A9WQP9	matt_osc	lddt	0.601615
A9WQP9	matt_osc	lddt_columns	291/390
A9WQP9	matt	time	149.67
A9WQP9	mtmalign	lddt	0.462267
A9WQP9	mtmalign	lddt_columns	296/387
A9WQP9	mtmalign_osc	lddt	0.604382
A9WQP9	mtmalign_osc	lddt_columns	296/387
A9WQP9	mtmalign	time	25.46
A9WQP9	muscle	lddt	0.612967
A9WQP9	muscle	lddt_columns	252/276
A9WQP9	muscle_osc	lddt	0.671345
A9WQP9	muscle_osc	lddt_columns	252/276
A9WQP9	muscle	time	2.82
A9WQP9	mustang	lddt	0.617164
A9WQP9	mustang	lddt_columns	240/290
A9WQP9	mustang_osc	lddt	0.745740
A9WQP9	mustang_osc	lddt_columns	240/290
A9WQP9	mustang	time	86.84
A9WQP9	usalign	lddt	0.585489
A9WQP9	usalign	lddt_columns	264/296
A9WQP9	usalign_osc	lddt	0.656458
A9WQP9	usalign_osc	lddt_columns	264/296
A9WQP9	usalign	time	13.23
B2A5F0	3dcoffee	lddt	0.558601
B2A5F0	3dcoffee	lddt_columns	472/564
B2A5F0	3dcoffee_osc	lddt	0.667480
B2A5F0	3dcoffee_osc	lddt_columns	472/564
B2A5F0	3dcoffee	time	1180.00
B2A5F0	caretta	lddt	0.587204
B2A5F0	caretta	lddt_columns	459/464
B2A5F0	caretta_osc	lddt	0.593601
B2A5F0	caretta_osc	lddt_columns	459/464
B2A5F0	caretta	time	80.53
B2A5F0	clustalo	lddt	0.590755
B2A5F0	clustalo	lddt_columns	543/589
B2A5F0	clustalo_osc	lddt	0.640801
B2A5F0	clustalo_osc	lddt_columns	543/589
B2A5F0	clustalo	time	1.07
B2A5F0	famsa	lddt	0.657838
B2A5F0	famsa	lddt_columns	475/518
B2A5F0	famsa_osc	lddt	0.717390
B2A5F0	famsa_osc	lddt_columns	475/518
B2A5F0	famsa	time	0.30
B2A5F0	foldmason_fast	lddt	0.693422
B2A5F0	foldmason_fast	lddt_columns	509/515
B2A5F0	foldmason_fast_osc	lddt	0.701596
B2A5F0	foldmason_fast_osc	lddt_columns	509/515
B2A5F0	foldmason_fast	time	2.99
B2A5F0	foldmason	lddt	0.675186
B2A5F0	foldmason	lddt_columns	516/529
B2A5F0	foldmason_osc	lddt	0.692197
B2A5F0	foldmason_osc	lddt_columns	516/529
B2A5F0	foldmason_refine100	lddt	0.681853
B2A5F0	foldmason_refine100	lddt_columns	514/523
B2A5F0	foldmason_refine100_osc	lddt	0.693792
B2A5F0	foldmason_refine100_osc	lddt_columns	514/523
B2A5F0	foldmason_refine100_rosc	lddt	0.674982
B2A5F0	foldmason_refine100_rosc	lddt_columns	512/528
B2A5F0	foldmason_refine100_rosc_osc	lddt	0.696075
B2A5F0	foldmason_refine100_rosc_osc	lddt_columns	512/528
B2A5F0	foldmason_refine100_rosc	time	18.29
B2A5F0	foldmason_refine100	time	18.32
B2A5F0	foldmason	time	1.05
B2A5F0	mafft_3di	lddt	0.684561
B2A5F0	mafft_3di	lddt_columns	503/524
B2A5F0	mafft_3di_osc	lddt	0.713141
B2A5F0	mafft_3di_osc	lddt_columns	503/524
B2A5F0	mafft_3di	time	0.99
B2A5F0	mafft	lddt	0.587039
B2A5F0	mafft	lddt_columns	508/593
B2A5F0	mafft_osc	lddt	0.685264
B2A5F0	mafft_osc	lddt_columns	508/593
B2A5F0	mafft	time	2.52
B2A5F0	matt	lddt	0.041616
B2A5F0	matt	lddt_columns	626/4534
B2A5F0	matt_osc	lddt	0.301414
B2A5F0	matt_osc	lddt_columns	626/4534
B2A5F0	matt	time	4036.39
B2A5F0	mtmalign	lddt	0.089569
B2A5F0	mtmalign	lddt_columns	844/3469
B2A5F0	mtmalign_osc	lddt	0.368147
B2A5F0	mtmalign_osc	lddt_columns	844/3469
B2A5F0	mtmalign	time	88.05
B2A5F0	muscle	lddt	0.524661
B2A5F0	muscle	lddt_columns	548/666
B2A5F0	muscle_osc	lddt	0.637636
B2A5F0	muscle_osc	lddt_columns	548/666
B2A5F0	muscle	time	10.41
B2A5F0	mustang	lddt	0.384469
B2A5F0	mustang	lddt_columns	567/907
B2A5F0	mustang_osc	lddt	0.615015
B2A5F0	mustang_osc	lddt_columns	567/907
B2A5F0	mustang	time	561.08
B2A5F0	usalign	lddt	0.094633
B2A5F0	usalign	lddt_columns	931/3375
B2A5F0	usalign_osc	lddt	0.343056
B2A5F0	usalign_osc	lddt_columns	931/3375
B2A5F0	usalign	time	24.86
B2IJL3	3dcoffee	lddt	0.781494
B2IJL3	3dcoffee	lddt_columns	165/173
B2IJL3	3dcoffee_osc	lddt	0.819385
B2IJL3	3dcoffee_osc	lddt_columns	165/173
B2IJL3	3dcoffee	time	287.19
B2IJL3	caretta	lddt	0.782222
B2IJL3	caretta	lddt_columns	165/173
B2IJL3	caretta_osc	lddt	0.820148
B2IJL3	caretta_osc	lddt_columns	165/173
B2IJL3	caretta	time	46.45
B2IJL3	clustalo	lddt	0.713449
B2IJL3	clustalo	lddt_columns	167/185
B2IJL3	clustalo_osc	lddt	0.790347
B2IJL3	clustalo_osc	lddt_columns	167/185
B2IJL3	clustalo	time	0.10
B2IJL3	famsa	lddt	0.720085
B2IJL3	famsa	lddt_columns	164/183
B2IJL3	famsa_osc	lddt	0.803509
B2IJL3	famsa_osc	lddt_columns	164/183
B2IJL3	famsa	time	0.03
B2IJL3	foldmason_fast	lddt	0.772691
B2IJL3	foldmason_fast	lddt_columns	169/173
B2IJL3	foldmason_fast_osc	lddt	0.790979
B2IJL3	foldmason_fast_osc	lddt_columns	169/173
B2IJL3	foldmason_fast	time	2.16
B2IJL3	foldmason	lddt	0.783317
B2IJL3	foldmason	lddt_columns	169/171
B2IJL3	foldmason_osc	lddt	0.792587
B2IJL3	foldmason_osc	lddt_columns	169/171
B2IJL3	foldmason_refine100	lddt	0.783638
B2IJL3	foldmason_refine100	lddt_columns	169/171
B2IJL3	foldmason_refine100_osc	lddt	0.792912
B2IJL3	foldmason_refine100_osc	lddt_columns	169/171
B2IJL3	foldmason_refine100_rosc	lddt	0.748021
B2IJL3	foldmason_refine100_rosc	lddt_columns	160/178
B2IJL3	foldmason_refine100_rosc_osc	lddt	0.832173
B2IJL3	foldmason_refine100_rosc_osc	lddt_columns	160/178
B2IJL3	foldmason_refine100_rosc	time	4.53
B2IJL3	foldmason_refine100	time	4.52
B2IJL3	foldmason	time	0.25
B2IJL3	mafft_3di	lddt	0.761195
B2IJL3	mafft_3di	lddt_columns	161/176
B2IJL3	mafft_3di_osc	lddt	0.832114
B2IJL3	mafft_3di_osc	lddt_columns	161/176
B2IJL3	mafft_3di	time	0.30
B2IJL3	mafft	lddt	0.715090
B2IJL3	mafft	lddt_columns	167/185
B2IJL3	mafft_osc	lddt	0.792165
B2IJL3	mafft_osc	lddt_columns	167/185
B2IJL3	mafft	time	0.32
B2IJL3	matt	lddt	0.623598
B2IJL3	matt	lddt_columns	163/215
B2IJL3	matt_osc	lddt	0.822537
B2IJL3	matt_osc	lddt_columns	163/215
B2IJL3	matt	time	749.54
B2IJL3	mtmalign	lddt	0.627097
B2IJL3	mtmalign	lddt_columns	164/215
B2IJL3	mtmalign_osc	lddt	0.822108
B2IJL3	mtmalign_osc	lddt_columns	164/215
B2IJL3	mtmalign	time	14.87
B2IJL3	muscle	lddt	0.638985
B2IJL3	muscle	lddt_columns	153/202
B2IJL3	muscle_osc	lddt	0.843627
B2IJL3	muscle_osc	lddt_columns	153/202
B2IJL3	muscle	time	1.30
B2IJL3	mustang	lddt	0.641062
B2IJL3	mustang	lddt_columns	157/208
B2IJL3	mustang_osc	lddt	0.849305
B2IJL3	mustang_osc	lddt_columns	157/208
B2IJL3	mustang	time	58.69
B2IJL3	usalign	lddt	0.721568
B2IJL3	usalign	lddt_columns	164/187
B2IJL3	usalign_osc	lddt	0.822764
B2IJL3	usalign_osc	lddt_columns	164/187
B2IJL3	usalign	time	5.37
B4WMN9	3dcoffee	lddt	0.640579
B4WMN9	3dcoffee	lddt_columns	540/566
B4WMN9	3dcoffee_osc	lddt	0.671421
B4WMN9	3dcoffee_osc	lddt_columns	540/566
B4WMN9	3dcoffee	time	1279.98
B4WMN9	caretta	lddt	0.504073
B4WMN9	caretta	lddt_columns	567/570
B4WMN9	caretta_osc	lddt	0.506740
B4WMN9	caretta_osc	lddt_columns	567/570
B4WMN9	caretta	time	150.59
B4WMN9	clustalo	lddt	0.585526
B4WMN9	clustalo	lddt_columns	622/689
B4WMN9	clustalo_osc	lddt	0.648597
B4WMN9	clustalo_osc	lddt_columns	622/689
B4WMN9	clustalo	time	1.07
B4WMN9	famsa	lddt	0.574731
B4WMN9	famsa	lddt_columns	596/694
B4WMN9	famsa_osc	lddt	0.669234
B4WMN9	famsa_osc	lddt_columns	596/694
B4WMN9	famsa	time	0.30
B4WMN9	foldmason_fast	lddt	0.645011
B4WMN9	foldmason_fast	lddt_columns	630/644
B4WMN9	foldmason_fast_osc	lddt	0.659345
B4WMN9	foldmason_fast_osc	lddt_columns	630/644
B4WMN9	foldmason_fast	time	1.32
B4WMN9	foldmason	lddt	0.644271
B4WMN9	foldmason	lddt_columns	630/647
B4WMN9	foldmason_osc	lddt	0.661656
B4WMN9	foldmason_osc	lddt_columns	630/647
B4WMN9	foldmason_refine100	lddt	0.644606
B4WMN9	foldmason_refine100	lddt_columns	634/647
B4WMN9	foldmason_refine100_osc	lddt	0.657824
B4WMN9	foldmason_refine100_osc	lddt_columns	634/647
B4WMN9	foldmason_refine100_rosc	lddt	0.601547
B4WMN9	foldmason_refine100_rosc	lddt_columns	593/680
B4WMN9	foldmason_refine100_rosc_osc	lddt	0.689801
B4WMN9	foldmason_refine100_rosc_osc	lddt_columns	593/680
B4WMN9	foldmason_refine100_rosc	time	26.60
B4WMN9	foldmason_refine100	time	26.45
B4WMN9	foldmason	time	1.36
B4WMN9	mafft_3di	lddt	0.636621
B4WMN9	mafft_3di	lddt_columns	593/659
B4WMN9	mafft_3di_osc	lddt	0.707476
B4WMN9	mafft_3di_osc	lddt_columns	593/659
B4WMN9	mafft_3di	time	0.97
B4WMN9	mafft	lddt	0.590830
B4WMN9	mafft	lddt_columns	612/692
B4WMN9	mafft_osc	lddt	0.668063
B4WMN9	mafft_osc	lddt_columns	612/692
B4WMN9	mafft	time	2.35
B4WMN9	matt	lddt	0.085157
B4WMN9	matt	lddt_columns	840/3603
B4WMN9	matt_osc	lddt	0.365264
B4WMN9	matt_osc	lddt_columns	840/3603
B4WMN9	matt	time	1752.78
B4WMN9	mtmalign	lddt	0.120842
B4WMN9	mtmalign	lddt_columns	1062/3096
B4WMN9	mtmalign_osc	lddt	0.352285
B4WMN9	mtmalign_osc	lddt_columns	1062/3096
B4WMN9	mtmalign	time	131.14
B4WMN9	muscle	lddt	0.544900
B4WMN9	muscle	lddt_columns	601/741
B4WMN9	muscle_osc	lddt	0.671832
B4WMN9	muscle_osc	lddt_columns	601/741
B4WMN9	muscle	time	11.73
B4WMN9	mustang	lddt	0.500692
B4WMN9	mustang	lddt_columns	601/830
B4WMN9	mustang_osc	lddt	0.691472
B4WMN9	mustang_osc	lddt_columns	601/830
B4WMN9	mustang	time	429.02
B4WMN9	usalign	lddt	0.158437
B4WMN9	usalign	lddt_columns	1184/2429
B4WMN9	usalign_osc	lddt	0.325036
B4WMN9	usalign_osc	lddt_columns	1184/2429
B4WMN9	usalign	time	39.49
B5GRN6	3dcoffee	lddt	0.295008
B5GRN6	3dcoffee	lddt_columns	575/865
B5GRN6	3dcoffee_osc	lddt	0.443794
B5GRN6	3dcoffee_osc	lddt_columns	575/865
B5GRN6	3dcoffee	time	1125.66
B5GRN6	caretta	lddt	0.369184
B5GRN6	caretta	lddt_columns	450/455
B5GRN6	caretta_osc	lddt	0.373286
B5GRN6	caretta_osc	lddt_columns	450/455
B5GRN6	caretta	time	71.39
B5GRN6	clustalo	lddt	0.269758
B5GRN6	clustalo	lddt_columns	769/913
B5GRN6	clustalo_osc	lddt	0.320272
B5GRN6	clustalo_osc	lddt_columns	769/913
B5GRN6	clustalo	time	0.73
B5GRN6	famsa	lddt	0.277290
B5GRN6	famsa	lddt_columns	517/658
B5GRN6	famsa_osc	lddt	0.352915
B5GRN6	famsa_osc	lddt_columns	517/658
B5GRN6	famsa	time	0.25
B5GRN6	foldmason_fast	lddt	0.363082
B5GRN6	foldmason_fast	lddt_columns	565/636
B5GRN6	foldmason_fast_osc	lddt	0.408708
B5GRN6	foldmason_fast_osc	lddt_columns	565/636
B5GRN6	foldmason_fast	time	1.99
B5GRN6	foldmason	lddt	0.353818
B5GRN6	foldmason	lddt_columns	538/659
B5GRN6	foldmason_osc	lddt	0.433394
B5GRN6	foldmason_osc	lddt_columns	538/659
B5GRN6	foldmason_refine100	lddt	0.354808
B5GRN6	foldmason_refine100	lddt_columns	557/657
B5GRN6	foldmason_refine100_osc	lddt	0.418507
B5GRN6	foldmason_refine100_osc	lddt_columns	557/657
B5GRN6	foldmason_refine100_rosc	lddt	0.326426
B5GRN6	foldmason_refine100_rosc	lddt_columns	515/691
B5GRN6	foldmason_refine100_rosc_osc	lddt	0.437981
B5GRN6	foldmason_refine100_rosc_osc	lddt_columns	515/691
B5GRN6	foldmason_refine100_rosc	time	17.28
B5GRN6	foldmason_refine100	time	16.41
B5GRN6	foldmason	time	10.63
B5GRN6	mafft_3di	lddt	0.337999
B5GRN6	mafft_3di	lddt_columns	515/697
B5GRN6	mafft_3di_osc	lddt	0.457448
B5GRN6	mafft_3di_osc	lddt_columns	515/697
B5GRN6	mafft_3di	time	1.71
B5GRN6	mafft	lddt	0.296642
B5GRN6	mafft	lddt_columns	711/818
B5GRN6	mafft_osc	lddt	0.341285
B5GRN6	mafft_osc	lddt_columns	711/818
B5GRN6	mafft	time	3.73
B5GRN6	matt	lddt	0.024313
B5GRN6	matt	lddt_columns	629/4846
B5GRN6	matt_osc	lddt	0.187315
B5GRN6	matt_osc	lddt_columns	629/4846
B5GRN6	matt	time	2258.55
B5GRN6	mtmalign	lddt	0.103502
B5GRN6	mtmalign	lddt_columns	1302/2924
B5GRN6	mtmalign_osc	lddt	0.232443
B5GRN6	mtmalign_osc	lddt_columns	1302/2924
B5GRN6	mtmalign	time	66.76
B5GRN6	muscle	lddt	0.188022
B5GRN6	muscle	lddt_columns	546/1065
B5GRN6	muscle_osc	lddt	0.366746
B5GRN6	muscle_osc	lddt_columns	546/1065
B5GRN6	muscle	time	9.22
B5GRN6	mustang	lddt	0.201711
B5GRN6	mustang	lddt_columns	684/1251
B5GRN6	mustang_osc	lddt	0.368919
B5GRN6	mustang_osc	lddt_columns	684/1251
B5GRN6	mustang	time	1751.36
B5GRN6	usalign	lddt	0.109584
B5GRN6	usalign	lddt_columns	1194/2568
B5GRN6	usalign_osc	lddt	0.235688
B5GRN6	usalign_osc	lddt_columns	1194/2568
B5GRN6	usalign	time	22.24
B5IA13	3dcoffee	lddt	0.543824
B5IA13	3dcoffee	lddt_columns	224/250
B5IA13	3dcoffee_osc	lddt	0.606946
B5IA13	3dcoffee_osc	lddt_columns	224/250
B5IA13	3dcoffee	time	358.35
B5IA13	caretta	lddt	0.517682
B5IA13	caretta	lddt_columns	218/237
B5IA13	caretta_osc	lddt	0.562801
B5IA13	caretta_osc	lddt_columns	218/237
B5IA13	caretta	time	48.70
B5IA13	clustalo	lddt	0.449297
B5IA13	clustalo	lddt_columns	236/260
B5IA13	clustalo_osc	lddt	0.494988
B5IA13	clustalo_osc	lddt_columns	236/260
B5IA13	clustalo	time	0.17
B5IA13	famsa	lddt	0.423817
B5IA13	famsa	lddt_columns	210/276
B5IA13	famsa_osc	lddt	0.557017
B5IA13	famsa_osc	lddt_columns	210/276
B5IA13	famsa	time	0.10
B5IA13	foldmason_fast	lddt	0.536374
B5IA13	foldmason_fast	lddt_columns	223/234
B5IA13	foldmason_fast_osc	lddt	0.562832
B5IA13	foldmason_fast_osc	lddt_columns	223/234
B5IA13	foldmason_fast	time	1.75
B5IA13	foldmason	lddt	0.522201
B5IA13	foldmason	lddt_columns	216/238
B5IA13	foldmason_osc	lddt	0.575388
B5IA13	foldmason_osc	lddt_columns	216/238
B5IA13	foldmason_refine100	lddt	0.534825
B5IA13	foldmason_refine100	lddt_columns	221/233
B5IA13	foldmason_refine100_osc	lddt	0.563866
B5IA13	foldmason_refine100_osc	lddt_columns	221/233
B5IA13	foldmason_refine100_rosc	lddt	0.514347
B5IA13	foldmason_refine100_rosc	lddt_columns	211/240
B5IA13	foldmason_refine100_rosc_osc	lddt	0.585039
B5IA13	foldmason_refine100_rosc_osc	lddt_columns	211/240
B5IA13	foldmason_refine100_rosc	time	5.03
B5IA13	foldmason_refine100	time	4.91
B5IA13	foldmason	time	11.48
B5IA13	mafft_3di	lddt	0.539400
B5IA13	mafft_3di	lddt_columns	218/242
B5IA13	mafft_3di_osc	lddt	0.598783
B5IA13	mafft_3di_osc	lddt_columns	218/242
B5IA13	mafft_3di	time	0.45
B5IA13	mafft	lddt	0.503681
B5IA13	mafft	lddt_columns	227/250
B5IA13	mafft_osc	lddt	0.554715
B5IA13	mafft_osc	lddt_columns	227/250
B5IA13	mafft	time	0.58
B5IA13	matt	lddt	0.147645
B5IA13	matt	lddt_columns	370/850
B5IA13	matt_osc	lddt	0.339185
B5IA13	matt_osc	lddt_columns	370/850
B5IA13	matt	time	73.96
B5IA13	mtmalign	lddt	0.252079
B5IA13	mtmalign	lddt_columns	323/552
B5IA13	mtmalign_osc	lddt	0.430798
B5IA13	mtmalign_osc	lddt_columns	323/552
B5IA13	mtmalign	time	17.77
B5IA13	muscle	lddt	0.431963
B5IA13	muscle	lddt_columns	214/281
B5IA13	muscle_osc	lddt	0.567204
B5IA13	muscle_osc	lddt_columns	214/281
B5IA13	muscle	time	1.97
B5IA13	mustang	lddt	0.386803
B5IA13	mustang	lddt_columns	260/350
B5IA13	mustang_osc	lddt	0.520696
B5IA13	mustang_osc	lddt_columns	260/350
B5IA13	mustang	time	69.71
B5IA13	usalign	lddt	0.310314
B5IA13	usalign	lddt_columns	285/443
B5IA13	usalign_osc	lddt	0.482348
B5IA13	usalign_osc	lddt_columns	285/443
B5IA13	usalign	time	7.78
B9LR42	3dcoffee	lddt	0.289296
B9LR42	3dcoffee	lddt_columns	604/885
B9LR42	3dcoffee_osc	lddt	0.423886
B9LR42	3dcoffee_osc	lddt_columns	604/885
B9LR42	3dcoffee	time	829.39
B9LR42	caretta	lddt	0.387681
B9LR42	caretta	lddt_columns	425/445
B9LR42	caretta_osc	lddt	0.405925
B9LR42	caretta_osc	lddt_columns	425/445
B9LR42	caretta	time	75.89
B9LR42	clustalo	lddt	0.257013
B9LR42	clustalo	lddt_columns	844/896
B9LR42	clustalo_osc	lddt	0.272848
B9LR42	clustalo_osc	lddt_columns	844/896
B9LR42	clustalo	time	1.28
B9LR42	famsa	lddt	0.299470
B9LR42	famsa	lddt_columns	512/588
B9LR42	famsa_osc	lddt	0.343922
B9LR42	famsa_osc	lddt_columns	512/588
B9LR42	famsa	time	0.28
B9LR42	foldmason_fast	lddt	0.370882
B9LR42	foldmason_fast	lddt_columns	564/621
B9LR42	foldmason_fast_osc	lddt	0.408364
B9LR42	foldmason_fast_osc	lddt_columns	564/621
B9LR42	foldmason_fast	time	2.30
B9LR42	foldmason	lddt	0.383485
B9LR42	foldmason	lddt_columns	565/602
B9LR42	foldmason_osc	lddt	0.408598
B9LR42	foldmason_osc	lddt_columns	565/602
B9LR42	foldmason_refine100	lddt	0.383947
B9LR42	foldmason_refine100	lddt_columns	570/602
B9LR42	foldmason_refine100_osc	lddt	0.405502
B9LR42	foldmason_refine100_osc	lddt_columns	570/602
B9LR42	foldmason_refine100_rosc	lddt	0.350989
B9LR42	foldmason_refine100_rosc	lddt_columns	554/652
B9LR42	foldmason_refine100_rosc_osc	lddt	0.413078
B9LR42	foldmason_refine100_rosc_osc	lddt_columns	554/652
B9LR42	foldmason_refine100_rosc	time	21.52
B9LR42	foldmason_refine100	time	21.49
B9LR42	foldmason	time	0.97
B9LR42	mafft_3di	lddt	0.321978
B9LR42	mafft_3di	lddt_columns	559/732
B9LR42	mafft_3di_osc	lddt	0.421624
B9LR42	mafft_3di_osc	lddt_columns	559/732
B9LR42	mafft_3di	time	2.04
B9LR42	mafft	lddt	0.260874
B9LR42	mafft	lddt_columns	772/849
B9LR42	mafft_osc	lddt	0.286894
B9LR42	mafft_osc	lddt_columns	772/849
B9LR42	mafft	time	6.86
B9LR42	matt	lddt	0.029344
B9LR42	matt	lddt_columns	698/4852
B9LR42	matt_osc	lddt	0.203977
B9LR42	matt_osc	lddt_columns	698/4852
B9LR42	matt	time	1991.03
B9LR42	mtmalign	lddt	0.084366
B9LR42	mtmalign	lddt_columns	1233/3314
B9LR42	mtmalign_osc	lddt	0.226755
B9LR42	mtmalign_osc	lddt_columns	1233/3314
B9LR42	mtmalign	time	73.16
B9LR42	muscle	lddt	0.190648
B9LR42	muscle	lddt_columns	737/1080
B9LR42	muscle_osc	lddt	0.279376
B9LR42	muscle_osc	lddt_columns	737/1080
B9LR42	muscle	time	13.46
B9LR42	mustang	lddt	0.181723
B9LR42	mustang	lddt_columns	699/1337
B9LR42	mustang_osc	lddt	0.347588
B9LR42	mustang_osc	lddt_columns	699/1337
B9LR42	mustang	time	1559.84
B9LR42	usalign	lddt	0.089505
B9LR42	usalign	lddt_columns	1235/3093
B9LR42	usalign_osc	lddt	0.224160
B9LR42	usalign_osc	lddt_columns	1235/3093
B9LR42	usalign	time	21.48
C0W088	3dcoffee	lddt	0.650958
C0W088	3dcoffee	lddt_columns	363/411
C0W088	3dcoffee_osc	lddt	0.737035
C0W088	3dcoffee_osc	lddt_columns	363/411
C0W088	3dcoffee	time	682.05
C0W088	caretta	lddt	0.668467
C0W088	caretta	lddt_columns	376/402
C0W088	caretta_osc	lddt	0.714691
C0W088	caretta_osc	lddt_columns	376/402
C0W088	caretta	time	64.41
C0W088	clustalo	lddt	0.634529
C0W088	clustalo	lddt_columns	371/419
C0W088	clustalo_osc	lddt	0.716624
C0W088	clustalo_osc	lddt_columns	371/419
C0W088	clustalo	time	0.42
C0W088	famsa	lddt	0.641591
C0W088	famsa	lddt_columns	375/420
C0W088	famsa_osc	lddt	0.718582
C0W088	famsa_osc	lddt_columns	375/420
C0W088	famsa	time	0.16
C0W088	foldmason_fast	lddt	0.663765
C0W088	foldmason_fast	lddt_columns	368/410
C0W088	foldmason_fast_osc	lddt	0.739521
C0W088	foldmason_fast_osc	lddt_columns	368/410
C0W088	foldmason_fast	time	1.55
C0W088	foldmason	lddt	0.654956
C0W088	foldmason	lddt_columns	371/416
C0W088	foldmason_osc	lddt	0.734398
C0W088	foldmason_osc	lddt_columns	371/416
C0W088	foldmason_refine100	lddt	0.662014
C0W088	foldmason_refine100	lddt_columns	378/413
C0W088	foldmason_refine100_osc	lddt	0.723311
C0W088	foldmason_refine100_osc	lddt_columns	378/413
C0W088	foldmason_refine100_rosc	lddt	0.638806
C0W088	foldmason_refine100_rosc	lddt_columns	365/425
C0W088	foldmason_refine100_rosc_osc	lddt	0.743815
C0W088	foldmason_refine100_rosc_osc	lddt_columns	365/425
C0W088	foldmason_refine100_rosc	time	14.23
C0W088	foldmason_refine100	time	14.76
C0W088	foldmason	time	10.98
C0W088	mafft_3di	lddt	0.661068
C0W088	mafft_3di	lddt_columns	365/414
C0W088	mafft_3di_osc	lddt	0.749814
C0W088	mafft_3di_osc	lddt_columns	365/414
C0W088	mafft_3di	time	0.61
C0W088	mafft	lddt	0.650128
C0W088	mafft	lddt_columns	371/416
C0W088	mafft_osc	lddt	0.728985
C0W088	mafft_osc	lddt_columns	371/416
C0W088	mafft	time	0.99
C0W088	matt	lddt	0.303607
C0W088	matt	lddt_columns	528/875
C0W088	matt_osc	lddt	0.503136
C0W088	matt_osc	lddt_columns	528/875
C0W088	matt	time	408.39
C0W088	mtmalign	lddt	0.417113
C0W088	mtmalign	lddt_columns	478/685
C0W088	mtmalign_osc	lddt	0.597746
C0W088	mtmalign_osc	lddt_columns	478/685
C0W088	mtmalign	time	53.19
C0W088	muscle	lddt	0.620338
C0W088	muscle	lddt_columns	365/433
C0W088	muscle_osc	lddt	0.735908
C0W088	muscle_osc	lddt_columns	365/433
C0W088	muscle	time	5.69
C0W088	mustang	lddt	0.521422
C0W088	mustang	lddt_columns	359/525
C0W088	mustang_osc	lddt	0.762525
C0W088	mustang_osc	lddt_columns	359/525
C0W088	mustang	time	157.29
C0W088	usalign	lddt	0.517084
C0W088	usalign	lddt_columns	423/541
C0W088	usalign_osc	lddt	0.661330
C0W088	usalign_osc	lddt_columns	423/541
C0W088	usalign	time	24.21
C1F1E0	3dcoffee	lddt	0.506346
C1F1E0	3dcoffee	lddt_columns	317/395
C1F1E0	3dcoffee_osc	lddt	0.630935
C1F1E0	3dcoffee_osc	lddt_columns	317/395
C1F1E0	3dcoffee	time	409.10
C1F1E0	caretta	lddt	0.503346
C1F1E0	caretta	lddt_columns	331/351
C1F1E0	caretta_osc	lddt	0.533759
C1F1E0	caretta_osc	lddt_columns	331/351
C1F1E0	caretta	time	55.14
C1F1E0	clustalo	lddt	0.519983
C1F1E0	clustalo	lddt_columns	325/351
C1F1E0	clustalo_osc	lddt	0.561582
C1F1E0	clustalo_osc	lddt_columns	325/351
C1F1E0	clustalo	time	0.34
C1F1E0	famsa	lddt	0.500937
C1F1E0	famsa	lddt_columns	316/362
C1F1E0	famsa_osc	lddt	0.573858
C1F1E0	famsa_osc	lddt_columns	316/362
C1F1E0	famsa	time	0.14
C1F1E0	foldmason_fast	lddt	0.545162
C1F1E0	foldmason_fast	lddt_columns	327/346
C1F1E0	foldmason_fast_osc	lddt	0.576838
C1F1E0	foldmason_fast_osc	lddt_columns	327/346
C1F1E0	foldmason_fast	time	1.51
C1F1E0	foldmason	lddt	0.532666
C1F1E0	foldmason	lddt_columns	341/364
C1F1E0	foldmason_osc	lddt	0.568594
C1F1E0	foldmason_osc	lddt_columns	341/364
C1F1E0	foldmason_refine100	lddt	0.543885
C1F1E0	foldmason_refine100	lddt_columns	349/356
C1F1E0	foldmason_refine100_osc	lddt	0.554794
C1F1E0	foldmason_refine100_osc	lddt_columns	349/356
C1F1E0	foldmason_refine100_rosc	lddt	0.514358
C1F1E0	foldmason_refine100_rosc	lddt_columns	328/372
C1F1E0	foldmason_refine100_rosc_osc	lddt	0.583358
C1F1E0	foldmason_refine100_rosc_osc	lddt_columns	328/372
C1F1E0	foldmason_refine100_rosc	time	12.02
C1F1E0	foldmason_refine100	time	10.41
C1F1E0	foldmason	time	0.54
C1F1E0	mafft_3di	lddt	0.539639
C1F1E0	mafft_3di	lddt_columns	329/368
C1F1E0	mafft_3di_osc	lddt	0.603608
C1F1E0	mafft_3di_osc	lddt_columns	329/368
C1F1E0	mafft_3di	time	0.49
C1F1E0	mafft	lddt	0.480167
C1F1E0	mafft	lddt_columns	333/382
C1F1E0	mafft_osc	lddt	0.550822
C1F1E0	mafft_osc	lddt_columns	333/382
C1F1E0	mafft	time	1.12
C1F1E0	matt	lddt	0.204776
C1F1E0	matt	lddt_columns	362/904
C1F1E0	matt_osc	lddt	0.511375
C1F1E0	matt_osc	lddt_columns	362/904
C1F1E0	matt	time	192.68
C1F1E0	mtmalign	lddt	0.223311
C1F1E0	mtmalign	lddt_columns	375/863
C1F1E0	mtmalign_osc	lddt	0.513913
C1F1E0	mtmalign_osc	lddt_columns	375/863
C1F1E0	mtmalign	time	27.93
C1F1E0	muscle	lddt	0.372269
C1F1E0	muscle	lddt_columns	291/472
C1F1E0	muscle_osc	lddt	0.603818
C1F1E0	muscle_osc	lddt_columns	291/472
C1F1E0	muscle	time	4.12
C1F1E0	mustang	lddt	0.358173
C1F1E0	mustang	lddt_columns	367/554
C1F1E0	mustang_osc	lddt	0.540676
C1F1E0	mustang_osc	lddt_columns	367/554
C1F1E0	mustang	time	305.26
C1F1E0	usalign	lddt	0.284921
C1F1E0	usalign	lddt_columns	380/695
C1F1E0	usalign_osc	lddt	0.521106
C1F1E0	usalign_osc	lddt_columns	380/695
C1F1E0	usalign	time	12.20
C3XV33	3dcoffee	lddt	0.558525
C3XV33	3dcoffee	lddt_columns	643/743
C3XV33	3dcoffee_osc	lddt	0.645387
C3XV33	3dcoffee_osc	lddt_columns	643/743
C3XV33	3dcoffee	time	1573.52
C3XV33	caretta	lddt	0.489826
C3XV33	caretta	lddt_columns	670/670
C3XV33	caretta_osc	lddt	0.489826
C3XV33	caretta_osc	lddt_columns	670/670
C3XV33	caretta	time	106.09
C3XV33	clustalo	lddt	0.546668
C3XV33	clustalo	lddt_columns	683/882
C3XV33	clustalo_osc	lddt	0.705947
C3XV33	clustalo_osc	lddt_columns	683/882
C3XV33	clustalo	time	1.01
C3XV33	famsa	lddt	0.543559
C3XV33	famsa	lddt_columns	650/853
C3XV33	famsa_osc	lddt	0.713317
C3XV33	famsa_osc	lddt_columns	650/853
C3XV33	famsa	time	0.26
C3XV33	foldmason_fast	lddt	0.605547
C3XV33	foldmason_fast	lddt_columns	735/805
C3XV33	foldmason_fast_osc	lddt	0.663218
C3XV33	foldmason_fast_osc	lddt_columns	735/805
C3XV33	foldmason_fast	time	1.62
C3XV33	foldmason	lddt	0.595303
C3XV33	foldmason	lddt_columns	721/812
C3XV33	foldmason_osc	lddt	0.670438
C3XV33	foldmason_osc	lddt_columns	721/812
C3XV33	foldmason_refine100	lddt	0.599160
C3XV33	foldmason_refine100	lddt_columns	740/811
C3XV33	foldmason_refine100_osc	lddt	0.656647
C3XV33	foldmason_refine100_osc	lddt_columns	740/811
C3XV33	foldmason_refine100_rosc	lddt	0.548812
C3XV33	foldmason_refine100_rosc	lddt_columns	698/867
C3XV33	foldmason_refine100_rosc_osc	lddt	0.681691
C3XV33	foldmason_refine100_rosc_osc	lddt_columns	698/867
C3XV33	foldmason_refine100_rosc	time	22.82
C3XV33	foldmason_refine100	time	25.31
C3XV33	foldmason	time	2.06
C3XV33	mafft_3di	lddt	0.589288
C3XV33	mafft_3di	lddt_columns	647/815
C3XV33	mafft_3di_osc	lddt	0.742302
C3XV33	mafft_3di_osc	lddt_columns	647/815
C3XV33	mafft_3di	time	1.00
C3XV33	mafft	lddt	0.535234
C3XV33	mafft	lddt_columns	688/897
C3XV33	mafft_osc	lddt	0.697827
C3XV33	mafft_osc	lddt_columns	688/897
C3XV33	mafft	time	2.65
C3XV33	matt	lddt	0.047105
C3XV33	matt	lddt_columns	1324/5881
C3XV33	matt_osc	lddt	0.209235
C3XV33	matt_osc	lddt_columns	1324/5881
C3XV33	matt	time	3759.27
C3XV33	mtmalign	lddt	0.100137
C3XV33	mtmalign	lddt_columns	1250/3985
C3XV33	mtmalign_osc	lddt	0.319237
C3XV33	mtmalign_osc	lddt_columns	1250/3985
C3XV33	mtmalign	time	162.39
C3XV33	muscle	lddt	0.467291
C3XV33	muscle	lddt_columns	629/999
C3XV33	muscle_osc	lddt	0.742168
C3XV33	muscle_osc	lddt_columns	629/999
C3XV33	muscle	time	10.74
C3XV33	mustang	lddt	0.405557
C3XV33	mustang	lddt_columns	660/1160
C3XV33	mustang_osc	lddt	0.712798
C3XV33	mustang_osc	lddt_columns	660/1160
C3XV33	mustang	time	1304.61
C3XV33	usalign	lddt	0.124531
C3XV33	usalign	lddt_columns	1621/3491
C3XV33	usalign_osc	lddt	0.268192
C3XV33	usalign_osc	lddt_columns	1621/3491
C3XV33	usalign	time	43.47
C6XR92	3dcoffee	lddt	0.598231
C6XR92	3dcoffee	lddt_columns	295/325
C6XR92	3dcoffee_osc	lddt	0.659068
C6XR92	3dcoffee_osc	lddt_columns	295/325
C6XR92	3dcoffee	time	634.56
C6XR92	caretta	lddt	0.639462
C6XR92	caretta	lddt_columns	288/311
C6XR92	caretta_osc	lddt	0.690530
C6XR92	caretta_osc	lddt_columns	288/311
C6XR92	caretta	time	79.42
C6XR92	clustalo	lddt	0.603436
C6XR92	clustalo	lddt_columns	298/324
C6XR92	clustalo_osc	lddt	0.656085
C6XR92	clustalo_osc	lddt_columns	298/324
C6XR92	clustalo	time	0.27
C6XR92	famsa	lddt	0.595064
C6XR92	famsa	lddt_columns	294/323
C6XR92	famsa_osc	lddt	0.653761
C6XR92	famsa_osc	lddt_columns	294/323
C6XR92	famsa	time	0.13
C6XR92	foldmason_fast	lddt	0.635256
C6XR92	foldmason_fast	lddt_columns	294/308
C6XR92	foldmason_fast_osc	lddt	0.665506
C6XR92	foldmason_fast_osc	lddt_columns	294/308
C6XR92	foldmason_fast	time	2.32
C6XR92	foldmason	lddt	0.627196
C6XR92	foldmason	lddt_columns	303/315
C6XR92	foldmason_osc	lddt	0.652035
C6XR92	foldmason_osc	lddt_columns	303/315
C6XR92	foldmason_refine100	lddt	0.638164
C6XR92	foldmason_refine100	lddt_columns	310/310
C6XR92	foldmason_refine100_osc	lddt	0.638164
C6XR92	foldmason_refine100_osc	lddt_columns	310/310
C6XR92	foldmason_refine100_rosc	lddt	0.613920
C6XR92	foldmason_refine100_rosc	lddt_columns	301/322
C6XR92	foldmason_refine100_rosc_osc	lddt	0.656751
C6XR92	foldmason_refine100_rosc_osc	lddt_columns	301/322
C6XR92	foldmason_refine100_rosc	time	8.05
C6XR92	foldmason_refine100	time	9.23
C6XR92	foldmason	time	0.48
C6XR92	mafft_3di	lddt	0.644967
C6XR92	mafft_3di	lddt_columns	281/305
C6XR92	mafft_3di_osc	lddt	0.700053
C6XR92	mafft_3di_osc	lddt_columns	281/305
C6XR92	mafft_3di	time	0.50
C6XR92	mafft	lddt	0.568358
C6XR92	mafft	lddt_columns	304/338
C6XR92	mafft_osc	lddt	0.631925
C6XR92	mafft_osc	lddt_columns	304/338
C6XR92	mafft	time	0.81
C6XR92	matt	lddt	0.114043
C6XR92	matt	lddt_columns	570/1374
C6XR92	matt_osc	lddt	0.274903
C6XR92	matt_osc	lddt_columns	570/1374
C6XR92	matt	time	416.06
C6XR92	mtmalign	lddt	0.304333
C6XR92	mtmalign	lddt_columns	355/654
C6XR92	mtmalign_osc	lddt	0.560659
C6XR92	mtmalign_osc	lddt_columns	355/654
C6XR92	mtmalign	time	37.89
C6XR92	muscle	lddt	0.519312
C6XR92	muscle	lddt_columns	278/366
C6XR92	muscle_osc	lddt	0.683699
C6XR92	muscle_osc	lddt_columns	278/366
C6XR92	muscle	time	3.43
C6XR92	mustang	lddt	0.468142
C6XR92	mustang	lddt_columns	321/436
C6XR92	mustang_osc	lddt	0.635857
C6XR92	mustang_osc	lddt_columns	321/436
C6XR92	mustang	time	128.53
C6XR92	usalign	lddt	0.444066
C6XR92	usalign	lddt_columns	354/449
C6XR92	usalign_osc	lddt	0.563236
C6XR92	usalign_osc	lddt_columns	354/449
C6XR92	usalign	time	17.30
C7LW54	3dcoffee	lddt	0.755363
C7LW54	3dcoffee	lddt_columns	151/170
C7LW54	3dcoffee_osc	lddt	0.850409
C7LW54	3dcoffee_osc	lddt_columns	151/170
C7LW54	3dcoffee	time	267.71
C7LW54	caretta	lddt	0.799616
C7LW54	caretta	lddt_columns	155/162
C7LW54	caretta_osc	lddt	0.835727
C7LW54	caretta_osc	lddt_columns	155/162
C7LW54	caretta	time	45.68
C7LW54	clustalo	lddt	0.771488
C7LW54	clustalo	lddt_columns	153/166
C7LW54	clustalo_osc	lddt	0.837040
C7LW54	clustalo_osc	lddt_columns	153/166
C7LW54	clustalo	time	0.11
C7LW54	famsa	lddt	0.783266
C7LW54	famsa	lddt_columns	155/163
C7LW54	famsa_osc	lddt	0.823693
C7LW54	famsa_osc	lddt_columns	155/163
C7LW54	famsa	time	0.04
C7LW54	foldmason_fast	lddt	0.790495
C7LW54	foldmason_fast	lddt_columns	156/163
C7LW54	foldmason_fast_osc	lddt	0.825966
C7LW54	foldmason_fast_osc	lddt_columns	156/163
C7LW54	foldmason_fast	time	1.84
C7LW54	foldmason	lddt	0.796263
C7LW54	foldmason	lddt_columns	157/162
C7LW54	foldmason_osc	lddt	0.821622
C7LW54	foldmason_osc	lddt_columns	157/162
C7LW54	foldmason_refine100	lddt	0.797326
C7LW54	foldmason_refine100	lddt_columns	159/162
C7LW54	foldmason_refine100_osc	lddt	0.812370
C7LW54	foldmason_refine100_osc	lddt_columns	159/162
C7LW54	foldmason_refine100_rosc	lddt	0.796317
C7LW54	foldmason_refine100_rosc	lddt_columns	155/162
C7LW54	foldmason_refine100_rosc_osc	lddt	0.832279
C7LW54	foldmason_refine100_rosc_osc	lddt_columns	155/162
C7LW54	foldmason_refine100_rosc	time	4.20
C7LW54	foldmason_refine100	time	4.19
C7LW54	foldmason	time	0.23
C7LW54	mafft_3di	lddt	0.773535
C7LW54	mafft_3di	lddt_columns	153/165
C7LW54	mafft_3di_osc	lddt	0.834205
C7LW54	mafft_3di_osc	lddt_columns	153/165
C7LW54	mafft_3di	time	0.30
C7LW54	mafft	lddt	0.767828
C7LW54	mafft	lddt_columns	155/167
C7LW54	mafft_osc	lddt	0.827273
C7LW54	mafft_osc	lddt_columns	155/167
C7LW54	mafft	time	0.35
C7LW54	matt	lddt	0.696837
C7LW54	matt	lddt_columns	162/186
C7LW54	matt_osc	lddt	0.800072
C7LW54	matt_osc	lddt_columns	162/186
C7LW54	matt	time	671.87
C7LW54	mtmalign	lddt	0.679274
C7LW54	mtmalign	lddt_columns	162/192
C7LW54	mtmalign_osc	lddt	0.805065
C7LW54	mtmalign_osc	lddt_columns	162/192
C7LW54	mtmalign	time	14.64
C7LW54	muscle	lddt	0.725022
C7LW54	muscle	lddt_columns	154/175
C7LW54	muscle_osc	lddt	0.823889
C7LW54	muscle_osc	lddt_columns	154/175
C7LW54	muscle	time	1.24
C7LW54	mustang	lddt	0.687795
C7LW54	mustang	lddt_columns	160/186
C7LW54	mustang_osc	lddt	0.799562
C7LW54	mustang_osc	lddt_columns	160/186
C7LW54	mustang	time	48.61
C7LW54	usalign	lddt	0.761358
C7LW54	usalign	lddt_columns	158/171
C7LW54	usalign_osc	lddt	0.824002
C7LW54	usalign_osc	lddt_columns	158/171
C7LW54	usalign	time	4.60
C9LSN8	3dcoffee	lddt	0.785553
C9LSN8	3dcoffee	lddt_columns	163/184
C9LSN8	3dcoffee_osc	lddt	0.886759
C9LSN8	3dcoffee_osc	lddt_columns	163/184
C9LSN8	3dcoffee	time	385.44
C9LSN8	caretta	lddt	0.784769
C9LSN8	caretta	lddt_columns	162/184
C9LSN8	caretta_osc	lddt	0.891343
C9LSN8	caretta_osc	lddt_columns	162/184
C9LSN8	caretta	time	46.57
C9LSN8	clustalo	lddt	0.731930
C9LSN8	clustalo	lddt_columns	174/191
C9LSN8	clustalo_osc	lddt	0.803441
C9LSN8	clustalo_osc	lddt_columns	174/191
C9LSN8	clustalo	time	0.10
C9LSN8	famsa	lddt	0.760469
C9LSN8	famsa	lddt_columns	165/188
C9LSN8	famsa_osc	lddt	0.866474
C9LSN8	famsa_osc	lddt_columns	165/188
C9LSN8	famsa	time	0.05
C9LSN8	foldmason_fast	lddt	0.831244
C9LSN8	foldmason_fast	lddt_columns	166/172
C9LSN8	foldmason_fast_osc	lddt	0.861289
C9LSN8	foldmason_fast_osc	lddt_columns	166/172
C9LSN8	foldmason_fast	time	1.22
C9LSN8	foldmason	lddt	0.800422
C9LSN8	foldmason	lddt_columns	176/178
C9LSN8	foldmason_osc	lddt	0.809518
C9LSN8	foldmason_osc	lddt_columns	176/178
C9LSN8	foldmason_refine100	lddt	0.802874
C9LSN8	foldmason_refine100	lddt_columns	176/177
C9LSN8	foldmason_refine100_osc	lddt	0.807436
C9LSN8	foldmason_refine100_osc	lddt_columns	176/177
C9LSN8	foldmason_refine100_rosc	lddt	0.771296
C9LSN8	foldmason_refine100_rosc	lddt_columns	173/184
C9LSN8	foldmason_refine100_rosc_osc	lddt	0.820338
C9LSN8	foldmason_refine100_rosc_osc	lddt_columns	173/184
C9LSN8	foldmason_refine100_rosc	time	3.83
C9LSN8	foldmason_refine100	time	3.75
C9LSN8	foldmason	time	0.34
C9LSN8	mafft_3di	lddt	0.807534
C9LSN8	mafft_3di	lddt_columns	159/177
C9LSN8	mafft_3di_osc	lddt	0.898953
C9LSN8	mafft_3di_osc	lddt_columns	159/177
C9LSN8	mafft_3di	time	0.34
C9LSN8	mafft	lddt	0.775595
C9LSN8	mafft	lddt_columns	163/185
C9LSN8	mafft_osc	lddt	0.880277
C9LSN8	mafft_osc	lddt_columns	163/185
C9LSN8	mafft	time	0.43
C9LSN8	matt	lddt	0.697216
C9LSN8	matt	lddt_columns	168/206
C9LSN8	matt_osc	lddt	0.854919
C9LSN8	matt_osc	lddt_columns	168/206
C9LSN8	matt	time	1243.54
C9LSN8	mtmalign	lddt	0.678908
C9LSN8	mtmalign	lddt_columns	161/210
C9LSN8	mtmalign_osc	lddt	0.885532
C9LSN8	mtmalign_osc	lddt_columns	161/210
C9LSN8	mtmalign	time	17.14
C9LSN8	muscle	lddt	0.728209
C9LSN8	muscle	lddt_columns	158/192
C9LSN8	muscle_osc	lddt	0.884913
C9LSN8	muscle_osc	lddt_columns	158/192
C9LSN8	muscle	time	1.54
C9LSN8	mustang	lddt	0.770152
C9LSN8	mustang	lddt_columns	158/187
C9LSN8	mustang_osc	lddt	0.911509
C9LSN8	mustang_osc	lddt_columns	158/187
C9LSN8	mustang	time	100.95
C9LSN8	usalign	lddt	0.754742
C9LSN8	usalign	lddt_columns	171/191
C9LSN8	usalign_osc	lddt	0.843016
C9LSN8	usalign_osc	lddt_columns	171/191
C9LSN8	usalign	time	7.15
D1CBK0	3dcoffee	lddt	0.773435
D1CBK0	3dcoffee	lddt_columns	263/278
D1CBK0	3dcoffee_osc	lddt	0.817547
D1CBK0	3dcoffee_osc	lddt_columns	263/278
D1CBK0	3dcoffee	time	438.74
D1CBK0	caretta	lddt	0.663070
D1CBK0	caretta	lddt_columns	277/291
D1CBK0	caretta_osc	lddt	0.696582
D1CBK0	caretta_osc	lddt_columns	277/291
D1CBK0	caretta	time	54.59
D1CBK0	clustalo	lddt	0.761255
D1CBK0	clustalo	lddt_columns	274/281
D1CBK0	clustalo_osc	lddt	0.780703
D1CBK0	clustalo_osc	lddt_columns	274/281
D1CBK0	clustalo	time	0.22
D1CBK0	famsa	lddt	0.753859
D1CBK0	famsa	lddt_columns	277/285
D1CBK0	famsa_osc	lddt	0.775631
D1CBK0	famsa_osc	lddt_columns	277/285
D1CBK0	famsa	time	0.13
D1CBK0	foldmason_fast	lddt	0.771704
D1CBK0	foldmason_fast	lddt_columns	277/278
D1CBK0	foldmason_fast_osc	lddt	0.774490
D1CBK0	foldmason_fast_osc	lddt_columns	277/278
D1CBK0	foldmason_fast	time	1.44
D1CBK0	foldmason	lddt	0.753720
D1CBK0	foldmason	lddt_columns	280/281
D1CBK0	foldmason_osc	lddt	0.756412
D1CBK0	foldmason_osc	lddt_columns	280/281
D1CBK0	foldmason_refine100	lddt	0.756266
D1CBK0	foldmason_refine100	lddt_columns	280/280
D1CBK0	foldmason_refine100_osc	lddt	0.756266
D1CBK0	foldmason_refine100_osc	lddt_columns	280/280
D1CBK0	foldmason_refine100_rosc	lddt	0.706614
D1CBK0	foldmason_refine100_rosc	lddt_columns	270/298
D1CBK0	foldmason_refine100_rosc_osc	lddt	0.779892
D1CBK0	foldmason_refine100_rosc_osc	lddt_columns	270/298
D1CBK0	foldmason_refine100_rosc	time	8.55
D1CBK0	foldmason_refine100	time	7.08
D1CBK0	foldmason	time	0.46
D1CBK0	mafft_3di	lddt	0.750307
D1CBK0	mafft_3di	lddt_columns	277/281
D1CBK0	mafft_3di_osc	lddt	0.761142
D1CBK0	mafft_3di_osc	lddt_columns	277/281
D1CBK0	mafft_3di	time	0.38
D1CBK0	mafft	lddt	0.760378
D1CBK0	mafft	lddt_columns	276/283
D1CBK0	mafft_osc	lddt	0.779663
D1CBK0	mafft_osc	lddt_columns	276/283
D1CBK0	mafft	time	0.52
D1CBK0	matt	lddt	0.169225
D1CBK0	matt	lddt_columns	375/1115
D1CBK0	matt_osc	lddt	0.503161
D1CBK0	matt_osc	lddt_columns	375/1115
D1CBK0	matt	time	2953.35
D1CBK0	mtmalign	lddt	0.182056
D1CBK0	mtmalign	lddt_columns	429/1117
D1CBK0	mtmalign_osc	lddt	0.474024
D1CBK0	mtmalign_osc	lddt_columns	429/1117
D1CBK0	mtmalign	time	32.72
D1CBK0	muscle	lddt	0.720496
D1CBK0	muscle	lddt_columns	279/295
D1CBK0	muscle_osc	lddt	0.761815
D1CBK0	muscle_osc	lddt_columns	279/295
D1CBK0	muscle	time	2.92
D1CBK0	mustang	lddt	0.430289
D1CBK0	mustang	lddt_columns	325/484
D1CBK0	mustang_osc	lddt	0.640799
D1CBK0	mustang_osc	lddt_columns	325/484
D1CBK0	mustang	time	258.58
D1CBK0	usalign	lddt	0.209978
D1CBK0	usalign	lddt_columns	429/993
D1CBK0	usalign_osc	lddt	0.486032
D1CBK0	usalign_osc	lddt_columns	429/993
D1CBK0	usalign	time	12.51
D3JVD5	3dcoffee	lddt	0.479747
D3JVD5	3dcoffee	lddt_columns	271/344
D3JVD5	3dcoffee_osc	lddt	0.608978
D3JVD5	3dcoffee_osc	lddt_columns	271/344
D3JVD5	3dcoffee	time	349.78
D3JVD5	caretta	lddt	0.520824
D3JVD5	caretta	lddt_columns	270/286
D3JVD5	caretta_osc	lddt	0.551687
D3JVD5	caretta_osc	lddt_columns	270/286
D3JVD5	caretta	time	105.32
D3JVD5	clustalo	lddt	0.436532
D3JVD5	clustalo	lddt_columns	350/371
D3JVD5	clustalo_osc	lddt	0.462723
D3JVD5	clustalo_osc	lddt_columns	350/371
D3JVD5	clustalo	time	0.43
D3JVD5	famsa	lddt	0.433670
D3JVD5	famsa	lddt_columns	297/336
D3JVD5	famsa_osc	lddt	0.490616
D3JVD5	famsa_osc	lddt_columns	297/336
D3JVD5	famsa	time	0.13
D3JVD5	foldmason_fast	lddt	0.494618
D3JVD5	foldmason_fast	lddt_columns	290/325
D3JVD5	foldmason_fast_osc	lddt	0.554314
D3JVD5	foldmason_fast_osc	lddt_columns	290/325
D3JVD5	foldmason_fast	time	0.54
D3JVD5	foldmason	lddt	0.492163
D3JVD5	foldmason	lddt_columns	283/319
D3JVD5	foldmason_osc	lddt	0.554771
D3JVD5	foldmason_osc	lddt_columns	283/319
D3JVD5	foldmason_refine100	lddt	0.496656
D3JVD5	foldmason_refine100	lddt_columns	294/319
D3JVD5	foldmason_refine100_osc	lddt	0.538888
D3JVD5	foldmason_refine100_osc	lddt_columns	294/319
D3JVD5	foldmason_refine100_rosc	lddt	0.469263
D3JVD5	foldmason_refine100_rosc	lddt_columns	277/336
D3JVD5	foldmason_refine100_rosc_osc	lddt	0.569215
D3JVD5	foldmason_refine100_rosc_osc	lddt_columns	277/336
D3JVD5	foldmason_refine100_rosc	time	7.58
D3JVD5	foldmason_refine100	time	7.53
D3JVD5	foldmason	time	0.41
D3JVD5	mafft_3di	lddt	0.494699
D3JVD5	mafft_3di	lddt_columns	272/328
D3JVD5	mafft_3di_osc	lddt	0.596549
D3JVD5	mafft_3di_osc	lddt_columns	272/328
D3JVD5	mafft_3di	time	0.56
D3JVD5	mafft	lddt	0.423599
D3JVD5	mafft	lddt_columns	327/368
D3JVD5	mafft_osc	lddt	0.476711
D3JVD5	mafft_osc	lddt_columns	327/368
D3JVD5	mafft	time	1.24
D3JVD5	matt	lddt	0.176760
D3JVD5	matt	lddt_columns	424/957
D3JVD5	matt_osc	lddt	0.398960
D3JVD5	matt_osc	lddt_columns	424/957
D3JVD5	matt	time	159.01
D3JVD5	mtmalign	lddt	0.212318
D3JVD5	mtmalign	lddt_columns	425/835
D3JVD5	mtmalign_osc	lddt	0.417143
D3JVD5	mtmalign_osc	lddt_columns	425/835
D3JVD5	mtmalign	time	23.00
D3JVD5	muscle	lddt	0.333303
D3JVD5	muscle	lddt_columns	277/435
D3JVD5	muscle_osc	lddt	0.523418
D3JVD5	muscle_osc	lddt_columns	277/435
D3JVD5	muscle	time	3.93
D3JVD5	mustang	lddt	0.296389
D3JVD5	mustang	lddt_columns	308/554
D3JVD5	mustang_osc	lddt	0.533114
D3JVD5	mustang_osc	lddt_columns	308/554
D3JVD5	mustang	time	126.93
D3JVD5	usalign	lddt	0.262359
D3JVD5	usalign	lddt_columns	390/670
D3JVD5	usalign_osc	lddt	0.450719
D3JVD5	usalign_osc	lddt_columns	390/670
D3JVD5	usalign	time	10.13
D3SA45	3dcoffee	lddt	0.743779
D3SA45	3dcoffee	lddt_columns	110/120
D3SA45	3dcoffee_osc	lddt	0.811395
D3SA45	3dcoffee_osc	lddt_columns	110/120
D3SA45	3dcoffee	time	246.87
D3SA45	caretta	lddt	0.692385
D3SA45	caretta	lddt_columns	113/117
D3SA45	caretta_osc	lddt	0.716895
D3SA45	caretta_osc	lddt_columns	113/117
D3SA45	caretta	time	43.94
D3SA45	clustalo	lddt	0.634123
D3SA45	clustalo	lddt_columns	128/142
D3SA45	clustalo_osc	lddt	0.703481
D3SA45	clustalo_osc	lddt_columns	128/142
D3SA45	clustalo	time	0.06
D3SA45	famsa	lddt	0.655872
D3SA45	famsa	lddt_columns	114/134
D3SA45	famsa_osc	lddt	0.770937
D3SA45	famsa_osc	lddt_columns	114/134
D3SA45	famsa	time	0.04
D3SA45	foldmason_fast	lddt	0.759000
D3SA45	foldmason_fast	lddt_columns	111/117
D3SA45	foldmason_fast_osc	lddt	0.800028
D3SA45	foldmason_fast_osc	lddt_columns	111/117
D3SA45	foldmason_fast	time	0.72
D3SA45	foldmason	lddt	0.696568
D3SA45	foldmason	lddt_columns	114/124
D3SA45	foldmason_osc	lddt	0.757671
D3SA45	foldmason_osc	lddt_columns	114/124
D3SA45	foldmason_refine100	lddt	0.721487
D3SA45	foldmason_refine100	lddt_columns	121/122
D3SA45	foldmason_refine100_osc	lddt	0.727450
D3SA45	foldmason_refine100_osc	lddt_columns	121/122
D3SA45	foldmason_refine100_rosc	lddt	0.715642
D3SA45	foldmason_refine100_rosc	lddt_columns	114/122
D3SA45	foldmason_refine100_rosc_osc	lddt	0.765862
D3SA45	foldmason_refine100_rosc_osc	lddt_columns	114/122
D3SA45	foldmason_refine100_rosc	time	7.26
D3SA45	foldmason_refine100	time	5.92
D3SA45	foldmason	time	4.75
D3SA45	mafft_3di	lddt	0.764214
D3SA45	mafft_3di	lddt_columns	110/116
D3SA45	mafft_3di_osc	lddt	0.805898
D3SA45	mafft_3di_osc	lddt_columns	110/116
D3SA45	mafft_3di	time	0.25
D3SA45	mafft	lddt	0.668646
D3SA45	mafft	lddt_columns	118/133
D3SA45	mafft_osc	lddt	0.753644
D3SA45	mafft_osc	lddt_columns	118/133
D3SA45	mafft	time	0.29
D3SA45	matt	lddt	0.074589
D3SA45	matt	lddt_columns	233/910
D3SA45	matt_osc	lddt	0.291314
D3SA45	matt_osc	lddt_columns	233/910
D3SA45	matt	time	98.06
D3SA45	mtmalign	lddt	0.247103
D3SA45	mtmalign	lddt_columns	192/368
D3SA45	mtmalign_osc	lddt	0.473614
D3SA45	mtmalign_osc	lddt_columns	192/368
D3SA45	mtmalign	time	5.82
D3SA45	muscle	lddt	0.614896
D3SA45	muscle	lddt_columns	118/141
D3SA45	muscle_osc	lddt	0.734749
D3SA45	muscle_osc	lddt_columns	118/141
D3SA45	muscle	time	0.67
D3SA45	mustang	lddt	0.496609
D3SA45	mustang	lddt_columns	134/178
D3SA45	mustang_osc	lddt	0.659675
D3SA45	mustang_osc	lddt_columns	134/178
D3SA45	mustang	time	18.73
D3SA45	usalign	lddt	0.163631
D3SA45	usalign	lddt_columns	242/557
D3SA45	usalign_osc	lddt	0.376622
D3SA45	usalign_osc	lddt_columns	242/557
D3SA45	usalign	time	1.90
D3TB77	3dcoffee	lddt	0.778908
D3TB77	3dcoffee	lddt_columns	464/482
D3TB77	3dcoffee_osc	lddt	0.809124
D3TB77	3dcoffee_osc	lddt_columns	464/482
D3TB77	3dcoffee	time	1001.35
D3TB77	caretta	lddt	0.785856
D3TB77	caretta	lddt_columns	464/477
D3TB77	caretta_osc	lddt	0.807874
D3TB77	caretta_osc	lddt_columns	464/477
D3TB77	caretta	time	140.79
D3TB77	clustalo	lddt	0.761739
D3TB77	clustalo	lddt_columns	479/492
D3TB77	clustalo_osc	lddt	0.782412
D3TB77	clustalo_osc	lddt_columns	479/492
D3TB77	clustalo	time	0.70
D3TB77	famsa	lddt	0.742561
D3TB77	famsa	lddt_columns	467/502
D3TB77	famsa_osc	lddt	0.798214
D3TB77	famsa_osc	lddt_columns	467/502
D3TB77	famsa	time	0.21
D3TB77	foldmason_fast	lddt	0.786738
D3TB77	foldmason_fast	lddt_columns	473/479
D3TB77	foldmason_fast_osc	lddt	0.796718
D3TB77	foldmason_fast_osc	lddt_columns	473/479
D3TB77	foldmason_fast	time	1.40
D3TB77	foldmason	lddt	0.767240
D3TB77	foldmason	lddt_columns	472/493
D3TB77	foldmason_osc	lddt	0.801375
D3TB77	foldmason_osc	lddt_columns	472/493
D3TB77	foldmason_refine100	lddt	0.780658
D3TB77	foldmason_refine100	lddt_columns	482/484
D3TB77	foldmason_refine100_osc	lddt	0.783898
D3TB77	foldmason_refine100_osc	lddt_columns	482/484
D3TB77	foldmason_refine100_rosc	lddt	0.757347
D3TB77	foldmason_refine100_rosc	lddt_columns	470/499
D3TB77	foldmason_refine100_rosc_osc	lddt	0.804077
D3TB77	foldmason_refine100_rosc_osc	lddt_columns	470/499
D3TB77	foldmason_refine100_rosc	time	22.75
D3TB77	foldmason_refine100	time	22.80
D3TB77	foldmason	time	1.39
D3TB77	mafft_3di	lddt	0.774115
D3TB77	mafft_3di	lddt_columns	457/484
D3TB77	mafft_3di_osc	lddt	0.819850
D3TB77	mafft_3di_osc	lddt_columns	457/484
D3TB77	mafft_3di	time	0.72
D3TB77	mafft	lddt	0.766803
D3TB77	mafft	lddt_columns	473/492
D3TB77	mafft_osc	lddt	0.797605
D3TB77	mafft_osc	lddt_columns	473/492
D3TB77	mafft	time	1.07
D3TB77	matt	lddt	0.389413
D3TB77	matt	lddt_columns	636/963
D3TB77	matt_osc	lddt	0.589630
D3TB77	matt_osc	lddt_columns	636/963
D3TB77	matt	time	1910.27
D3TB77	mtmalign	lddt	0.438252
D3TB77	mtmalign	lddt_columns	593/874
D3TB77	mtmalign_osc	lddt	0.645922
D3TB77	mtmalign_osc	lddt_columns	593/874
D3TB77	mtmalign	time	109.43
D3TB77	muscle	lddt	0.726388
D3TB77	muscle	lddt_columns	458/514
D3TB77	muscle_osc	lddt	0.815203
D3TB77	muscle_osc	lddt_columns	458/514
D3TB77	muscle	time	9.33
D3TB77	mustang	lddt	0.678213
D3TB77	mustang	lddt_columns	491/565
D3TB77	mustang_osc	lddt	0.780428
D3TB77	mustang_osc	lddt_columns	491/565
D3TB77	mustang	time	288.24
D3TB77	usalign	lddt	0.621964
D3TB77	usalign	lddt_columns	497/606
D3TB77	usalign_osc	lddt	0.758371
D3TB77	usalign_osc	lddt_columns	497/606
D3TB77	usalign	time	45.58
E3J717	3dcoffee	lddt	0.326401
E3J717	3dcoffee	lddt_columns	426/568
E3J717	3dcoffee_osc	lddt	0.435201
E3J717	3dcoffee_osc	lddt_columns	426/568
E3J717	3dcoffee	time	430.22
E3J717	caretta	lddt	0.403253
E3J717	caretta	lddt_columns	308/315
E3J717	caretta_osc	lddt	0.412418
E3J717	caretta_osc	lddt_columns	308/315
E3J717	caretta	time	112.29
E3J717	clustalo	lddt	0.288595
E3J717	clustalo	lddt_columns	495/545
E3J717	clustalo_osc	lddt	0.317746
E3J717	clustalo_osc	lddt_columns	495/545
E3J717	clustalo	time	0.43
E3J717	famsa	lddt	0.282438
E3J717	famsa	lddt_columns	376/467
E3J717	famsa_osc	lddt	0.350794
E3J717	famsa_osc	lddt_columns	376/467
E3J717	famsa	time	0.18
E3J717	foldmason_fast	lddt	0.419567
E3J717	foldmason_fast	lddt_columns	374/395
E3J717	foldmason_fast_osc	lddt	0.443125
E3J717	foldmason_fast_osc	lddt_columns	374/395
E3J717	foldmason_fast	time	0.85
E3J717	foldmason	lddt	0.381084
E3J717	foldmason	lddt_columns	396/438
E3J717	foldmason_osc	lddt	0.421502
E3J717	foldmason_osc	lddt_columns	396/438
E3J717	foldmason_refine100	lddt	0.385742
E3J717	foldmason_refine100	lddt_columns	417/437
E3J717	foldmason_refine100_osc	lddt	0.404243
E3J717	foldmason_refine100_osc	lddt_columns	417/437
E3J717	foldmason_refine100_rosc	lddt	0.372198
E3J717	foldmason_refine100_rosc	lddt_columns	393/448
E3J717	foldmason_refine100_rosc_osc	lddt	0.424287
E3J717	foldmason_refine100_rosc_osc	lddt_columns	393/448
E3J717	foldmason_refine100_rosc	time	11.55
E3J717	foldmason_refine100	time	12.62
E3J717	foldmason	time	0.80
E3J717	mafft_3di	lddt	0.370838
E3J717	mafft_3di	lddt_columns	383/466
E3J717	mafft_3di_osc	lddt	0.451202
E3J717	mafft_3di_osc	lddt_columns	383/466
E3J717	mafft_3di	time	1.13
E3J717	mafft	lddt	0.293237
E3J717	mafft	lddt_columns	490/522
E3J717	mafft_osc	lddt	0.312387
E3J717	mafft_osc	lddt_columns	490/522
E3J717	mafft	time	1.72
E3J717	matt	lddt	0.035479
E3J717	matt	lddt_columns	547/3002
E3J717	matt_osc	lddt	0.194714
E3J717	matt_osc	lddt_columns	547/3002
E3J717	matt	time	472.61
E3J717	mtmalign	lddt	0.099872
E3J717	mtmalign	lddt_columns	745/1929
E3J717	mtmalign_osc	lddt	0.258595
E3J717	mtmalign_osc	lddt_columns	745/1929
E3J717	mtmalign	time	30.48
E3J717	muscle	lddt	0.212886
E3J717	muscle	lddt_columns	465/672
E3J717	muscle_osc	lddt	0.307655
E3J717	muscle_osc	lddt_columns	465/672
E3J717	muscle	time	6.80
E3J717	mustang	lddt	0.201641
E3J717	mustang	lddt_columns	493/857
E3J717	mustang_osc	lddt	0.350520
E3J717	mustang_osc	lddt_columns	493/857
E3J717	mustang	time	594.06
E3J717	usalign	lddt	0.113199
E3J717	usalign	lddt_columns	701/1671
E3J717	usalign_osc	lddt	0.269836
E3J717	usalign_osc	lddt_columns	701/1671
E3J717	usalign	time	11.30
E6TTB4	3dcoffee	lddt	0.627384
E6TTB4	3dcoffee	lddt_columns	311/346
E6TTB4	3dcoffee_osc	lddt	0.697990
E6TTB4	3dcoffee_osc	lddt_columns	311/346
E6TTB4	3dcoffee	time	438.93
E6TTB4	caretta	lddt	0.541353
E6TTB4	caretta	lddt_columns	333/347
E6TTB4	caretta_osc	lddt	0.564113
E6TTB4	caretta_osc	lddt_columns	333/347
E6TTB4	caretta	time	57.99
E6TTB4	clustalo	lddt	0.528167
E6TTB4	clustalo	lddt_columns	326/387
E6TTB4	clustalo_osc	lddt	0.626996
E6TTB4	clustalo_osc	lddt_columns	326/387
E6TTB4	clustalo	time	0.34
E6TTB4	famsa	lddt	0.506929
E6TTB4	famsa	lddt_columns	323/403
E6TTB4	famsa_osc	lddt	0.632484
E6TTB4	famsa_osc	lddt_columns	323/403
E6TTB4	famsa	time	0.16
E6TTB4	foldmason_fast	lddt	0.620308
E6TTB4	foldmason_fast	lddt_columns	336/347
E6TTB4	foldmason_fast_osc	lddt	0.640616
E6TTB4	foldmason_fast_osc	lddt_columns	336/347
E6TTB4	foldmason_fast	time	1.84
E6TTB4	foldmason	lddt	0.611499
E6TTB4	foldmason	lddt_columns	330/351
E6TTB4	foldmason_osc	lddt	0.650413
E6TTB4	foldmason_osc	lddt_columns	330/351
E6TTB4	foldmason_refine100	lddt	0.618713
E6TTB4	foldmason_refine100	lddt_columns	344/351
E6TTB4	foldmason_refine100_osc	lddt	0.631303
E6TTB4	foldmason_refine100_osc	lddt_columns	344/351
E6TTB4	foldmason_refine100_rosc	lddt	0.587702
E6TTB4	foldmason_refine100_rosc	lddt_columns	319/362
E6TTB4	foldmason_refine100_rosc_osc	lddt	0.666922
E6TTB4	foldmason_refine100_rosc_osc	lddt_columns	319/362
E6TTB4	foldmason_refine100_rosc	time	10.36
E6TTB4	foldmason_refine100	time	10.31
E6TTB4	foldmason	time	0.47
E6TTB4	mafft_3di	lddt	0.584398
E6TTB4	mafft_3di	lddt_columns	321/367
E6TTB4	mafft_3di_osc	lddt	0.668143
E6TTB4	mafft_3di_osc	lddt_columns	321/367
E6TTB4	mafft_3di	time	0.56
E6TTB4	mafft	lddt	0.545743
E6TTB4	mafft	lddt_columns	333/384
E6TTB4	mafft_osc	lddt	0.629325
E6TTB4	mafft_osc	lddt_columns	333/384
E6TTB4	mafft	time	1.11
E6TTB4	matt	lddt	0.166633
E6TTB4	matt	lddt_columns	334/1124
E6TTB4	matt_osc	lddt	0.560764
E6TTB4	matt_osc	lddt_columns	334/1124
E6TTB4	matt	time	365.82
E6TTB4	mtmalign	lddt	0.182537
E6TTB4	mtmalign	lddt_columns	344/1087
E6TTB4	mtmalign_osc	lddt	0.576794
E6TTB4	mtmalign_osc	lddt_columns	344/1087
E6TTB4	mtmalign	time	29.38
E6TTB4	muscle	lddt	0.458318
E6TTB4	muscle	lddt_columns	329/442
E6TTB4	muscle_osc	lddt	0.615735
E6TTB4	muscle_osc	lddt_columns	329/442
E6TTB4	muscle	time	3.86
E6TTB4	mustang	lddt	0.418098
E6TTB4	mustang	lddt_columns	334/513
E6TTB4	mustang_osc	lddt	0.642169
E6TTB4	mustang_osc	lddt_columns	334/513
E6TTB4	mustang	time	140.80
E6TTB4	usalign	lddt	0.230443
E6TTB4	usalign	lddt_columns	386/898
E6TTB4	usalign_osc	lddt	0.536108
E6TTB4	usalign_osc	lddt_columns	386/898
E6TTB4	usalign	time	11.12
E8N900	3dcoffee	lddt	0.256874
E8N900	3dcoffee	lddt_columns	655/1218
E8N900	3dcoffee_osc	lddt	0.477669
E8N900	3dcoffee_osc	lddt_columns	655/1218
E8N900	3dcoffee	time	1121.37
E8N900	caretta	lddt	0.361988
E8N900	caretta	lddt_columns	602/654
E8N900	caretta_osc	lddt	0.393256
E8N900	caretta_osc	lddt_columns	602/654
E8N900	caretta	time	151.31
E8N900	clustalo	lddt	0.304577
E8N900	clustalo	lddt_columns	933/1099
E8N900	clustalo_osc	lddt	0.358768
E8N900	clustalo_osc	lddt_columns	933/1099
E8N900	clustalo	time	1.53
E8N900	famsa	lddt	0.338082
E8N900	famsa	lddt_columns	677/825
E8N900	famsa_osc	lddt	0.411991
E8N900	famsa_osc	lddt_columns	677/825
E8N900	famsa	time	0.27
E8N900	foldmason_fast	lddt	0.414423
E8N900	foldmason_fast	lddt_columns	787/844
E8N900	foldmason_fast_osc	lddt	0.444438
E8N900	foldmason_fast_osc	lddt_columns	787/844
E8N900	foldmason_fast	time	1.57
E8N900	foldmason	lddt	0.419853
E8N900	foldmason	lddt_columns	751/803
E8N900	foldmason_osc	lddt	0.448924
E8N900	foldmason_osc	lddt_columns	751/803
E8N900	foldmason_refine100	lddt	0.421892
E8N900	foldmason_refine100	lddt_columns	761/799
E8N900	foldmason_refine100_osc	lddt	0.442959
E8N900	foldmason_refine100_osc	lddt_columns	761/799
E8N900	foldmason_refine100_rosc	lddt	0.390919
E8N900	foldmason_refine100_rosc	lddt_columns	742/862
E8N900	foldmason_refine100_rosc_osc	lddt	0.454140
E8N900	foldmason_refine100_rosc_osc	lddt_columns	742/862
E8N900	foldmason_refine100_rosc	time	26.97
E8N900	foldmason_refine100	time	27.06
E8N900	foldmason	time	1.54
E8N900	mafft_3di	lddt	0.314089
E8N900	mafft_3di	lddt_columns	710/1023
E8N900	mafft_3di_osc	lddt	0.452553
E8N900	mafft_3di_osc	lddt_columns	710/1023
E8N900	mafft_3di	time	2.01
E8N900	mafft	lddt	0.303176
E8N900	mafft	lddt_columns	782/990
E8N900	mafft_osc	lddt	0.383816
E8N900	mafft_osc	lddt_columns	782/990
E8N900	mafft	time	5.17
E8N900	matt	lddt	0.025773
E8N900	matt	lddt_columns	848/6775
E8N900	matt_osc	lddt	0.205908
E8N900	matt_osc	lddt_columns	848/6775
E8N900	matt	time	10222.08
E8N900	mtmalign	lddt	0.091685
E8N900	mtmalign	lddt_columns	1582/4338
E8N900	mtmalign_osc	lddt	0.251410
E8N900	mtmalign_osc	lddt_columns	1582/4338
E8N900	mtmalign	time	193.49
E8N900	muscle	lddt	0.209909
E8N900	muscle	lddt_columns	713/1378
E8N900	muscle_osc	lddt	0.405686
E8N900	muscle_osc	lddt_columns	713/1378
E8N900	muscle	time	14.02
E8N900	mustang	lddt	0.212729
E8N900	mustang	lddt_columns	859/1577
E8N900	mustang_osc	lddt	0.390539
E8N900	mustang_osc	lddt_columns	859/1577
E8N900	mustang	time	2703.39
E8N900	usalign	lddt	0.105591
E8N900	usalign	lddt_columns	1536/3731
E8N900	usalign_osc	lddt	0.256484
E8N900	usalign_osc	lddt_columns	1536/3731
E8N900	usalign	time	35.54
E8QX60	3dcoffee	lddt	0.427411
E8QX60	3dcoffee	lddt_columns	385/469
E8QX60	3dcoffee_osc	lddt	0.520664
E8QX60	3dcoffee_osc	lddt_columns	385/469
E8QX60	3dcoffee	time	450.81
E8QX60	caretta	lddt	0.391400
E8QX60	caretta	lddt_columns	336/345
E8QX60	caretta_osc	lddt	0.401884
E8QX60	caretta_osc	lddt_columns	336/345
E8QX60	caretta	time	58.63
E8QX60	clustalo	lddt	0.320665
E8QX60	clustalo	lddt_columns	485/519
E8QX60	clustalo_osc	lddt	0.343144
E8QX60	clustalo_osc	lddt_columns	485/519
E8QX60	clustalo	time	0.43
E8QX60	famsa	lddt	0.313531
E8QX60	famsa	lddt_columns	362/451
E8QX60	famsa_osc	lddt	0.390614
E8QX60	famsa_osc	lddt_columns	362/451
E8QX60	famsa	time	0.19
E8QX60	foldmason_fast	lddt	0.417366
E8QX60	foldmason_fast	lddt_columns	378/412
E8QX60	foldmason_fast_osc	lddt	0.454907
E8QX60	foldmason_fast_osc	lddt_columns	378/412
E8QX60	foldmason_fast	time	1.93
E8QX60	foldmason	lddt	0.459474
E8QX60	foldmason	lddt_columns	363/384
E8QX60	foldmason_osc	lddt	0.486055
E8QX60	foldmason_osc	lddt_columns	363/384
E8QX60	foldmason_refine100	lddt	0.462821
E8QX60	foldmason_refine100	lddt_columns	376/383
E8QX60	foldmason_refine100_osc	lddt	0.471438
E8QX60	foldmason_refine100_osc	lddt_columns	376/383
E8QX60	foldmason_refine100_rosc	lddt	0.459474
E8QX60	foldmason_refine100_rosc	lddt_columns	363/384
E8QX60	foldmason_refine100_rosc_osc	lddt	0.486055
E8QX60	foldmason_refine100_rosc_osc	lddt_columns	363/384
E8QX60	foldmason_refine100_rosc	time	10.32
E8QX60	foldmason_refine100	time	11.41
E8QX60	foldmason	time	11.60
E8QX60	mafft_3di	lddt	0.417736
E8QX60	mafft_3di	lddt_columns	343/433
E8QX60	mafft_3di_osc	lddt	0.527346
E8QX60	mafft_3di_osc	lddt_columns	343/433
E8QX60	mafft_3di	time	0.80
E8QX60	mafft	lddt	0.311794
E8QX60	mafft	lddt_columns	425/506
E8QX60	mafft_osc	lddt	0.371218
E8QX60	mafft_osc	lddt_columns	425/506
E8QX60	mafft	time	1.71
E8QX60	matt	lddt	0.059329
E8QX60	matt	lddt_columns	657/2547
E8QX60	matt_osc	lddt	0.230003
E8QX60	matt_osc	lddt_columns	657/2547
E8QX60	matt	time	601.10
E8QX60	mtmalign	lddt	0.123636
E8QX60	mtmalign	lddt_columns	761/1665
E8QX60	mtmalign_osc	lddt	0.270504
E8QX60	mtmalign_osc	lddt_columns	761/1665
E8QX60	mtmalign	time	38.11
E8QX60	muscle	lddt	0.257822
E8QX60	muscle	lddt_columns	407/601
E8QX60	muscle_osc	lddt	0.380716
E8QX60	muscle_osc	lddt_columns	407/601
E8QX60	muscle	time	6.02
E8QX60	mustang	lddt	0.254339
E8QX60	mustang	lddt_columns	420/716
E8QX60	mustang_osc	lddt	0.433587
E8QX60	mustang_osc	lddt_columns	420/716
E8QX60	mustang	time	569.06
E8QX60	usalign	lddt	0.135938
E8QX60	usalign	lddt_columns	810/1536
E8QX60	usalign_osc	lddt	0.257779
E8QX60	usalign_osc	lddt_columns	810/1536
E8QX60	usalign	time	12.06
F4NU11	3dcoffee	lddt	0.435009
F4NU11	3dcoffee	lddt_columns	698/891
F4NU11	3dcoffee_osc	lddt	0.555290
F4NU11	3dcoffee_osc	lddt_columns	698/891
F4NU11	3dcoffee	time	1145.83
F4NU11	caretta	lddt	0.469496
F4NU11	caretta	lddt_columns	719/768
F4NU11	caretta_osc	lddt	0.501492
F4NU11	caretta_osc	lddt_columns	719/768
F4NU11	caretta	time	110.34
F4NU11	clustalo	lddt	0.462861
F4NU11	clustalo	lddt_columns	698/790
F4NU11	clustalo_osc	lddt	0.523869
F4NU11	clustalo_osc	lddt_columns	698/790
F4NU11	clustalo	time	0.87
F4NU11	famsa	lddt	0.431153
F4NU11	famsa	lddt_columns	635/791
F4NU11	famsa_osc	lddt	0.537074
F4NU11	famsa_osc	lddt_columns	635/791
F4NU11	famsa	time	0.31
F4NU11	foldmason_fast	lddt	0.469412
F4NU11	foldmason_fast	lddt_columns	686/787
F4NU11	foldmason_fast_osc	lddt	0.538524
F4NU11	foldmason_fast_osc	lddt_columns	686/787
F4NU11	foldmason_fast	time	2.67
F4NU11	foldmason	lddt	0.461007
F4NU11	foldmason	lddt_columns	683/807
F4NU11	foldmason_osc	lddt	0.544704
F4NU11	foldmason_osc	lddt_columns	683/807
F4NU11	foldmason_refine100	lddt	0.476979
F4NU11	foldmason_refine100	lddt_columns	716/785
F4NU11	foldmason_refine100_osc	lddt	0.522945
F4NU11	foldmason_refine100_osc	lddt_columns	716/785
F4NU11	foldmason_refine100_rosc	lddt	0.443669
F4NU11	foldmason_refine100_rosc	lddt_columns	657/827
F4NU11	foldmason_refine100_rosc_osc	lddt	0.558469
F4NU11	foldmason_refine100_rosc_osc	lddt_columns	657/827
F4NU11	foldmason_refine100_rosc	time	23.67
F4NU11	foldmason_refine100	time	26.15
F4NU11	foldmason	time	1.71
F4NU11	mafft_3di	lddt	0.440043
F4NU11	mafft_3di	lddt_columns	629/834
F4NU11	mafft_3di_osc	lddt	0.583459
F4NU11	mafft_3di_osc	lddt_columns	629/834
F4NU11	mafft_3di	time	1.17
F4NU11	mafft	lddt	0.428302
F4NU11	mafft	lddt_columns	675/863
F4NU11	mafft_osc	lddt	0.547592
F4NU11	mafft_osc	lddt_columns	675/863
F4NU11	mafft	time	2.35
F4NU11	matt	lddt	0.216022
F4NU11	matt	lddt_columns	800/1737
F4NU11	matt_osc	lddt	0.469037
F4NU11	matt_osc	lddt_columns	800/1737
F4NU11	matt	time	1668.22
F4NU11	mtmalign	lddt	0.238216
F4NU11	mtmalign	lddt_columns	810/1696
F4NU11	mtmalign_osc	lddt	0.498783
F4NU11	mtmalign_osc	lddt_columns	810/1696
F4NU11	mtmalign	time	124.64
F4NU11	muscle	lddt	0.366715
F4NU11	muscle	lddt_columns	656/988
F4NU11	muscle_osc	lddt	0.552308
F4NU11	muscle_osc	lddt_columns	656/988
F4NU11	muscle	time	11.66
F4NU11	mustang	lddt	0.313630
F4NU11	mustang	lddt_columns	679/1203
F4NU11	mustang_osc	lddt	0.555665
F4NU11	mustang_osc	lddt_columns	679/1203
F4NU11	mustang	time	687.39
F4NU11	usalign	lddt	0.333984
F4NU11	usalign	lddt_columns	764/1172
F4NU11	usalign_osc	lddt	0.512341
F4NU11	usalign_osc	lddt_columns	764/1172
F4NU11	usalign	time	40.47
F5YND8	3dcoffee	lddt	0.722831
F5YND8	3dcoffee	lddt_columns	137/141
F5YND8	3dcoffee_osc	lddt	0.743936
F5YND8	3dcoffee_osc	lddt_columns	137/141
F5YND8	3dcoffee	time	247.61
F5YND8	caretta	lddt	0.640042
F5YND8	caretta	lddt_columns	143/145
F5YND8	caretta_osc	lddt	0.648994
F5YND8	caretta_osc	lddt_columns	143/145
F5YND8	caretta	time	68.02
F5YND8	clustalo	lddt	0.514320
F5YND8	clustalo	lddt_columns	150/191
F5YND8	clustalo_osc	lddt	0.654900
F5YND8	clustalo_osc	lddt_columns	150/191
F5YND8	clustalo	time	0.24
F5YND8	famsa	lddt	0.700498
F5YND8	famsa	lddt_columns	143/146
F5YND8	famsa_osc	lddt	0.715194
F5YND8	famsa_osc	lddt_columns	143/146
F5YND8	famsa	time	0.10
F5YND8	foldmason_fast	lddt	0.697494
F5YND8	foldmason_fast	lddt_columns	142/147
F5YND8	foldmason_fast_osc	lddt	0.722054
F5YND8	foldmason_fast_osc	lddt_columns	142/147
F5YND8	foldmason_fast	time	0.41
F5YND8	foldmason	lddt	0.703318
F5YND8	foldmason	lddt_columns	143/144
F5YND8	foldmason_osc	lddt	0.708236
F5YND8	foldmason_osc	lddt_columns	143/144
F5YND8	foldmason_refine100	lddt	0.707346
F5YND8	foldmason_refine100	lddt_columns	144/144
F5YND8	foldmason_refine100_osc	lddt	0.707346
F5YND8	foldmason_refine100_osc	lddt_columns	144/144
F5YND8	foldmason_refine100_rosc	lddt	0.691728
F5YND8	foldmason_refine100_rosc	lddt_columns	139/146
F5YND8	foldmason_refine100_rosc_osc	lddt	0.726564
F5YND8	foldmason_refine100_rosc_osc	lddt_columns	139/146
F5YND8	foldmason_refine100_rosc	time	3.14
F5YND8	foldmason_refine100	time	3.14
F5YND8	foldmason	time	0.27
F5YND8	mafft_3di	lddt	0.725808
F5YND8	mafft_3di	lddt_columns	135/140
F5YND8	mafft_3di_osc	lddt	0.752690
F5YND8	mafft_3di_osc	lddt_columns	135/140
F5YND8	mafft_3di	time	0.28
F5YND8	mafft	lddt	0.566304
F5YND8	mafft	lddt_columns	163/178
F5YND8	mafft_osc	lddt	0.618418
F5YND8	mafft_osc	lddt_columns	163/178
F5YND8	mafft	time	0.54
F5YND8	matt	lddt	0.107407
F5YND8	matt	lddt_columns	241/804
F5YND8	matt_osc	lddt	0.358322
F5YND8	matt_osc	lddt_columns	241/804
F5YND8	matt	time	80.95
F5YND8	mtmalign	lddt	0.139660
F5YND8	mtmalign	lddt_columns	268/708
F5YND8	mtmalign_osc	lddt	0.368954
F5YND8	mtmalign_osc	lddt_columns	268/708
F5YND8	mtmalign	time	7.97
F5YND8	muscle	lddt	0.535277
F5YND8	muscle	lddt_columns	137/180
F5YND8	muscle_osc	lddt	0.703284
F5YND8	muscle_osc	lddt_columns	137/180
F5YND8	muscle	time	1.13
F5YND8	mustang	lddt	0.362212
F5YND8	mustang	lddt_columns	196/284
F5YND8	mustang_osc	lddt	0.524838
F5YND8	mustang_osc	lddt_columns	196/284
F5YND8	mustang	time	35.45
F5YND8	usalign	lddt	0.169287
F5YND8	usalign	lddt_columns	292/614
F5YND8	usalign_osc	lddt	0.355966
F5YND8	usalign_osc	lddt_columns	292/614
F5YND8	usalign	time	2.49
F6CXK8	3dcoffee	lddt	0.761179
F6CXK8	3dcoffee	lddt_columns	153/159
F6CXK8	3dcoffee_osc	lddt	0.791029
F6CXK8	3dcoffee_osc	lddt_columns	153/159
F6CXK8	3dcoffee	time	268.70
F6CXK8	caretta	lddt	0.777182
F6CXK8	caretta	lddt_columns	155/155
F6CXK8	caretta_osc	lddt	0.777182
F6CXK8	caretta_osc	lddt_columns	155/155
F6CXK8	caretta	time	86.47
F6CXK8	clustalo	lddt	0.659445
F6CXK8	clustalo	lddt_columns	162/177
F6CXK8	clustalo_osc	lddt	0.720505
F6CXK8	clustalo_osc	lddt_columns	162/177
F6CXK8	clustalo	time	0.10
F6CXK8	famsa	lddt	0.726289
F6CXK8	famsa	lddt_columns	157/162
F6CXK8	famsa_osc	lddt	0.749420
F6CXK8	famsa_osc	lddt_columns	157/162
F6CXK8	famsa	time	0.06
F6CXK8	foldmason_fast	lddt	0.748486
F6CXK8	foldmason_fast	lddt_columns	160/160
F6CXK8	foldmason_fast_osc	lddt	0.748486
F6CXK8	foldmason_fast_osc	lddt_columns	160/160
F6CXK8	foldmason_fast	time	0.43
F6CXK8	foldmason	lddt	0.746755
F6CXK8	foldmason	lddt_columns	158/162
F6CXK8	foldmason_osc	lddt	0.765660
F6CXK8	foldmason_osc	lddt_columns	158/162
F6CXK8	foldmason_refine100	lddt	0.757225
F6CXK8	foldmason_refine100	lddt_columns	157/159
F6CXK8	foldmason_refine100_osc	lddt	0.766872
F6CXK8	foldmason_refine100_osc	lddt_columns	157/159
F6CXK8	foldmason_refine100_rosc	lddt	0.713270
F6CXK8	foldmason_refine100_rosc	lddt_columns	152/168
F6CXK8	foldmason_refine100_rosc_osc	lddt	0.788351
F6CXK8	foldmason_refine100_rosc_osc	lddt_columns	152/168
F6CXK8	foldmason_refine100_rosc	time	4.35
F6CXK8	foldmason_refine100	time	4.33
F6CXK8	foldmason	time	0.28
F6CXK8	mafft_3di	lddt	0.724276
F6CXK8	mafft_3di	lddt_columns	155/164
F6CXK8	mafft_3di_osc	lddt	0.766330
F6CXK8	mafft_3di_osc	lddt_columns	155/164
F6CXK8	mafft_3di	time	0.35
F6CXK8	mafft	lddt	0.723923
F6CXK8	mafft	lddt_columns	157/161
F6CXK8	mafft_osc	lddt	0.742367
F6CXK8	mafft_osc	lddt_columns	157/161
F6CXK8	mafft	time	0.34
F6CXK8	matt	lddt	0.604305
F6CXK8	matt	lddt_columns	169/202
F6CXK8	matt_osc	lddt	0.722305
F6CXK8	matt_osc	lddt_columns	169/202
F6CXK8	matt	time	355.15
F6CXK8	mtmalign	lddt	0.618906
F6CXK8	mtmalign	lddt_columns	170/200
F6CXK8	mtmalign_osc	lddt	0.728125
F6CXK8	mtmalign_osc	lddt_columns	170/200
F6CXK8	mtmalign	time	13.52
F6CXK8	muscle	lddt	0.717697
F6CXK8	muscle	lddt_columns	154/163
F6CXK8	muscle_osc	lddt	0.759640
F6CXK8	muscle_osc	lddt_columns	154/163
F6CXK8	muscle	time	1.37
F6CXK8	mustang	lddt	0.673543
F6CXK8	mustang	lddt_columns	163/181
F6CXK8	mustang_osc	lddt	0.747922
F6CXK8	mustang_osc	lddt_columns	163/181
F6CXK8	mustang	time	45.87
F6CXK8	usalign	lddt	0.707193
F6CXK8	usalign	lddt_columns	170/175
F6CXK8	usalign_osc	lddt	0.727993
F6CXK8	usalign_osc	lddt_columns	170/175
F6CXK8	usalign	time	4.79
F7V756	3dcoffee	lddt	0.410953
F7V756	3dcoffee	lddt_columns	386/479
F7V756	3dcoffee_osc	lddt	0.509965
F7V756	3dcoffee_osc	lddt_columns	386/479
F7V756	3dcoffee	time	456.11
F7V756	caretta	lddt	0.410682
F7V756	caretta	lddt_columns	306/327
F7V756	caretta_osc	lddt	0.438866
F7V756	caretta_osc	lddt_columns	306/327
F7V756	caretta	time	112.01
F7V756	clustalo	lddt	0.408402
F7V756	clustalo	lddt_columns	411/442
F7V756	clustalo_osc	lddt	0.439206
F7V756	clustalo_osc	lddt_columns	411/442
F7V756	clustalo	time	0.38
F7V756	famsa	lddt	0.413513
F7V756	famsa	lddt_columns	344/389
F7V756	famsa_osc	lddt	0.467606
F7V756	famsa_osc	lddt_columns	344/389
F7V756	famsa	time	0.17
F7V756	foldmason_fast	lddt	0.485257
F7V756	foldmason_fast	lddt_columns	355/363
F7V756	foldmason_fast_osc	lddt	0.496193
F7V756	foldmason_fast_osc	lddt_columns	355/363
F7V756	foldmason_fast	time	0.80
F7V756	foldmason	lddt	0.480546
F7V756	foldmason	lddt_columns	375/390
F7V756	foldmason_osc	lddt	0.499768
F7V756	foldmason_osc	lddt_columns	375/390
F7V756	foldmason_refine100	lddt	0.481814
F7V756	foldmason_refine100	lddt_columns	378/389
F7V756	foldmason_refine100_osc	lddt	0.495835
F7V756	foldmason_refine100_osc	lddt_columns	378/389
F7V756	foldmason_refine100_rosc	lddt	0.463869
F7V756	foldmason_refine100_rosc	lddt_columns	368/400
F7V756	foldmason_refine100_rosc_osc	lddt	0.504205
F7V756	foldmason_refine100_rosc_osc	lddt_columns	368/400
F7V756	foldmason_refine100_rosc	time	10.46
F7V756	foldmason_refine100	time	10.51
F7V756	foldmason	time	0.52
F7V756	mafft_3di	lddt	0.474623
F7V756	mafft_3di	lddt_columns	344/395
F7V756	mafft_3di_osc	lddt	0.544988
F7V756	mafft_3di_osc	lddt_columns	344/395
F7V756	mafft_3di	time	0.74
F7V756	mafft	lddt	0.422384
F7V756	mafft	lddt_columns	387/417
F7V756	mafft_osc	lddt	0.455127
F7V756	mafft_osc	lddt_columns	387/417
F7V756	mafft	time	0.90
F7V756	matt	lddt	0.058533
F7V756	matt	lddt_columns	769/2776
F7V756	matt_osc	lddt	0.211296
F7V756	matt_osc	lddt_columns	769/2776
F7V756	matt	time	649.22
F7V756	mtmalign	lddt	0.140257
F7V756	mtmalign	lddt_columns	719/1631
F7V756	mtmalign_osc	lddt	0.318162
F7V756	mtmalign_osc	lddt_columns	719/1631
F7V756	mtmalign	time	31.61
F7V756	muscle	lddt	0.330576
F7V756	muscle	lddt_columns	414/544
F7V756	muscle_osc	lddt	0.434380
F7V756	muscle_osc	lddt_columns	414/544
F7V756	muscle	time	6.11
F7V756	mustang	lddt	0.317255
F7V756	mustang	lddt_columns	421/622
F7V756	mustang_osc	lddt	0.468723
F7V756	mustang_osc	lddt_columns	421/622
F7V756	mustang	time	608.26
F7V756	usalign	lddt	0.153199
F7V756	usalign	lddt_columns	886/1623
F7V756	usalign_osc	lddt	0.280635
F7V756	usalign_osc	lddt_columns	886/1623
F7V756	usalign	time	11.01
G0QJD1	3dcoffee	lddt	0.489324
G0QJD1	3dcoffee	lddt_columns	579/780
G0QJD1	3dcoffee_osc	lddt	0.659193
G0QJD1	3dcoffee_osc	lddt_columns	579/780
G0QJD1	3dcoffee	time	1112.76
G0QJD1	caretta	lddt	0.424922
G0QJD1	caretta	lddt_columns	614/651
G0QJD1	caretta_osc	lddt	0.450528
G0QJD1	caretta_osc	lddt_columns	614/651
G0QJD1	caretta	time	88.68
G0QJD1	clustalo	lddt	0.445284
G0QJD1	clustalo	lddt_columns	662/833
G0QJD1	clustalo_osc	lddt	0.560305
G0QJD1	clustalo_osc	lddt_columns	662/833
G0QJD1	clustalo	time	1.30
G0QJD1	famsa	lddt	0.444337
G0QJD1	famsa	lddt_columns	590/816
G0QJD1	famsa_osc	lddt	0.614541
G0QJD1	famsa_osc	lddt_columns	590/816
G0QJD1	famsa	time	0.32
G0QJD1	foldmason_fast	lddt	0.477211
G0QJD1	foldmason_fast	lddt_columns	620/789
G0QJD1	foldmason_fast_osc	lddt	0.607289
G0QJD1	foldmason_fast_osc	lddt_columns	620/789
G0QJD1	foldmason_fast	time	1.95
G0QJD1	foldmason	lddt	0.513592
G0QJD1	foldmason	lddt_columns	664/745
G0QJD1	foldmason_osc	lddt	0.576244
G0QJD1	foldmason_osc	lddt_columns	664/745
G0QJD1	foldmason_refine100	lddt	0.516044
G0QJD1	foldmason_refine100	lddt_columns	665/743
G0QJD1	foldmason_refine100_osc	lddt	0.576572
G0QJD1	foldmason_refine100_osc	lddt_columns	665/743
G0QJD1	foldmason_refine100_rosc	lddt	0.483693
G0QJD1	foldmason_refine100_rosc	lddt_columns	623/778
G0QJD1	foldmason_refine100_rosc_osc	lddt	0.604033
G0QJD1	foldmason_refine100_rosc_osc	lddt_columns	623/778
G0QJD1	foldmason_refine100_rosc	time	56.15
G0QJD1	foldmason_refine100	time	24.09
G0QJD1	foldmason	time	1.41
G0QJD1	mafft_3di	lddt	0.459446
G0QJD1	mafft_3di	lddt_columns	647/844
G0QJD1	mafft_3di_osc	lddt	0.599339
G0QJD1	mafft_3di_osc	lddt_columns	647/844
G0QJD1	mafft_3di	time	1.08
G0QJD1	mafft	lddt	0.431462
G0QJD1	mafft	lddt_columns	665/862
G0QJD1	mafft_osc	lddt	0.559278
G0QJD1	mafft_osc	lddt_columns	665/862
G0QJD1	mafft	time	4.29
G0QJD1	matt	lddt	0.121236
G0QJD1	matt	lddt_columns	582/2425
G0QJD1	matt_osc	lddt	0.505152
G0QJD1	matt_osc	lddt_columns	582/2425
G0QJD1	matt	time	1762.88
G0QJD1	mtmalign	lddt	0.134528
G0QJD1	mtmalign	lddt_columns	551/2381
G0QJD1	mtmalign_osc	lddt	0.581327
G0QJD1	mtmalign_osc	lddt_columns	551/2381
G0QJD1	mtmalign	time	87.34
G0QJD1	muscle	lddt	0.345756
G0QJD1	muscle	lddt_columns	651/1044
G0QJD1	muscle_osc	lddt	0.554484
G0QJD1	muscle_osc	lddt_columns	651/1044
G0QJD1	muscle	time	10.19
G0QJD1	mustang	lddt	0.272100
G0QJD1	mustang	lddt_columns	632/1335
G0QJD1	mustang_osc	lddt	0.574769
G0QJD1	mustang_osc	lddt_columns	632/1335
G0QJD1	mustang	time	1045.37
G0QJD1	usalign	lddt	0.171591
G0QJD1	usalign	lddt_columns	678/2007
G0QJD1	usalign_osc	lddt	0.507940
G0QJD1	usalign_osc	lddt_columns	678/2007
G0QJD1	usalign	time	28.03
G8R5C8	3dcoffee	lddt	0.334649
G8R5C8	3dcoffee	lddt_columns	422/644
G8R5C8	3dcoffee_osc	lddt	0.510696
G8R5C8	3dcoffee_osc	lddt_columns	422/644
G8R5C8	3dcoffee	time	739.98
G8R5C8	caretta	lddt	0.355505
G8R5C8	caretta	lddt_columns	433/451
G8R5C8	caretta_osc	lddt	0.370284
G8R5C8	caretta_osc	lddt_columns	433/451
G8R5C8	caretta	time	63.73
G8R5C8	clustalo	lddt	0.304342
G8R5C8	clustalo	lddt_columns	535/630
G8R5C8	clustalo_osc	lddt	0.358384
G8R5C8	clustalo_osc	lddt_columns	535/630
G8R5C8	clustalo	time	0.75
G8R5C8	famsa	lddt	0.320331
G8R5C8	famsa	lddt_columns	410/544
G8R5C8	famsa_osc	lddt	0.425024
G8R5C8	famsa_osc	lddt_columns	410/544
G8R5C8	famsa	time	0.22
G8R5C8	foldmason_fast	lddt	0.409617
G8R5C8	foldmason_fast	lddt_columns	428/490
G8R5C8	foldmason_fast_osc	lddt	0.468955
G8R5C8	foldmason_fast_osc	lddt_columns	428/490
G8R5C8	foldmason_fast	time	1.50
G8R5C8	foldmason	lddt	0.421135
G8R5C8	foldmason	lddt_columns	416/474
G8R5C8	foldmason_osc	lddt	0.479851
G8R5C8	foldmason_osc	lddt_columns	416/474
G8R5C8	foldmason_refine100	lddt	0.422375
G8R5C8	foldmason_refine100	lddt_columns	427/474
G8R5C8	foldmason_refine100_osc	lddt	0.468866
G8R5C8	foldmason_refine100_osc	lddt_columns	427/474
G8R5C8	foldmason_refine100_rosc	lddt	0.402181
G8R5C8	foldmason_refine100_rosc	lddt_columns	414/497
G8R5C8	foldmason_refine100_rosc_osc	lddt	0.482812
G8R5C8	foldmason_refine100_rosc_osc	lddt_columns	414/497
G8R5C8	foldmason_refine100_rosc	time	17.52
G8R5C8	foldmason_refine100	time	15.82
G8R5C8	foldmason	time	0.71
G8R5C8	mafft_3di	lddt	0.395459
G8R5C8	mafft_3di	lddt_columns	415/531
G8R5C8	mafft_3di_osc	lddt	0.505997
G8R5C8	mafft_3di_osc	lddt_columns	415/531
G8R5C8	mafft_3di	time	1.15
G8R5C8	mafft	lddt	0.342114
G8R5C8	mafft	lddt_columns	484/561
G8R5C8	mafft_osc	lddt	0.396541
G8R5C8	mafft_osc	lddt_columns	484/561
G8R5C8	mafft	time	2.59
G8R5C8	matt	lddt	0.052955
G8R5C8	matt	lddt_columns	675/3012
G8R5C8	matt_osc	lddt	0.236298
G8R5C8	matt_osc	lddt_columns	675/3012
G8R5C8	matt	time	4168.08
G8R5C8	mtmalign	lddt	0.118529
G8R5C8	mtmalign	lddt_columns	760/1960
G8R5C8	mtmalign_osc	lddt	0.305679
G8R5C8	mtmalign_osc	lddt_columns	760/1960
G8R5C8	mtmalign	time	51.04
G8R5C8	muscle	lddt	0.238457
G8R5C8	muscle	lddt_columns	430/769
G8R5C8	muscle_osc	lddt	0.426450
G8R5C8	muscle_osc	lddt_columns	430/769
G8R5C8	muscle	time	7.35
G8R5C8	mustang	lddt	0.248628
G8R5C8	mustang	lddt_columns	460/892
G8R5C8	mustang_osc	lddt	0.482123
G8R5C8	mustang_osc	lddt_columns	460/892
G8R5C8	mustang	time	342.49
G8R5C8	usalign	lddt	0.141739
G8R5C8	usalign	lddt_columns	847/1664
G8R5C8	usalign_osc	lddt	0.278458
G8R5C8	usalign_osc	lddt_columns	847/1664
G8R5C8	usalign	time	17.84
H3BGA4	3dcoffee	lddt	0.634760
H3BGA4	3dcoffee	lddt_columns	238/263
H3BGA4	3dcoffee_osc	lddt	0.701436
H3BGA4	3dcoffee_osc	lddt_columns	238/263
H3BGA4	3dcoffee	time	312.97
H3BGA4	caretta	lddt	0.598150
H3BGA4	caretta	lddt_columns	241/249
H3BGA4	caretta_osc	lddt	0.618006
H3BGA4	caretta_osc	lddt_columns	241/249
H3BGA4	caretta	time	100.04
H3BGA4	clustalo	lddt	0.512750
H3BGA4	clustalo	lddt_columns	282/302
H3BGA4	clustalo_osc	lddt	0.549115
H3BGA4	clustalo_osc	lddt_columns	282/302
H3BGA4	clustalo	time	0.21
H3BGA4	famsa	lddt	0.556969
H3BGA4	famsa	lddt_columns	240/271
H3BGA4	famsa_osc	lddt	0.628911
H3BGA4	famsa_osc	lddt_columns	240/271
H3BGA4	famsa	time	0.11
H3BGA4	foldmason_fast	lddt	0.614161
H3BGA4	foldmason_fast	lddt_columns	242/260
H3BGA4	foldmason_fast_osc	lddt	0.659843
H3BGA4	foldmason_fast_osc	lddt_columns	242/260
H3BGA4	foldmason_fast	time	0.52
H3BGA4	foldmason	lddt	0.650823
H3BGA4	foldmason	lddt_columns	236/249
H3BGA4	foldmason_osc	lddt	0.686673
H3BGA4	foldmason_osc	lddt_columns	236/249
H3BGA4	foldmason_refine100	lddt	0.653468
H3BGA4	foldmason_refine100	lddt_columns	241/249
H3BGA4	foldmason_refine100_osc	lddt	0.675160
H3BGA4	foldmason_refine100_osc	lddt_columns	241/249
H3BGA4	foldmason_refine100_rosc	lddt	0.601387
H3BGA4	foldmason_refine100_rosc	lddt_columns	230/270
H3BGA4	foldmason_refine100_rosc_osc	lddt	0.705976
H3BGA4	foldmason_refine100_rosc_osc	lddt_columns	230/270
H3BGA4	foldmason_refine100_rosc	time	5.84
H3BGA4	foldmason_refine100	time	5.68
H3BGA4	foldmason	time	0.49
H3BGA4	mafft_3di	lddt	0.629837
H3BGA4	mafft_3di	lddt_columns	234/258
H3BGA4	mafft_3di_osc	lddt	0.694436
H3BGA4	mafft_3di_osc	lddt_columns	234/258
H3BGA4	mafft_3di	time	0.34
H3BGA4	mafft	lddt	0.513200
H3BGA4	mafft	lddt_columns	262/307
H3BGA4	mafft_osc	lddt	0.601345
H3BGA4	mafft_osc	lddt_columns	262/307
H3BGA4	mafft	time	0.72
H3BGA4	matt	lddt	0.198633
H3BGA4	matt	lddt_columns	319/734
H3BGA4	matt_osc	lddt	0.457043
H3BGA4	matt_osc	lddt_columns	319/734
H3BGA4	matt	time	284.95
H3BGA4	mtmalign	lddt	0.294057
H3BGA4	mtmalign	lddt_columns	248/533
H3BGA4	mtmalign_osc	lddt	0.631985
H3BGA4	mtmalign_osc	lddt_columns	248/533
H3BGA4	mtmalign	time	19.42
H3BGA4	muscle	lddt	0.452262
H3BGA4	muscle	lddt_columns	254/332
H3BGA4	muscle_osc	lddt	0.591145
H3BGA4	muscle_osc	lddt_columns	254/332
H3BGA4	muscle	time	2.38
H3BGA4	mustang	lddt	0.433058
H3BGA4	mustang	lddt_columns	252/374
H3BGA4	mustang_osc	lddt	0.642713
H3BGA4	mustang_osc	lddt_columns	252/374
H3BGA4	mustang	time	88.36
H3BGA4	usalign	lddt	0.352934
H3BGA4	usalign	lddt_columns	244/442
H3BGA4	usalign_osc	lddt	0.639332
H3BGA4	usalign_osc	lddt_columns	244/442
H3BGA4	usalign	time	8.70
I4F5N6	3dcoffee	lddt	0.449326
I4F5N6	3dcoffee	lddt_columns	945/1278
I4F5N6	3dcoffee_osc	lddt	0.607659
I4F5N6	3dcoffee_osc	lddt_columns	945/1278
I4F5N6	3dcoffee	time	2216.14
I4F5N6	caretta	lddt	0.422488
I4F5N6	caretta	lddt_columns	988/1151
I4F5N6	caretta_osc	lddt	0.492190
I4F5N6	caretta_osc	lddt_columns	988/1151
I4F5N6	caretta	time	158.00
I4F5N6	clustalo	lddt	0.466230
I4F5N6	clustalo	lddt_columns	1054/1264
I4F5N6	clustalo_osc	lddt	0.559123
I4F5N6	clustalo_osc	lddt_columns	1054/1264
I4F5N6	clustalo	time	2.18
I4F5N6	famsa	lddt	0.459293
I4F5N6	famsa	lddt_columns	987/1264
I4F5N6	famsa_osc	lddt	0.588192
I4F5N6	famsa_osc	lddt_columns	987/1264
I4F5N6	famsa	time	0.48
I4F5N6	foldmason_fast	lddt	0.519014
I4F5N6	foldmason_fast	lddt_columns	1072/1172
I4F5N6	foldmason_fast_osc	lddt	0.567429
I4F5N6	foldmason_fast_osc	lddt_columns	1072/1172
I4F5N6	foldmason_fast	time	5.28
I4F5N6	foldmason	lddt	0.476156
I4F5N6	foldmason	lddt_columns	994/1254
I4F5N6	foldmason_osc	lddt	0.600704
I4F5N6	foldmason_osc	lddt_columns	994/1254
I4F5N6	foldmason_refine100	lddt	0.476586
I4F5N6	foldmason_refine100	lddt_columns	996/1254
I4F5N6	foldmason_refine100_osc	lddt	0.600040
I4F5N6	foldmason_refine100_osc	lddt_columns	996/1254
I4F5N6	foldmason_refine100_rosc	lddt	0.441340
I4F5N6	foldmason_refine100_rosc	lddt_columns	945/1328
I4F5N6	foldmason_refine100_rosc_osc	lddt	0.620211
I4F5N6	foldmason_refine100_rosc_osc	lddt_columns	945/1328
I4F5N6	foldmason_refine100_rosc	time	46.77
I4F5N6	foldmason_refine100	time	49.79
I4F5N6	foldmason	time	4.00
I4F5N6	mafft_3di	lddt	0.472593
I4F5N6	mafft_3di	lddt_columns	933/1270
I4F5N6	mafft_3di_osc	lddt	0.643293
I4F5N6	mafft_3di_osc	lddt_columns	933/1270
I4F5N6	mafft_3di	time	2.01
I4F5N6	mafft	lddt	0.473028
I4F5N6	mafft	lddt_columns	994/1253
I4F5N6	mafft_osc	lddt	0.596281
I4F5N6	mafft_osc	lddt_columns	994/1253
I4F5N6	mafft	time	9.07
I4F5N6	matt	lddt	0.165084
I4F5N6	matt	lddt_columns	1197/3274
I4F5N6	matt_osc	lddt	0.451533
I4F5N6	matt_osc	lddt_columns	1197/3274
I4F5N6	matt	time	5010.53
I4F5N6	mtmalign	lddt	0.154032
I4F5N6	mtmalign	lddt_columns	1182/3492
I4F5N6	mtmalign_osc	lddt	0.455059
I4F5N6	mtmalign_osc	lddt_columns	1182/3492
I4F5N6	mtmalign	time	421.45
I4F5N6	muscle	lddt	0.388342
I4F5N6	muscle	lddt_columns	926/1467
I4F5N6	muscle_osc	lddt	0.615225
I4F5N6	muscle_osc	lddt_columns	926/1467
I4F5N6	muscle	time	22.88
I4F5N6	mustang	lddt	0.349083
I4F5N6	mustang	lddt_columns	939/1681
I4F5N6	mustang_osc	lddt	0.624928
I4F5N6	mustang_osc	lddt_columns	939/1681
I4F5N6	mustang	time	2968.83
I4F5N6	usalign	lddt	0.255210
I4F5N6	usalign	lddt_columns	1145/2230
I4F5N6	usalign_osc	lddt	0.497047
I4F5N6	usalign_osc	lddt_columns	1145/2230
I4F5N6	usalign	time	117.98
I8U815	3dcoffee	lddt	0.365035
I8U815	3dcoffee	lddt_columns	468/585
I8U815	3dcoffee_osc	lddt	0.456293
I8U815	3dcoffee_osc	lddt_columns	468/585
I8U815	3dcoffee	time	667.70
I8U815	caretta	lddt	0.390149
I8U815	caretta	lddt_columns	339/356
I8U815	caretta_osc	lddt	0.409714
I8U815	caretta_osc	lddt_columns	339/356
I8U815	caretta	time	63.99
I8U815	clustalo	lddt	0.326916
I8U815	clustalo	lddt_columns	473/568
I8U815	clustalo_osc	lddt	0.392575
I8U815	clustalo_osc	lddt_columns	473/568
I8U815	clustalo	time	0.39
I8U815	famsa	lddt	0.309842
I8U815	famsa	lddt_columns	393/509
I8U815	famsa_osc	lddt	0.401297
I8U815	famsa_osc	lddt_columns	393/509
I8U815	famsa	time	0.17
I8U815	foldmason_fast	lddt	0.440549
I8U815	foldmason_fast	lddt_columns	427/432
I8U815	foldmason_fast_osc	lddt	0.445708
I8U815	foldmason_fast_osc	lddt_columns	427/432
I8U815	foldmason_fast	time	3.17
I8U815	foldmason	lddt	0.406144
I8U815	foldmason	lddt_columns	409/470
I8U815	foldmason_osc	lddt	0.466718
I8U815	foldmason_osc	lddt_columns	409/470
I8U815	foldmason_refine100	lddt	0.407556
I8U815	foldmason_refine100	lddt_columns	409/468
I8U815	foldmason_refine100_osc	lddt	0.466348
I8U815	foldmason_refine100_osc	lddt_columns	409/468
I8U815	foldmason_refine100_rosc	lddt	0.364994
I8U815	foldmason_refine100_rosc	lddt_columns	392/512
I8U815	foldmason_refine100_rosc_osc	lddt	0.476727
I8U815	foldmason_refine100_rosc_osc	lddt_columns	392/512
I8U815	foldmason_refine100_rosc	time	10.18
I8U815	foldmason_refine100	time	11.58
I8U815	foldmason	time	0.55
I8U815	mafft_3di	lddt	0.361091
I8U815	mafft_3di	lddt_columns	410/539
I8U815	mafft_3di_osc	lddt	0.474702
I8U815	mafft_3di_osc	lddt_columns	410/539
I8U815	mafft_3di	time	0.90
I8U815	mafft	lddt	0.330365
I8U815	mafft	lddt_columns	477/557
I8U815	mafft_osc	lddt	0.385772
I8U815	mafft_osc	lddt_columns	477/557
I8U815	mafft	time	1.52
I8U815	matt	lddt	0.066734
I8U815	matt	lddt_columns	673/2475
I8U815	matt_osc	lddt	0.245419
I8U815	matt_osc	lddt_columns	673/2475
I8U815	matt	time	588.33
I8U815	mtmalign	lddt	0.121953
I8U815	mtmalign	lddt_columns	678/1777
I8U815	mtmalign_osc	lddt	0.319631
I8U815	mtmalign_osc	lddt_columns	678/1777
I8U815	mtmalign	time	42.30
I8U815	muscle	lddt	0.295556
I8U815	muscle	lddt_columns	421/597
I8U815	muscle_osc	lddt	0.419114
I8U815	muscle_osc	lddt_columns	421/597
I8U815	muscle	time	5.85
I8U815	mustang	lddt	0.243920
I8U815	mustang	lddt_columns	482/828
I8U815	mustang_osc	lddt	0.419016
I8U815	mustang_osc	lddt_columns	482/828
I8U815	mustang	time	435.36
I8U815	usalign	lddt	0.146271
I8U815	usalign	lddt_columns	706/1475
I8U815	usalign_osc	lddt	0.305594
I8U815	usalign_osc	lddt_columns	706/1475
I8U815	usalign	time	12.25
J3LE19	3dcoffee	lddt	0.650741
J3LE19	3dcoffee	lddt_columns	391/431
J3LE19	3dcoffee_osc	lddt	0.717312
J3LE19	3dcoffee_osc	lddt_columns	391/431
J3LE19	3dcoffee	time	608.11
J3LE19	caretta	lddt	0.595727
J3LE19	caretta	lddt_columns	395/415
J3LE19	caretta_osc	lddt	0.625891
J3LE19	caretta_osc	lddt_columns	395/415
J3LE19	caretta	time	68.21
J3LE19	clustalo	lddt	0.472751
J3LE19	clustalo	lddt_columns	512/617
J3LE19	clustalo_osc	lddt	0.569702
J3LE19	clustalo_osc	lddt_columns	512/617
J3LE19	clustalo	time	0.59
J3LE19	famsa	lddt	0.466430
J3LE19	famsa	lddt_columns	462/590
J3LE19	famsa_osc	lddt	0.595657
J3LE19	famsa_osc	lddt_columns	462/590
J3LE19	famsa	time	0.23
J3LE19	foldmason_fast	lddt	0.651245
J3LE19	foldmason_fast	lddt_columns	439/455
J3LE19	foldmason_fast_osc	lddt	0.674981
J3LE19	foldmason_fast_osc	lddt_columns	439/455
J3LE19	foldmason_fast	time	1.96
J3LE19	foldmason	lddt	0.620936
J3LE19	foldmason	lddt_columns	464/482
J3LE19	foldmason_osc	lddt	0.645024
J3LE19	foldmason_osc	lddt_columns	464/482
J3LE19	foldmason_refine100	lddt	0.626994
J3LE19	foldmason_refine100	lddt_columns	473/480
J3LE19	foldmason_refine100_osc	lddt	0.636273
J3LE19	foldmason_refine100_osc	lddt_columns	473/480
J3LE19	foldmason_refine100_rosc	lddt	0.560733
J3LE19	foldmason_refine100_rosc	lddt_columns	453/529
J3LE19	foldmason_refine100_rosc_osc	lddt	0.654808
J3LE19	foldmason_refine100_rosc_osc	lddt_columns	453/529
J3LE19	foldmason_refine100_rosc	time	12.36
J3LE19	foldmason_refine100	time	10.27
J3LE19	foldmason	time	7.05
J3LE19	mafft_3di	lddt	0.609662
J3LE19	mafft_3di	lddt_columns	402/464
J3LE19	mafft_3di_osc	lddt	0.703689
J3LE19	mafft_3di_osc	lddt_columns	402/464
J3LE19	mafft_3di	time	0.95
J3LE19	mafft	lddt	0.499078
J3LE19	mafft	lddt_columns	492/577
J3LE19	mafft_osc	lddt	0.585301
J3LE19	mafft_osc	lddt_columns	492/577
J3LE19	mafft	time	1.58
J3LE19	matt	lddt	0.046713
J3LE19	matt	lddt_columns	704/3745
J3LE19	matt_osc	lddt	0.248492
J3LE19	matt_osc	lddt_columns	704/3745
J3LE19	matt	time	730.44
J3LE19	mtmalign	lddt	0.067620
J3LE19	mtmalign	lddt_columns	739/3247
J3LE19	mtmalign_osc	lddt	0.297107
J3LE19	mtmalign_osc	lddt_columns	739/3247
J3LE19	mtmalign	time	68.90
J3LE19	muscle	lddt	0.365417
J3LE19	muscle	lddt_columns	495/746
J3LE19	muscle_osc	lddt	0.550710
J3LE19	muscle_osc	lddt_columns	495/746
J3LE19	muscle	time	6.79
J3LE19	mustang	lddt	0.258027
J3LE19	mustang	lddt_columns	671/1053
J3LE19	mustang_osc	lddt	0.404921
J3LE19	mustang_osc	lddt_columns	671/1053
J3LE19	mustang	time	663.39
J3LE19	usalign	lddt	0.103924
J3LE19	usalign	lddt_columns	947/2614
J3LE19	usalign_osc	lddt	0.286860
J3LE19	usalign_osc	lddt_columns	947/2614
J3LE19	usalign	time	14.68
K0EYU6	3dcoffee	lddt	0.455347
K0EYU6	3dcoffee	lddt_columns	733/860
K0EYU6	3dcoffee_osc	lddt	0.534241
K0EYU6	3dcoffee_osc	lddt_columns	733/860
K0EYU6	3dcoffee	time	1863.89
K0EYU6	caretta	lddt	0.421479
K0EYU6	caretta	lddt_columns	683/700
K0EYU6	caretta_osc	lddt	0.431969
K0EYU6	caretta_osc	lddt_columns	683/700
K0EYU6	caretta	time	110.72
K0EYU6	clustalo	lddt	0.432868
K0EYU6	clustalo	lddt_columns	836/940
K0EYU6	clustalo_osc	lddt	0.486718
K0EYU6	clustalo_osc	lddt_columns	836/940
K0EYU6	clustalo	time	1.69
K0EYU6	famsa	lddt	0.433917
K0EYU6	famsa	lddt_columns	749/921
K0EYU6	famsa_osc	lddt	0.533561
K0EYU6	famsa_osc	lddt_columns	749/921
K0EYU6	famsa	time	0.40
K0EYU6	foldmason_fast	lddt	0.484465
K0EYU6	foldmason_fast	lddt_columns	783/871
K0EYU6	foldmason_fast_osc	lddt	0.538913
K0EYU6	foldmason_fast_osc	lddt_columns	783/871
K0EYU6	foldmason_fast	time	1.96
K0EYU6	foldmason	lddt	0.473758
K0EYU6	foldmason	lddt_columns	736/891
K0EYU6	foldmason_osc	lddt	0.573531
K0EYU6	foldmason_osc	lddt_columns	736/891
K0EYU6	foldmason_refine100	lddt	0.488823
K0EYU6	foldmason_refine100	lddt_columns	786/868
K0EYU6	foldmason_refine100_osc	lddt	0.539820
K0EYU6	foldmason_refine100_osc	lddt_columns	786/868
K0EYU6	foldmason_refine100_rosc	lddt	0.446398
K0EYU6	foldmason_refine100_rosc	lddt_columns	723/941
K0EYU6	foldmason_refine100_rosc_osc	lddt	0.580997
K0EYU6	foldmason_refine100_rosc_osc	lddt_columns	723/941
K0EYU6	foldmason_refine100_rosc	time	44.26
K0EYU6	foldmason_refine100	time	56.04
K0EYU6	foldmason	time	4.30
K0EYU6	mafft_3di	lddt	0.473406
K0EYU6	mafft_3di	lddt_columns	728/903
K0EYU6	mafft_3di_osc	lddt	0.587206
K0EYU6	mafft_3di_osc	lddt_columns	728/903
K0EYU6	mafft_3di	time	1.66
K0EYU6	mafft	lddt	0.464551
K0EYU6	mafft	lddt_columns	779/907
K0EYU6	mafft_osc	lddt	0.540883
K0EYU6	mafft_osc	lddt_columns	779/907
K0EYU6	mafft	time	4.61
K0EYU6	matt	lddt	0.058174
K0EYU6	matt	lddt_columns	1493/5151
K0EYU6	matt_osc	lddt	0.200707
K0EYU6	matt_osc	lddt_columns	1493/5151
K0EYU6	matt	time	3638.18
K0EYU6	mtmalign	lddt	0.095894
K0EYU6	mtmalign	lddt_columns	1493/4193
K0EYU6	mtmalign_osc	lddt	0.269312
K0EYU6	mtmalign_osc	lddt_columns	1493/4193
K0EYU6	mtmalign	time	237.20
K0EYU6	muscle	lddt	0.361677
K0EYU6	muscle	lddt_columns	752/1129
K0EYU6	muscle_osc	lddt	0.542996
K0EYU6	muscle_osc	lddt_columns	752/1129
K0EYU6	muscle	time	14.51
K0EYU6	mustang	lddt	0.357748
K0EYU6	mustang	lddt_columns	801/1224
K0EYU6	mustang_osc	lddt	0.546671
K0EYU6	mustang_osc	lddt_columns	801/1224
K0EYU6	mustang	time	1183.16
K0EYU6	usalign	lddt	0.137015
K0EYU6	usalign	lddt_columns	1394/3027
K0EYU6	usalign_osc	lddt	0.297521
K0EYU6	usalign_osc	lddt_columns	1394/3027
K0EYU6	usalign	time	58.30
K2AHI6	3dcoffee	lddt	0.334948
K2AHI6	3dcoffee	lddt_columns	382/517
K2AHI6	3dcoffee_osc	lddt	0.453319
K2AHI6	3dcoffee_osc	lddt_columns	382/517
K2AHI6	3dcoffee	time	393.66
K2AHI6	caretta	lddt	0.437119
K2AHI6	caretta	lddt_columns	276/303
K2AHI6	caretta_osc	lddt	0.479881
K2AHI6	caretta_osc	lddt_columns	276/303
K2AHI6	caretta	time	52.79
K2AHI6	clustalo	lddt	0.289995
K2AHI6	clustalo	lddt_columns	467/504
K2AHI6	clustalo_osc	lddt	0.312972
K2AHI6	clustalo_osc	lddt_columns	467/504
K2AHI6	clustalo	time	0.37
K2AHI6	famsa	lddt	0.302739
K2AHI6	famsa	lddt_columns	338/420
K2AHI6	famsa_osc	lddt	0.376184
K2AHI6	famsa_osc	lddt_columns	338/420
K2AHI6	famsa	time	0.20
K2AHI6	foldmason_fast	lddt	0.423030
K2AHI6	foldmason_fast	lddt_columns	378/386
K2AHI6	foldmason_fast_osc	lddt	0.431983
K2AHI6	foldmason_fast_osc	lddt_columns	378/386
K2AHI6	foldmason_fast	time	1.50
K2AHI6	foldmason	lddt	0.399921
K2AHI6	foldmason	lddt_columns	408/428
K2AHI6	foldmason_osc	lddt	0.419525
K2AHI6	foldmason_osc	lddt_columns	408/428
K2AHI6	foldmason_refine100	lddt	0.407545
K2AHI6	foldmason_refine100	lddt_columns	410/419
K2AHI6	foldmason_refine100_osc	lddt	0.416491
K2AHI6	foldmason_refine100_osc	lddt_columns	410/419
K2AHI6	foldmason_refine100_rosc	lddt	0.382026
K2AHI6	foldmason_refine100_rosc	lddt_columns	397/445
K2AHI6	foldmason_refine100_rosc_osc	lddt	0.428216
K2AHI6	foldmason_refine100_rosc_osc	lddt_columns	397/445
K2AHI6	foldmason_refine100_rosc	time	8.30
K2AHI6	foldmason_refine100	time	11.94
K2AHI6	foldmason	time	0.44
K2AHI6	mafft_3di	lddt	0.337996
K2AHI6	mafft_3di	lddt_columns	376/492
K2AHI6	mafft_3di_osc	lddt	0.442272
K2AHI6	mafft_3di_osc	lddt_columns	376/492
K2AHI6	mafft_3di	time	0.78
K2AHI6	mafft	lddt	0.281774
K2AHI6	mafft	lddt_columns	522/569
K2AHI6	mafft_osc	lddt	0.307144
K2AHI6	mafft_osc	lddt_columns	522/569
K2AHI6	mafft	time	1.62
K2AHI6	matt	lddt	0.043186
K2AHI6	matt	lddt_columns	659/2636
K2AHI6	matt_osc	lddt	0.172745
K2AHI6	matt_osc	lddt_columns	659/2636
K2AHI6	matt	time	395.51
K2AHI6	mtmalign	lddt	0.112945
K2AHI6	mtmalign	lddt_columns	731/1707
K2AHI6	mtmalign_osc	lddt	0.263744
K2AHI6	mtmalign_osc	lddt_columns	731/1707
K2AHI6	mtmalign	time	24.66
K2AHI6	muscle	lddt	0.230504
K2AHI6	muscle	lddt_columns	455/601
K2AHI6	muscle_osc	lddt	0.304467
K2AHI6	muscle_osc	lddt_columns	455/601
K2AHI6	muscle	time	5.49
K2AHI6	mustang	lddt	0.185489
K2AHI6	mustang	lddt_columns	517/953
K2AHI6	mustang_osc	lddt	0.341917
K2AHI6	mustang_osc	lddt_columns	517/953
K2AHI6	mustang	time	204.86
K2AHI6	usalign	lddt	0.120564
K2AHI6	usalign	lddt_columns	694/1532
K2AHI6	usalign_osc	lddt	0.266144
K2AHI6	usalign_osc	lddt_columns	694/1532
K2AHI6	usalign	time	8.94
K2G3Q9	3dcoffee	lddt	0.466689
K2G3Q9	3dcoffee	lddt_columns	508/633
K2G3Q9	3dcoffee_osc	lddt	0.581524
K2G3Q9	3dcoffee_osc	lddt_columns	508/633
K2G3Q9	3dcoffee	time	1087.13
K2G3Q9	caretta	lddt	0.468174
K2G3Q9	caretta	lddt_columns	513/550
K2G3Q9	caretta_osc	lddt	0.501941
K2G3Q9	caretta_osc	lddt_columns	513/550
K2G3Q9	caretta	time	77.06
K2G3Q9	clustalo	lddt	0.417948
K2G3Q9	clustalo	lddt_columns	561/675
K2G3Q9	clustalo_osc	lddt	0.502878
K2G3Q9	clustalo_osc	lddt_columns	561/675
K2G3Q9	clustalo	time	0.86
K2G3Q9	famsa	lddt	0.421713
K2G3Q9	famsa	lddt_columns	534/664
K2G3Q9	famsa_osc	lddt	0.524377
K2G3Q9	famsa_osc	lddt_columns	534/664
K2G3Q9	famsa	time	0.24
K2G3Q9	foldmason_fast	lddt	0.506840
K2G3Q9	foldmason_fast	lddt_columns	530/571
K2G3Q9	foldmason_fast_osc	lddt	0.546048
K2G3Q9	foldmason_fast_osc	lddt_columns	530/571
K2G3Q9	foldmason_fast	time	2.08
K2G3Q9	foldmason	lddt	0.509312
K2G3Q9	foldmason	lddt_columns	531/588
K2G3Q9	foldmason_osc	lddt	0.563984
K2G3Q9	foldmason_osc	lddt_columns	531/588
K2G3Q9	foldmason_refine100	lddt	0.527558
K2G3Q9	foldmason_refine100	lddt_columns	550/569
K2G3Q9	foldmason_refine100_osc	lddt	0.545783
K2G3Q9	foldmason_refine100_osc	lddt_columns	550/569
K2G3Q9	foldmason_refine100_rosc	lddt	0.506189
K2G3Q9	foldmason_refine100_rosc	lddt_columns	525/590
K2G3Q9	foldmason_refine100_rosc_osc	lddt	0.568861
K2G3Q9	foldmason_refine100_rosc_osc	lddt_columns	525/590
K2G3Q9	foldmason_refine100_rosc	time	18.29
K2G3Q9	foldmason_refine100	time	20.72
K2G3Q9	foldmason	time	1.26
K2G3Q9	mafft_3di	lddt	0.494456
K2G3Q9	mafft_3di	lddt_columns	506/606
K2G3Q9	mafft_3di_osc	lddt	0.592175
K2G3Q9	mafft_3di_osc	lddt_columns	506/606
K2G3Q9	mafft_3di	time	0.98
K2G3Q9	mafft	lddt	0.471177
K2G3Q9	mafft	lddt_columns	543/627
K2G3Q9	mafft_osc	lddt	0.544066
K2G3Q9	mafft_osc	lddt_columns	543/627
K2G3Q9	mafft	time	2.83
K2G3Q9	matt	lddt	0.147042
K2G3Q9	matt	lddt_columns	777/1941
K2G3Q9	matt_osc	lddt	0.367321
K2G3Q9	matt_osc	lddt_columns	777/1941
K2G3Q9	matt	time	1068.50
K2G3Q9	mtmalign	lddt	0.172755
K2G3Q9	mtmalign	lddt_columns	758/1784
K2G3Q9	mtmalign_osc	lddt	0.406589
K2G3Q9	mtmalign_osc	lddt_columns	758/1784
K2G3Q9	mtmalign	time	91.29
K2G3Q9	muscle	lddt	0.379869
K2G3Q9	muscle	lddt_columns	519/759
K2G3Q9	muscle_osc	lddt	0.555531
K2G3Q9	muscle_osc	lddt_columns	519/759
K2G3Q9	muscle	time	8.69
K2G3Q9	mustang	lddt	0.362670
K2G3Q9	mustang	lddt_columns	553/863
K2G3Q9	mustang_osc	lddt	0.565976
K2G3Q9	mustang_osc	lddt_columns	553/863
K2G3Q9	mustang	time	442.13
K2G3Q9	usalign	lddt	0.256654
K2G3Q9	usalign	lddt_columns	724/1242
K2G3Q9	usalign_osc	lddt	0.440282
K2G3Q9	usalign_osc	lddt_columns	724/1242
K2G3Q9	usalign	time	30.16
K6ACG0	3dcoffee	lddt	0.441317
K6ACG0	3dcoffee	lddt_columns	723/899
K6ACG0	3dcoffee_osc	lddt	0.548747
K6ACG0	3dcoffee_osc	lddt_columns	723/899
K6ACG0	3dcoffee	time	1825.60
K6ACG0	caretta	lddt	0.427398
K6ACG0	caretta	lddt_columns	680/700
K6ACG0	caretta_osc	lddt	0.439969
K6ACG0	caretta_osc	lddt_columns	680/700
K6ACG0	caretta	time	163.43
K6ACG0	clustalo	lddt	0.419079
K6ACG0	clustalo	lddt_columns	795/943
K6ACG0	clustalo_osc	lddt	0.497097
K6ACG0	clustalo_osc	lddt_columns	795/943
K6ACG0	clustalo	time	2.11
K6ACG0	famsa	lddt	0.431722
K6ACG0	famsa	lddt_columns	699/886
K6ACG0	famsa_osc	lddt	0.547219
K6ACG0	famsa_osc	lddt_columns	699/886
K6ACG0	famsa	time	0.42
K6ACG0	foldmason_fast	lddt	0.481450
K6ACG0	foldmason_fast	lddt_columns	744/849
K6ACG0	foldmason_fast_osc	lddt	0.549396
K6ACG0	foldmason_fast_osc	lddt_columns	744/849
K6ACG0	foldmason_fast	time	1.86
K6ACG0	foldmason	lddt	0.511814
K6ACG0	foldmason	lddt_columns	721/822
K6ACG0	foldmason_osc	lddt	0.583511
K6ACG0	foldmason_osc	lddt_columns	721/822
K6ACG0	foldmason_refine100	lddt	0.517660
K6ACG0	foldmason_refine100	lddt_columns	732/814
K6ACG0	foldmason_refine100_osc	lddt	0.575650
K6ACG0	foldmason_refine100_osc	lddt_columns	732/814
K6ACG0	foldmason_refine100_rosc	lddt	0.496967
K6ACG0	foldmason_refine100_rosc	lddt_columns	704/839
K6ACG0	foldmason_refine100_rosc_osc	lddt	0.592266
K6ACG0	foldmason_refine100_rosc_osc	lddt_columns	704/839
K6ACG0	foldmason_refine100_rosc	time	35.35
K6ACG0	foldmason_refine100	time	33.43
K6ACG0	foldmason	time	2.02
K6ACG0	mafft_3di	lddt	0.487829
K6ACG0	mafft_3di	lddt_columns	711/873
K6ACG0	mafft_3di_osc	lddt	0.598980
K6ACG0	mafft_3di_osc	lddt_columns	711/873
K6ACG0	mafft_3di	time	2.04
K6ACG0	mafft	lddt	0.445483
K6ACG0	mafft	lddt_columns	791/928
K6ACG0	mafft_osc	lddt	0.522639
K6ACG0	mafft_osc	lddt_columns	791/928
K6ACG0	mafft	time	5.65
K6ACG0	matt	lddt	0.049986
K6ACG0	matt	lddt_columns	1635/5555
K6ACG0	matt_osc	lddt	0.169829
K6ACG0	matt_osc	lddt_columns	1635/5555
K6ACG0	matt	time	3565.31
K6ACG0	mtmalign	lddt	0.107909
K6ACG0	mtmalign	lddt_columns	1520/3814
K6ACG0	mtmalign_osc	lddt	0.270766
K6ACG0	mtmalign_osc	lddt_columns	1520/3814
K6ACG0	mtmalign	time	233.72
K6ACG0	muscle	lddt	0.361510
K6ACG0	muscle	lddt_columns	760/1100
K6ACG0	muscle_osc	lddt	0.523238
K6ACG0	muscle_osc	lddt_columns	760/1100
K6ACG0	muscle	time	18.18
K6ACG0	mustang	lddt	0.328275
K6ACG0	mustang	lddt_columns	814/1313
K6ACG0	mustang_osc	lddt	0.529515
K6ACG0	mustang_osc	lddt_columns	814/1313
K6ACG0	mustang	time	1106.77
K6ACG0	usalign	lddt	0.154941
K6ACG0	usalign	lddt_columns	1473/2727
K6ACG0	usalign_osc	lddt	0.286845
K6ACG0	usalign_osc	lddt_columns	1473/2727
K6ACG0	usalign	time	68.89
L0IAI9	3dcoffee	lddt	0.480810
L0IAI9	3dcoffee	lddt_columns	453/611
L0IAI9	3dcoffee_osc	lddt	0.648509
L0IAI9	3dcoffee_osc	lddt_columns	453/611
L0IAI9	3dcoffee	time	713.18
L0IAI9	caretta	lddt	0.522505
L0IAI9	caretta	lddt_columns	416/449
L0IAI9	caretta_osc	lddt	0.563954
L0IAI9	caretta_osc	lddt_columns	416/449
L0IAI9	caretta	time	126.24
L0IAI9	clustalo	lddt	0.464386
L0IAI9	clustalo	lddt_columns	467/591
L0IAI9	clustalo_osc	lddt	0.587691
L0IAI9	clustalo_osc	lddt_columns	467/591
L0IAI9	clustalo	time	0.86
L0IAI9	famsa	lddt	0.509730
L0IAI9	famsa	lddt_columns	435/527
L0IAI9	famsa_osc	lddt	0.617535
L0IAI9	famsa_osc	lddt_columns	435/527
L0IAI9	famsa	time	0.23
L0IAI9	foldmason_fast	lddt	0.551593
L0IAI9	foldmason_fast	lddt_columns	498/527
L0IAI9	foldmason_fast_osc	lddt	0.583714
L0IAI9	foldmason_fast_osc	lddt_columns	498/527
L0IAI9	foldmason_fast	time	0.87
L0IAI9	foldmason	lddt	0.524054
L0IAI9	foldmason	lddt_columns	447/533
L0IAI9	foldmason_osc	lddt	0.624879
L0IAI9	foldmason_osc	lddt_columns	447/533
L0IAI9	foldmason_refine100	lddt	0.537843
L0IAI9	foldmason_refine100	lddt_columns	492/528
L0IAI9	foldmason_refine100_osc	lddt	0.577198
L0IAI9	foldmason_refine100_osc	lddt_columns	492/528
L0IAI9	foldmason_refine100_rosc	lddt	0.503268
L0IAI9	foldmason_refine100_rosc	lddt_columns	439/550
L0IAI9	foldmason_refine100_rosc_osc	lddt	0.630517
L0IAI9	foldmason_refine100_rosc_osc	lddt_columns	439/550
L0IAI9	foldmason_refine100_rosc	time	16.85
L0IAI9	foldmason_refine100	time	16.66
L0IAI9	foldmason	time	0.81
L0IAI9	mafft_3di	lddt	0.483947
L0IAI9	mafft_3di	lddt_columns	421/589
L0IAI9	mafft_3di_osc	lddt	0.677067
L0IAI9	mafft_3di_osc	lddt_columns	421/589
L0IAI9	mafft_3di	time	0.79
L0IAI9	mafft	lddt	0.473048
L0IAI9	mafft	lddt_columns	478/584
L0IAI9	mafft_osc	lddt	0.577949
L0IAI9	mafft_osc	lddt_columns	478/584
L0IAI9	mafft	time	2.37
L0IAI9	matt	lddt	0.097213
L0IAI9	matt	lddt_columns	578/2330
L0IAI9	matt_osc	lddt	0.391878
L0IAI9	matt_osc	lddt_columns	578/2330
L0IAI9	matt	time	790.21
L0IAI9	mtmalign	lddt	0.167430
L0IAI9	mtmalign	lddt_columns	679/1725
L0IAI9	mtmalign_osc	lddt	0.425357
L0IAI9	mtmalign_osc	lddt_columns	679/1725
L0IAI9	mtmalign	time	63.53
L0IAI9	muscle	lddt	0.344562
L0IAI9	muscle	lddt_columns	415/765
L0IAI9	muscle_osc	lddt	0.635156
L0IAI9	muscle_osc	lddt_columns	415/765
L0IAI9	muscle	time	8.26
L0IAI9	mustang	lddt	0.377190
L0IAI9	mustang	lddt_columns	460/753
L0IAI9	mustang_osc	lddt	0.617444
L0IAI9	mustang_osc	lddt_columns	460/753
L0IAI9	mustang	time	1594.78
L0IAI9	usalign	lddt	0.195922
L0IAI9	usalign	lddt_columns	678/1475
L0IAI9	usalign_osc	lddt	0.426232
L0IAI9	usalign_osc	lddt_columns	678/1475
L0IAI9	usalign	time	25.76
L8LTQ4	3dcoffee	lddt	0.359196
L8LTQ4	3dcoffee	lddt_columns	646/875
L8LTQ4	3dcoffee_osc	lddt	0.486527
L8LTQ4	3dcoffee_osc	lddt_columns	646/875
L8LTQ4	3dcoffee	time	1059.60
L8LTQ4	caretta	lddt	0.375641
L8LTQ4	caretta	lddt_columns	542/562
L8LTQ4	caretta_osc	lddt	0.389503
L8LTQ4	caretta_osc	lddt_columns	542/562
L8LTQ4	caretta	time	141.34
L8LTQ4	clustalo	lddt	0.271600
L8LTQ4	clustalo	lddt_columns	804/927
L8LTQ4	clustalo_osc	lddt	0.313151
L8LTQ4	clustalo_osc	lddt_columns	804/927
L8LTQ4	clustalo	time	2.06
L8LTQ4	famsa	lddt	0.305748
L8LTQ4	famsa	lddt_columns	565/714
L8LTQ4	famsa_osc	lddt	0.386379
L8LTQ4	famsa_osc	lddt_columns	565/714
L8LTQ4	famsa	time	0.33
L8LTQ4	foldmason_fast	lddt	0.381776
L8LTQ4	foldmason_fast	lddt_columns	647/720
L8LTQ4	foldmason_fast_osc	lddt	0.424851
L8LTQ4	foldmason_fast_osc	lddt_columns	647/720
L8LTQ4	foldmason_fast	time	1.22
L8LTQ4	foldmason	lddt	0.388230
L8LTQ4	foldmason	lddt_columns	658/723
L8LTQ4	foldmason_osc	lddt	0.426581
L8LTQ4	foldmason_osc	lddt_columns	658/723
L8LTQ4	foldmason_refine100	lddt	0.393966
L8LTQ4	foldmason_refine100	lddt_columns	669/712
L8LTQ4	foldmason_refine100_osc	lddt	0.419288
L8LTQ4	foldmason_refine100_osc	lddt_columns	669/712
L8LTQ4	foldmason_refine100_rosc	lddt	0.357041
L8LTQ4	foldmason_refine100_rosc	lddt_columns	627/770
L8LTQ4	foldmason_refine100_rosc_osc	lddt	0.438471
L8LTQ4	foldmason_refine100_rosc_osc	lddt_columns	627/770
L8LTQ4	foldmason_refine100_rosc	time	26.86
L8LTQ4	foldmason_refine100	time	26.92
L8LTQ4	foldmason	time	1.35
L8LTQ4	mafft_3di	lddt	0.383140
L8LTQ4	mafft_3di	lddt_columns	600/767
L8LTQ4	mafft_3di_osc	lddt	0.489781
L8LTQ4	mafft_3di_osc	lddt_columns	600/767
L8LTQ4	mafft_3di	time	2.34
L8LTQ4	mafft	lddt	0.285821
L8LTQ4	mafft	lddt_columns	737/858
L8LTQ4	mafft_osc	lddt	0.332746
L8LTQ4	mafft_osc	lddt_columns	737/858
L8LTQ4	mafft	time	4.79
L8LTQ4	matt	lddt	0.029473
L8LTQ4	matt	lddt_columns	811/5312
L8LTQ4	matt_osc	lddt	0.193045
L8LTQ4	matt_osc	lddt_columns	811/5312
L8LTQ4	matt	time	2319.56
L8LTQ4	mtmalign	lddt	0.077927
L8LTQ4	mtmalign	lddt_columns	1183/3555
L8LTQ4	mtmalign_osc	lddt	0.234175
L8LTQ4	mtmalign_osc	lddt_columns	1183/3555
L8LTQ4	mtmalign	time	111.43
L8LTQ4	muscle	lddt	0.200342
L8LTQ4	muscle	lddt_columns	705/1155
L8LTQ4	muscle_osc	lddt	0.328220
L8LTQ4	muscle_osc	lddt_columns	705/1155
L8LTQ4	muscle	time	15.44
L8LTQ4	mustang	lddt	0.212721
L8LTQ4	mustang	lddt_columns	707/1353
L8LTQ4	mustang_osc	lddt	0.407088
L8LTQ4	mustang_osc	lddt_columns	707/1353
L8LTQ4	mustang	time	2048.35
L8LTQ4	usalign	lddt	0.100643
L8LTQ4	usalign	lddt_columns	1099/2822
L8LTQ4	usalign_osc	lddt	0.258430
L8LTQ4	usalign_osc	lddt_columns	1099/2822
L8LTQ4	usalign	time	38.93
L9WUI5	3dcoffee	lddt	0.384399
L9WUI5	3dcoffee	lddt_columns	693/897
L9WUI5	3dcoffee_osc	lddt	0.497556
L9WUI5	3dcoffee_osc	lddt_columns	693/897
L9WUI5	3dcoffee	time	1681.92
L9WUI5	caretta	lddt	0.385778
L9WUI5	caretta	lddt_columns	544/544
L9WUI5	caretta_osc	lddt	0.385778
L9WUI5	caretta_osc	lddt_columns	544/544
L9WUI5	caretta	time	145.35
L9WUI5	clustalo	lddt	0.273188
L9WUI5	clustalo	lddt_columns	990/1113
L9WUI5	clustalo_osc	lddt	0.307130
L9WUI5	clustalo_osc	lddt_columns	990/1113
L9WUI5	clustalo	time	1.64
L9WUI5	famsa	lddt	0.323106
L9WUI5	famsa	lddt_columns	593/757
L9WUI5	famsa_osc	lddt	0.412464
L9WUI5	famsa_osc	lddt_columns	593/757
L9WUI5	famsa	time	0.33
L9WUI5	foldmason_fast	lddt	0.419255
L9WUI5	foldmason_fast	lddt_columns	660/727
L9WUI5	foldmason_fast_osc	lddt	0.461815
L9WUI5	foldmason_fast_osc	lddt_columns	660/727
L9WUI5	foldmason_fast	time	1.62
L9WUI5	foldmason	lddt	0.454638
L9WUI5	foldmason	lddt_columns	659/690
L9WUI5	foldmason_osc	lddt	0.476025
L9WUI5	foldmason_osc	lddt_columns	659/690
L9WUI5	foldmason_refine100	lddt	0.459159
L9WUI5	foldmason_refine100	lddt_columns	670/683
L9WUI5	foldmason_refine100_osc	lddt	0.468068
L9WUI5	foldmason_refine100_osc	lddt_columns	670/683
L9WUI5	foldmason_refine100_rosc	lddt	0.423190
L9WUI5	foldmason_refine100_rosc	lddt_columns	638/740
L9WUI5	foldmason_refine100_rosc_osc	lddt	0.490847
L9WUI5	foldmason_refine100_rosc_osc	lddt_columns	638/740
L9WUI5	foldmason_refine100_rosc	time	31.28
L9WUI5	foldmason_refine100	time	30.08
L9WUI5	foldmason	time	1.56
L9WUI5	mafft_3di	lddt	0.429065
L9WUI5	mafft_3di	lddt_columns	630/753
L9WUI5	mafft_3di_osc	lddt	0.512835
L9WUI5	mafft_3di_osc	lddt_columns	630/753
L9WUI5	mafft_3di	time	2.05
L9WUI5	mafft	lddt	0.252403
L9WUI5	mafft	lddt_columns	791/1028
L9WUI5	mafft_osc	lddt	0.328028
L9WUI5	mafft_osc	lddt_columns	791/1028
L9WUI5	mafft	time	2.66
L9WUI5	matt	lddt	0.031271
L9WUI5	matt	lddt_columns	995/5814
L9WUI5	matt_osc	lddt	0.182721
L9WUI5	matt_osc	lddt_columns	995/5814
L9WUI5	matt	time	3597.09
L9WUI5	mtmalign	lddt	0.088067
L9WUI5	mtmalign	lddt_columns	1539/4039
L9WUI5	mtmalign_osc	lddt	0.231127
L9WUI5	mtmalign_osc	lddt_columns	1539/4039
L9WUI5	mtmalign	time	125.63
L9WUI5	muscle	lddt	0.206287
L9WUI5	muscle	lddt_columns	731/1232
L9WUI5	muscle_osc	lddt	0.347669
L9WUI5	muscle_osc	lddt_columns	731/1232
L9WUI5	muscle	time	15.67
L9WUI5	mustang	lddt	0.250799
L9WUI5	mustang	lddt_columns	702/1294
L9WUI5	mustang_osc	lddt	0.462300
L9WUI5	mustang_osc	lddt_columns	702/1294
L9WUI5	mustang	time	5568.67
L9WUI5	usalign	lddt	0.101294
L9WUI5	usalign	lddt_columns	1375/3419
L9WUI5	usalign_osc	lddt	0.251873
L9WUI5	usalign_osc	lddt_columns	1375/3419
L9WUI5	usalign	time	37.17
M5RUD2	3dcoffee	lddt	0.544803
M5RUD2	3dcoffee	lddt_columns	732/883
M5RUD2	3dcoffee_osc	lddt	0.657187
M5RUD2	3dcoffee_osc	lddt_columns	732/883
M5RUD2	3dcoffee	time	1724.51
M5RUD2	caretta	lddt	0.417917
M5RUD2	caretta	lddt_columns	714/737
M5RUD2	caretta_osc	lddt	0.431380
M5RUD2	caretta_osc	lddt_columns	714/737
M5RUD2	caretta	time	121.48
M5RUD2	clustalo	lddt	0.460020
M5RUD2	clustalo	lddt_columns	881/1026
M5RUD2	clustalo_osc	lddt	0.535733
M5RUD2	clustalo_osc	lddt_columns	881/1026
M5RUD2	clustalo	time	1.55
M5RUD2	famsa	lddt	0.551634
M5RUD2	famsa	lddt_columns	718/801
M5RUD2	famsa_osc	lddt	0.615403
M5RUD2	famsa_osc	lddt_columns	718/801
M5RUD2	famsa	time	0.49
M5RUD2	foldmason_fast	lddt	0.554451
M5RUD2	foldmason_fast	lddt_columns	756/853
M5RUD2	foldmason_fast_osc	lddt	0.625591
M5RUD2	foldmason_fast_osc	lddt_columns	756/853
M5RUD2	foldmason_fast	time	2.97
M5RUD2	foldmason	lddt	0.547860
M5RUD2	foldmason	lddt_columns	764/867
M5RUD2	foldmason_osc	lddt	0.621720
M5RUD2	foldmason_osc	lddt_columns	764/867
M5RUD2	foldmason_refine100	lddt	0.550042
M5RUD2	foldmason_refine100	lddt_columns	774/864
M5RUD2	foldmason_refine100_osc	lddt	0.614000
M5RUD2	foldmason_refine100_osc	lddt_columns	774/864
M5RUD2	foldmason_refine100_rosc	lddt	0.541344
M5RUD2	foldmason_refine100_rosc	lddt_columns	762/880
M5RUD2	foldmason_refine100_rosc_osc	lddt	0.625175
M5RUD2	foldmason_refine100_rosc_osc	lddt_columns	762/880
M5RUD2	foldmason_refine100_rosc	time	48.79
M5RUD2	foldmason_refine100	time	39.64
M5RUD2	foldmason	time	2.21
M5RUD2	mafft_3di	lddt	0.572854
M5RUD2	mafft_3di	lddt_columns	704/838
M5RUD2	mafft_3di_osc	lddt	0.681892
M5RUD2	mafft_3di_osc	lddt_columns	704/838
M5RUD2	mafft_3di	time	1.32
M5RUD2	mafft	lddt	0.539640
M5RUD2	mafft	lddt_columns	779/861
M5RUD2	mafft_osc	lddt	0.596444
M5RUD2	mafft_osc	lddt_columns	779/861
M5RUD2	mafft	time	3.77
M5RUD2	matt	lddt	0.034757
M5RUD2	matt	lddt_columns	1293/7158
M5RUD2	matt_osc	lddt	0.192411
M5RUD2	matt_osc	lddt_columns	1293/7158
M5RUD2	matt	time	9282.39
M5RUD2	mtmalign	lddt	0.119817
M5RUD2	mtmalign	lddt_columns	1356/3668
M5RUD2	mtmalign_osc	lddt	0.324106
M5RUD2	mtmalign_osc	lddt_columns	1356/3668
M5RUD2	mtmalign	time	275.50
M5RUD2	muscle	lddt	0.443738
M5RUD2	muscle	lddt_columns	768/1025
M5RUD2	muscle_osc	lddt	0.592228
M5RUD2	muscle_osc	lddt_columns	768/1025
M5RUD2	muscle	time	16.52
M5RUD2	mustang	lddt	0.414929
M5RUD2	mustang	lddt_columns	817/1184
M5RUD2	mustang_osc	lddt	0.601318
M5RUD2	mustang_osc	lddt_columns	817/1184
M5RUD2	mustang	time	3228.63
M5RUD2	usalign	lddt	0.129200
M5RUD2	usalign	lddt_columns	1548/3529
M5RUD2	usalign_osc	lddt	0.294539
M5RUD2	usalign_osc	lddt_columns	1548/3529
M5RUD2	usalign	time	69.70
Q0HSW5	3dcoffee	lddt	0.659574
Q0HSW5	3dcoffee	lddt_columns	232/278
Q0HSW5	3dcoffee_osc	lddt	0.790351
Q0HSW5	3dcoffee_osc	lddt_columns	232/278
Q0HSW5	3dcoffee	time	356.36
Q0HSW5	caretta	lddt	0.631454
Q0HSW5	caretta	lddt_columns	249/261
Q0HSW5	caretta_osc	lddt	0.661885
Q0HSW5	caretta_osc	lddt_columns	249/261
Q0HSW5	caretta	time	104.37
Q0HSW5	clustalo	lddt	0.618170
Q0HSW5	clustalo	lddt_columns	256/290
Q0HSW5	clustalo_osc	lddt	0.700270
Q0HSW5	clustalo_osc	lddt_columns	256/290
Q0HSW5	clustalo	time	0.22
Q0HSW5	famsa	lddt	0.612891
Q0HSW5	famsa	lddt_columns	246/293
Q0HSW5	famsa_osc	lddt	0.729988
Q0HSW5	famsa_osc	lddt_columns	246/293
Q0HSW5	famsa	time	0.10
Q0HSW5	foldmason_fast	lddt	0.655309
Q0HSW5	foldmason_fast	lddt_columns	254/280
Q0HSW5	foldmason_fast_osc	lddt	0.722387
Q0HSW5	foldmason_fast_osc	lddt_columns	254/280
Q0HSW5	foldmason_fast	time	0.51
Q0HSW5	foldmason	lddt	0.659010
Q0HSW5	foldmason	lddt_columns	270/284
Q0HSW5	foldmason_osc	lddt	0.693181
Q0HSW5	foldmason_osc	lddt_columns	270/284
Q0HSW5	foldmason_refine100	lddt	0.660400
Q0HSW5	foldmason_refine100	lddt_columns	269/284
Q0HSW5	foldmason_refine100_osc	lddt	0.697225
Q0HSW5	foldmason_refine100_osc	lddt_columns	269/284
Q0HSW5	foldmason_refine100_rosc	lddt	0.643196
Q0HSW5	foldmason_refine100_rosc	lddt_columns	261/289
Q0HSW5	foldmason_refine100_rosc_osc	lddt	0.712198
Q0HSW5	foldmason_refine100_rosc_osc	lddt_columns	261/289
Q0HSW5	foldmason_refine100_rosc	time	5.77
Q0HSW5	foldmason_refine100	time	5.80
Q0HSW5	foldmason	time	0.43
Q0HSW5	mafft_3di	lddt	0.667289
Q0HSW5	mafft_3di	lddt_columns	249/279
Q0HSW5	mafft_3di_osc	lddt	0.747685
Q0HSW5	mafft_3di_osc	lddt_columns	249/279
Q0HSW5	mafft_3di	time	0.35
Q0HSW5	mafft	lddt	0.611739
Q0HSW5	mafft	lddt_columns	273/297
Q0HSW5	mafft_osc	lddt	0.665518
Q0HSW5	mafft_osc	lddt_columns	273/297
Q0HSW5	mafft	time	0.70
Q0HSW5	matt	lddt	0.188717
Q0HSW5	matt	lddt_columns	299/870
Q0HSW5	matt_osc	lddt	0.549111
Q0HSW5	matt_osc	lddt_columns	299/870
Q0HSW5	matt	time	521.78
Q0HSW5	mtmalign	lddt	0.253846
Q0HSW5	mtmalign	lddt_columns	325/702
Q0HSW5	mtmalign_osc	lddt	0.548307
Q0HSW5	mtmalign_osc	lddt_columns	325/702
Q0HSW5	mtmalign	time	24.30
Q0HSW5	muscle	lddt	0.504198
Q0HSW5	muscle	lddt_columns	281/353
Q0HSW5	muscle_osc	lddt	0.633387
Q0HSW5	muscle_osc	lddt_columns	281/353
Q0HSW5	muscle	time	2.49
Q0HSW5	mustang	lddt	0.385821
Q0HSW5	mustang	lddt_columns	304/475
Q0HSW5	mustang_osc	lddt	0.602845
Q0HSW5	mustang_osc	lddt_columns	304/475
Q0HSW5	mustang	time	142.93
Q0HSW5	usalign	lddt	0.305166
Q0HSW5	usalign	lddt_columns	315/599
Q0HSW5	usalign_osc	lddt	0.580299
Q0HSW5	usalign_osc	lddt_columns	315/599
Q0HSW5	usalign	time	10.36
Q1PZJ0	3dcoffee	lddt	0.607666
Q1PZJ0	3dcoffee	lddt_columns	294/320
Q1PZJ0	3dcoffee_osc	lddt	0.661406
Q1PZJ0	3dcoffee_osc	lddt_columns	294/320
Q1PZJ0	3dcoffee	time	401.20
Q1PZJ0	caretta	lddt	0.514925
Q1PZJ0	caretta	lddt_columns	314/324
Q1PZJ0	caretta_osc	lddt	0.531324
Q1PZJ0	caretta_osc	lddt_columns	314/324
Q1PZJ0	caretta	time	53.99
Q1PZJ0	clustalo	lddt	0.508220
Q1PZJ0	clustalo	lddt_columns	337/369
Q1PZJ0	clustalo_osc	lddt	0.556479
Q1PZJ0	clustalo_osc	lddt_columns	337/369
Q1PZJ0	clustalo	time	0.33
Q1PZJ0	famsa	lddt	0.529879
Q1PZJ0	famsa	lddt_columns	300/345
Q1PZJ0	famsa_osc	lddt	0.609361
Q1PZJ0	famsa_osc	lddt_columns	300/345
Q1PZJ0	famsa	time	0.14
Q1PZJ0	foldmason_fast	lddt	0.629141
Q1PZJ0	foldmason_fast	lddt_columns	307/314
Q1PZJ0	foldmason_fast_osc	lddt	0.643486
Q1PZJ0	foldmason_fast_osc	lddt_columns	307/314
Q1PZJ0	foldmason_fast	time	1.63
Q1PZJ0	foldmason	lddt	0.566295
Q1PZJ0	foldmason	lddt_columns	329/341
Q1PZJ0	foldmason_osc	lddt	0.586950
Q1PZJ0	foldmason_osc	lddt_columns	329/341
Q1PZJ0	foldmason_refine100	lddt	0.582665
Q1PZJ0	foldmason_refine100	lddt_columns	328/333
Q1PZJ0	foldmason_refine100_osc	lddt	0.591547
Q1PZJ0	foldmason_refine100_osc	lddt_columns	328/333
Q1PZJ0	foldmason_refine100_rosc	lddt	0.540196
Q1PZJ0	foldmason_refine100_rosc	lddt_columns	306/352
Q1PZJ0	foldmason_refine100_rosc_osc	lddt	0.621402
Q1PZJ0	foldmason_refine100_rosc_osc	lddt_columns	306/352
Q1PZJ0	foldmason_refine100_rosc	time	48.16
Q1PZJ0	foldmason_refine100	time	20.38
Q1PZJ0	foldmason	time	5.63
Q1PZJ0	mafft_3di	lddt	0.598448
Q1PZJ0	mafft_3di	lddt_columns	275/316
Q1PZJ0	mafft_3di_osc	lddt	0.687671
Q1PZJ0	mafft_3di_osc	lddt_columns	275/316
Q1PZJ0	mafft_3di	time	0.50
Q1PZJ0	mafft	lddt	0.515151
Q1PZJ0	mafft	lddt_columns	321/363
Q1PZJ0	mafft_osc	lddt	0.582554
Q1PZJ0	mafft_osc	lddt_columns	321/363
Q1PZJ0	mafft	time	1.14
Q1PZJ0	matt	lddt	0.124785
Q1PZJ0	matt	lddt_columns	420/1345
Q1PZJ0	matt_osc	lddt	0.399610
Q1PZJ0	matt_osc	lddt_columns	420/1345
Q1PZJ0	matt	time	560.97
Q1PZJ0	mtmalign	lddt	0.208418
Q1PZJ0	mtmalign	lddt_columns	383/928
Q1PZJ0	mtmalign_osc	lddt	0.504991
Q1PZJ0	mtmalign_osc	lddt_columns	383/928
Q1PZJ0	mtmalign	time	27.19
Q1PZJ0	muscle	lddt	0.432904
Q1PZJ0	muscle	lddt_columns	321/416
Q1PZJ0	muscle_osc	lddt	0.561022
Q1PZJ0	muscle_osc	lddt_columns	321/416
Q1PZJ0	muscle	time	3.55
Q1PZJ0	mustang	lddt	0.375298
Q1PZJ0	mustang	lddt_columns	344/517
Q1PZJ0	mustang_osc	lddt	0.564039
Q1PZJ0	mustang_osc	lddt_columns	344/517
Q1PZJ0	mustang	time	122.87
Q1PZJ0	usalign	lddt	0.226724
Q1PZJ0	usalign	lddt_columns	390/853
Q1PZJ0	usalign_osc	lddt	0.495885
Q1PZJ0	usalign_osc	lddt_columns	390/853
Q1PZJ0	usalign	time	11.16
Q384X5	3dcoffee	lddt	0.713292
Q384X5	3dcoffee	lddt_columns	617/686
Q384X5	3dcoffee_osc	lddt	0.793060
Q384X5	3dcoffee_osc	lddt_columns	617/686
Q384X5	3dcoffee	time	1593.98
Q384X5	caretta	lddt	0.517704
Q384X5	caretta	lddt_columns	688/714
Q384X5	caretta_osc	lddt	0.537269
Q384X5	caretta_osc	lddt_columns	688/714
Q384X5	caretta	time	164.78
Q384X5	clustalo	lddt	0.610871
Q384X5	clustalo	lddt_columns	689/814
Q384X5	clustalo_osc	lddt	0.721696
Q384X5	clustalo_osc	lddt_columns	689/814
Q384X5	clustalo	time	1.29
Q384X5	famsa	lddt	0.633385
Q384X5	famsa	lddt_columns	686/772
Q384X5	famsa_osc	lddt	0.712789
Q384X5	famsa_osc	lddt_columns	686/772
Q384X5	famsa	time	0.31
Q384X5	foldmason_fast	lddt	0.718759
Q384X5	foldmason_fast	lddt_columns	695/708
Q384X5	foldmason_fast_osc	lddt	0.732203
Q384X5	foldmason_fast_osc	lddt_columns	695/708
Q384X5	foldmason_fast	time	1.71
Q384X5	foldmason	lddt	0.680068
Q384X5	foldmason	lddt_columns	717/758
Q384X5	foldmason_osc	lddt	0.718956
Q384X5	foldmason_osc	lddt_columns	717/758
Q384X5	foldmason_refine100	lddt	0.688246
Q384X5	foldmason_refine100	lddt_columns	723/751
Q384X5	foldmason_refine100_osc	lddt	0.714900
Q384X5	foldmason_refine100_osc	lddt_columns	723/751
Q384X5	foldmason_refine100_rosc	lddt	0.675265
Q384X5	foldmason_refine100_rosc	lddt_columns	712/762
Q384X5	foldmason_refine100_rosc_osc	lddt	0.722685
Q384X5	foldmason_refine100_rosc_osc	lddt_columns	712/762
Q384X5	foldmason_refine100_rosc	time	36.12
Q384X5	foldmason_refine100	time	31.14
Q384X5	foldmason	time	1.54
Q384X5	mafft_3di	lddt	0.679444
Q384X5	mafft_3di	lddt_columns	664/742
Q384X5	mafft_3di_osc	lddt	0.759258
Q384X5	mafft_3di_osc	lddt_columns	664/742
Q384X5	mafft_3di	time	1.30
Q384X5	mafft	lddt	0.616702
Q384X5	mafft	lddt_columns	698/804
Q384X5	mafft_osc	lddt	0.710356
Q384X5	mafft_osc	lddt_columns	698/804
Q384X5	mafft	time	2.65
Q384X5	matt	lddt	0.047159
Q384X5	matt	lddt_columns	1292/6542
Q384X5	matt_osc	lddt	0.238789
Q384X5	matt_osc	lddt_columns	1292/6542
Q384X5	matt	time	8981.59
Q384X5	mtmalign	lddt	0.131209
Q384X5	mtmalign	lddt_columns	1297/3549
Q384X5	mtmalign_osc	lddt	0.359029
Q384X5	mtmalign_osc	lddt_columns	1297/3549
Q384X5	mtmalign	time	184.08
Q384X5	muscle	lddt	0.545336
Q384X5	muscle	lddt_columns	638/883
Q384X5	muscle_osc	lddt	0.754751
Q384X5	muscle_osc	lddt_columns	638/883
Q384X5	muscle	time	12.23
Q384X5	mustang	lddt	0.416742
Q384X5	mustang	lddt_columns	747/1176
Q384X5	mustang_osc	lddt	0.656075
Q384X5	mustang_osc	lddt_columns	747/1176
Q384X5	mustang	time	1884.39
Q384X5	usalign	lddt	0.157972
Q384X5	usalign	lddt_columns	1511/3152
Q384X5	usalign_osc	lddt	0.329536
Q384X5	usalign_osc	lddt_columns	1511/3152
Q384X5	usalign	time	45.66
Q3SL35	3dcoffee	lddt	0.471660
Q3SL35	3dcoffee	lddt_columns	282/359
Q3SL35	3dcoffee_osc	lddt	0.600447
Q3SL35	3dcoffee_osc	lddt_columns	282/359
Q3SL35	3dcoffee	time	348.90
Q3SL35	caretta	lddt	0.538786
Q3SL35	caretta	lddt_columns	261/271
Q3SL35	caretta_osc	lddt	0.559429
Q3SL35	caretta_osc	lddt_columns	261/271
Q3SL35	caretta	time	106.52
Q3SL35	clustalo	lddt	0.415914
Q3SL35	clustalo	lddt_columns	332/390
Q3SL35	clustalo_osc	lddt	0.488574
Q3SL35	clustalo_osc	lddt_columns	332/390
Q3SL35	clustalo	time	0.21
Q3SL35	famsa	lddt	0.557002
Q3SL35	famsa	lddt_columns	244/266
Q3SL35	famsa_osc	lddt	0.607223
Q3SL35	famsa_osc	lddt_columns	244/266
Q3SL35	famsa	time	0.10
Q3SL35	foldmason_fast	lddt	0.575533
Q3SL35	foldmason_fast	lddt_columns	275/290
Q3SL35	foldmason_fast_osc	lddt	0.606926
Q3SL35	foldmason_fast_osc	lddt_columns	275/290
Q3SL35	foldmason_fast	time	0.72
Q3SL35	foldmason	lddt	0.552773
Q3SL35	foldmason	lddt_columns	274/294
Q3SL35	foldmason_osc	lddt	0.593121
Q3SL35	foldmason_osc	lddt_columns	274/294
Q3SL35	foldmason_refine100	lddt	0.561241
Q3SL35	foldmason_refine100	lddt_columns	289/294
Q3SL35	foldmason_refine100_osc	lddt	0.570951
Q3SL35	foldmason_refine100_osc	lddt_columns	289/294
Q3SL35	foldmason_refine100_rosc	lddt	0.550701
Q3SL35	foldmason_refine100_rosc	lddt_columns	272/296
Q3SL35	foldmason_refine100_rosc_osc	lddt	0.599293
Q3SL35	foldmason_refine100_rosc_osc	lddt_columns	272/296
Q3SL35	foldmason_refine100_rosc	time	6.87
Q3SL35	foldmason_refine100	time	6.87
Q3SL35	foldmason	time	0.37
Q3SL35	mafft_3di	lddt	0.539559
Q3SL35	mafft_3di	lddt_columns	265/304
Q3SL35	mafft_3di_osc	lddt	0.618965
Q3SL35	mafft_3di_osc	lddt_columns	265/304
Q3SL35	mafft_3di	time	0.44
Q3SL35	mafft	lddt	0.461212
Q3SL35	mafft	lddt_columns	280/333
Q3SL35	mafft_osc	lddt	0.548513
Q3SL35	mafft_osc	lddt_columns	280/333
Q3SL35	mafft	time	0.65
Q3SL35	matt	lddt	0.065158
Q3SL35	matt	lddt_columns	559/1909
Q3SL35	matt_osc	lddt	0.222517
Q3SL35	matt_osc	lddt_columns	559/1909
Q3SL35	matt	time	472.42
Q3SL35	mtmalign	lddt	0.177434
Q3SL35	mtmalign	lddt_columns	545/1078
Q3SL35	mtmalign_osc	lddt	0.350961
Q3SL35	mtmalign_osc	lddt_columns	545/1078
Q3SL35	mtmalign	time	21.68
Q3SL35	muscle	lddt	0.391334
Q3SL35	muscle	lddt_columns	297/385
Q3SL35	muscle_osc	lddt	0.507285
Q3SL35	muscle_osc	lddt_columns	297/385
Q3SL35	muscle	time	3.70
Q3SL35	mustang	lddt	0.342338
Q3SL35	mustang	lddt_columns	320/496
Q3SL35	mustang_osc	lddt	0.530624
Q3SL35	mustang_osc	lddt_columns	320/496
Q3SL35	mustang	time	145.07
Q3SL35	usalign	lddt	0.202222
Q3SL35	usalign	lddt_columns	555/953
Q3SL35	usalign_osc	lddt	0.347240
Q3SL35	usalign_osc	lddt_columns	555/953
Q3SL35	usalign	time	8.76
R1FSM3	3dcoffee	lddt	0.523062
R1FSM3	3dcoffee	lddt_columns	747/923
R1FSM3	3dcoffee_osc	lddt	0.646300
R1FSM3	3dcoffee_osc	lddt_columns	747/923
R1FSM3	3dcoffee	time	1761.21
R1FSM3	caretta	lddt	0.487290
R1FSM3	caretta	lddt_columns	772/870
R1FSM3	caretta_osc	lddt	0.549148
R1FSM3	caretta_osc	lddt_columns	772/870
R1FSM3	caretta	time	113.61
R1FSM3	clustalo	lddt	0.488574
R1FSM3	clustalo	lddt_columns	840/973
R1FSM3	clustalo_osc	lddt	0.565931
R1FSM3	clustalo_osc	lddt_columns	840/973
R1FSM3	clustalo	time	2.10
R1FSM3	famsa	lddt	0.441672
R1FSM3	famsa	lddt_columns	765/1013
R1FSM3	famsa_osc	lddt	0.584855
R1FSM3	famsa_osc	lddt_columns	765/1013
R1FSM3	famsa	time	0.45
R1FSM3	foldmason_fast	lddt	0.498243
R1FSM3	foldmason_fast	lddt_columns	822/953
R1FSM3	foldmason_fast_osc	lddt	0.577647
R1FSM3	foldmason_fast_osc	lddt_columns	822/953
R1FSM3	foldmason_fast	time	2.34
R1FSM3	foldmason	lddt	0.511779
R1FSM3	foldmason	lddt_columns	814/947
R1FSM3	foldmason_osc	lddt	0.595398
R1FSM3	foldmason_osc	lddt_columns	814/947
R1FSM3	foldmason_refine100	lddt	0.517245
R1FSM3	foldmason_refine100	lddt_columns	831/936
R1FSM3	foldmason_refine100_osc	lddt	0.582601
R1FSM3	foldmason_refine100_osc	lddt_columns	831/936
R1FSM3	foldmason_refine100_rosc	lddt	0.488835
R1FSM3	foldmason_refine100_rosc	lddt_columns	787/978
R1FSM3	foldmason_refine100_rosc_osc	lddt	0.607472
R1FSM3	foldmason_refine100_rosc_osc	lddt_columns	787/978
R1FSM3	foldmason_refine100_rosc	time	46.52
R1FSM3	foldmason_refine100	time	39.73
R1FSM3	foldmason	time	2.82
R1FSM3	mafft_3di	lddt	0.515377
R1FSM3	mafft_3di	lddt_columns	731/929
R1FSM3	mafft_3di_osc	lddt	0.654973
R1FSM3	mafft_3di_osc	lddt_columns	731/929
R1FSM3	mafft_3di	time	1.79
R1FSM3	mafft	lddt	0.457572
R1FSM3	mafft	lddt_columns	849/1035
R1FSM3	mafft_osc	lddt	0.557818
R1FSM3	mafft_osc	lddt_columns	849/1035
R1FSM3	mafft	time	5.02
R1FSM3	matt	lddt	0.173981
R1FSM3	matt	lddt_columns	887/2505
R1FSM3	matt_osc	lddt	0.491346
R1FSM3	matt_osc	lddt_columns	887/2505
R1FSM3	matt	time	2777.30
R1FSM3	mtmalign	lddt	0.186493
R1FSM3	mtmalign	lddt_columns	918/2449
R1FSM3	mtmalign_osc	lddt	0.497518
R1FSM3	mtmalign_osc	lddt_columns	918/2449
R1FSM3	mtmalign	time	208.13
R1FSM3	muscle	lddt	0.389808
R1FSM3	muscle	lddt_columns	767/1171
R1FSM3	muscle_osc	lddt	0.595130
R1FSM3	muscle_osc	lddt_columns	767/1171
R1FSM3	muscle	time	16.73
R1FSM3	mustang	lddt	0.298420
R1FSM3	mustang	lddt_columns	955/1598
R1FSM3	mustang_osc	lddt	0.499346
R1FSM3	mustang_osc	lddt_columns	955/1598
R1FSM3	mustang	time	1680.14
R1FSM3	usalign	lddt	0.285133
R1FSM3	usalign	lddt_columns	965/1690
R1FSM3	usalign_osc	lddt	0.499352
R1FSM3	usalign_osc	lddt_columns	965/1690
R1FSM3	usalign	time	59.00
R6WAH6	3dcoffee	lddt	0.666769
R6WAH6	3dcoffee	lddt_columns	166/199
R6WAH6	3dcoffee_osc	lddt	0.799320
R6WAH6	3dcoffee_osc	lddt_columns	166/199
R6WAH6	3dcoffee	time	290.38
R6WAH6	caretta	lddt	0.581508
R6WAH6	caretta	lddt_columns	195/204
R6WAH6	caretta_osc	lddt	0.608347
R6WAH6	caretta_osc	lddt_columns	195/204
R6WAH6	caretta	time	46.67
R6WAH6	clustalo	lddt	0.551434
R6WAH6	clustalo	lddt_columns	197/237
R6WAH6	clustalo_osc	lddt	0.663400
R6WAH6	clustalo_osc	lddt_columns	197/237
R6WAH6	clustalo	time	0.11
R6WAH6	famsa	lddt	0.567786
R6WAH6	famsa	lddt_columns	183/228
R6WAH6	famsa_osc	lddt	0.707405
R6WAH6	famsa_osc	lddt_columns	183/228
R6WAH6	famsa	time	0.08
R6WAH6	foldmason_fast	lddt	0.681558
R6WAH6	foldmason_fast	lddt_columns	174/196
R6WAH6	foldmason_fast_osc	lddt	0.767732
R6WAH6	foldmason_fast_osc	lddt_columns	174/196
R6WAH6	foldmason_fast	time	2.03
R6WAH6	foldmason	lddt	0.644907
R6WAH6	foldmason	lddt_columns	176/202
R6WAH6	foldmason_osc	lddt	0.740178
R6WAH6	foldmason_osc	lddt_columns	176/202
R6WAH6	foldmason_refine100	lddt	0.652164
R6WAH6	foldmason_refine100	lddt_columns	187/202
R6WAH6	foldmason_refine100_osc	lddt	0.704476
R6WAH6	foldmason_refine100_osc	lddt_columns	187/202
R6WAH6	foldmason_refine100_rosc	lddt	0.625817
R6WAH6	foldmason_refine100_rosc	lddt_columns	168/207
R6WAH6	foldmason_refine100_rosc_osc	lddt	0.771096
R6WAH6	foldmason_refine100_rosc_osc	lddt_columns	168/207
R6WAH6	foldmason_refine100_rosc	time	9.83
R6WAH6	foldmason_refine100	time	23.30
R6WAH6	foldmason	time	42.08
R6WAH6	mafft_3di	lddt	0.624790
R6WAH6	mafft_3di	lddt_columns	169/211
R6WAH6	mafft_3di_osc	lddt	0.780063
R6WAH6	mafft_3di_osc	lddt_columns	169/211
R6WAH6	mafft_3di	time	0.31
R6WAH6	mafft	lddt	0.546472
R6WAH6	mafft	lddt_columns	201/238
R6WAH6	mafft_osc	lddt	0.647066
R6WAH6	mafft_osc	lddt_columns	201/238
R6WAH6	mafft	time	0.52
R6WAH6	matt	lddt	0.092344
R6WAH6	matt	lddt_columns	190/1071
R6WAH6	matt_osc	lddt	0.520529
R6WAH6	matt_osc	lddt_columns	190/1071
R6WAH6	matt	time	270.48
R6WAH6	mtmalign	lddt	0.188710
R6WAH6	mtmalign	lddt_columns	332/736
R6WAH6	mtmalign_osc	lddt	0.418345
R6WAH6	mtmalign_osc	lddt_columns	332/736
R6WAH6	mtmalign	time	11.01
R6WAH6	muscle	lddt	0.445295
R6WAH6	muscle	lddt_columns	185/277
R6WAH6	muscle_osc	lddt	0.666739
R6WAH6	muscle_osc	lddt_columns	185/277
R6WAH6	muscle	time	1.27
R6WAH6	mustang	lddt	0.416305
R6WAH6	mustang	lddt_columns	188/294
R6WAH6	mustang_osc	lddt	0.651030
R6WAH6	mustang_osc	lddt_columns	188/294
R6WAH6	mustang	time	39.94
R6WAH6	usalign	lddt	0.182079
R6WAH6	usalign	lddt_columns	381/765
R6WAH6	usalign_osc	lddt	0.365592
R6WAH6	usalign_osc	lddt_columns	381/765
R6WAH6	usalign	time	3.79
R7ETQ2	3dcoffee	lddt	0.417094
R7ETQ2	3dcoffee	lddt_columns	612/762
R7ETQ2	3dcoffee_osc	lddt	0.519323
R7ETQ2	3dcoffee_osc	lddt_columns	612/762
R7ETQ2	3dcoffee	time	1532.56
R7ETQ2	caretta	lddt	0.410255
R7ETQ2	caretta	lddt_columns	561/567
R7ETQ2	caretta_osc	lddt	0.414643
R7ETQ2	caretta_osc	lddt_columns	561/567
R7ETQ2	caretta	time	94.93
R7ETQ2	clustalo	lddt	0.356118
R7ETQ2	clustalo	lddt_columns	756/808
R7ETQ2	clustalo_osc	lddt	0.380613
R7ETQ2	clustalo_osc	lddt_columns	756/808
R7ETQ2	clustalo	time	1.16
R7ETQ2	famsa	lddt	0.368990
R7ETQ2	famsa	lddt_columns	616/730
R7ETQ2	famsa_osc	lddt	0.437277
R7ETQ2	famsa_osc	lddt_columns	616/730
R7ETQ2	famsa	time	0.34
R7ETQ2	foldmason_fast	lddt	0.459571
R7ETQ2	foldmason_fast	lddt_columns	641/671
R7ETQ2	foldmason_fast_osc	lddt	0.481080
R7ETQ2	foldmason_fast_osc	lddt_columns	641/671
R7ETQ2	foldmason_fast	time	2.73
R7ETQ2	foldmason	lddt	0.466721
R7ETQ2	foldmason	lddt_columns	616/666
R7ETQ2	foldmason_osc	lddt	0.504604
R7ETQ2	foldmason_osc	lddt_columns	616/666
R7ETQ2	foldmason_refine100	lddt	0.468573
R7ETQ2	foldmason_refine100	lddt_columns	627/665
R7ETQ2	foldmason_refine100_osc	lddt	0.496971
R7ETQ2	foldmason_refine100_osc	lddt_columns	627/665
R7ETQ2	foldmason_refine100_rosc	lddt	0.437327
R7ETQ2	foldmason_refine100_rosc	lddt_columns	604/707
R7ETQ2	foldmason_refine100_rosc_osc	lddt	0.511905
R7ETQ2	foldmason_refine100_rosc_osc	lddt_columns	604/707
R7ETQ2	foldmason_refine100_rosc	time	33.06
R7ETQ2	foldmason_refine100	time	47.63
R7ETQ2	foldmason	time	9.35
R7ETQ2	mafft_3di	lddt	0.423301
R7ETQ2	mafft_3di	lddt_columns	610/757
R7ETQ2	mafft_3di_osc	lddt	0.525310
R7ETQ2	mafft_3di_osc	lddt_columns	610/757
R7ETQ2	mafft_3di	time	1.36
R7ETQ2	mafft	lddt	0.383816
R7ETQ2	mafft	lddt_columns	668/744
R7ETQ2	mafft_osc	lddt	0.427483
R7ETQ2	mafft_osc	lddt_columns	668/744
R7ETQ2	mafft	time	4.19
R7ETQ2	matt	lddt	0.055835
R7ETQ2	matt	lddt_columns	1267/4338
R7ETQ2	matt_osc	lddt	0.191169
R7ETQ2	matt_osc	lddt_columns	1267/4338
R7ETQ2	matt	time	1744.11
R7ETQ2	mtmalign	lddt	0.117405
R7ETQ2	mtmalign	lddt_columns	1118/2937
R7ETQ2	mtmalign_osc	lddt	0.308424
R7ETQ2	mtmalign_osc	lddt_columns	1118/2937
R7ETQ2	mtmalign	time	144.61
R7ETQ2	muscle	lddt	0.301315
R7ETQ2	muscle	lddt_columns	705/967
R7ETQ2	muscle_osc	lddt	0.413294
R7ETQ2	muscle_osc	lddt_columns	705/967
R7ETQ2	muscle	time	13.72
R7ETQ2	mustang	lddt	0.271714
R7ETQ2	mustang	lddt_columns	795/1224
R7ETQ2	mustang_osc	lddt	0.418338
R7ETQ2	mustang_osc	lddt_columns	795/1224
R7ETQ2	mustang	time	2237.61
R7ETQ2	usalign	lddt	0.161214
R7ETQ2	usalign	lddt_columns	1040/2156
R7ETQ2	usalign_osc	lddt	0.334208
R7ETQ2	usalign_osc	lddt_columns	1040/2156
R7ETQ2	usalign	time	45.27
R8APS3	3dcoffee	lddt	0.636594
R8APS3	3dcoffee	lddt_columns	173/202
R8APS3	3dcoffee_osc	lddt	0.743306
R8APS3	3dcoffee_osc	lddt_columns	173/202
R8APS3	3dcoffee	time	283.74
R8APS3	caretta	lddt	0.584307
R8APS3	caretta	lddt_columns	182/196
R8APS3	caretta_osc	lddt	0.629254
R8APS3	caretta_osc	lddt_columns	182/196
R8APS3	caretta	time	46.59
R8APS3	clustalo	lddt	0.549126
R8APS3	clustalo	lddt_columns	190/217
R8APS3	clustalo_osc	lddt	0.627160
R8APS3	clustalo_osc	lddt_columns	190/217
R8APS3	clustalo	time	0.12
R8APS3	famsa	lddt	0.515173
R8APS3	famsa	lddt_columns	179/230
R8APS3	famsa_osc	lddt	0.661954
R8APS3	famsa_osc	lddt_columns	179/230
R8APS3	famsa	time	0.08
R8APS3	foldmason_fast	lddt	0.618556
R8APS3	foldmason_fast	lddt_columns	189/200
R8APS3	foldmason_fast_osc	lddt	0.654556
R8APS3	foldmason_fast_osc	lddt_columns	189/200
R8APS3	foldmason_fast	time	1.03
R8APS3	foldmason	lddt	0.602732
R8APS3	foldmason	lddt_columns	170/199
R8APS3	foldmason_osc	lddt	0.705551
R8APS3	foldmason_osc	lddt_columns	170/199
R8APS3	foldmason_refine100	lddt	0.624055
R8APS3	foldmason_refine100	lddt_columns	193/197
R8APS3	foldmason_refine100_osc	lddt	0.636989
R8APS3	foldmason_refine100_osc	lddt_columns	193/197
R8APS3	foldmason_refine100_rosc	lddt	0.589053
R8APS3	foldmason_refine100_rosc	lddt_columns	170/204
R8APS3	foldmason_refine100_rosc_osc	lddt	0.706864
R8APS3	foldmason_refine100_rosc_osc	lddt_columns	170/204
R8APS3	foldmason_refine100_rosc	time	4.85
R8APS3	foldmason_refine100	time	4.80
R8APS3	foldmason	time	0.25
R8APS3	mafft_3di	lddt	0.626535
R8APS3	mafft_3di	lddt_columns	176/198
R8APS3	mafft_3di_osc	lddt	0.704852
R8APS3	mafft_3di_osc	lddt_columns	176/198
R8APS3	mafft_3di	time	0.34
R8APS3	mafft	lddt	0.535579
R8APS3	mafft	lddt_columns	189/221
R8APS3	mafft_osc	lddt	0.626259
R8APS3	mafft_osc	lddt_columns	189/221
R8APS3	mafft	time	0.45
R8APS3	matt	lddt	0.129095
R8APS3	matt	lddt_columns	245/849
R8APS3	matt_osc	lddt	0.447355
R8APS3	matt_osc	lddt_columns	245/849
R8APS3	matt	time	100.66
R8APS3	mtmalign	lddt	0.224081
R8APS3	mtmalign	lddt_columns	251/566
R8APS3	mtmalign_osc	lddt	0.505298
R8APS3	mtmalign_osc	lddt_columns	251/566
R8APS3	mtmalign	time	14.54
R8APS3	muscle	lddt	0.461315
R8APS3	muscle	lddt_columns	176/247
R8APS3	muscle_osc	lddt	0.647413
R8APS3	muscle_osc	lddt_columns	176/247
R8APS3	muscle	time	1.56
R8APS3	mustang	lddt	0.449788
R8APS3	mustang	lddt_columns	188/282
R8APS3	mustang_osc	lddt	0.674682
R8APS3	mustang_osc	lddt_columns	188/282
R8APS3	mustang	time	55.20
R8APS3	usalign	lddt	0.210155
R8APS3	usalign	lddt_columns	280/617
R8APS3	usalign_osc	lddt	0.463092
R8APS3	usalign_osc	lddt_columns	280/617
R8APS3	usalign	time	5.40
R8GWM8	3dcoffee	lddt	0.663368
R8GWM8	3dcoffee	lddt_columns	151/173
R8GWM8	3dcoffee_osc	lddt	0.760018
R8GWM8	3dcoffee_osc	lddt_columns	151/173
R8GWM8	3dcoffee	time	266.93
R8GWM8	caretta	lddt	0.534347
R8GWM8	caretta	lddt_columns	168/181
R8GWM8	caretta_osc	lddt	0.575695
R8GWM8	caretta_osc	lddt_columns	168/181
R8GWM8	caretta	time	70.05
R8GWM8	clustalo	lddt	0.504871
R8GWM8	clustalo	lddt_columns	228/235
R8GWM8	clustalo_osc	lddt	0.520371
R8GWM8	clustalo_osc	lddt_columns	228/235
R8GWM8	clustalo	time	0.17
R8GWM8	famsa	lddt	0.517821
R8GWM8	famsa	lddt_columns	176/213
R8GWM8	famsa_osc	lddt	0.626681
R8GWM8	famsa_osc	lddt_columns	176/213
R8GWM8	famsa	time	0.08
R8GWM8	foldmason_fast	lddt	0.680312
R8GWM8	foldmason_fast	lddt_columns	160/168
R8GWM8	foldmason_fast_osc	lddt	0.714327
R8GWM8	foldmason_fast_osc	lddt_columns	160/168
R8GWM8	foldmason_fast	time	0.43
R8GWM8	foldmason	lddt	0.680136
R8GWM8	foldmason	lddt_columns	162/167
R8GWM8	foldmason_osc	lddt	0.701128
R8GWM8	foldmason_osc	lddt_columns	162/167
R8GWM8	foldmason_refine100	lddt	0.685922
R8GWM8	foldmason_refine100	lddt_columns	167/167
R8GWM8	foldmason_refine100_osc	lddt	0.685922
R8GWM8	foldmason_refine100_osc	lddt_columns	167/167
R8GWM8	foldmason_refine100_rosc	lddt	0.682679
R8GWM8	foldmason_refine100_rosc	lddt_columns	162/168
R8GWM8	foldmason_refine100_rosc_osc	lddt	0.707963
R8GWM8	foldmason_refine100_rosc_osc	lddt_columns	162/168
R8GWM8	foldmason_refine100_rosc	time	3.46
R8GWM8	foldmason_refine100	time	3.50
R8GWM8	foldmason	time	0.22
R8GWM8	mafft_3di	lddt	0.685089
R8GWM8	mafft_3di	lddt_columns	153/168
R8GWM8	mafft_3di_osc	lddt	0.752255
R8GWM8	mafft_3di_osc	lddt_columns	153/168
R8GWM8	mafft_3di	time	0.31
R8GWM8	mafft	lddt	0.512796
R8GWM8	mafft	lddt_columns	204/225
R8GWM8	mafft_osc	lddt	0.565584
R8GWM8	mafft_osc	lddt_columns	204/225
R8GWM8	mafft	time	0.60
R8GWM8	matt	lddt	0.053938
R8GWM8	matt	lddt_columns	190/1319
R8GWM8	matt_osc	lddt	0.374446
R8GWM8	matt_osc	lddt_columns	190/1319
R8GWM8	matt	time	131.07
R8GWM8	mtmalign	lddt	0.143094
R8GWM8	mtmalign	lddt_columns	316/805
R8GWM8	mtmalign_osc	lddt	0.364526
R8GWM8	mtmalign_osc	lddt_columns	316/805
R8GWM8	mtmalign	time	10.44
R8GWM8	muscle	lddt	0.342130
R8GWM8	muscle	lddt_columns	186/301
R8GWM8	muscle_osc	lddt	0.553663
R8GWM8	muscle_osc	lddt_columns	186/301
R8GWM8	muscle	time	1.52
R8GWM8	mustang	lddt	0.333940
R8GWM8	mustang	lddt_columns	231/343
R8GWM8	mustang_osc	lddt	0.495851
R8GWM8	mustang_osc	lddt_columns	231/343
R8GWM8	mustang	time	44.23
R8GWM8	usalign	lddt	0.124156
R8GWM8	usalign	lddt_columns	399/924
R8GWM8	usalign_osc	lddt	0.287518
R8GWM8	usalign_osc	lddt_columns	399/924
R8GWM8	usalign	time	2.71
R9KI14	3dcoffee	lddt	0.406537
R9KI14	3dcoffee	lddt_columns	752/969
R9KI14	3dcoffee_osc	lddt	0.523849
R9KI14	3dcoffee_osc	lddt_columns	752/969
R9KI14	3dcoffee	time	1445.91
R9KI14	caretta	lddt	0.446396
R9KI14	caretta	lddt_columns	686/702
R9KI14	caretta_osc	lddt	0.456808
R9KI14	caretta_osc	lddt_columns	686/702
R9KI14	caretta	time	107.65
R9KI14	clustalo	lddt	0.435947
R9KI14	clustalo	lddt_columns	800/924
R9KI14	clustalo_osc	lddt	0.503519
R9KI14	clustalo_osc	lddt_columns	800/924
R9KI14	clustalo	time	1.52
R9KI14	famsa	lddt	0.428961
R9KI14	famsa	lddt_columns	698/927
R9KI14	famsa_osc	lddt	0.569694
R9KI14	famsa_osc	lddt_columns	698/927
R9KI14	famsa	time	0.32
R9KI14	foldmason_fast	lddt	0.498190
R9KI14	foldmason_fast	lddt_columns	758/833
R9KI14	foldmason_fast_osc	lddt	0.547483
R9KI14	foldmason_fast_osc	lddt_columns	758/833
R9KI14	foldmason_fast	time	2.58
R9KI14	foldmason	lddt	0.498585
R9KI14	foldmason	lddt_columns	754/844
R9KI14	foldmason_osc	lddt	0.558098
R9KI14	foldmason_osc	lddt_columns	754/844
R9KI14	foldmason_refine100	lddt	0.501952
R9KI14	foldmason_refine100	lddt_columns	769/841
R9KI14	foldmason_refine100_osc	lddt	0.548949
R9KI14	foldmason_refine100_osc	lddt_columns	769/841
R9KI14	foldmason_refine100_rosc	lddt	0.474682
R9KI14	foldmason_refine100_rosc	lddt_columns	720/872
R9KI14	foldmason_refine100_rosc_osc	lddt	0.574892
R9KI14	foldmason_refine100_rosc_osc	lddt_columns	720/872
R9KI14	foldmason_refine100_rosc	time	26.08
R9KI14	foldmason_refine100	time	29.38
R9KI14	foldmason	time	1.80
R9KI14	mafft_3di	lddt	0.481204
R9KI14	mafft_3di	lddt_columns	697/880
R9KI14	mafft_3di_osc	lddt	0.607546
R9KI14	mafft_3di_osc	lddt_columns	697/880
R9KI14	mafft_3di	time	1.59
R9KI14	mafft	lddt	0.462643
R9KI14	mafft	lddt_columns	755/918
R9KI14	mafft_osc	lddt	0.562524
R9KI14	mafft_osc	lddt_columns	755/918
R9KI14	mafft	time	4.12
R9KI14	matt	lddt	0.062638
R9KI14	matt	lddt_columns	1393/4825
R9KI14	matt_osc	lddt	0.216963
R9KI14	matt_osc	lddt_columns	1393/4825
R9KI14	matt	time	3131.19
R9KI14	mtmalign	lddt	0.107707
R9KI14	mtmalign	lddt_columns	1336/3682
R9KI14	mtmalign_osc	lddt	0.296838
R9KI14	mtmalign_osc	lddt_columns	1336/3682
R9KI14	mtmalign	time	181.88
R9KI14	muscle	lddt	0.372028
R9KI14	muscle	lddt_columns	674/1088
R9KI14	muscle_osc	lddt	0.600544
R9KI14	muscle_osc	lddt_columns	674/1088
R9KI14	muscle	time	12.83
R9KI14	mustang	lddt	0.341918
R9KI14	mustang	lddt_columns	763/1244
R9KI14	mustang_osc	lddt	0.557465
R9KI14	mustang_osc	lddt_columns	763/1244
R9KI14	mustang	time	607.85
R9KI14	usalign	lddt	0.150692
R9KI14	usalign	lddt_columns	1519/2811
R9KI14	usalign_osc	lddt	0.278865
R9KI14	usalign_osc	lddt_columns	1519/2811
R9KI14	usalign	time	50.13
S7TGR0	3dcoffee	lddt	0.499394
S7TGR0	3dcoffee	lddt_columns	713/742
S7TGR0	3dcoffee_osc	lddt	0.519706
S7TGR0	3dcoffee_osc	lddt_columns	713/742
S7TGR0	3dcoffee	time	2175.62
S7TGR0	caretta	lddt	0.401170
S7TGR0	caretta	lddt_columns	787/832
S7TGR0	caretta_osc	lddt	0.424108
S7TGR0	caretta_osc	lddt_columns	787/832
S7TGR0	caretta	time	181.36
S7TGR0	clustalo	lddt	0.345722
S7TGR0	clustalo	lddt_columns	1173/1290
S7TGR0	clustalo_osc	lddt	0.380206
S7TGR0	clustalo_osc	lddt_columns	1173/1290
S7TGR0	clustalo	time	1.80
S7TGR0	famsa	lddt	0.376059
S7TGR0	famsa	lddt_columns	843/1010
S7TGR0	famsa_osc	lddt	0.450557
S7TGR0	famsa_osc	lddt_columns	843/1010
S7TGR0	famsa	time	0.42
S7TGR0	foldmason_fast	lddt	0.481059
S7TGR0	foldmason_fast	lddt_columns	894/955
S7TGR0	foldmason_fast_osc	lddt	0.513883
S7TGR0	foldmason_fast_osc	lddt_columns	894/955
S7TGR0	foldmason_fast	time	2.35
S7TGR0	foldmason	lddt	0.491653
S7TGR0	foldmason	lddt_columns	881/942
S7TGR0	foldmason_osc	lddt	0.525694
S7TGR0	foldmason_osc	lddt_columns	881/942
S7TGR0	foldmason_refine100	lddt	0.498955
S7TGR0	foldmason_refine100	lddt_columns	893/927
S7TGR0	foldmason_refine100_osc	lddt	0.517953
S7TGR0	foldmason_refine100_osc	lddt_columns	893/927
S7TGR0	foldmason_refine100_rosc	lddt	0.464913
S7TGR0	foldmason_refine100_rosc	lddt_columns	854/991
S7TGR0	foldmason_refine100_rosc_osc	lddt	0.539496
S7TGR0	foldmason_refine100_rosc_osc	lddt_columns	854/991
S7TGR0	foldmason_refine100_rosc	time	40.46
S7TGR0	foldmason_refine100	time	40.79
S7TGR0	foldmason	time	2.71
S7TGR0	mafft_3di	lddt	0.463784
S7TGR0	mafft_3di	lddt_columns	886/1031
S7TGR0	mafft_3di_osc	lddt	0.539685
S7TGR0	mafft_3di_osc	lddt_columns	886/1031
S7TGR0	mafft_3di	time	2.48
S7TGR0	mafft	lddt	0.362095
S7TGR0	mafft	lddt_columns	1134/1229
S7TGR0	mafft_osc	lddt	0.392430
S7TGR0	mafft_osc	lddt_columns	1134/1229
S7TGR0	mafft	time	8.66
S7TGR0	matt	lddt	0.040233
S7TGR0	matt	lddt_columns	1453/7146
S7TGR0	matt_osc	lddt	0.197869
S7TGR0	matt_osc	lddt_columns	1453/7146
S7TGR0	matt	time	15965.26
S7TGR0	mtmalign	lddt	0.106359
S7TGR0	mtmalign	lddt_columns	1786/4714
S7TGR0	mtmalign_osc	lddt	0.280725
S7TGR0	mtmalign_osc	lddt_columns	1786/4714
S7TGR0	mtmalign	time	222.96
S7TGR0	muscle	lddt	0.298336
S7TGR0	muscle	lddt_columns	1031/1419
S7TGR0	muscle_osc	lddt	0.410609
S7TGR0	muscle_osc	lddt_columns	1031/1419
S7TGR0	muscle	time	19.63
S7TGR0	mustang	lddt	0.317051
S7TGR0	mustang	lddt_columns	1072/1589
S7TGR0	mustang_osc	lddt	0.469958
S7TGR0	mustang_osc	lddt_columns	1072/1589
S7TGR0	mustang	time	3708.83
S7TGR0	usalign	lddt	0.143134
S7TGR0	usalign	lddt_columns	1938/3824
S7TGR0	usalign_osc	lddt	0.282427
S7TGR0	usalign_osc	lddt_columns	1938/3824
S7TGR0	usalign	time	55.44
T1FNF4	3dcoffee	lddt	0.699749
T1FNF4	3dcoffee	lddt_columns	381/400
T1FNF4	3dcoffee_osc	lddt	0.734645
T1FNF4	3dcoffee_osc	lddt_columns	381/400
T1FNF4	3dcoffee	time	594.02
T1FNF4	caretta	lddt	0.652470
T1FNF4	caretta	lddt_columns	393/401
T1FNF4	caretta_osc	lddt	0.665752
T1FNF4	caretta_osc	lddt_columns	393/401
T1FNF4	caretta	time	66.41
T1FNF4	clustalo	lddt	0.656531
T1FNF4	clustalo	lddt_columns	407/427
T1FNF4	clustalo_osc	lddt	0.688793
T1FNF4	clustalo_osc	lddt_columns	407/427
T1FNF4	clustalo	time	0.47
T1FNF4	famsa	lddt	0.608946
T1FNF4	famsa	lddt_columns	397/453
T1FNF4	famsa_osc	lddt	0.694842
T1FNF4	famsa_osc	lddt_columns	397/453
T1FNF4	famsa	time	0.17
T1FNF4	foldmason_fast	lddt	0.686737
T1FNF4	foldmason_fast	lddt_columns	398/407
T1FNF4	foldmason_fast_osc	lddt	0.702267
T1FNF4	foldmason_fast_osc	lddt_columns	398/407
T1FNF4	foldmason_fast	time	2.22
T1FNF4	foldmason	lddt	0.653577
T1FNF4	foldmason	lddt_columns	394/426
T1FNF4	foldmason_osc	lddt	0.706660
T1FNF4	foldmason_osc	lddt_columns	394/426
T1FNF4	foldmason_refine100	lddt	0.670695
T1FNF4	foldmason_refine100	lddt_columns	409/419
T1FNF4	foldmason_refine100_osc	lddt	0.687094
T1FNF4	foldmason_refine100_osc	lddt_columns	409/419
T1FNF4	foldmason_refine100_rosc	lddt	0.667519
T1FNF4	foldmason_refine100_rosc	lddt_columns	394/419
T1FNF4	foldmason_refine100_rosc_osc	lddt	0.709874
T1FNF4	foldmason_refine100_rosc_osc	lddt_columns	394/419
T1FNF4	foldmason_refine100_rosc	time	13.54
T1FNF4	foldmason_refine100	time	12.63
T1FNF4	foldmason	time	0.65
T1FNF4	mafft_3di	lddt	0.683712
T1FNF4	mafft_3di	lddt_columns	390/412
T1FNF4	mafft_3di_osc	lddt	0.722280
T1FNF4	mafft_3di_osc	lddt_columns	390/412
T1FNF4	mafft_3di	time	0.57
T1FNF4	mafft	lddt	0.665619
T1FNF4	mafft	lddt_columns	405/421
T1FNF4	mafft_osc	lddt	0.691915
T1FNF4	mafft_osc	lddt_columns	405/421
T1FNF4	mafft	time	1.08
T1FNF4	matt	lddt	0.218414
T1FNF4	matt	lddt_columns	648/1263
T1FNF4	matt_osc	lddt	0.425706
T1FNF4	matt_osc	lddt_columns	648/1263
T1FNF4	matt	time	4317.98
T1FNF4	mtmalign	lddt	0.233472
T1FNF4	mtmalign	lddt_columns	585/1218
T1FNF4	mtmalign_osc	lddt	0.486101
T1FNF4	mtmalign_osc	lddt_columns	585/1218
T1FNF4	mtmalign	time	61.15
T1FNF4	muscle	lddt	0.519278
T1FNF4	muscle	lddt_columns	397/526
T1FNF4	muscle_osc	lddt	0.688011
T1FNF4	muscle_osc	lddt_columns	397/526
T1FNF4	muscle	time	5.43
T1FNF4	mustang	lddt	0.421084
T1FNF4	mustang	lddt_columns	475/667
T1FNF4	mustang_osc	lddt	0.591291
T1FNF4	mustang_osc	lddt_columns	475/667
T1FNF4	mustang	time	370.95
T1FNF4	usalign	lddt	0.354544
T1FNF4	usalign	lddt_columns	529/817
T1FNF4	usalign_osc	lddt	0.547566
T1FNF4	usalign_osc	lddt_columns	529/817
T1FNF4	usalign	time	24.87
U7L1T7	3dcoffee	lddt	0.814859
U7L1T7	3dcoffee	lddt_columns	161/177
U7L1T7	3dcoffee_osc	lddt	0.895839
U7L1T7	3dcoffee_osc	lddt_columns	161/177
U7L1T7	3dcoffee	time	284.78
U7L1T7	caretta	lddt	0.830083
U7L1T7	caretta	lddt_columns	171/174
U7L1T7	caretta_osc	lddt	0.844646
U7L1T7	caretta_osc	lddt_columns	171/174
U7L1T7	caretta	time	96.49
U7L1T7	clustalo	lddt	0.754185
U7L1T7	clustalo	lddt_columns	158/187
U7L1T7	clustalo_osc	lddt	0.892611
U7L1T7	clustalo_osc	lddt_columns	158/187
U7L1T7	clustalo	time	0.10
U7L1T7	famsa	lddt	0.765399
U7L1T7	famsa	lddt_columns	159/184
U7L1T7	famsa_osc	lddt	0.885745
U7L1T7	famsa_osc	lddt_columns	159/184
U7L1T7	famsa	time	0.04
U7L1T7	foldmason_fast	lddt	0.811103
U7L1T7	foldmason_fast	lddt_columns	167/177
U7L1T7	foldmason_fast_osc	lddt	0.859671
U7L1T7	foldmason_fast_osc	lddt_columns	167/177
U7L1T7	foldmason_fast	time	0.47
U7L1T7	foldmason	lddt	0.804489
U7L1T7	foldmason	lddt_columns	167/179
U7L1T7	foldmason_osc	lddt	0.862297
U7L1T7	foldmason_osc	lddt_columns	167/179
U7L1T7	foldmason_refine100	lddt	0.808789
U7L1T7	foldmason_refine100	lddt_columns	176/179
U7L1T7	foldmason_refine100_osc	lddt	0.822575
U7L1T7	foldmason_refine100_osc	lddt_columns	176/179
U7L1T7	foldmason_refine100_rosc	lddt	0.803934
U7L1T7	foldmason_refine100_rosc	lddt_columns	165/179
U7L1T7	foldmason_refine100_rosc_osc	lddt	0.872147
U7L1T7	foldmason_refine100_rosc_osc	lddt_columns	165/179
U7L1T7	foldmason_refine100_rosc	time	4.15
U7L1T7	foldmason_refine100	time	4.16
U7L1T7	foldmason	time	0.26
U7L1T7	mafft_3di	lddt	0.792881
U7L1T7	mafft_3di	lddt_columns	159/181
U7L1T7	mafft_3di_osc	lddt	0.902588
U7L1T7	mafft_3di_osc	lddt_columns	159/181
U7L1T7	mafft_3di	time	0.27
U7L1T7	mafft	lddt	0.778689
U7L1T7	mafft	lddt_columns	158/183
U7L1T7	mafft_osc	lddt	0.901899
U7L1T7	mafft_osc	lddt_columns	158/183
U7L1T7	mafft	time	0.33
U7L1T7	matt	lddt	0.609044
U7L1T7	matt	lddt_columns	178/238
U7L1T7	matt_osc	lddt	0.814340
U7L1T7	matt_osc	lddt_columns	178/238
U7L1T7	matt	time	327.17
U7L1T7	mtmalign	lddt	0.548766
U7L1T7	mtmalign	lddt_columns	167/259
U7L1T7	mtmalign_osc	lddt	0.851081
U7L1T7	mtmalign_osc	lddt_columns	167/259
U7L1T7	mtmalign	time	15.91
U7L1T7	muscle	lddt	0.747493
U7L1T7	muscle	lddt_columns	156/189
U7L1T7	muscle_osc	lddt	0.905616
U7L1T7	muscle_osc	lddt_columns	156/189
U7L1T7	muscle	time	1.32
U7L1T7	mustang	lddt	0.726456
U7L1T7	mustang	lddt_columns	159/198
U7L1T7	mustang_osc	lddt	0.904643
U7L1T7	mustang_osc	lddt_columns	159/198
U7L1T7	mustang	time	47.01
U7L1T7	usalign	lddt	0.735089
U7L1T7	usalign	lddt_columns	165/196
U7L1T7	usalign_osc	lddt	0.873197
U7L1T7	usalign_osc	lddt_columns	165/196
U7L1T7	usalign	time	6.62
V2YI92	3dcoffee	lddt	0.742191
V2YI92	3dcoffee	lddt_columns	142/146
V2YI92	3dcoffee_osc	lddt	0.763098
V2YI92	3dcoffee_osc	lddt_columns	142/146
V2YI92	3dcoffee	time	261.84
V2YI92	caretta	lddt	0.581772
V2YI92	caretta	lddt_columns	147/161
V2YI92	caretta_osc	lddt	0.637179
V2YI92	caretta_osc	lddt_columns	147/161
V2YI92	caretta	time	45.35
V2YI92	clustalo	lddt	0.626543
V2YI92	clustalo	lddt_columns	154/169
V2YI92	clustalo_osc	lddt	0.687570
V2YI92	clustalo_osc	lddt_columns	154/169
V2YI92	clustalo	time	0.08
V2YI92	famsa	lddt	0.630288
V2YI92	famsa	lddt_columns	149/169
V2YI92	famsa_osc	lddt	0.714890
V2YI92	famsa_osc	lddt_columns	149/169
V2YI92	famsa	time	0.06
V2YI92	foldmason_fast	lddt	0.743172
V2YI92	foldmason_fast	lddt_columns	145/146
V2YI92	foldmason_fast_osc	lddt	0.748297
V2YI92	foldmason_fast_osc	lddt_columns	145/146
V2YI92	foldmason_fast	time	1.07
V2YI92	foldmason	lddt	0.711133
V2YI92	foldmason	lddt_columns	150/152
V2YI92	foldmason_osc	lddt	0.720614
V2YI92	foldmason_osc	lddt_columns	150/152
V2YI92	foldmason_refine100	lddt	0.719205
V2YI92	foldmason_refine100	lddt_columns	150/151
V2YI92	foldmason_refine100_osc	lddt	0.724000
V2YI92	foldmason_refine100_osc	lddt_columns	150/151
V2YI92	foldmason_refine100_rosc	lddt	0.656999
V2YI92	foldmason_refine100_rosc	lddt_columns	143/163
V2YI92	foldmason_refine100_rosc_osc	lddt	0.748887
V2YI92	foldmason_refine100_rosc_osc	lddt_columns	143/163
V2YI92	foldmason_refine100_rosc	time	3.12
V2YI92	foldmason_refine100	time	3.12
V2YI92	foldmason	time	0.18
V2YI92	mafft_3di	lddt	0.652734
V2YI92	mafft_3di	lddt_columns	138/163
V2YI92	mafft_3di_osc	lddt	0.770983
V2YI92	mafft_3di_osc	lddt_columns	138/163
V2YI92	mafft_3di	time	0.29
V2YI92	mafft	lddt	0.660750
V2YI92	mafft	lddt_columns	150/160
V2YI92	mafft_osc	lddt	0.704800
V2YI92	mafft_osc	lddt_columns	150/160
V2YI92	mafft	time	0.31
V2YI92	matt	lddt	0.109162
V2YI92	matt	lddt_columns	222/811
V2YI92	matt_osc	lddt	0.398784
V2YI92	matt_osc	lddt_columns	222/811
V2YI92	matt	time	69.93
V2YI92	mtmalign	lddt	0.150533
V2YI92	mtmalign	lddt_columns	257/692
V2YI92	mtmalign_osc	lddt	0.405325
V2YI92	mtmalign_osc	lddt_columns	257/692
V2YI92	mtmalign	time	8.45
V2YI92	muscle	lddt	0.524401
V2YI92	muscle	lddt_columns	140/192
V2YI92	muscle_osc	lddt	0.719179
V2YI92	muscle_osc	lddt_columns	140/192
V2YI92	muscle	time	1.04
V2YI92	mustang	lddt	0.445089
V2YI92	mustang	lddt_columns	156/232
V2YI92	mustang_osc	lddt	0.661927
V2YI92	mustang_osc	lddt_columns	156/232
V2YI92	mustang	time	25.61
V2YI92	usalign	lddt	0.165106
V2YI92	usalign	lddt_columns	269/635
V2YI92	usalign_osc	lddt	0.389749
V2YI92	usalign_osc	lddt_columns	269/635
V2YI92	usalign	time	2.77
W0E3L2	3dcoffee	lddt	0.709295
W0E3L2	3dcoffee	lddt_columns	322/335
W0E3L2	3dcoffee_osc	lddt	0.737931
W0E3L2	3dcoffee_osc	lddt_columns	322/335
W0E3L2	3dcoffee	time	492.02
W0E3L2	caretta	lddt	0.615311
W0E3L2	caretta	lddt_columns	333/333
W0E3L2	caretta_osc	lddt	0.615311
W0E3L2	caretta_osc	lddt_columns	333/333
W0E3L2	caretta	time	57.87
W0E3L2	clustalo	lddt	0.501196
W0E3L2	clustalo	lddt_columns	400/455
W0E3L2	clustalo_osc	lddt	0.570110
W0E3L2	clustalo_osc	lddt_columns	400/455
W0E3L2	clustalo	time	0.68
W0E3L2	famsa	lddt	0.597186
W0E3L2	famsa	lddt_columns	343/383
W0E3L2	famsa_osc	lddt	0.666829
W0E3L2	famsa_osc	lddt_columns	343/383
W0E3L2	famsa	time	0.19
W0E3L2	foldmason_fast	lddt	0.691313
W0E3L2	foldmason_fast	lddt_columns	339/342
W0E3L2	foldmason_fast_osc	lddt	0.697430
W0E3L2	foldmason_fast_osc	lddt_columns	339/342
W0E3L2	foldmason_fast	time	1.02
W0E3L2	foldmason	lddt	0.645993
W0E3L2	foldmason	lddt_columns	356/373
W0E3L2	foldmason_osc	lddt	0.676841
W0E3L2	foldmason_osc	lddt_columns	356/373
W0E3L2	foldmason_refine100	lddt	0.671382
W0E3L2	foldmason_refine100	lddt_columns	358/358
W0E3L2	foldmason_refine100_osc	lddt	0.671382
W0E3L2	foldmason_refine100_osc	lddt_columns	358/358
W0E3L2	foldmason_refine100_rosc	lddt	0.630923
W0E3L2	foldmason_refine100_rosc	lddt_columns	346/379
W0E3L2	foldmason_refine100_rosc_osc	lddt	0.691097
W0E3L2	foldmason_refine100_rosc_osc	lddt_columns	346/379
W0E3L2	foldmason_refine100_rosc	time	10.12
W0E3L2	foldmason_refine100	time	10.08
W0E3L2	foldmason	time	0.65
W0E3L2	mafft_3di	lddt	0.688973
W0E3L2	mafft_3di	lddt_columns	321/346
W0E3L2	mafft_3di_osc	lddt	0.742631
W0E3L2	mafft_3di_osc	lddt_columns	321/346
W0E3L2	mafft_3di	time	0.47
W0E3L2	mafft	lddt	0.535669
W0E3L2	mafft	lddt_columns	392/437
W0E3L2	mafft_osc	lddt	0.597162
W0E3L2	mafft_osc	lddt_columns	392/437
W0E3L2	mafft	time	1.38
W0E3L2	matt	lddt	0.109447
W0E3L2	matt	lddt_columns	452/1725
W0E3L2	matt_osc	lddt	0.417690
W0E3L2	matt_osc	lddt_columns	452/1725
W0E3L2	matt	time	929.13
W0E3L2	mtmalign	lddt	0.125293
W0E3L2	mtmalign	lddt_columns	435/1575
W0E3L2	mtmalign_osc	lddt	0.453647
W0E3L2	mtmalign_osc	lddt_columns	435/1575
W0E3L2	mtmalign	time	40.58
W0E3L2	muscle	lddt	0.435958
W0E3L2	muscle	lddt_columns	396/517
W0E3L2	muscle_osc	lddt	0.569167
W0E3L2	muscle_osc	lddt_columns	396/517
W0E3L2	muscle	time	4.99
W0E3L2	mustang	lddt	0.306250
W0E3L2	mustang	lddt_columns	449/741
W0E3L2	mustang_osc	lddt	0.505415
W0E3L2	mustang_osc	lddt_columns	449/741
W0E3L2	mustang	time	275.56
W0E3L2	usalign	lddt	0.189824
W0E3L2	usalign	lddt_columns	553/1195
W0E3L2	usalign_osc	lddt	0.410199
W0E3L2	usalign_osc	lddt_columns	553/1195
W0E3L2	usalign	time	17.49
W1PFB2	3dcoffee	lddt	0.519796
W1PFB2	3dcoffee	lddt_columns	621/720
W1PFB2	3dcoffee_osc	lddt	0.602661
W1PFB2	3dcoffee_osc	lddt_columns	621/720
W1PFB2	3dcoffee	time	1380.43
W1PFB2	caretta	lddt	0.506304
W1PFB2	caretta	lddt_columns	637/659
W1PFB2	caretta_osc	lddt	0.523790
W1PFB2	caretta_osc	lddt_columns	637/659
W1PFB2	caretta	time	89.83
W1PFB2	clustalo	lddt	0.552925
W1PFB2	clustalo	lddt_columns	614/656
W1PFB2	clustalo_osc	lddt	0.590747
W1PFB2	clustalo_osc	lddt_columns	614/656
W1PFB2	clustalo	time	1.21
W1PFB2	famsa	lddt	0.464494
W1PFB2	famsa	lddt_columns	610/757
W1PFB2	famsa_osc	lddt	0.576429
W1PFB2	famsa_osc	lddt_columns	610/757
W1PFB2	famsa	time	0.36
W1PFB2	foldmason_fast	lddt	0.589024
W1PFB2	foldmason_fast	lddt_columns	602/620
W1PFB2	foldmason_fast_osc	lddt	0.606636
W1PFB2	foldmason_fast_osc	lddt_columns	602/620
W1PFB2	foldmason_fast	time	1.98
W1PFB2	foldmason	lddt	0.567378
W1PFB2	foldmason	lddt_columns	627/653
W1PFB2	foldmason_osc	lddt	0.590906
W1PFB2	foldmason_osc	lddt_columns	627/653
W1PFB2	foldmason_refine100	lddt	0.573639
W1PFB2	foldmason_refine100	lddt_columns	628/646
W1PFB2	foldmason_refine100_osc	lddt	0.590081
W1PFB2	foldmason_refine100_osc	lddt_columns	628/646
W1PFB2	foldmason_refine100_rosc	lddt	0.522088
W1PFB2	foldmason_refine100_rosc	lddt_columns	604/697
W1PFB2	foldmason_refine100_rosc_osc	lddt	0.602475
W1PFB2	foldmason_refine100_rosc_osc	lddt_columns	604/697
W1PFB2	foldmason_refine100_rosc	time	19.59
W1PFB2	foldmason_refine100	time	22.42
W1PFB2	foldmason	time	10.65
W1PFB2	mafft_3di	lddt	0.522984
W1PFB2	mafft_3di	lddt_columns	595/701
W1PFB2	mafft_3di_osc	lddt	0.616155
W1PFB2	mafft_3di_osc	lddt_columns	595/701
W1PFB2	mafft_3di	time	1.34
W1PFB2	mafft	lddt	0.464902
W1PFB2	mafft	lddt_columns	612/784
W1PFB2	mafft_osc	lddt	0.595561
W1PFB2	mafft_osc	lddt_columns	612/784
W1PFB2	mafft	time	2.85
W1PFB2	matt	lddt	0.135406
W1PFB2	matt	lddt_columns	792/2330
W1PFB2	matt_osc	lddt	0.398353
W1PFB2	matt_osc	lddt_columns	792/2330
W1PFB2	matt	time	2818.28
W1PFB2	mtmalign	lddt	0.179776
W1PFB2	mtmalign	lddt_columns	711/1958
W1PFB2	mtmalign_osc	lddt	0.495081
W1PFB2	mtmalign_osc	lddt_columns	711/1958
W1PFB2	mtmalign	time	149.34
W1PFB2	muscle	lddt	0.416377
W1PFB2	muscle	lddt_columns	590/858
W1PFB2	muscle_osc	lddt	0.605511
W1PFB2	muscle_osc	lddt_columns	590/858
W1PFB2	muscle	time	9.20
W1PFB2	mustang	lddt	0.352483
W1PFB2	mustang	lddt_columns	657/1035
W1PFB2	mustang_osc	lddt	0.555282
W1PFB2	mustang_osc	lddt_columns	657/1035
W1PFB2	mustang	time	1152.78
W1PFB2	usalign	lddt	0.277178
W1PFB2	usalign	lddt_columns	702/1331
W1PFB2	usalign_osc	lddt	0.525532
W1PFB2	usalign_osc	lddt_columns	702/1331
W1PFB2	usalign	time	39.46
W7QDU7	3dcoffee	lddt	0.667630
W7QDU7	3dcoffee	lddt_columns	334/360
W7QDU7	3dcoffee_osc	lddt	0.719601
W7QDU7	3dcoffee_osc	lddt_columns	334/360
W7QDU7	3dcoffee	time	508.12
W7QDU7	caretta	lddt	0.681532
W7QDU7	caretta	lddt_columns	335/344
W7QDU7	caretta_osc	lddt	0.699841
W7QDU7	caretta_osc	lddt_columns	335/344
W7QDU7	caretta	time	60.98
W7QDU7	clustalo	lddt	0.621915
W7QDU7	clustalo	lddt_columns	344/371
W7QDU7	clustalo_osc	lddt	0.670728
W7QDU7	clustalo_osc	lddt_columns	344/371
W7QDU7	clustalo	time	0.34
W7QDU7	famsa	lddt	0.609207
W7QDU7	famsa	lddt_columns	336/380
W7QDU7	famsa_osc	lddt	0.688984
W7QDU7	famsa_osc	lddt_columns	336/380
W7QDU7	famsa	time	0.16
W7QDU7	foldmason_fast	lddt	0.692676
W7QDU7	foldmason_fast	lddt_columns	335/341
W7QDU7	foldmason_fast_osc	lddt	0.705082
W7QDU7	foldmason_fast_osc	lddt_columns	335/341
W7QDU7	foldmason_fast	time	1.40
W7QDU7	foldmason	lddt	0.666643
W7QDU7	foldmason	lddt_columns	340/354
W7QDU7	foldmason_osc	lddt	0.694093
W7QDU7	foldmason_osc	lddt_columns	340/354
W7QDU7	foldmason_refine100	lddt	0.677408
W7QDU7	foldmason_refine100	lddt_columns	350/350
W7QDU7	foldmason_refine100_osc	lddt	0.677408
W7QDU7	foldmason_refine100_osc	lddt_columns	350/350
W7QDU7	foldmason_refine100_rosc	lddt	0.639946
W7QDU7	foldmason_refine100_rosc	lddt_columns	337/368
W7QDU7	foldmason_refine100_rosc_osc	lddt	0.698813
W7QDU7	foldmason_refine100_rosc_osc	lddt_columns	337/368
W7QDU7	foldmason_refine100_rosc	time	12.10
W7QDU7	foldmason_refine100	time	12.16
W7QDU7	foldmason	time	0.59
W7QDU7	mafft_3di	lddt	0.679938
W7QDU7	mafft_3di	lddt_columns	331/351
W7QDU7	mafft_3di_osc	lddt	0.721022
W7QDU7	mafft_3di_osc	lddt_columns	331/351
W7QDU7	mafft_3di	time	0.53
W7QDU7	mafft	lddt	0.648784
W7QDU7	mafft	lddt_columns	333/362
W7QDU7	mafft_osc	lddt	0.705285
W7QDU7	mafft_osc	lddt_columns	333/362
W7QDU7	mafft	time	0.95
W7QDU7	matt	lddt	0.304384
W7QDU7	matt	lddt_columns	430/771
W7QDU7	matt_osc	lddt	0.545767
W7QDU7	matt_osc	lddt_columns	430/771
W7QDU7	matt	time	4502.60
W7QDU7	mtmalign	lddt	0.379000
W7QDU7	mtmalign	lddt_columns	391/641
W7QDU7	mtmalign_osc	lddt	0.621327
W7QDU7	mtmalign_osc	lddt_columns	391/641
W7QDU7	mtmalign	time	39.95
W7QDU7	muscle	lddt	0.579165
W7QDU7	muscle	lddt_columns	334/396
W7QDU7	muscle_osc	lddt	0.686675
W7QDU7	muscle_osc	lddt_columns	334/396
W7QDU7	muscle	time	5.15
W7QDU7	mustang	lddt	0.503449
W7QDU7	mustang	lddt_columns	359/478
W7QDU7	mustang_osc	lddt	0.670330
W7QDU7	mustang_osc	lddt_columns	359/478
W7QDU7	mustang	time	328.48
W7QDU7	usalign	lddt	0.515566
W7QDU7	usalign	lddt_columns	334/463
W7QDU7	usalign_osc	lddt	0.714692
W7QDU7	usalign_osc	lddt_columns	334/463
W7QDU7	usalign	time	20.47
