A0A0F9HFW2	3dcoffee	lddt	0.745845
A0A0F9HFW2	3dcoffee	lddt_columns	190/209
A0A0F9HFW2	3dcoffee	time	308.14
A0A0F9HFW2	caretta	lddt	0.881895
A0A0F9HFW2	caretta	lddt_columns	165/177
A0A0F9HFW2	caretta	time	70.57
A0A0F9HFW2	clustalo	lddt	0.854557
A0A0F9HFW2	clustalo	lddt_columns	168/182
A0A0F9HFW2	clustalo	time	0.11
A0A0F9HFW2	famsa	lddt	0.860703
A0A0F9HFW2	famsa	lddt_columns	168/181
A0A0F9HFW2	famsa	time	0.07
A0A0F9HFW2	foldmason	lddt	0.882026
A0A0F9HFW2	foldmason	lddt_columns	164/177
A0A0F9HFW2	foldmason	time	0.27
A0A0F9HFW2	foldmason_refine100	lddt	0.883682
A0A0F9HFW2	foldmason_refine100	lddt_columns	164/177
A0A0F9HFW2	foldmason_refine100	time	2.53
A0A0F9HFW2	mafft	lddt	0.855505
A0A0F9HFW2	mafft	lddt_columns	168/179
A0A0F9HFW2	mafft	time	0.50
A0A0F9HFW2	matt	lddt	0.838203
A0A0F9HFW2	matt	lddt_columns	171/210
A0A0F9HFW2	matt	time	1466.36
A0A0F9HFW2	mtmalign	lddt	0.833183
A0A0F9HFW2	mtmalign	lddt_columns	174/208
A0A0F9HFW2	mtmalign	time	26.88
A0A0F9HFW2	muscle	lddt	0.825488
A0A0F9HFW2	muscle	lddt_columns	170/191
A0A0F9HFW2	muscle	time	1.56
A0A0F9HFW2	mustang	lddt	0.849634
A0A0F9HFW2	mustang	lddt_columns	169/199
A0A0F9HFW2	mustang	time	116.11
A0A0F9HFW2	usalign	lddt	0.867646
A0A0F9HFW2	usalign	lddt_columns	167/191
A0A0F9HFW2	usalign	time	8.57
A0A0G0MVR5	3dcoffee	lddt	0.684683
A0A0G0MVR5	3dcoffee	lddt_columns	171/215
A0A0G0MVR5	3dcoffee	time	308.47
A0A0G0MVR5	caretta	lddt	0.638510
A0A0G0MVR5	caretta	lddt_columns	176/187
A0A0G0MVR5	caretta	time	72.30
A0A0G0MVR5	clustalo	lddt	0.600941
A0A0G0MVR5	clustalo	lddt_columns	191/213
A0A0G0MVR5	clustalo	time	0.11
A0A0G0MVR5	famsa	lddt	0.661706
A0A0G0MVR5	famsa	lddt_columns	170/201
A0A0G0MVR5	famsa	time	0.09
A0A0G0MVR5	foldmason	lddt	0.654682
A0A0G0MVR5	foldmason	lddt_columns	176/202
A0A0G0MVR5	foldmason	time	0.25
A0A0G0MVR5	foldmason_refine100	lddt	0.660645
A0A0G0MVR5	foldmason_refine100	lddt_columns	174/198
A0A0G0MVR5	foldmason_refine100	time	3.10
A0A0G0MVR5	mafft	lddt	0.581920
A0A0G0MVR5	mafft	lddt_columns	197/244
A0A0G0MVR5	mafft	time	0.64
A0A0G0MVR5	matt	lddt	0.560074
A0A0G0MVR5	matt	lddt_columns	194/478
A0A0G0MVR5	matt	time	75.27
A0A0G0MVR5	mtmalign	lddt	0.633298
A0A0G0MVR5	mtmalign	lddt_columns	187/408
A0A0G0MVR5	mtmalign	time	15.30
A0A0G0MVR5	muscle	lddt	0.648838
A0A0G0MVR5	muscle	lddt_columns	170/225
A0A0G0MVR5	muscle	time	1.50
A0A0G0MVR5	mustang	lddt	0.661506
A0A0G0MVR5	mustang	lddt_columns	173/302
A0A0G0MVR5	mustang	time	31.23
A0A0G0MVR5	usalign	lddt	0.620214
A0A0G0MVR5	usalign	lddt_columns	195/310
A0A0G0MVR5	usalign	time	5.83
A0A0Q9LYH2	3dcoffee	lddt	0.760852
A0A0Q9LYH2	3dcoffee	lddt_columns	183/194
A0A0Q9LYH2	3dcoffee	time	309.84
A0A0Q9LYH2	caretta	lddt	0.753036
A0A0Q9LYH2	caretta	lddt_columns	184/189
A0A0Q9LYH2	caretta	time	71.75
A0A0Q9LYH2	clustalo	lddt	0.732332
A0A0Q9LYH2	clustalo	lddt_columns	186/199
A0A0Q9LYH2	clustalo	time	0.12
A0A0Q9LYH2	famsa	lddt	0.702453
A0A0Q9LYH2	famsa	lddt_columns	190/205
A0A0Q9LYH2	famsa	time	0.10
A0A0Q9LYH2	foldmason	lddt	0.744609
A0A0Q9LYH2	foldmason	lddt_columns	185/192
A0A0Q9LYH2	foldmason	time	0.24
A0A0Q9LYH2	foldmason_refine100	lddt	0.746490
A0A0Q9LYH2	foldmason_refine100	lddt_columns	185/190
A0A0Q9LYH2	foldmason_refine100	time	3.07
A0A0Q9LYH2	mafft	lddt	0.750606
A0A0Q9LYH2	mafft	lddt_columns	182/193
A0A0Q9LYH2	mafft	time	0.57
A0A0Q9LYH2	matt	lddt	0.718587
A0A0Q9LYH2	matt	lddt_columns	194/241
A0A0Q9LYH2	matt	time	1073.53
A0A0Q9LYH2	mtmalign	lddt	0.719296
A0A0Q9LYH2	mtmalign	lddt_columns	194/266
A0A0Q9LYH2	mtmalign	time	16.07
A0A0Q9LYH2	muscle	lddt	0.747415
A0A0Q9LYH2	muscle	lddt_columns	182/203
A0A0Q9LYH2	muscle	time	1.18
A0A0Q9LYH2	mustang	lddt	0.766431
A0A0Q9LYH2	mustang	lddt_columns	180/229
A0A0Q9LYH2	mustang	time	67.63
A0A0Q9LYH2	usalign	lddt	0.738258
A0A0Q9LYH2	usalign	lddt_columns	190/212
A0A0Q9LYH2	usalign	time	6.52
A0A150M8U2	3dcoffee	lddt	0.704216
A0A150M8U2	3dcoffee	lddt_columns	174/201
A0A150M8U2	3dcoffee	time	285.89
A0A150M8U2	caretta	lddt	0.693905
A0A150M8U2	caretta	lddt_columns	173/185
A0A150M8U2	caretta	time	223.99
A0A150M8U2	clustalo	lddt	0.616560
A0A150M8U2	clustalo	lddt_columns	189/253
A0A150M8U2	clustalo	time	0.24
A0A150M8U2	famsa	lddt	0.727471
A0A150M8U2	famsa	lddt_columns	158/176
A0A150M8U2	famsa	time	0.13
A0A150M8U2	foldmason	lddt	0.681885
A0A150M8U2	foldmason	lddt_columns	173/186
A0A150M8U2	foldmason	time	0.43
A0A150M8U2	foldmason_refine100	lddt	0.688530
A0A150M8U2	foldmason_refine100	lddt_columns	173/180
A0A150M8U2	foldmason_refine100	time	3.05
A0A150M8U2	mafft	lddt	0.660943
A0A150M8U2	mafft	lddt_columns	174/212
A0A150M8U2	mafft	time	0.79
A0A150M8U2	matt	lddt	0.589133
A0A150M8U2	matt	lddt_columns	206/356
A0A150M8U2	matt	time	60.30
A0A150M8U2	mtmalign	lddt	0.689523
A0A150M8U2	mtmalign	lddt_columns	178/315
A0A150M8U2	mtmalign	time	13.83
A0A150M8U2	muscle	lddt	0.729305
A0A150M8U2	muscle	lddt_columns	155/214
A0A150M8U2	muscle	time	1.61
A0A150M8U2	mustang	lddt	0.702406
A0A150M8U2	mustang	lddt_columns	173/244
A0A150M8U2	mustang	time	29.48
A0A150M8U2	usalign	lddt	0.660566
A0A150M8U2	usalign	lddt_columns	191/244
A0A150M8U2	usalign	time	4.87
A0A1B1NTB9	3dcoffee	lddt	0.584753
A0A1B1NTB9	3dcoffee	lddt_columns	203/221
A0A1B1NTB9	3dcoffee	time	299.97
A0A1B1NTB9	caretta	lddt	0.582080
A0A1B1NTB9	caretta	lddt_columns	200/208
A0A1B1NTB9	caretta	time	68.16
A0A1B1NTB9	clustalo	lddt	0.556894
A0A1B1NTB9	clustalo	lddt_columns	187/216
A0A1B1NTB9	clustalo	time	0.13
A0A1B1NTB9	famsa	lddt	0.547513
A0A1B1NTB9	famsa	lddt_columns	182/223
A0A1B1NTB9	famsa	time	0.08
A0A1B1NTB9	foldmason	lddt	0.557489
A0A1B1NTB9	foldmason	lddt_columns	198/206
A0A1B1NTB9	foldmason	time	0.28
A0A1B1NTB9	foldmason_refine100	lddt	0.561672
A0A1B1NTB9	foldmason_refine100	lddt_columns	197/206
A0A1B1NTB9	foldmason_refine100	time	3.07
A0A1B1NTB9	mafft	lddt	0.549444
A0A1B1NTB9	mafft	lddt_columns	192/212
A0A1B1NTB9	mafft	time	0.65
A0A1B1NTB9	matt	lddt	0.520071
A0A1B1NTB9	matt	lddt_columns	237/310
A0A1B1NTB9	matt	time	58.71
A0A1B1NTB9	mtmalign	lddt	0.529297
A0A1B1NTB9	mtmalign	lddt_columns	237/312
A0A1B1NTB9	mtmalign	time	14.72
A0A1B1NTB9	muscle	lddt	0.513694
A0A1B1NTB9	muscle	lddt_columns	202/245
A0A1B1NTB9	muscle	time	1.47
A0A1B1NTB9	mustang	lddt	0.564442
A0A1B1NTB9	mustang	lddt_columns	210/256
A0A1B1NTB9	mustang	time	31.68
A0A1B1NTB9	usalign	lddt	0.584394
A0A1B1NTB9	usalign	lddt_columns	209/247
A0A1B1NTB9	usalign	time	5.84
A0A1F6CR99	3dcoffee	lddt	0.717258
A0A1F6CR99	3dcoffee	lddt_columns	180/207
A0A1F6CR99	3dcoffee	time	287.35
A0A1F6CR99	caretta	lddt	0.723204
A0A1F6CR99	caretta	lddt_columns	172/208
A0A1F6CR99	caretta	time	72.01
A0A1F6CR99	clustalo	lddt	0.700153
A0A1F6CR99	clustalo	lddt_columns	179/209
A0A1F6CR99	clustalo	time	0.14
A0A1F6CR99	famsa	lddt	0.682660
A0A1F6CR99	famsa	lddt_columns	180/214
A0A1F6CR99	famsa	time	0.08
A0A1F6CR99	foldmason	lddt	0.681771
A0A1F6CR99	foldmason	lddt_columns	185/197
A0A1F6CR99	foldmason	time	0.23
A0A1F6CR99	foldmason_refine100	lddt	0.693214
A0A1F6CR99	foldmason_refine100	lddt_columns	182/195
A0A1F6CR99	foldmason_refine100	time	3.08
A0A1F6CR99	mafft	lddt	0.642638
A0A1F6CR99	mafft	lddt_columns	197/227
A0A1F6CR99	mafft	time	0.51
A0A1F6CR99	matt	lddt	0.617838
A0A1F6CR99	matt	lddt_columns	210/327
A0A1F6CR99	matt	time	890.05
A0A1F6CR99	mtmalign	lddt	0.648801
A0A1F6CR99	mtmalign	lddt_columns	201/320
A0A1F6CR99	mtmalign	time	16.53
A0A1F6CR99	muscle	lddt	0.699602
A0A1F6CR99	muscle	lddt_columns	176/222
A0A1F6CR99	muscle	time	1.29
A0A1F6CR99	mustang	lddt	0.688930
A0A1F6CR99	mustang	lddt_columns	183/278
A0A1F6CR99	mustang	time	72.08
A0A1F6CR99	usalign	lddt	0.654060
A0A1F6CR99	usalign	lddt_columns	200/265
A0A1F6CR99	usalign	time	6.10
A0A1G1JTQ0	3dcoffee	lddt	0.724393
A0A1G1JTQ0	3dcoffee	lddt_columns	164/188
A0A1G1JTQ0	3dcoffee	time	306.24
A0A1G1JTQ0	caretta	lddt	0.720594
A0A1G1JTQ0	caretta	lddt_columns	156/169
A0A1G1JTQ0	caretta	time	70.08
A0A1G1JTQ0	clustalo	lddt	0.652425
A0A1G1JTQ0	clustalo	lddt_columns	165/177
A0A1G1JTQ0	clustalo	time	0.11
A0A1G1JTQ0	famsa	lddt	0.682185
A0A1G1JTQ0	famsa	lddt_columns	160/177
A0A1G1JTQ0	famsa	time	0.08
A0A1G1JTQ0	foldmason	lddt	0.661723
A0A1G1JTQ0	foldmason	lddt_columns	164/174
A0A1G1JTQ0	foldmason	time	0.19
A0A1G1JTQ0	foldmason_refine100	lddt	0.664701
A0A1G1JTQ0	foldmason_refine100	lddt_columns	164/173
A0A1G1JTQ0	foldmason_refine100	time	2.69
A0A1G1JTQ0	mafft	lddt	0.688983
A0A1G1JTQ0	mafft	lddt_columns	160/173
A0A1G1JTQ0	mafft	time	0.45
A0A1G1JTQ0	matt	lddt	0.690103
A0A1G1JTQ0	matt	lddt_columns	167/250
A0A1G1JTQ0	matt	time	68.79
A0A1G1JTQ0	mtmalign	lddt	0.709932
A0A1G1JTQ0	mtmalign	lddt_columns	164/261
A0A1G1JTQ0	mtmalign	time	16.67
A0A1G1JTQ0	muscle	lddt	0.668045
A0A1G1JTQ0	muscle	lddt_columns	162/194
A0A1G1JTQ0	muscle	time	1.23
A0A1G1JTQ0	mustang	lddt	0.731038
A0A1G1JTQ0	mustang	lddt_columns	159/225
A0A1G1JTQ0	mustang	time	47.17
A0A1G1JTQ0	usalign	lddt	0.712341
A0A1G1JTQ0	usalign	lddt_columns	166/208
A0A1G1JTQ0	usalign	time	5.15
A0A1G1LTA3	3dcoffee	lddt	0.658187
A0A1G1LTA3	3dcoffee	lddt_columns	502/565
A0A1G1LTA3	3dcoffee	time	894.83
A0A1G1LTA3	caretta	lddt	0.604364
A0A1G1LTA3	caretta	lddt_columns	495/525
A0A1G1LTA3	caretta	time	110.68
A0A1G1LTA3	clustalo	lddt	0.631037
A0A1G1LTA3	clustalo	lddt_columns	526/554
A0A1G1LTA3	clustalo	time	0.76
A0A1G1LTA3	famsa	lddt	0.661341
A0A1G1LTA3	famsa	lddt_columns	499/564
A0A1G1LTA3	famsa	time	0.26
A0A1G1LTA3	foldmason	lddt	0.651717
A0A1G1LTA3	foldmason	lddt_columns	519/549
A0A1G1LTA3	foldmason	time	0.82
A0A1G1LTA3	foldmason_refine100	lddt	0.653707
A0A1G1LTA3	foldmason_refine100	lddt_columns	517/549
A0A1G1LTA3	foldmason_refine100	time	8.87
A0A1G1LTA3	mafft	lddt	0.673994
A0A1G1LTA3	mafft	lddt_columns	510/556
A0A1G1LTA3	mafft	time	1.61
A0A1G1LTA3	matt	lddt	0.423903
A0A1G1LTA3	matt	lddt_columns	739/1671
A0A1G1LTA3	matt	time	830.89
A0A1G1LTA3	mtmalign	lddt	0.458012
A0A1G1LTA3	mtmalign	lddt_columns	715/1450
A0A1G1LTA3	mtmalign	time	124.75
A0A1G1LTA3	muscle	lddt	0.673778
A0A1G1LTA3	muscle	lddt_columns	499/596
A0A1G1LTA3	muscle	time	6.82
A0A1G1LTA3	mustang	lddt	0.618618
A0A1G1LTA3	mustang	lddt_columns	572/785
A0A1G1LTA3	mustang	time	414.31
A0A1G1LTA3	usalign	lddt	0.488381
A0A1G1LTA3	usalign	lddt_columns	672/1017
A0A1G1LTA3	usalign	time	49.41
A0A1G9C126	3dcoffee	lddt	0.771968
A0A1G9C126	3dcoffee	lddt_columns	178/198
A0A1G9C126	3dcoffee	time	317.27
A0A1G9C126	caretta	lddt	0.876596
A0A1G9C126	caretta	lddt_columns	162/167
A0A1G9C126	caretta	time	223.99
A0A1G9C126	clustalo	lddt	0.800522
A0A1G9C126	clustalo	lddt_columns	172/180
A0A1G9C126	clustalo	time	0.13
A0A1G9C126	famsa	lddt	0.838136
A0A1G9C126	famsa	lddt_columns	165/176
A0A1G9C126	famsa	time	0.07
A0A1G9C126	foldmason	lddt	0.862493
A0A1G9C126	foldmason	lddt_columns	162/168
A0A1G9C126	foldmason	time	0.46
A0A1G9C126	foldmason_refine100	lddt	0.872396
A0A1G9C126	foldmason_refine100	lddt_columns	162/168
A0A1G9C126	foldmason_refine100	time	2.54
A0A1G9C126	mafft	lddt	0.854520
A0A1G9C126	mafft	lddt_columns	166/168
A0A1G9C126	mafft	time	0.60
A0A1G9C126	matt	lddt	0.862305
A0A1G9C126	matt	lddt_columns	163/195
A0A1G9C126	matt	time	1378.34
A0A1G9C126	mtmalign	lddt	0.833945
A0A1G9C126	mtmalign	lddt_columns	170/197
A0A1G9C126	mtmalign	time	21.91
A0A1G9C126	muscle	lddt	0.846672
A0A1G9C126	muscle	lddt_columns	162/186
A0A1G9C126	muscle	time	1.41
A0A1G9C126	mustang	lddt	0.846878
A0A1G9C126	mustang	lddt_columns	165/192
A0A1G9C126	mustang	time	110.28
A0A1G9C126	usalign	lddt	0.861545
A0A1G9C126	usalign	lddt_columns	165/175
A0A1G9C126	usalign	time	8.27
A0A1H3Q0U3	3dcoffee	lddt	0.639053
A0A1H3Q0U3	3dcoffee	lddt_columns	634/772
A0A1H3Q0U3	3dcoffee	time	1502.94
A0A1H3Q0U3	caretta	lddt	0.501349
A0A1H3Q0U3	caretta	lddt_columns	639/671
A0A1H3Q0U3	caretta	time	140.30
A0A1H3Q0U3	clustalo	lddt	0.519251
A0A1H3Q0U3	clustalo	lddt_columns	742/838
A0A1H3Q0U3	clustalo	time	1.43
A0A1H3Q0U3	famsa	lddt	0.598690
A0A1H3Q0U3	famsa	lddt_columns	634/799
A0A1H3Q0U3	famsa	time	0.32
A0A1H3Q0U3	foldmason	lddt	0.634549
A0A1H3Q0U3	foldmason	lddt_columns	644/701
A0A1H3Q0U3	foldmason	time	1.07
A0A1H3Q0U3	foldmason_refine100	lddt	0.634549
A0A1H3Q0U3	foldmason_refine100	lddt_columns	644/701
A0A1H3Q0U3	foldmason_refine100	time	16.27
A0A1H3Q0U3	mafft	lddt	0.569894
A0A1H3Q0U3	mafft	lddt_columns	697/757
A0A1H3Q0U3	mafft	time	3.97
A0A1H3Q0U3	matt	lddt	0.177105
A0A1H3Q0U3	matt	lddt_columns	1508/5785
A0A1H3Q0U3	matt	time	7977.32
A0A1H3Q0U3	mtmalign	lddt	0.308954
A0A1H3Q0U3	mtmalign	lddt_columns	1388/2692
A0A1H3Q0U3	mtmalign	time	259.89
A0A1H3Q0U3	muscle	lddt	0.609902
A0A1H3Q0U3	muscle	lddt_columns	628/827
A0A1H3Q0U3	muscle	time	13.27
A0A1H3Q0U3	mustang	lddt	0.666326
A0A1H3Q0U3	mustang	lddt_columns	625/918
A0A1H3Q0U3	mustang	time	737.38
A0A1H3Q0U3	usalign	lddt	0.364675
A0A1H3Q0U3	usalign	lddt_columns	1210/2098
A0A1H3Q0U3	usalign	time	63.53
A0A1I3M533	3dcoffee	lddt	0.479308
A0A1I3M533	3dcoffee	lddt_columns	869/1054
A0A1I3M533	3dcoffee	time	1045.64
A0A1I3M533	caretta	lddt	0.394354
A0A1I3M533	caretta	lddt_columns	714/724
A0A1I3M533	caretta	time	151.76
A0A1I3M533	clustalo	lddt	0.394281
A0A1I3M533	clustalo	lddt_columns	946/1035
A0A1I3M533	clustalo	time	1.72
A0A1I3M533	famsa	lddt	0.442416
A0A1I3M533	famsa	lddt_columns	755/894
A0A1I3M533	famsa	time	0.25
A0A1I3M533	foldmason	lddt	0.478273
A0A1I3M533	foldmason	lddt_columns	840/978
A0A1I3M533	foldmason	time	0.97
A0A1I3M533	foldmason_refine100	lddt	0.486817
A0A1I3M533	foldmason_refine100	lddt_columns	829/931
A0A1I3M533	foldmason_refine100	time	15.87
A0A1I3M533	mafft	lddt	0.407240
A0A1I3M533	mafft	lddt_columns	918/1034
A0A1I3M533	mafft	time	4.91
A0A1I3M533	matt	lddt	0.194172
A0A1I3M533	matt	lddt_columns	1084/7528
A0A1I3M533	matt	time	12879.93
A0A1I3M533	mtmalign	lddt	0.262002
A0A1I3M533	mtmalign	lddt_columns	1305/5602
A0A1I3M533	mtmalign	time	173.31
A0A1I3M533	muscle	lddt	0.403507
A0A1I3M533	muscle	lddt_columns	903/1439
A0A1I3M533	muscle	time	14.67
A0A1I3M533	mustang	lddt	0.430149
A0A1I3M533	mustang	lddt_columns	959/1670
A0A1I3M533	mustang	time	4639.71
A0A1I3M533	usalign	lddt	0.256506
A0A1I3M533	usalign	lddt_columns	1497/4523
A0A1I3M533	usalign	time	40.31
A0A1J5DN52	3dcoffee	lddt	0.763391
A0A1J5DN52	3dcoffee	lddt_columns	310/348
A0A1J5DN52	3dcoffee	time	508.53
A0A1J5DN52	caretta	lddt	0.741376
A0A1J5DN52	caretta	lddt_columns	323/366
A0A1J5DN52	caretta	time	83.63
A0A1J5DN52	clustalo	lddt	0.757881
A0A1J5DN52	clustalo	lddt_columns	325/366
A0A1J5DN52	clustalo	time	0.37
A0A1J5DN52	famsa	lddt	0.783619
A0A1J5DN52	famsa	lddt_columns	312/373
A0A1J5DN52	famsa	time	0.13
A0A1J5DN52	foldmason	lddt	0.744104
A0A1J5DN52	foldmason	lddt_columns	331/363
A0A1J5DN52	foldmason	time	0.51
A0A1J5DN52	foldmason_refine100	lddt	0.755999
A0A1J5DN52	foldmason_refine100	lddt_columns	326/363
A0A1J5DN52	foldmason_refine100	time	6.40
A0A1J5DN52	mafft	lddt	0.759343
A0A1J5DN52	mafft	lddt_columns	321/374
A0A1J5DN52	mafft	time	0.85
A0A1J5DN52	matt	lddt	0.600761
A0A1J5DN52	matt	lddt_columns	405/688
A0A1J5DN52	matt	time	235.26
A0A1J5DN52	mtmalign	lddt	0.628193
A0A1J5DN52	mtmalign	lddt_columns	386/672
A0A1J5DN52	mtmalign	time	55.02
A0A1J5DN52	muscle	lddt	0.791073
A0A1J5DN52	muscle	lddt_columns	304/387
A0A1J5DN52	muscle	time	3.21
A0A1J5DN52	mustang	lddt	0.789561
A0A1J5DN52	mustang	lddt_columns	311/456
A0A1J5DN52	mustang	time	132.89
A0A1J5DN52	usalign	lddt	0.677711
A0A1J5DN52	usalign	lddt_columns	355/479
A0A1J5DN52	usalign	time	26.36
A0A1J5HL60	3dcoffee	lddt	0.754506
A0A1J5HL60	3dcoffee	lddt_columns	185/201
A0A1J5HL60	3dcoffee	time	294.57
A0A1J5HL60	caretta	lddt	0.739495
A0A1J5HL60	caretta	lddt_columns	181/189
A0A1J5HL60	caretta	time	72.24
A0A1J5HL60	clustalo	lddt	0.707462
A0A1J5HL60	clustalo	lddt_columns	188/198
A0A1J5HL60	clustalo	time	0.15
A0A1J5HL60	famsa	lddt	0.753067
A0A1J5HL60	famsa	lddt_columns	177/206
A0A1J5HL60	famsa	time	0.08
A0A1J5HL60	foldmason	lddt	0.729069
A0A1J5HL60	foldmason	lddt_columns	187/196
A0A1J5HL60	foldmason	time	0.22
A0A1J5HL60	foldmason_refine100	lddt	0.729169
A0A1J5HL60	foldmason_refine100	lddt_columns	187/196
A0A1J5HL60	foldmason_refine100	time	3.53
A0A1J5HL60	mafft	lddt	0.750100
A0A1J5HL60	mafft	lddt_columns	179/228
A0A1J5HL60	mafft	time	0.49
A0A1J5HL60	matt	lddt	0.719086
A0A1J5HL60	matt	lddt_columns	192/276
A0A1J5HL60	matt	time	66.14
A0A1J5HL60	mtmalign	lddt	0.718626
A0A1J5HL60	mtmalign	lddt_columns	196/287
A0A1J5HL60	mtmalign	time	15.93
A0A1J5HL60	muscle	lddt	0.739963
A0A1J5HL60	muscle	lddt_columns	180/216
A0A1J5HL60	muscle	time	1.55
A0A1J5HL60	mustang	lddt	0.770095
A0A1J5HL60	mustang	lddt_columns	178/239
A0A1J5HL60	mustang	time	52.01
A0A1J5HL60	usalign	lddt	0.748339
A0A1J5HL60	usalign	lddt_columns	188/222
A0A1J5HL60	usalign	time	6.43
A0A1M3NI87	3dcoffee	lddt	0.671043
A0A1M3NI87	3dcoffee	lddt_columns	521/554
A0A1M3NI87	3dcoffee	time	1269.45
A0A1M3NI87	caretta	lddt	0.516359
A0A1M3NI87	caretta	lddt_columns	545/573
A0A1M3NI87	caretta	time	121.37
A0A1M3NI87	clustalo	lddt	0.626844
A0A1M3NI87	clustalo	lddt_columns	612/650
A0A1M3NI87	clustalo	time	1.29
A0A1M3NI87	famsa	lddt	0.686429
A0A1M3NI87	famsa	lddt_columns	546/596
A0A1M3NI87	famsa	time	0.29
A0A1M3NI87	foldmason	lddt	0.672789
A0A1M3NI87	foldmason	lddt_columns	568/611
A0A1M3NI87	foldmason	time	0.74
A0A1M3NI87	foldmason_refine100	lddt	0.679251
A0A1M3NI87	foldmason_refine100	lddt_columns	561/608
A0A1M3NI87	foldmason_refine100	time	13.27
A0A1M3NI87	mafft	lddt	0.640806
A0A1M3NI87	mafft	lddt_columns	593/659
A0A1M3NI87	mafft	time	3.38
A0A1M3NI87	matt	lddt	0.322953
A0A1M3NI87	matt	lddt_columns	902/3748
A0A1M3NI87	matt	time	2860.98
A0A1M3NI87	mtmalign	lddt	0.326428
A0A1M3NI87	mtmalign	lddt_columns	1151/3182
A0A1M3NI87	mtmalign	time	158.63
A0A1M3NI87	muscle	lddt	0.668542
A0A1M3NI87	muscle	lddt_columns	556/751
A0A1M3NI87	muscle	time	11.35
A0A1M3NI87	mustang	lddt	0.642958
A0A1M3NI87	mustang	lddt_columns	605/935
A0A1M3NI87	mustang	time	692.90
A0A1M3NI87	usalign	lddt	0.308877
A0A1M3NI87	usalign	lddt_columns	1354/2486
A0A1M3NI87	usalign	time	38.62
A0A1N7IG91	3dcoffee	lddt	0.716626
A0A1N7IG91	3dcoffee	lddt_columns	168/206
A0A1N7IG91	3dcoffee	time	279.35
A0A1N7IG91	caretta	lddt	0.641518
A0A1N7IG91	caretta	lddt_columns	178/206
A0A1N7IG91	caretta	time	72.38
A0A1N7IG91	clustalo	lddt	0.673749
A0A1N7IG91	clustalo	lddt_columns	174/222
A0A1N7IG91	clustalo	time	0.13
A0A1N7IG91	famsa	lddt	0.678659
A0A1N7IG91	famsa	lddt_columns	172/195
A0A1N7IG91	famsa	time	0.07
A0A1N7IG91	foldmason	lddt	0.611654
A0A1N7IG91	foldmason	lddt_columns	195/217
A0A1N7IG91	foldmason	time	0.25
A0A1N7IG91	foldmason_refine100	lddt	0.627561
A0A1N7IG91	foldmason_refine100	lddt_columns	190/212
A0A1N7IG91	foldmason_refine100	time	2.97
A0A1N7IG91	mafft	lddt	0.633248
A0A1N7IG91	mafft	lddt_columns	184/216
A0A1N7IG91	mafft	time	0.57
A0A1N7IG91	matt	lddt	0.567926
A0A1N7IG91	matt	lddt_columns	207/361
A0A1N7IG91	matt	time	57.81
A0A1N7IG91	mtmalign	lddt	0.612857
A0A1N7IG91	mtmalign	lddt_columns	201/373
A0A1N7IG91	mtmalign	time	16.08
A0A1N7IG91	muscle	lddt	0.708943
A0A1N7IG91	muscle	lddt_columns	158/269
A0A1N7IG91	muscle	time	1.59
A0A1N7IG91	mustang	lddt	0.661628
A0A1N7IG91	mustang	lddt_columns	178/297
A0A1N7IG91	mustang	time	39.13
A0A1N7IG91	usalign	lddt	0.638829
A0A1N7IG91	usalign	lddt_columns	194/280
A0A1N7IG91	usalign	time	5.65
A0A1W9PGV8	3dcoffee	lddt	0.690103
A0A1W9PGV8	3dcoffee	lddt_columns	555/582
A0A1W9PGV8	3dcoffee	time	1040.62
A0A1W9PGV8	caretta	lddt	0.572370
A0A1W9PGV8	caretta	lddt_columns	540/586
A0A1W9PGV8	caretta	time	125.36
A0A1W9PGV8	clustalo	lddt	0.716349
A0A1W9PGV8	clustalo	lddt_columns	572/615
A0A1W9PGV8	clustalo	time	0.85
A0A1W9PGV8	famsa	lddt	0.760067
A0A1W9PGV8	famsa	lddt_columns	544/600
A0A1W9PGV8	famsa	time	0.26
A0A1W9PGV8	foldmason	lddt	0.740182
A0A1W9PGV8	foldmason	lddt_columns	558/613
A0A1W9PGV8	foldmason	time	0.99
A0A1W9PGV8	foldmason_refine100	lddt	0.740182
A0A1W9PGV8	foldmason_refine100	lddt_columns	558/613
A0A1W9PGV8	foldmason_refine100	time	12.15
A0A1W9PGV8	mafft	lddt	0.762782
A0A1W9PGV8	mafft	lddt_columns	549/590
A0A1W9PGV8	mafft	time	1.50
A0A1W9PGV8	matt	lddt	0.312718
A0A1W9PGV8	matt	lddt_columns	1035/3004
A0A1W9PGV8	matt	time	2069.19
A0A1W9PGV8	mtmalign	lddt	0.453030
A0A1W9PGV8	mtmalign	lddt_columns	948/1887
A0A1W9PGV8	mtmalign	time	179.52
A0A1W9PGV8	muscle	lddt	0.772832
A0A1W9PGV8	muscle	lddt_columns	536/633
A0A1W9PGV8	muscle	time	8.12
A0A1W9PGV8	mustang	lddt	0.755389
A0A1W9PGV8	mustang	lddt_columns	552/767
A0A1W9PGV8	mustang	time	342.68
A0A1W9PGV8	usalign	lddt	0.492606
A0A1W9PGV8	usalign	lddt_columns	843/1613
A0A1W9PGV8	usalign	time	55.54
A0A252F4I6	3dcoffee	lddt	0.785853
A0A252F4I6	3dcoffee	lddt_columns	159/168
A0A252F4I6	3dcoffee	time	278.38
A0A252F4I6	caretta	lddt	0.765171
A0A252F4I6	caretta	lddt_columns	162/166
A0A252F4I6	caretta	time	71.73
A0A252F4I6	clustalo	lddt	0.746949
A0A252F4I6	clustalo	lddt_columns	161/170
A0A252F4I6	clustalo	time	0.10
A0A252F4I6	famsa	lddt	0.735327
A0A252F4I6	famsa	lddt_columns	160/168
A0A252F4I6	famsa	time	0.06
A0A252F4I6	foldmason	lddt	0.754556
A0A252F4I6	foldmason	lddt_columns	160/169
A0A252F4I6	foldmason	time	0.25
A0A252F4I6	foldmason_refine100	lddt	0.756432
A0A252F4I6	foldmason_refine100	lddt_columns	160/167
A0A252F4I6	foldmason_refine100	time	2.99
A0A252F4I6	mafft	lddt	0.751307
A0A252F4I6	mafft	lddt_columns	163/175
A0A252F4I6	mafft	time	0.48
A0A252F4I6	matt	lddt	0.711673
A0A252F4I6	matt	lddt_columns	173/213
A0A252F4I6	matt	time	81.83
A0A252F4I6	mtmalign	lddt	0.730499
A0A252F4I6	mtmalign	lddt_columns	173/218
A0A252F4I6	mtmalign	time	18.30
A0A252F4I6	muscle	lddt	0.732972
A0A252F4I6	muscle	lddt_columns	160/204
A0A252F4I6	muscle	time	1.18
A0A252F4I6	mustang	lddt	0.772125
A0A252F4I6	mustang	lddt_columns	161/183
A0A252F4I6	mustang	time	38.96
A0A252F4I6	usalign	lddt	0.762363
A0A252F4I6	usalign	lddt_columns	165/185
A0A252F4I6	usalign	time	5.19
A0A2A3AK07	3dcoffee	lddt	0.464403
A0A2A3AK07	3dcoffee	lddt_columns	1173/1769
A0A2A3AK07	3dcoffee	time	2330.03
A0A2A3AK07	caretta	lddt	0.371208
A0A2A3AK07	caretta	lddt_columns	942/971
A0A2A3AK07	caretta	time	224.63
A0A2A3AK07	clustalo	lddt	0.283138
A0A2A3AK07	clustalo	lddt_columns	1764/1971
A0A2A3AK07	clustalo	time	4.86
A0A2A3AK07	famsa	lddt	0.373389
A0A2A3AK07	famsa	lddt_columns	1097/1304
A0A2A3AK07	famsa	time	0.42
A0A2A3AK07	foldmason	lddt	0.403032
A0A2A3AK07	foldmason	lddt_columns	1279/1377
A0A2A3AK07	foldmason	time	1.85
A0A2A3AK07	foldmason_refine100	lddt	0.403032
A0A2A3AK07	foldmason_refine100	lddt_columns	1279/1377
A0A2A3AK07	foldmason_refine100	time	25.68
A0A2A3AK07	mafft	lddt	0.331592
A0A2A3AK07	mafft	lddt_columns	1460/1692
A0A2A3AK07	mafft	time	8.93
A0A2A3AK07	matt	lddt	0.208444
A0A2A3AK07	matt	lddt_columns	1768/8892
A0A2A3AK07	matt	time	15453.69
A0A2A3AK07	mtmalign	lddt	0.265226
A0A2A3AK07	mtmalign	lddt_columns	2352/6158
A0A2A3AK07	mtmalign	time	487.23
A0A2A3AK07	muscle	lddt	0.332446
A0A2A3AK07	muscle	lddt_columns	1358/2388
A0A2A3AK07	muscle	time	29.06
A0A2A3AK07	mustang	lddt	0.429708
A0A2A3AK07	mustang	lddt_columns	1288/2458
A0A2A3AK07	mustang	time	9427.68
A0A2A3AK07	usalign	lddt	0.248646
A0A2A3AK07	usalign	lddt_columns	2753/5231
A0A2A3AK07	usalign	time	75.59
A0A2E1ZTZ4	3dcoffee	lddt	0.801696
A0A2E1ZTZ4	3dcoffee	lddt_columns	155/158
A0A2E1ZTZ4	3dcoffee	time	303.58
A0A2E1ZTZ4	caretta	lddt	0.801488
A0A2E1ZTZ4	caretta	lddt_columns	155/158
A0A2E1ZTZ4	caretta	time	79.80
A0A2E1ZTZ4	clustalo	lddt	0.782586
A0A2E1ZTZ4	clustalo	lddt_columns	157/160
A0A2E1ZTZ4	clustalo	time	0.10
A0A2E1ZTZ4	famsa	lddt	0.773367
A0A2E1ZTZ4	famsa	lddt_columns	158/165
A0A2E1ZTZ4	famsa	time	0.08
A0A2E1ZTZ4	foldmason	lddt	0.790722
A0A2E1ZTZ4	foldmason	lddt_columns	156/160
A0A2E1ZTZ4	foldmason	time	0.22
A0A2E1ZTZ4	foldmason_refine100	lddt	0.790862
A0A2E1ZTZ4	foldmason_refine100	lddt_columns	156/160
A0A2E1ZTZ4	foldmason_refine100	time	2.79
A0A2E1ZTZ4	mafft	lddt	0.800551
A0A2E1ZTZ4	mafft	lddt_columns	155/158
A0A2E1ZTZ4	mafft	time	0.46
A0A2E1ZTZ4	matt	lddt	0.761934
A0A2E1ZTZ4	matt	lddt_columns	161/186
A0A2E1ZTZ4	matt	time	766.60
A0A2E1ZTZ4	mtmalign	lddt	0.777790
A0A2E1ZTZ4	mtmalign	lddt_columns	160/183
A0A2E1ZTZ4	mtmalign	time	14.25
A0A2E1ZTZ4	muscle	lddt	0.770355
A0A2E1ZTZ4	muscle	lddt_columns	155/169
A0A2E1ZTZ4	muscle	time	1.05
A0A2E1ZTZ4	mustang	lddt	0.803770
A0A2E1ZTZ4	mustang	lddt_columns	153/188
A0A2E1ZTZ4	mustang	time	68.04
A0A2E1ZTZ4	usalign	lddt	0.787959
A0A2E1ZTZ4	usalign	lddt_columns	158/161
A0A2E1ZTZ4	usalign	time	5.15
A0A2E5EG28	3dcoffee	lddt	0.842626
A0A2E5EG28	3dcoffee	lddt_columns	158/162
A0A2E5EG28	3dcoffee	time	315.16
A0A2E5EG28	caretta	lddt	0.837729
A0A2E5EG28	caretta	lddt_columns	159/161
A0A2E5EG28	caretta	time	224.00
A0A2E5EG28	clustalo	lddt	0.810164
A0A2E5EG28	clustalo	lddt_columns	164/164
A0A2E5EG28	clustalo	time	0.10
A0A2E5EG28	famsa	lddt	0.830542
A0A2E5EG28	famsa	lddt_columns	159/163
A0A2E5EG28	famsa	time	0.06
A0A2E5EG28	foldmason	lddt	0.825450
A0A2E5EG28	foldmason	lddt_columns	161/161
A0A2E5EG28	foldmason	time	0.41
A0A2E5EG28	foldmason_refine100	lddt	0.826276
A0A2E5EG28	foldmason_refine100	lddt_columns	161/161
A0A2E5EG28	foldmason_refine100	time	3.01
A0A2E5EG28	mafft	lddt	0.836592
A0A2E5EG28	mafft	lddt_columns	159/166
A0A2E5EG28	mafft	time	0.52
A0A2E5EG28	matt	lddt	0.828426
A0A2E5EG28	matt	lddt_columns	159/199
A0A2E5EG28	matt	time	695.37
A0A2E5EG28	mtmalign	lddt	0.813491
A0A2E5EG28	mtmalign	lddt_columns	164/217
A0A2E5EG28	mtmalign	time	15.95
A0A2E5EG28	muscle	lddt	0.821529
A0A2E5EG28	muscle	lddt_columns	158/164
A0A2E5EG28	muscle	time	0.98
A0A2E5EG28	mustang	lddt	0.831794
A0A2E5EG28	mustang	lddt_columns	159/195
A0A2E5EG28	mustang	time	60.81
A0A2E5EG28	usalign	lddt	0.843026
A0A2E5EG28	usalign	lddt_columns	158/184
A0A2E5EG28	usalign	time	4.83
A0A2E8KWW7	3dcoffee	lddt	0.816924
A0A2E8KWW7	3dcoffee	lddt_columns	163/176
A0A2E8KWW7	3dcoffee	time	303.10
A0A2E8KWW7	caretta	lddt	0.845185
A0A2E8KWW7	caretta	lddt_columns	156/172
A0A2E8KWW7	caretta	time	225.98
A0A2E8KWW7	clustalo	lddt	0.824709
A0A2E8KWW7	clustalo	lddt_columns	161/173
A0A2E8KWW7	clustalo	time	0.11
A0A2E8KWW7	famsa	lddt	0.832482
A0A2E8KWW7	famsa	lddt_columns	159/173
A0A2E8KWW7	famsa	time	0.03
A0A2E8KWW7	foldmason	lddt	0.821861
A0A2E8KWW7	foldmason	lddt_columns	160/178
A0A2E8KWW7	foldmason	time	0.43
A0A2E8KWW7	foldmason_refine100	lddt	0.823557
A0A2E8KWW7	foldmason_refine100	lddt_columns	160/176
A0A2E8KWW7	foldmason_refine100	time	2.84
A0A2E8KWW7	mafft	lddt	0.811393
A0A2E8KWW7	mafft	lddt_columns	163/176
A0A2E8KWW7	mafft	time	0.48
A0A2E8KWW7	matt	lddt	0.841999
A0A2E8KWW7	matt	lddt_columns	156/209
A0A2E8KWW7	matt	time	759.10
A0A2E8KWW7	mtmalign	lddt	0.815011
A0A2E8KWW7	mtmalign	lddt_columns	163/207
A0A2E8KWW7	mtmalign	time	14.97
A0A2E8KWW7	muscle	lddt	0.804689
A0A2E8KWW7	muscle	lddt_columns	163/183
A0A2E8KWW7	muscle	time	0.92
A0A2E8KWW7	mustang	lddt	0.821361
A0A2E8KWW7	mustang	lddt_columns	161/199
A0A2E8KWW7	mustang	time	58.40
A0A2E8KWW7	usalign	lddt	0.831683
A0A2E8KWW7	usalign	lddt_columns	160/186
A0A2E8KWW7	usalign	time	4.88
A0A2K2FPG0	3dcoffee	lddt	0.933870
A0A2K2FPG0	3dcoffee	lddt_columns	153/169
A0A2K2FPG0	3dcoffee	time	317.53
A0A2K2FPG0	caretta	lddt	0.944977
A0A2K2FPG0	caretta	lddt_columns	153/155
A0A2K2FPG0	caretta	time	224.00
A0A2K2FPG0	clustalo	lddt	0.937816
A0A2K2FPG0	clustalo	lddt_columns	154/155
A0A2K2FPG0	clustalo	time	0.10
A0A2K2FPG0	famsa	lddt	0.945222
A0A2K2FPG0	famsa	lddt_columns	153/155
A0A2K2FPG0	famsa	time	0.06
A0A2K2FPG0	foldmason	lddt	0.945739
A0A2K2FPG0	foldmason	lddt_columns	153/155
A0A2K2FPG0	foldmason	time	0.42
A0A2K2FPG0	foldmason_refine100	lddt	0.945739
A0A2K2FPG0	foldmason_refine100	lddt_columns	153/155
A0A2K2FPG0	foldmason_refine100	time	2.55
A0A2K2FPG0	mafft	lddt	0.944610
A0A2K2FPG0	mafft	lddt_columns	153/155
A0A2K2FPG0	mafft	time	0.44
A0A2K2FPG0	matt	lddt	0.939758
A0A2K2FPG0	matt	lddt_columns	154/157
A0A2K2FPG0	matt	time	1406.87
A0A2K2FPG0	mtmalign	lddt	0.944906
A0A2K2FPG0	mtmalign	lddt_columns	153/158
A0A2K2FPG0	mtmalign	time	18.68
A0A2K2FPG0	muscle	lddt	0.932141
A0A2K2FPG0	muscle	lddt_columns	152/163
A0A2K2FPG0	muscle	time	1.17
A0A2K2FPG0	mustang	lddt	0.945214
A0A2K2FPG0	mustang	lddt_columns	153/156
A0A2K2FPG0	mustang	time	108.94
A0A2K2FPG0	usalign	lddt	0.933684
A0A2K2FPG0	usalign	lddt_columns	155/155
A0A2K2FPG0	usalign	time	5.91
A0A2M7QJ61	3dcoffee	lddt	0.742231
A0A2M7QJ61	3dcoffee	lddt_columns	423/458
A0A2M7QJ61	3dcoffee	time	895.55
A0A2M7QJ61	caretta	lddt	0.654931
A0A2M7QJ61	caretta	lddt_columns	418/443
A0A2M7QJ61	caretta	time	247.90
A0A2M7QJ61	clustalo	lddt	0.740729
A0A2M7QJ61	clustalo	lddt_columns	421/458
A0A2M7QJ61	clustalo	time	0.53
A0A2M7QJ61	famsa	lddt	0.749664
A0A2M7QJ61	famsa	lddt_columns	413/468
A0A2M7QJ61	famsa	time	0.20
A0A2M7QJ61	foldmason	lddt	0.733469
A0A2M7QJ61	foldmason	lddt_columns	426/450
A0A2M7QJ61	foldmason	time	0.89
A0A2M7QJ61	foldmason_refine100	lddt	0.733469
A0A2M7QJ61	foldmason_refine100	lddt_columns	426/450
A0A2M7QJ61	foldmason_refine100	time	9.79
A0A2M7QJ61	mafft	lddt	0.740195
A0A2M7QJ61	mafft	lddt_columns	422/459
A0A2M7QJ61	mafft	time	1.63
A0A2M7QJ61	matt	lddt	0.308069
A0A2M7QJ61	matt	lddt_columns	832/1865
A0A2M7QJ61	matt	time	1855.38
A0A2M7QJ61	mtmalign	lddt	0.599479
A0A2M7QJ61	mtmalign	lddt_columns	507/1012
A0A2M7QJ61	mtmalign	time	96.35
A0A2M7QJ61	muscle	lddt	0.748181
A0A2M7QJ61	muscle	lddt_columns	413/480
A0A2M7QJ61	muscle	time	5.69
A0A2M7QJ61	mustang	lddt	0.745113
A0A2M7QJ61	mustang	lddt_columns	422/577
A0A2M7QJ61	mustang	time	279.59
A0A2M7QJ61	usalign	lddt	0.675169
A0A2M7QJ61	usalign	lddt_columns	447/711
A0A2M7QJ61	usalign	time	42.07
A0A2N1QBZ3	3dcoffee	lddt	0.819397
A0A2N1QBZ3	3dcoffee	lddt_columns	277/306
A0A2N1QBZ3	3dcoffee	time	500.82
A0A2N1QBZ3	caretta	lddt	0.861822
A0A2N1QBZ3	caretta	lddt_columns	282/314
A0A2N1QBZ3	caretta	time	85.80
A0A2N1QBZ3	clustalo	lddt	0.865482
A0A2N1QBZ3	clustalo	lddt_columns	280/314
A0A2N1QBZ3	clustalo	time	0.33
A0A2N1QBZ3	famsa	lddt	0.869124
A0A2N1QBZ3	famsa	lddt_columns	278/318
A0A2N1QBZ3	famsa	time	0.12
A0A2N1QBZ3	foldmason	lddt	0.835998
A0A2N1QBZ3	foldmason	lddt_columns	287/314
A0A2N1QBZ3	foldmason	time	0.38
A0A2N1QBZ3	foldmason_refine100	lddt	0.836455
A0A2N1QBZ3	foldmason_refine100	lddt_columns	287/314
A0A2N1QBZ3	foldmason_refine100	time	6.18
A0A2N1QBZ3	mafft	lddt	0.867712
A0A2N1QBZ3	mafft	lddt_columns	279/314
A0A2N1QBZ3	mafft	time	0.72
A0A2N1QBZ3	matt	lddt	0.764242
A0A2N1QBZ3	matt	lddt_columns	318/408
A0A2N1QBZ3	matt	time	1093.38
A0A2N1QBZ3	mtmalign	lddt	0.745510
A0A2N1QBZ3	mtmalign	lddt_columns	325/422
A0A2N1QBZ3	mtmalign	time	50.26
A0A2N1QBZ3	muscle	lddt	0.876833
A0A2N1QBZ3	muscle	lddt_columns	274/321
A0A2N1QBZ3	muscle	time	3.30
A0A2N1QBZ3	mustang	lddt	0.846475
A0A2N1QBZ3	mustang	lddt_columns	289/346
A0A2N1QBZ3	mustang	time	247.61
A0A2N1QBZ3	usalign	lddt	0.813384
A0A2N1QBZ3	usalign	lddt_columns	300/329
A0A2N1QBZ3	usalign	time	25.00
A0A2N2FFV9	3dcoffee	lddt	0.816808
A0A2N2FFV9	3dcoffee	lddt_columns	172/174
A0A2N2FFV9	3dcoffee	time	315.23
A0A2N2FFV9	caretta	lddt	0.871403
A0A2N2FFV9	caretta	lddt_columns	160/162
A0A2N2FFV9	caretta	time	223.98
A0A2N2FFV9	clustalo	lddt	0.822372
A0A2N2FFV9	clustalo	lddt_columns	162/170
A0A2N2FFV9	clustalo	time	0.11
A0A2N2FFV9	famsa	lddt	0.853276
A0A2N2FFV9	famsa	lddt_columns	161/166
A0A2N2FFV9	famsa	time	0.06
A0A2N2FFV9	foldmason	lddt	0.865558
A0A2N2FFV9	foldmason	lddt_columns	160/162
A0A2N2FFV9	foldmason	time	0.52
A0A2N2FFV9	foldmason_refine100	lddt	0.866329
A0A2N2FFV9	foldmason_refine100	lddt_columns	160/162
A0A2N2FFV9	foldmason_refine100	time	2.46
A0A2N2FFV9	mafft	lddt	0.844729
A0A2N2FFV9	mafft	lddt_columns	161/166
A0A2N2FFV9	mafft	time	0.63
A0A2N2FFV9	matt	lddt	0.838587
A0A2N2FFV9	matt	lddt_columns	165/204
A0A2N2FFV9	matt	time	1285.81
A0A2N2FFV9	mtmalign	lddt	0.849280
A0A2N2FFV9	mtmalign	lddt_columns	164/207
A0A2N2FFV9	mtmalign	time	19.12
A0A2N2FFV9	muscle	lddt	0.823296
A0A2N2FFV9	muscle	lddt_columns	161/177
A0A2N2FFV9	muscle	time	1.32
A0A2N2FFV9	mustang	lddt	0.870029
A0A2N2FFV9	mustang	lddt_columns	160/188
A0A2N2FFV9	mustang	time	101.43
A0A2N2FFV9	usalign	lddt	0.854095
A0A2N2FFV9	usalign	lddt_columns	163/190
A0A2N2FFV9	usalign	time	6.91
A0A2R6CQZ8	3dcoffee	lddt	0.630178
A0A2R6CQZ8	3dcoffee	lddt_columns	753/1142
A0A2R6CQZ8	3dcoffee	time	1298.91
A0A2R6CQZ8	caretta	lddt	0.560051
A0A2R6CQZ8	caretta	lddt_columns	727/739
A0A2R6CQZ8	caretta	time	310.20
A0A2R6CQZ8	clustalo	lddt	0.514028
A0A2R6CQZ8	clustalo	lddt_columns	934/1102
A0A2R6CQZ8	clustalo	time	1.40
A0A2R6CQZ8	famsa	lddt	0.611591
A0A2R6CQZ8	famsa	lddt_columns	723/888
A0A2R6CQZ8	famsa	time	0.27
A0A2R6CQZ8	foldmason	lddt	0.595915
A0A2R6CQZ8	foldmason	lddt_columns	786/938
A0A2R6CQZ8	foldmason	time	1.32
A0A2R6CQZ8	foldmason_refine100	lddt	0.595915
A0A2R6CQZ8	foldmason_refine100	lddt_columns	786/938
A0A2R6CQZ8	foldmason_refine100	time	18.56
A0A2R6CQZ8	mafft	lddt	0.551438
A0A2R6CQZ8	mafft	lddt_columns	840/1045
A0A2R6CQZ8	mafft	time	2.97
A0A2R6CQZ8	matt	lddt	0.333155
A0A2R6CQZ8	matt	lddt_columns	991/4045
A0A2R6CQZ8	matt	time	12358.59
A0A2R6CQZ8	mtmalign	lddt	0.508921
A0A2R6CQZ8	mtmalign	lddt_columns	927/3310
A0A2R6CQZ8	mtmalign	time	205.31
A0A2R6CQZ8	muscle	lddt	0.651478
A0A2R6CQZ8	muscle	lddt_columns	671/1431
A0A2R6CQZ8	muscle	time	14.00
A0A2R6CQZ8	mustang	lddt	0.592946
A0A2R6CQZ8	mustang	lddt_columns	791/1446
A0A2R6CQZ8	mustang	time	1925.88
A0A2R6CQZ8	usalign	lddt	0.505406
A0A2R6CQZ8	usalign	lddt_columns	970/2548
A0A2R6CQZ8	usalign	time	50.37
A0A2R6JPP2	3dcoffee	lddt	0.498702
A0A2R6JPP2	3dcoffee	lddt_columns	701/996
A0A2R6JPP2	3dcoffee	time	867.12
A0A2R6JPP2	caretta	lddt	0.411123
A0A2R6JPP2	caretta	lddt_columns	593/614
A0A2R6JPP2	caretta	time	125.99
A0A2R6JPP2	clustalo	lddt	0.366279
A0A2R6JPP2	clustalo	lddt_columns	884/1045
A0A2R6JPP2	clustalo	time	1.01
A0A2R6JPP2	famsa	lddt	0.426764
A0A2R6JPP2	famsa	lddt_columns	640/793
A0A2R6JPP2	famsa	time	0.25
A0A2R6JPP2	foldmason	lddt	0.459752
A0A2R6JPP2	foldmason	lddt_columns	753/823
A0A2R6JPP2	foldmason	time	0.98
A0A2R6JPP2	foldmason_refine100	lddt	0.460726
A0A2R6JPP2	foldmason_refine100	lddt_columns	751/818
A0A2R6JPP2	foldmason_refine100	time	11.59
A0A2R6JPP2	mafft	lddt	0.357505
A0A2R6JPP2	mafft	lddt_columns	900/1044
A0A2R6JPP2	mafft	time	3.45
A0A2R6JPP2	matt	lddt	0.208585
A0A2R6JPP2	matt	lddt_columns	968/5841
A0A2R6JPP2	matt	time	5444.63
A0A2R6JPP2	mtmalign	lddt	0.262509
A0A2R6JPP2	mtmalign	lddt_columns	1521/4072
A0A2R6JPP2	mtmalign	time	122.01
A0A2R6JPP2	muscle	lddt	0.368686
A0A2R6JPP2	muscle	lddt_columns	834/1417
A0A2R6JPP2	muscle	time	13.22
A0A2R6JPP2	mustang	lddt	0.358514
A0A2R6JPP2	mustang	lddt_columns	997/1735
A0A2R6JPP2	mustang	time	2773.74
A0A2R6JPP2	usalign	lddt	0.263744
A0A2R6JPP2	usalign	lddt_columns	1514/3590
A0A2R6JPP2	usalign	time	31.43
A0A2R6KP32	3dcoffee	lddt	0.761512
A0A2R6KP32	3dcoffee	lddt_columns	184/187
A0A2R6KP32	3dcoffee	time	306.82
A0A2R6KP32	caretta	lddt	0.764527
A0A2R6KP32	caretta	lddt_columns	182/185
A0A2R6KP32	caretta	time	73.14
A0A2R6KP32	clustalo	lddt	0.705735
A0A2R6KP32	clustalo	lddt_columns	194/202
A0A2R6KP32	clustalo	time	0.13
A0A2R6KP32	famsa	lddt	0.724579
A0A2R6KP32	famsa	lddt_columns	184/206
A0A2R6KP32	famsa	time	0.08
A0A2R6KP32	foldmason	lddt	0.721729
A0A2R6KP32	foldmason	lddt_columns	187/189
A0A2R6KP32	foldmason	time	0.25
A0A2R6KP32	foldmason_refine100	lddt	0.721729
A0A2R6KP32	foldmason_refine100	lddt_columns	187/189
A0A2R6KP32	foldmason_refine100	time	3.26
A0A2R6KP32	mafft	lddt	0.716924
A0A2R6KP32	mafft	lddt_columns	191/194
A0A2R6KP32	mafft	time	0.51
A0A2R6KP32	matt	lddt	0.711746
A0A2R6KP32	matt	lddt_columns	198/230
A0A2R6KP32	matt	time	1082.56
A0A2R6KP32	mtmalign	lddt	0.700181
A0A2R6KP32	mtmalign	lddt_columns	204/243
A0A2R6KP32	mtmalign	time	16.60
A0A2R6KP32	muscle	lddt	0.716671
A0A2R6KP32	muscle	lddt_columns	185/228
A0A2R6KP32	muscle	time	1.28
A0A2R6KP32	mustang	lddt	0.730535
A0A2R6KP32	mustang	lddt_columns	192/216
A0A2R6KP32	mustang	time	79.81
A0A2R6KP32	usalign	lddt	0.743993
A0A2R6KP32	usalign	lddt_columns	190/197
A0A2R6KP32	usalign	time	6.48
A0A2W5JG19	3dcoffee	lddt	0.708770
A0A2W5JG19	3dcoffee	lddt_columns	196/217
A0A2W5JG19	3dcoffee	time	320.80
A0A2W5JG19	caretta	lddt	0.788568
A0A2W5JG19	caretta	lddt_columns	170/179
A0A2W5JG19	caretta	time	224.00
A0A2W5JG19	clustalo	lddt	0.638000
A0A2W5JG19	clustalo	lddt_columns	196/232
A0A2W5JG19	clustalo	time	0.14
A0A2W5JG19	famsa	lddt	0.750833
A0A2W5JG19	famsa	lddt_columns	175/189
A0A2W5JG19	famsa	time	0.10
A0A2W5JG19	foldmason	lddt	0.812208
A0A2W5JG19	foldmason	lddt_columns	172/176
A0A2W5JG19	foldmason	time	0.45
A0A2W5JG19	foldmason_refine100	lddt	0.818412
A0A2W5JG19	foldmason_refine100	lddt_columns	172/175
A0A2W5JG19	foldmason_refine100	time	2.56
A0A2W5JG19	mafft	lddt	0.797545
A0A2W5JG19	mafft	lddt_columns	171/192
A0A2W5JG19	mafft	time	0.62
A0A2W5JG19	matt	lddt	0.719859
A0A2W5JG19	matt	lddt_columns	191/264
A0A2W5JG19	matt	time	1475.72
A0A2W5JG19	mtmalign	lddt	0.787127
A0A2W5JG19	mtmalign	lddt_columns	176/231
A0A2W5JG19	mtmalign	time	23.06
A0A2W5JG19	muscle	lddt	0.803701
A0A2W5JG19	muscle	lddt_columns	164/197
A0A2W5JG19	muscle	time	1.62
A0A2W5JG19	mustang	lddt	0.836230
A0A2W5JG19	mustang	lddt_columns	164/211
A0A2W5JG19	mustang	time	100.12
A0A2W5JG19	usalign	lddt	0.807523
A0A2W5JG19	usalign	lddt_columns	173/201
A0A2W5JG19	usalign	time	7.49
A0A2Z3HUZ4	3dcoffee	lddt	0.904759
A0A2Z3HUZ4	3dcoffee	lddt_columns	145/169
A0A2Z3HUZ4	3dcoffee	time	238.71
A0A2Z3HUZ4	caretta	lddt	0.874617
A0A2Z3HUZ4	caretta	lddt_columns	154/155
A0A2Z3HUZ4	caretta	time	70.52
A0A2Z3HUZ4	clustalo	lddt	0.887666
A0A2Z3HUZ4	clustalo	lddt_columns	151/157
A0A2Z3HUZ4	clustalo	time	0.09
A0A2Z3HUZ4	famsa	lddt	0.888450
A0A2Z3HUZ4	famsa	lddt_columns	151/156
A0A2Z3HUZ4	famsa	time	0.02
A0A2Z3HUZ4	foldmason	lddt	0.883708
A0A2Z3HUZ4	foldmason	lddt_columns	152/155
A0A2Z3HUZ4	foldmason	time	0.24
A0A2Z3HUZ4	foldmason_refine100	lddt	0.888488
A0A2Z3HUZ4	foldmason_refine100	lddt_columns	151/156
A0A2Z3HUZ4	foldmason_refine100	time	2.34
A0A2Z3HUZ4	mafft	lddt	0.883763
A0A2Z3HUZ4	mafft	lddt_columns	151/156
A0A2Z3HUZ4	mafft	time	0.33
A0A2Z3HUZ4	matt	lddt	0.863861
A0A2Z3HUZ4	matt	lddt_columns	155/179
A0A2Z3HUZ4	matt	time	1288.85
A0A2Z3HUZ4	mtmalign	lddt	0.858042
A0A2Z3HUZ4	mtmalign	lddt_columns	156/188
A0A2Z3HUZ4	mtmalign	time	16.92
A0A2Z3HUZ4	muscle	lddt	0.909818
A0A2Z3HUZ4	muscle	lddt_columns	143/167
A0A2Z3HUZ4	muscle	time	0.97
A0A2Z3HUZ4	mustang	lddt	0.921917
A0A2Z3HUZ4	mustang	lddt_columns	144/177
A0A2Z3HUZ4	mustang	time	83.99
A0A2Z3HUZ4	usalign	lddt	0.872980
A0A2Z3HUZ4	usalign	lddt_columns	154/168
A0A2Z3HUZ4	usalign	time	6.46
A0A326KFK6	3dcoffee	lddt	0.811429
A0A326KFK6	3dcoffee	lddt_columns	152/159
A0A326KFK6	3dcoffee	time	278.60
A0A326KFK6	caretta	lddt	0.802763
A0A326KFK6	caretta	lddt_columns	154/158
A0A326KFK6	caretta	time	72.06
A0A326KFK6	clustalo	lddt	0.804685
A0A326KFK6	clustalo	lddt_columns	153/159
A0A326KFK6	clustalo	time	0.09
A0A326KFK6	famsa	lddt	0.809752
A0A326KFK6	famsa	lddt_columns	152/159
A0A326KFK6	famsa	time	0.06
A0A326KFK6	foldmason	lddt	0.789785
A0A326KFK6	foldmason	lddt_columns	156/158
A0A326KFK6	foldmason	time	0.24
A0A326KFK6	foldmason_refine100	lddt	0.793746
A0A326KFK6	foldmason_refine100	lddt_columns	155/158
A0A326KFK6	foldmason_refine100	time	2.79
A0A326KFK6	mafft	lddt	0.813680
A0A326KFK6	mafft	lddt_columns	150/164
A0A326KFK6	mafft	time	0.50
A0A326KFK6	matt	lddt	0.780334
A0A326KFK6	matt	lddt_columns	157/209
A0A326KFK6	matt	time	655.17
A0A326KFK6	mtmalign	lddt	0.782167
A0A326KFK6	mtmalign	lddt_columns	157/214
A0A326KFK6	mtmalign	time	14.25
A0A326KFK6	muscle	lddt	0.822246
A0A326KFK6	muscle	lddt_columns	147/166
A0A326KFK6	muscle	time	0.94
A0A326KFK6	mustang	lddt	0.792512
A0A326KFK6	mustang	lddt_columns	155/196
A0A326KFK6	mustang	time	67.83
A0A326KFK6	usalign	lddt	0.794761
A0A326KFK6	usalign	lddt_columns	155/192
A0A326KFK6	usalign	time	5.58
A0A345XNH5	3dcoffee	lddt	0.674769
A0A345XNH5	3dcoffee	lddt_columns	643/680
A0A345XNH5	3dcoffee	time	1436.49
A0A345XNH5	caretta	lddt	0.514675
A0A345XNH5	caretta	lddt_columns	644/680
A0A345XNH5	caretta	time	304.77
A0A345XNH5	clustalo	lddt	0.763160
A0A345XNH5	clustalo	lddt_columns	630/676
A0A345XNH5	clustalo	time	0.83
A0A345XNH5	famsa	lddt	0.758386
A0A345XNH5	famsa	lddt_columns	626/701
A0A345XNH5	famsa	time	0.22
A0A345XNH5	foldmason	lddt	0.737180
A0A345XNH5	foldmason	lddt_columns	651/673
A0A345XNH5	foldmason	time	1.31
A0A345XNH5	foldmason_refine100	lddt	0.737493
A0A345XNH5	foldmason_refine100	lddt_columns	651/673
A0A345XNH5	foldmason_refine100	time	18.81
A0A345XNH5	mafft	lddt	0.771922
A0A345XNH5	mafft	lddt_columns	620/690
A0A345XNH5	mafft	time	1.36
A0A345XNH5	matt	lddt	0.340042
A0A345XNH5	matt	lddt_columns	1158/3850
A0A345XNH5	matt	time	11383.61
A0A345XNH5	mtmalign	lddt	0.385703
A0A345XNH5	mtmalign	lddt_columns	1293/2998
A0A345XNH5	mtmalign	time	206.43
A0A345XNH5	muscle	lddt	0.761598
A0A345XNH5	muscle	lddt_columns	628/697
A0A345XNH5	muscle	time	10.36
A0A345XNH5	mustang	lddt	0.731016
A0A345XNH5	mustang	lddt_columns	653/909
A0A345XNH5	mustang	time	430.04
A0A345XNH5	usalign	lddt	0.364972
A0A345XNH5	usalign	lddt_columns	1436/2413
A0A345XNH5	usalign	time	59.19
A0A350T754	3dcoffee	lddt	0.711171
A0A350T754	3dcoffee	lddt_columns	186/227
A0A350T754	3dcoffee	time	324.79
A0A350T754	caretta	lddt	0.685761
A0A350T754	caretta	lddt_columns	184/199
A0A350T754	caretta	time	70.77
A0A350T754	clustalo	lddt	0.668959
A0A350T754	clustalo	lddt_columns	190/213
A0A350T754	clustalo	time	0.12
A0A350T754	famsa	lddt	0.686857
A0A350T754	famsa	lddt_columns	182/208
A0A350T754	famsa	time	0.07
A0A350T754	foldmason	lddt	0.643515
A0A350T754	foldmason	lddt_columns	198/221
A0A350T754	foldmason	time	0.20
A0A350T754	foldmason_refine100	lddt	0.654534
A0A350T754	foldmason_refine100	lddt_columns	194/219
A0A350T754	foldmason_refine100	time	3.10
A0A350T754	mafft	lddt	0.649451
A0A350T754	mafft	lddt_columns	193/224
A0A350T754	mafft	time	0.56
A0A350T754	matt	lddt	0.635448
A0A350T754	matt	lddt_columns	208/306
A0A350T754	matt	time	57.86
A0A350T754	mtmalign	lddt	0.643159
A0A350T754	mtmalign	lddt_columns	213/327
A0A350T754	mtmalign	time	15.60
A0A350T754	muscle	lddt	0.713774
A0A350T754	muscle	lddt_columns	175/241
A0A350T754	muscle	time	1.56
A0A350T754	mustang	lddt	0.668986
A0A350T754	mustang	lddt_columns	201/261
A0A350T754	mustang	time	38.49
A0A350T754	usalign	lddt	0.678948
A0A350T754	usalign	lddt_columns	201/249
A0A350T754	usalign	time	5.97
A0A352VZ14	3dcoffee	lddt	0.491216
A0A352VZ14	3dcoffee	lddt_columns	842/961
A0A352VZ14	3dcoffee	time	1448.92
A0A352VZ14	caretta	lddt	0.446845
A0A352VZ14	caretta	lddt_columns	665/682
A0A352VZ14	caretta	time	287.20
A0A352VZ14	clustalo	lddt	0.479576
A0A352VZ14	clustalo	lddt_columns	843/928
A0A352VZ14	clustalo	time	1.19
A0A352VZ14	famsa	lddt	0.503402
A0A352VZ14	famsa	lddt_columns	772/1023
A0A352VZ14	famsa	time	0.31
A0A352VZ14	foldmason	lddt	0.531928
A0A352VZ14	foldmason	lddt_columns	818/861
A0A352VZ14	foldmason	time	1.18
A0A352VZ14	foldmason_refine100	lddt	0.531928
A0A352VZ14	foldmason_refine100	lddt_columns	818/861
A0A352VZ14	foldmason_refine100	time	15.12
A0A352VZ14	mafft	lddt	0.506309
A0A352VZ14	mafft	lddt_columns	838/1013
A0A352VZ14	mafft	time	4.83
A0A352VZ14	matt	lddt	0.184021
A0A352VZ14	matt	lddt_columns	1355/6881
A0A352VZ14	matt	time	9408.01
A0A352VZ14	mtmalign	lddt	0.294641
A0A352VZ14	mtmalign	lddt_columns	1625/3549
A0A352VZ14	mtmalign	time	270.51
A0A352VZ14	muscle	lddt	0.515463
A0A352VZ14	muscle	lddt_columns	809/1208
A0A352VZ14	muscle	time	13.78
A0A352VZ14	mustang	lddt	0.537606
A0A352VZ14	mustang	lddt_columns	852/1240
A0A352VZ14	mustang	time	2696.71
A0A352VZ14	usalign	lddt	0.265156
A0A352VZ14	usalign	lddt_columns	1943/3502
A0A352VZ14	usalign	time	73.23
A0A357BIX1	3dcoffee	lddt	0.519809
A0A357BIX1	3dcoffee	lddt_columns	898/1147
A0A357BIX1	3dcoffee	time	2826.68
A0A357BIX1	caretta	lddt	0.366169
A0A357BIX1	caretta	lddt_columns	815/875
A0A357BIX1	caretta	time	342.47
A0A357BIX1	clustalo	lddt	0.416995
A0A357BIX1	clustalo	lddt_columns	1179/1331
A0A357BIX1	clustalo	time	4.23
A0A357BIX1	famsa	lddt	0.442077
A0A357BIX1	famsa	lddt_columns	1042/1359
A0A357BIX1	famsa	time	0.66
A0A357BIX1	foldmason	lddt	0.467461
A0A357BIX1	foldmason	lddt_columns	1104/1273
A0A357BIX1	foldmason	time	1.59
A0A357BIX1	foldmason_refine100	lddt	0.467461
A0A357BIX1	foldmason_refine100	lddt_columns	1104/1273
A0A357BIX1	foldmason_refine100	time	21.27
A0A357BIX1	mafft	lddt	0.424582
A0A357BIX1	mafft	lddt_columns	1203/1426
A0A357BIX1	mafft	time	11.07
A0A357BIX1	matt	lddt	0.289065
A0A357BIX1	matt	lddt_columns	1342/6468
A0A357BIX1	matt	time	3276.15
A0A357BIX1	mtmalign	lddt	0.289782
A0A357BIX1	mtmalign	lddt_columns	1667/6030
A0A357BIX1	mtmalign	time	498.71
A0A357BIX1	muscle	lddt	0.418879
A0A357BIX1	muscle	lddt_columns	1169/1855
A0A357BIX1	muscle	time	22.00
A0A357BIX1	mustang	lddt	0.430818
A0A357BIX1	mustang	lddt_columns	1248/2240
A0A357BIX1	mustang	time	3934.93
A0A357BIX1	usalign	lddt	0.277981
A0A357BIX1	usalign	lddt_columns	2028/4432
A0A357BIX1	usalign	time	86.58
A0A3A9I9T1	3dcoffee	lddt	0.612310
A0A3A9I9T1	3dcoffee	lddt_columns	580/643
A0A3A9I9T1	3dcoffee	time	1577.95
A0A3A9I9T1	caretta	lddt	0.450651
A0A3A9I9T1	caretta	lddt_columns	620/634
A0A3A9I9T1	caretta	time	130.83
A0A3A9I9T1	clustalo	lddt	0.602680
A0A3A9I9T1	clustalo	lddt_columns	646/696
A0A3A9I9T1	clustalo	time	2.21
A0A3A9I9T1	famsa	lddt	0.603944
A0A3A9I9T1	famsa	lddt_columns	626/708
A0A3A9I9T1	famsa	time	0.50
A0A3A9I9T1	foldmason	lddt	0.621739
A0A3A9I9T1	foldmason	lddt_columns	616/683
A0A3A9I9T1	foldmason	time	0.92
A0A3A9I9T1	foldmason_refine100	lddt	0.621739
A0A3A9I9T1	foldmason_refine100	lddt_columns	616/683
A0A3A9I9T1	foldmason_refine100	time	13.19
A0A3A9I9T1	mafft	lddt	0.580921
A0A3A9I9T1	mafft	lddt_columns	664/743
A0A3A9I9T1	mafft	time	5.13
A0A3A9I9T1	matt	lddt	0.192270
A0A3A9I9T1	matt	lddt_columns	1425/4345
A0A3A9I9T1	matt	time	2831.01
A0A3A9I9T1	mtmalign	lddt	0.273653
A0A3A9I9T1	mtmalign	lddt_columns	1446/3081
A0A3A9I9T1	mtmalign	time	198.64
A0A3A9I9T1	muscle	lddt	0.610800
A0A3A9I9T1	muscle	lddt_columns	619/888
A0A3A9I9T1	muscle	time	10.80
A0A3A9I9T1	mustang	lddt	0.618342
A0A3A9I9T1	mustang	lddt_columns	638/968
A0A3A9I9T1	mustang	time	594.63
A0A3A9I9T1	usalign	lddt	0.293164
A0A3A9I9T1	usalign	lddt_columns	1329/2408
A0A3A9I9T1	usalign	time	55.10
A0A3D8ICB5	3dcoffee	lddt	0.829281
A0A3D8ICB5	3dcoffee	lddt_columns	162/186
A0A3D8ICB5	3dcoffee	time	288.55
A0A3D8ICB5	caretta	lddt	0.898024
A0A3D8ICB5	caretta	lddt_columns	152/157
A0A3D8ICB5	caretta	time	72.15
A0A3D8ICB5	clustalo	lddt	0.875687
A0A3D8ICB5	clustalo	lddt_columns	153/170
A0A3D8ICB5	clustalo	time	0.09
A0A3D8ICB5	famsa	lddt	0.892068
A0A3D8ICB5	famsa	lddt_columns	153/157
A0A3D8ICB5	famsa	time	0.03
A0A3D8ICB5	foldmason	lddt	0.895826
A0A3D8ICB5	foldmason	lddt_columns	152/158
A0A3D8ICB5	foldmason	time	0.24
A0A3D8ICB5	foldmason_refine100	lddt	0.901385
A0A3D8ICB5	foldmason_refine100	lddt_columns	151/158
A0A3D8ICB5	foldmason_refine100	time	2.32
A0A3D8ICB5	mafft	lddt	0.890492
A0A3D8ICB5	mafft	lddt_columns	150/171
A0A3D8ICB5	mafft	time	0.39
A0A3D8ICB5	matt	lddt	0.900180
A0A3D8ICB5	matt	lddt_columns	150/180
A0A3D8ICB5	matt	time	1141.88
A0A3D8ICB5	mtmalign	lddt	0.908700
A0A3D8ICB5	mtmalign	lddt_columns	149/186
A0A3D8ICB5	mtmalign	time	23.45
A0A3D8ICB5	muscle	lddt	0.888107
A0A3D8ICB5	muscle	lddt_columns	150/162
A0A3D8ICB5	muscle	time	1.12
A0A3D8ICB5	mustang	lddt	0.895331
A0A3D8ICB5	mustang	lddt_columns	150/181
A0A3D8ICB5	mustang	time	97.35
A0A3D8ICB5	usalign	lddt	0.879973
A0A3D8ICB5	usalign	lddt_columns	155/166
A0A3D8ICB5	usalign	time	6.28
A0A3E2T6J2	3dcoffee	lddt	0.785174
A0A3E2T6J2	3dcoffee	lddt_columns	434/452
A0A3E2T6J2	3dcoffee	time	1053.02
A0A3E2T6J2	caretta	lddt	0.643271
A0A3E2T6J2	caretta	lddt_columns	451/455
A0A3E2T6J2	caretta	time	108.22
A0A3E2T6J2	clustalo	lddt	0.783859
A0A3E2T6J2	clustalo	lddt_columns	437/455
A0A3E2T6J2	clustalo	time	0.69
A0A3E2T6J2	famsa	lddt	0.791453
A0A3E2T6J2	famsa	lddt_columns	432/460
A0A3E2T6J2	famsa	time	0.23
A0A3E2T6J2	foldmason	lddt	0.788422
A0A3E2T6J2	foldmason	lddt_columns	440/444
A0A3E2T6J2	foldmason	time	0.81
A0A3E2T6J2	foldmason_refine100	lddt	0.789807
A0A3E2T6J2	foldmason_refine100	lddt_columns	439/444
A0A3E2T6J2	foldmason_refine100	time	9.88
A0A3E2T6J2	mafft	lddt	0.771105
A0A3E2T6J2	mafft	lddt_columns	445/468
A0A3E2T6J2	mafft	time	1.59
A0A3E2T6J2	matt	lddt	0.229365
A0A3E2T6J2	matt	lddt_columns	1081/3218
A0A3E2T6J2	matt	time	1571.77
A0A3E2T6J2	mtmalign	lddt	0.369906
A0A3E2T6J2	mtmalign	lddt_columns	873/1813
A0A3E2T6J2	mtmalign	time	130.47
A0A3E2T6J2	muscle	lddt	0.786801
A0A3E2T6J2	muscle	lddt_columns	432/478
A0A3E2T6J2	muscle	time	7.30
A0A3E2T6J2	mustang	lddt	0.793032
A0A3E2T6J2	mustang	lddt_columns	440/545
A0A3E2T6J2	mustang	time	329.04
A0A3E2T6J2	usalign	lddt	0.399909
A0A3E2T6J2	usalign	lddt_columns	835/1364
A0A3E2T6J2	usalign	time	47.98
A0A3G9JGN5	3dcoffee	lddt	0.588540
A0A3G9JGN5	3dcoffee	lddt_columns	616/691
A0A3G9JGN5	3dcoffee	time	1070.04
A0A3G9JGN5	caretta	lddt	0.493065
A0A3G9JGN5	caretta	lddt_columns	590/623
A0A3G9JGN5	caretta	time	137.53
A0A3G9JGN5	clustalo	lddt	0.500963
A0A3G9JGN5	clustalo	lddt_columns	740/764
A0A3G9JGN5	clustalo	time	0.94
A0A3G9JGN5	famsa	lddt	0.608658
A0A3G9JGN5	famsa	lddt_columns	608/731
A0A3G9JGN5	famsa	time	0.20
A0A3G9JGN5	foldmason	lddt	0.646474
A0A3G9JGN5	foldmason	lddt_columns	613/676
A0A3G9JGN5	foldmason	time	0.86
A0A3G9JGN5	foldmason_refine100	lddt	0.647425
A0A3G9JGN5	foldmason_refine100	lddt_columns	612/676
A0A3G9JGN5	foldmason_refine100	time	15.30
A0A3G9JGN5	mafft	lddt	0.581688
A0A3G9JGN5	mafft	lddt_columns	662/758
A0A3G9JGN5	mafft	time	3.03
A0A3G9JGN5	matt	lddt	0.175573
A0A3G9JGN5	matt	lddt_columns	1439/5875
A0A3G9JGN5	matt	time	14913.16
A0A3G9JGN5	mtmalign	lddt	0.272927
A0A3G9JGN5	mtmalign	lddt_columns	1583/3455
A0A3G9JGN5	mtmalign	time	128.53
A0A3G9JGN5	muscle	lddt	0.530470
A0A3G9JGN5	muscle	lddt_columns	704/903
A0A3G9JGN5	muscle	time	10.57
A0A3G9JGN5	mustang	lddt	0.643272
A0A3G9JGN5	mustang	lddt_columns	638/906
A0A3G9JGN5	mustang	time	774.66
A0A3G9JGN5	usalign	lddt	0.272597
A0A3G9JGN5	usalign	lddt_columns	1582/3163
A0A3G9JGN5	usalign	time	33.71
A0A3L7UVH3	3dcoffee	lddt	0.680278
A0A3L7UVH3	3dcoffee	lddt_columns	1135/1283
A0A3L7UVH3	3dcoffee	time	3228.27
A0A3L7UVH3	caretta	lddt	0.654520
A0A3L7UVH3	caretta	lddt_columns	1149/1265
A0A3L7UVH3	caretta	time	261.00
A0A3L7UVH3	clustalo	lddt	0.674071
A0A3L7UVH3	clustalo	lddt_columns	1139/1284
A0A3L7UVH3	clustalo	time	1.80
A0A3L7UVH3	famsa	lddt	0.654494
A0A3L7UVH3	famsa	lddt_columns	1154/1412
A0A3L7UVH3	famsa	time	0.43
A0A3L7UVH3	foldmason	lddt	0.659363
A0A3L7UVH3	foldmason	lddt_columns	1176/1293
A0A3L7UVH3	foldmason	time	2.41
A0A3L7UVH3	foldmason_refine100	lddt	0.660074
A0A3L7UVH3	foldmason_refine100	lddt_columns	1173/1293
A0A3L7UVH3	foldmason_refine100	time	34.45
A0A3L7UVH3	mafft	lddt	0.668266
A0A3L7UVH3	mafft	lddt_columns	1158/1324
A0A3L7UVH3	mafft	time	4.62
A0A3L7UVH3	matt	lddt	0.625919
A0A3L7UVH3	matt	lddt_columns	1232/2025
A0A3L7UVH3	matt	time	11412.49
A0A3L7UVH3	mtmalign	lddt	0.612034
A0A3L7UVH3	mtmalign	lddt_columns	1313/1945
A0A3L7UVH3	mtmalign	time	707.88
A0A3L7UVH3	muscle	lddt	0.670246
A0A3L7UVH3	muscle	lddt_columns	1150/1412
A0A3L7UVH3	muscle	time	23.92
A0A3L7UVH3	mustang	lddt	0.643952
A0A3L7UVH3	mustang	lddt_columns	1231/1603
A0A3L7UVH3	mustang	time	2204.50
A0A3L7UVH3	usalign	lddt	0.642367
A0A3L7UVH3	usalign	lddt_columns	1235/1551
A0A3L7UVH3	usalign	time	120.61
A0A3M2GBG4	3dcoffee	lddt	0.429814
A0A3M2GBG4	3dcoffee	lddt_columns	732/1055
A0A3M2GBG4	3dcoffee	time	1363.20
A0A3M2GBG4	caretta	lddt	0.368919
A0A3M2GBG4	caretta	lddt_columns	574/582
A0A3M2GBG4	caretta	time	121.89
A0A3M2GBG4	clustalo	lddt	0.289697
A0A3M2GBG4	clustalo	lddt_columns	1004/1095
A0A3M2GBG4	clustalo	time	1.51
A0A3M2GBG4	famsa	lddt	0.335532
A0A3M2GBG4	famsa	lddt_columns	664/816
A0A3M2GBG4	famsa	time	0.26
A0A3M2GBG4	foldmason	lddt	0.403969
A0A3M2GBG4	foldmason	lddt_columns	716/775
A0A3M2GBG4	foldmason	time	0.74
A0A3M2GBG4	foldmason_refine100	lddt	0.405422
A0A3M2GBG4	foldmason_refine100	lddt_columns	712/775
A0A3M2GBG4	foldmason_refine100	time	12.13
A0A3M2GBG4	mafft	lddt	0.293446
A0A3M2GBG4	mafft	lddt_columns	898/1029
A0A3M2GBG4	mafft	time	4.37
A0A3M2GBG4	matt	lddt	0.171257
A0A3M2GBG4	matt	lddt_columns	1076/6141
A0A3M2GBG4	matt	time	5843.83
A0A3M2GBG4	mtmalign	lddt	0.236116
A0A3M2GBG4	mtmalign	lddt_columns	1662/3953
A0A3M2GBG4	mtmalign	time	176.57
A0A3M2GBG4	muscle	lddt	0.283778
A0A3M2GBG4	muscle	lddt_columns	929/1235
A0A3M2GBG4	muscle	time	14.13
A0A3M2GBG4	mustang	lddt	0.342325
A0A3M2GBG4	mustang	lddt_columns	917/1675
A0A3M2GBG4	mustang	time	2528.31
A0A3M2GBG4	usalign	lddt	0.236755
A0A3M2GBG4	usalign	lddt_columns	1524/3255
A0A3M2GBG4	usalign	time	42.25
A0A3N0WSI5	3dcoffee	lddt	0.717603
A0A3N0WSI5	3dcoffee	lddt_columns	180/206
A0A3N0WSI5	3dcoffee	time	279.00
A0A3N0WSI5	caretta	lddt	0.718584
A0A3N0WSI5	caretta	lddt_columns	178/203
A0A3N0WSI5	caretta	time	71.28
A0A3N0WSI5	clustalo	lddt	0.628859
A0A3N0WSI5	clustalo	lddt_columns	191/219
A0A3N0WSI5	clustalo	time	0.14
A0A3N0WSI5	famsa	lddt	0.674138
A0A3N0WSI5	famsa	lddt_columns	174/205
A0A3N0WSI5	famsa	time	0.07
A0A3N0WSI5	foldmason	lddt	0.698934
A0A3N0WSI5	foldmason	lddt_columns	181/208
A0A3N0WSI5	foldmason	time	0.30
A0A3N0WSI5	foldmason_refine100	lddt	0.704183
A0A3N0WSI5	foldmason_refine100	lddt_columns	181/207
A0A3N0WSI5	foldmason_refine100	time	3.11
A0A3N0WSI5	mafft	lddt	0.667668
A0A3N0WSI5	mafft	lddt_columns	182/207
A0A3N0WSI5	mafft	time	0.48
A0A3N0WSI5	matt	lddt	0.684093
A0A3N0WSI5	matt	lddt_columns	189/270
A0A3N0WSI5	matt	time	773.24
A0A3N0WSI5	mtmalign	lddt	0.684123
A0A3N0WSI5	mtmalign	lddt_columns	190/279
A0A3N0WSI5	mtmalign	time	19.95
A0A3N0WSI5	muscle	lddt	0.660318
A0A3N0WSI5	muscle	lddt_columns	173/224
A0A3N0WSI5	muscle	time	1.71
A0A3N0WSI5	mustang	lddt	0.640452
A0A3N0WSI5	mustang	lddt_columns	204/258
A0A3N0WSI5	mustang	time	74.78
A0A3N0WSI5	usalign	lddt	0.713843
A0A3N0WSI5	usalign	lddt_columns	182/227
A0A3N0WSI5	usalign	time	6.08
A0A3S0FKQ3	3dcoffee	lddt	0.729541
A0A3S0FKQ3	3dcoffee	lddt_columns	178/213
A0A3S0FKQ3	3dcoffee	time	286.28
A0A3S0FKQ3	caretta	lddt	0.652833
A0A3S0FKQ3	caretta	lddt_columns	173/191
A0A3S0FKQ3	caretta	time	70.83
A0A3S0FKQ3	clustalo	lddt	0.710481
A0A3S0FKQ3	clustalo	lddt_columns	176/222
A0A3S0FKQ3	clustalo	time	0.14
A0A3S0FKQ3	famsa	lddt	0.729805
A0A3S0FKQ3	famsa	lddt_columns	169/205
A0A3S0FKQ3	famsa	time	0.07
A0A3S0FKQ3	foldmason	lddt	0.674589
A0A3S0FKQ3	foldmason	lddt_columns	185/213
A0A3S0FKQ3	foldmason	time	0.26
A0A3S0FKQ3	foldmason_refine100	lddt	0.680709
A0A3S0FKQ3	foldmason_refine100	lddt_columns	184/213
A0A3S0FKQ3	foldmason_refine100	time	3.01
A0A3S0FKQ3	mafft	lddt	0.702647
A0A3S0FKQ3	mafft	lddt_columns	177/238
A0A3S0FKQ3	mafft	time	0.58
A0A3S0FKQ3	matt	lddt	0.705777
A0A3S0FKQ3	matt	lddt_columns	180/318
A0A3S0FKQ3	matt	time	66.13
A0A3S0FKQ3	mtmalign	lddt	0.706301
A0A3S0FKQ3	mtmalign	lddt_columns	184/364
A0A3S0FKQ3	mtmalign	time	15.22
A0A3S0FKQ3	muscle	lddt	0.725659
A0A3S0FKQ3	muscle	lddt_columns	168/225
A0A3S0FKQ3	muscle	time	1.13
A0A3S0FKQ3	mustang	lddt	0.747606
A0A3S0FKQ3	mustang	lddt_columns	170/278
A0A3S0FKQ3	mustang	time	59.48
A0A3S0FKQ3	usalign	lddt	0.736230
A0A3S0FKQ3	usalign	lddt_columns	176/296
A0A3S0FKQ3	usalign	time	5.18
A0A402ABK4	3dcoffee	lddt	0.639345
A0A402ABK4	3dcoffee	lddt_columns	191/229
A0A402ABK4	3dcoffee	time	296.10
A0A402ABK4	caretta	lddt	0.638400
A0A402ABK4	caretta	lddt_columns	188/207
A0A402ABK4	caretta	time	223.98
A0A402ABK4	clustalo	lddt	0.483085
A0A402ABK4	clustalo	lddt_columns	234/262
A0A402ABK4	clustalo	time	0.14
A0A402ABK4	famsa	lddt	0.546257
A0A402ABK4	famsa	lddt_columns	191/236
A0A402ABK4	famsa	time	0.09
A0A402ABK4	foldmason	lddt	0.589724
A0A402ABK4	foldmason	lddt_columns	193/207
A0A402ABK4	foldmason	time	0.54
A0A402ABK4	foldmason_refine100	lddt	0.591685
A0A402ABK4	foldmason_refine100	lddt_columns	192/207
A0A402ABK4	foldmason_refine100	time	3.32
A0A402ABK4	mafft	lddt	0.519639
A0A402ABK4	mafft	lddt_columns	209/234
A0A402ABK4	mafft	time	0.52
A0A402ABK4	matt	lddt	0.580920
A0A402ABK4	matt	lddt_columns	215/307
A0A402ABK4	matt	time	56.42
A0A402ABK4	mtmalign	lddt	0.611037
A0A402ABK4	mtmalign	lddt_columns	208/313
A0A402ABK4	mtmalign	time	14.67
A0A402ABK4	muscle	lddt	0.583603
A0A402ABK4	muscle	lddt_columns	181/296
A0A402ABK4	muscle	time	2.37
A0A402ABK4	mustang	lddt	0.625104
A0A402ABK4	mustang	lddt_columns	195/267
A0A402ABK4	mustang	time	63.67
A0A402ABK4	usalign	lddt	0.633203
A0A402ABK4	usalign	lddt_columns	199/244
A0A402ABK4	usalign	time	5.97
A0A410P756	3dcoffee	lddt	0.790411
A0A410P756	3dcoffee	lddt_columns	456/473
A0A410P756	3dcoffee	time	997.93
A0A410P756	caretta	lddt	0.560035
A0A410P756	caretta	lddt_columns	501/518
A0A410P756	caretta	time	106.50
A0A410P756	clustalo	lddt	0.834061
A0A410P756	clustalo	lddt_columns	472/510
A0A410P756	clustalo	time	1.11
A0A410P756	famsa	lddt	0.826746
A0A410P756	famsa	lddt_columns	473/524
A0A410P756	famsa	time	0.34
A0A410P756	foldmason	lddt	0.827233
A0A410P756	foldmason	lddt_columns	477/508
A0A410P756	foldmason	time	0.76
A0A410P756	foldmason_refine100	lddt	0.827233
A0A410P756	foldmason_refine100	lddt_columns	477/508
A0A410P756	foldmason_refine100	time	10.23
A0A410P756	mafft	lddt	0.813817
A0A410P756	mafft	lddt_columns	484/515
A0A410P756	mafft	time	2.70
A0A410P756	matt	lddt	0.316444
A0A410P756	matt	lddt_columns	911/2937
A0A410P756	matt	time	2167.03
A0A410P756	mtmalign	lddt	0.390319
A0A410P756	mtmalign	lddt_columns	982/2035
A0A410P756	mtmalign	time	127.90
A0A410P756	muscle	lddt	0.791678
A0A410P756	muscle	lddt_columns	491/577
A0A410P756	muscle	time	8.09
A0A410P756	mustang	lddt	0.810648
A0A410P756	mustang	lddt_columns	480/618
A0A410P756	mustang	time	307.24
A0A410P756	usalign	lddt	0.408155
A0A410P756	usalign	lddt_columns	931/1682
A0A410P756	usalign	time	52.34
A0A4P9TEL6	3dcoffee	lddt	0.567695
A0A4P9TEL6	3dcoffee	lddt_columns	667/789
A0A4P9TEL6	3dcoffee	time	954.32
A0A4P9TEL6	caretta	lddt	0.604427
A0A4P9TEL6	caretta	lddt_columns	653/752
A0A4P9TEL6	caretta	time	134.25
A0A4P9TEL6	clustalo	lddt	0.516303
A0A4P9TEL6	clustalo	lddt_columns	868/991
A0A4P9TEL6	clustalo	time	0.93
A0A4P9TEL6	famsa	lddt	0.629677
A0A4P9TEL6	famsa	lddt_columns	649/799
A0A4P9TEL6	famsa	time	0.24
A0A4P9TEL6	foldmason	lddt	0.603459
A0A4P9TEL6	foldmason	lddt_columns	693/785
A0A4P9TEL6	foldmason	time	1.09
A0A4P9TEL6	foldmason_refine100	lddt	0.604697
A0A4P9TEL6	foldmason_refine100	lddt_columns	690/784
A0A4P9TEL6	foldmason_refine100	time	15.01
A0A4P9TEL6	mafft	lddt	0.593734
A0A4P9TEL6	mafft	lddt_columns	717/910
A0A4P9TEL6	mafft	time	2.59
A0A4P9TEL6	matt	lddt	0.321990
A0A4P9TEL6	matt	lddt_columns	1160/2349
A0A4P9TEL6	matt	time	3898.29
A0A4P9TEL6	mtmalign	lddt	0.498320
A0A4P9TEL6	mtmalign	lddt_columns	864/1480
A0A4P9TEL6	mtmalign	time	200.75
A0A4P9TEL6	muscle	lddt	0.580005
A0A4P9TEL6	muscle	lddt_columns	713/981
A0A4P9TEL6	muscle	time	11.28
A0A4P9TEL6	mustang	lddt	0.624143
A0A4P9TEL6	mustang	lddt_columns	694/1016
A0A4P9TEL6	mustang	time	2342.93
A0A4P9TEL6	usalign	lddt	0.577404
A0A4P9TEL6	usalign	lddt_columns	732/1114
A0A4P9TEL6	usalign	time	61.24
A0A4Q6CJX3	3dcoffee	lddt	0.537467
A0A4Q6CJX3	3dcoffee	lddt_columns	747/916
A0A4Q6CJX3	3dcoffee	time	1152.36
A0A4Q6CJX3	caretta	lddt	0.451239
A0A4Q6CJX3	caretta	lddt_columns	703/745
A0A4Q6CJX3	caretta	time	139.00
A0A4Q6CJX3	clustalo	lddt	0.482274
A0A4Q6CJX3	clustalo	lddt_columns	853/995
A0A4Q6CJX3	clustalo	time	1.32
A0A4Q6CJX3	famsa	lddt	0.515181
A0A4Q6CJX3	famsa	lddt_columns	763/998
A0A4Q6CJX3	famsa	time	0.31
A0A4Q6CJX3	foldmason	lddt	0.512718
A0A4Q6CJX3	foldmason	lddt_columns	828/941
A0A4Q6CJX3	foldmason	time	1.04
A0A4Q6CJX3	foldmason_refine100	lddt	0.512718
A0A4Q6CJX3	foldmason_refine100	lddt_columns	828/941
A0A4Q6CJX3	foldmason_refine100	time	12.89
A0A4Q6CJX3	mafft	lddt	0.519972
A0A4Q6CJX3	mafft	lddt_columns	821/982
A0A4Q6CJX3	mafft	time	5.00
A0A4Q6CJX3	matt	lddt	0.239814
A0A4Q6CJX3	matt	lddt_columns	1278/4946
A0A4Q6CJX3	matt	time	2824.62
A0A4Q6CJX3	mtmalign	lddt	0.276080
A0A4Q6CJX3	mtmalign	lddt_columns	1552/3764
A0A4Q6CJX3	mtmalign	time	170.81
A0A4Q6CJX3	muscle	lddt	0.540902
A0A4Q6CJX3	muscle	lddt_columns	770/1139
A0A4Q6CJX3	muscle	time	12.77
A0A4Q6CJX3	mustang	lddt	0.546282
A0A4Q6CJX3	mustang	lddt_columns	807/1324
A0A4Q6CJX3	mustang	time	815.08
A0A4Q6CJX3	usalign	lddt	0.282915
A0A4Q6CJX3	usalign	lddt_columns	1433/2571
A0A4Q6CJX3	usalign	time	46.20
A0A4V1M1V7	3dcoffee	lddt	0.757650
A0A4V1M1V7	3dcoffee	lddt_columns	172/185
A0A4V1M1V7	3dcoffee	time	328.29
A0A4V1M1V7	caretta	lddt	0.753715
A0A4V1M1V7	caretta	lddt_columns	173/184
A0A4V1M1V7	caretta	time	224.01
A0A4V1M1V7	clustalo	lddt	0.700077
A0A4V1M1V7	clustalo	lddt_columns	179/204
A0A4V1M1V7	clustalo	time	0.14
A0A4V1M1V7	famsa	lddt	0.740061
A0A4V1M1V7	famsa	lddt_columns	167/197
A0A4V1M1V7	famsa	time	0.08
A0A4V1M1V7	foldmason	lddt	0.749620
A0A4V1M1V7	foldmason	lddt_columns	170/187
A0A4V1M1V7	foldmason	time	0.40
A0A4V1M1V7	foldmason_refine100	lddt	0.749620
A0A4V1M1V7	foldmason_refine100	lddt_columns	170/187
A0A4V1M1V7	foldmason_refine100	time	3.13
A0A4V1M1V7	mafft	lddt	0.738122
A0A4V1M1V7	mafft	lddt_columns	172/196
A0A4V1M1V7	mafft	time	0.53
A0A4V1M1V7	matt	lddt	0.672199
A0A4V1M1V7	matt	lddt_columns	193/257
A0A4V1M1V7	matt	time	997.18
A0A4V1M1V7	mtmalign	lddt	0.693273
A0A4V1M1V7	mtmalign	lddt_columns	191/263
A0A4V1M1V7	mtmalign	time	15.70
A0A4V1M1V7	muscle	lddt	0.761673
A0A4V1M1V7	muscle	lddt_columns	164/203
A0A4V1M1V7	muscle	time	1.23
A0A4V1M1V7	mustang	lddt	0.745016
A0A4V1M1V7	mustang	lddt_columns	175/238
A0A4V1M1V7	mustang	time	69.57
A0A4V1M1V7	usalign	lddt	0.720156
A0A4V1M1V7	usalign	lddt_columns	183/209
A0A4V1M1V7	usalign	time	5.34
A0A512BQ27	3dcoffee	lddt	0.784744
A0A512BQ27	3dcoffee	lddt_columns	325/361
A0A512BQ27	3dcoffee	time	589.05
A0A512BQ27	caretta	lddt	0.617179
A0A512BQ27	caretta	lddt_columns	353/354
A0A512BQ27	caretta	time	85.82
A0A512BQ27	clustalo	lddt	0.725101
A0A512BQ27	clustalo	lddt_columns	336/390
A0A512BQ27	clustalo	time	0.40
A0A512BQ27	famsa	lddt	0.760556
A0A512BQ27	famsa	lddt_columns	327/363
A0A512BQ27	famsa	time	0.16
A0A512BQ27	foldmason	lddt	0.756640
A0A512BQ27	foldmason	lddt_columns	334/353
A0A512BQ27	foldmason	time	0.46
A0A512BQ27	foldmason_refine100	lddt	0.761079
A0A512BQ27	foldmason_refine100	lddt_columns	332/353
A0A512BQ27	foldmason_refine100	time	6.45
A0A512BQ27	mafft	lddt	0.754475
A0A512BQ27	mafft	lddt_columns	332/364
A0A512BQ27	mafft	time	0.94
A0A512BQ27	matt	lddt	0.450445
A0A512BQ27	matt	lddt_columns	491/1524
A0A512BQ27	matt	time	703.44
A0A512BQ27	mtmalign	lddt	0.528660
A0A512BQ27	mtmalign	lddt_columns	456/1090
A0A512BQ27	mtmalign	time	57.36
A0A512BQ27	muscle	lddt	0.765697
A0A512BQ27	muscle	lddt_columns	324/377
A0A512BQ27	muscle	time	4.44
A0A512BQ27	mustang	lddt	0.725004
A0A512BQ27	mustang	lddt_columns	349/471
A0A512BQ27	mustang	time	207.56
A0A512BQ27	usalign	lddt	0.563149
A0A512BQ27	usalign	lddt_columns	424/916
A0A512BQ27	usalign	time	21.13
A0A537I120	3dcoffee	lddt	0.650467
A0A537I120	3dcoffee	lddt_columns	457/528
A0A537I120	3dcoffee	time	951.54
A0A537I120	caretta	lddt	0.633532
A0A537I120	caretta	lddt_columns	457/517
A0A537I120	caretta	time	104.25
A0A537I120	clustalo	lddt	0.587899
A0A537I120	clustalo	lddt_columns	481/521
A0A537I120	clustalo	time	0.63
A0A537I120	famsa	lddt	0.599596
A0A537I120	famsa	lddt_columns	473/545
A0A537I120	famsa	time	0.25
A0A537I120	foldmason	lddt	0.591378
A0A537I120	foldmason	lddt_columns	470/507
A0A537I120	foldmason	time	0.59
A0A537I120	foldmason_refine100	lddt	0.595227
A0A537I120	foldmason_refine100	lddt_columns	467/507
A0A537I120	foldmason_refine100	time	10.16
A0A537I120	mafft	lddt	0.616387
A0A537I120	mafft	lddt_columns	468/532
A0A537I120	mafft	time	1.54
A0A537I120	matt	lddt	0.551616
A0A537I120	matt	lddt_columns	547/898
A0A537I120	matt	time	547.87
A0A537I120	mtmalign	lddt	0.568332
A0A537I120	mtmalign	lddt_columns	542/928
A0A537I120	mtmalign	time	85.14
A0A537I120	muscle	lddt	0.629437
A0A537I120	muscle	lddt_columns	449/591
A0A537I120	muscle	time	6.79
A0A537I120	mustang	lddt	0.620846
A0A537I120	mustang	lddt_columns	488/657
A0A537I120	mustang	time	335.28
A0A537I120	usalign	lddt	0.614960
A0A537I120	usalign	lddt_columns	494/609
A0A537I120	usalign	time	31.47
A0A554A1A5	3dcoffee	lddt	0.747543
A0A554A1A5	3dcoffee	lddt_columns	458/487
A0A554A1A5	3dcoffee	time	1066.39
A0A554A1A5	caretta	lddt	0.658326
A0A554A1A5	caretta	lddt_columns	454/463
A0A554A1A5	caretta	time	114.60
A0A554A1A5	clustalo	lddt	0.769682
A0A554A1A5	clustalo	lddt_columns	461/475
A0A554A1A5	clustalo	time	0.76
A0A554A1A5	famsa	lddt	0.760831
A0A554A1A5	famsa	lddt_columns	460/494
A0A554A1A5	famsa	time	0.23
A0A554A1A5	foldmason	lddt	0.764393
A0A554A1A5	foldmason	lddt_columns	461/469
A0A554A1A5	foldmason	time	0.85
A0A554A1A5	foldmason_refine100	lddt	0.764393
A0A554A1A5	foldmason_refine100	lddt_columns	461/469
A0A554A1A5	foldmason_refine100	time	11.37
A0A554A1A5	mafft	lddt	0.772787
A0A554A1A5	mafft	lddt_columns	460/473
A0A554A1A5	mafft	time	1.52
A0A554A1A5	matt	lddt	0.318596
A0A554A1A5	matt	lddt_columns	957/2406
A0A554A1A5	matt	time	1751.20
A0A554A1A5	mtmalign	lddt	0.473346
A0A554A1A5	mtmalign	lddt_columns	730/1515
A0A554A1A5	mtmalign	time	137.83
A0A554A1A5	muscle	lddt	0.786661
A0A554A1A5	muscle	lddt_columns	451/479
A0A554A1A5	muscle	time	8.00
A0A554A1A5	mustang	lddt	0.762571
A0A554A1A5	mustang	lddt_columns	473/556
A0A554A1A5	mustang	time	248.37
A0A554A1A5	usalign	lddt	0.448196
A0A554A1A5	usalign	lddt_columns	842/1094
A0A554A1A5	usalign	time	50.11
A0A558NQG3	3dcoffee	lddt	0.626280
A0A558NQG3	3dcoffee	lddt_columns	326/350
A0A558NQG3	3dcoffee	time	452.33
A0A558NQG3	caretta	lddt	0.631691
A0A558NQG3	caretta	lddt_columns	319/355
A0A558NQG3	caretta	time	97.62
A0A558NQG3	clustalo	lddt	0.620484
A0A558NQG3	clustalo	lddt_columns	326/364
A0A558NQG3	clustalo	time	0.33
A0A558NQG3	famsa	lddt	0.614341
A0A558NQG3	famsa	lddt_columns	320/389
A0A558NQG3	famsa	time	0.15
A0A558NQG3	foldmason	lddt	0.616398
A0A558NQG3	foldmason	lddt_columns	323/361
A0A558NQG3	foldmason	time	0.42
A0A558NQG3	foldmason_refine100	lddt	0.621955
A0A558NQG3	foldmason_refine100	lddt_columns	321/360
A0A558NQG3	foldmason_refine100	time	5.92
A0A558NQG3	mafft	lddt	0.613983
A0A558NQG3	mafft	lddt_columns	325/363
A0A558NQG3	mafft	time	1.19
A0A558NQG3	matt	lddt	0.341340
A0A558NQG3	matt	lddt_columns	618/963
A0A558NQG3	matt	time	815.36
A0A558NQG3	mtmalign	lddt	0.442705
A0A558NQG3	mtmalign	lddt_columns	501/778
A0A558NQG3	mtmalign	time	50.60
A0A558NQG3	muscle	lddt	0.610359
A0A558NQG3	muscle	lddt_columns	323/406
A0A558NQG3	muscle	time	3.56
A0A558NQG3	mustang	lddt	0.634627
A0A558NQG3	mustang	lddt_columns	330/451
A0A558NQG3	mustang	time	149.33
A0A558NQG3	usalign	lddt	0.528570
A0A558NQG3	usalign	lddt_columns	385/480
A0A558NQG3	usalign	time	23.19
A0A5B8NA15	3dcoffee	lddt	0.575917
A0A5B8NA15	3dcoffee	lddt_columns	500/602
A0A5B8NA15	3dcoffee	time	993.04
A0A5B8NA15	caretta	lddt	0.458699
A0A5B8NA15	caretta	lddt_columns	484/508
A0A5B8NA15	caretta	time	103.16
A0A5B8NA15	clustalo	lddt	0.458475
A0A5B8NA15	clustalo	lddt_columns	574/624
A0A5B8NA15	clustalo	time	0.90
A0A5B8NA15	famsa	lddt	0.538906
A0A5B8NA15	famsa	lddt_columns	483/530
A0A5B8NA15	famsa	time	0.25
A0A5B8NA15	foldmason	lddt	0.544614
A0A5B8NA15	foldmason	lddt_columns	526/571
A0A5B8NA15	foldmason	time	0.63
A0A5B8NA15	foldmason_refine100	lddt	0.544614
A0A5B8NA15	foldmason_refine100	lddt_columns	526/571
A0A5B8NA15	foldmason_refine100	time	9.83
A0A5B8NA15	mafft	lddt	0.494476
A0A5B8NA15	mafft	lddt_columns	544/612
A0A5B8NA15	mafft	time	2.42
A0A5B8NA15	matt	lddt	0.134377
A0A5B8NA15	matt	lddt_columns	1025/4912
A0A5B8NA15	matt	time	2660.89
A0A5B8NA15	mtmalign	lddt	0.341340
A0A5B8NA15	mtmalign	lddt_columns	869/2093
A0A5B8NA15	mtmalign	time	100.12
A0A5B8NA15	muscle	lddt	0.513800
A0A5B8NA15	muscle	lddt_columns	495/763
A0A5B8NA15	muscle	time	11.74
A0A5B8NA15	mustang	lddt	0.535569
A0A5B8NA15	mustang	lddt_columns	543/836
A0A5B8NA15	mustang	time	453.45
A0A5B8NA15	usalign	lddt	0.334716
A0A5B8NA15	usalign	lddt_columns	927/1636
A0A5B8NA15	usalign	time	32.56
A0A5B9YQE2	3dcoffee	lddt	0.640908
A0A5B9YQE2	3dcoffee	lddt_columns	525/544
A0A5B9YQE2	3dcoffee	time	1270.83
A0A5B9YQE2	caretta	lddt	0.581636
A0A5B9YQE2	caretta	lddt_columns	551/559
A0A5B9YQE2	caretta	time	134.46
A0A5B9YQE2	clustalo	lddt	0.559341
A0A5B9YQE2	clustalo	lddt_columns	646/722
A0A5B9YQE2	clustalo	time	0.84
A0A5B9YQE2	famsa	lddt	0.645518
A0A5B9YQE2	famsa	lddt_columns	565/608
A0A5B9YQE2	famsa	time	0.29
A0A5B9YQE2	foldmason	lddt	0.659418
A0A5B9YQE2	foldmason	lddt_columns	570/598
A0A5B9YQE2	foldmason	time	0.96
A0A5B9YQE2	foldmason_refine100	lddt	0.660478
A0A5B9YQE2	foldmason_refine100	lddt_columns	570/596
A0A5B9YQE2	foldmason_refine100	time	13.87
A0A5B9YQE2	mafft	lddt	0.631296
A0A5B9YQE2	mafft	lddt_columns	586/638
A0A5B9YQE2	mafft	time	3.20
A0A5B9YQE2	matt	lddt	0.230411
A0A5B9YQE2	matt	lddt_columns	1441/3274
A0A5B9YQE2	matt	time	9202.19
A0A5B9YQE2	mtmalign	lddt	0.345456
A0A5B9YQE2	mtmalign	lddt_columns	1166/2032
A0A5B9YQE2	mtmalign	time	180.16
A0A5B9YQE2	muscle	lddt	0.618723
A0A5B9YQE2	muscle	lddt_columns	586/767
A0A5B9YQE2	muscle	time	10.66
A0A5B9YQE2	mustang	lddt	0.651565
A0A5B9YQE2	mustang	lddt_columns	594/811
A0A5B9YQE2	mustang	time	613.88
A0A5B9YQE2	usalign	lddt	0.387939
A0A5B9YQE2	usalign	lddt_columns	1016/1446
A0A5B9YQE2	usalign	time	61.22
A0A5C7EHW3	3dcoffee	lddt	0.719233
A0A5C7EHW3	3dcoffee	lddt_columns	420/450
A0A5C7EHW3	3dcoffee	time	966.15
A0A5C7EHW3	caretta	lddt	0.668729
A0A5C7EHW3	caretta	lddt_columns	441/459
A0A5C7EHW3	caretta	time	102.65
A0A5C7EHW3	clustalo	lddt	0.646822
A0A5C7EHW3	clustalo	lddt_columns	474/514
A0A5C7EHW3	clustalo	time	0.63
A0A5C7EHW3	famsa	lddt	0.687543
A0A5C7EHW3	famsa	lddt_columns	436/493
A0A5C7EHW3	famsa	time	0.22
A0A5C7EHW3	foldmason	lddt	0.700368
A0A5C7EHW3	foldmason	lddt_columns	444/458
A0A5C7EHW3	foldmason	time	0.59
A0A5C7EHW3	foldmason_refine100	lddt	0.701998
A0A5C7EHW3	foldmason_refine100	lddt_columns	443/459
A0A5C7EHW3	foldmason_refine100	time	9.20
A0A5C7EHW3	mafft	lddt	0.694715
A0A5C7EHW3	mafft	lddt_columns	442/500
A0A5C7EHW3	mafft	time	2.79
A0A5C7EHW3	matt	lddt	0.333924
A0A5C7EHW3	matt	lddt_columns	817/2022
A0A5C7EHW3	matt	time	4144.77
A0A5C7EHW3	mtmalign	lddt	0.475252
A0A5C7EHW3	mtmalign	lddt_columns	674/1164
A0A5C7EHW3	mtmalign	time	98.11
A0A5C7EHW3	muscle	lddt	0.689362
A0A5C7EHW3	muscle	lddt_columns	433/557
A0A5C7EHW3	muscle	time	6.01
A0A5C7EHW3	mustang	lddt	0.656029
A0A5C7EHW3	mustang	lddt_columns	471/647
A0A5C7EHW3	mustang	time	348.34
A0A5C7EHW3	usalign	lddt	0.527362
A0A5C7EHW3	usalign	lddt_columns	600/846
A0A5C7EHW3	usalign	time	43.20
A0A5J6VDN1	3dcoffee	lddt	0.743545
A0A5J6VDN1	3dcoffee	lddt_columns	659/736
A0A5J6VDN1	3dcoffee	time	936.00
A0A5J6VDN1	caretta	lddt	0.702922
A0A5J6VDN1	caretta	lddt_columns	646/702
A0A5J6VDN1	caretta	time	145.85
A0A5J6VDN1	clustalo	lddt	0.667657
A0A5J6VDN1	clustalo	lddt_columns	714/798
A0A5J6VDN1	clustalo	time	0.75
A0A5J6VDN1	famsa	lddt	0.716231
A0A5J6VDN1	famsa	lddt_columns	635/756
A0A5J6VDN1	famsa	time	0.20
A0A5J6VDN1	foldmason	lddt	0.758026
A0A5J6VDN1	foldmason	lddt_columns	637/693
A0A5J6VDN1	foldmason	time	0.94
A0A5J6VDN1	foldmason_refine100	lddt	0.758026
A0A5J6VDN1	foldmason_refine100	lddt_columns	637/693
A0A5J6VDN1	foldmason_refine100	time	17.58
A0A5J6VDN1	mafft	lddt	0.706309
A0A5J6VDN1	mafft	lddt_columns	659/753
A0A5J6VDN1	mafft	time	1.68
A0A5J6VDN1	matt	lddt	0.637536
A0A5J6VDN1	matt	lddt_columns	745/1449
A0A5J6VDN1	matt	time	18889.79
A0A5J6VDN1	mtmalign	lddt	0.651512
A0A5J6VDN1	mtmalign	lddt_columns	761/1380
A0A5J6VDN1	mtmalign	time	137.24
A0A5J6VDN1	muscle	lddt	0.688957
A0A5J6VDN1	muscle	lddt_columns	674/828
A0A5J6VDN1	muscle	time	10.28
A0A5J6VDN1	mustang	lddt	0.719405
A0A5J6VDN1	mustang	lddt_columns	664/886
A0A5J6VDN1	mustang	time	768.04
A0A5J6VDN1	usalign	lddt	0.674765
A0A5J6VDN1	usalign	lddt_columns	729/1080
A0A5J6VDN1	usalign	time	40.74
A0A5Q0EJY6	3dcoffee	lddt	0.755130
A0A5Q0EJY6	3dcoffee	lddt_columns	174/181
A0A5Q0EJY6	3dcoffee	time	316.98
A0A5Q0EJY6	caretta	lddt	0.751228
A0A5Q0EJY6	caretta	lddt_columns	172/175
A0A5Q0EJY6	caretta	time	224.00
A0A5Q0EJY6	clustalo	lddt	0.736499
A0A5Q0EJY6	clustalo	lddt_columns	175/179
A0A5Q0EJY6	clustalo	time	0.12
A0A5Q0EJY6	famsa	lddt	0.748832
A0A5Q0EJY6	famsa	lddt_columns	171/179
A0A5Q0EJY6	famsa	time	0.09
A0A5Q0EJY6	foldmason	lddt	0.726930
A0A5Q0EJY6	foldmason	lddt_columns	177/179
A0A5Q0EJY6	foldmason	time	0.40
A0A5Q0EJY6	foldmason_refine100	lddt	0.728643
A0A5Q0EJY6	foldmason_refine100	lddt_columns	177/178
A0A5Q0EJY6	foldmason_refine100	time	3.22
A0A5Q0EJY6	mafft	lddt	0.732769
A0A5Q0EJY6	mafft	lddt_columns	177/183
A0A5Q0EJY6	mafft	time	0.49
A0A5Q0EJY6	matt	lddt	0.680354
A0A5Q0EJY6	matt	lddt_columns	194/257
A0A5Q0EJY6	matt	time	671.76
A0A5Q0EJY6	mtmalign	lddt	0.696628
A0A5Q0EJY6	mtmalign	lddt_columns	192/275
A0A5Q0EJY6	mtmalign	time	16.73
A0A5Q0EJY6	muscle	lddt	0.733560
A0A5Q0EJY6	muscle	lddt_columns	174/182
A0A5Q0EJY6	muscle	time	1.20
A0A5Q0EJY6	mustang	lddt	0.753725
A0A5Q0EJY6	mustang	lddt_columns	174/213
A0A5Q0EJY6	mustang	time	112.55
A0A5Q0EJY6	usalign	lddt	0.726989
A0A5Q0EJY6	usalign	lddt_columns	184/219
A0A5Q0EJY6	usalign	time	7.70
A0A5Q3L475	3dcoffee	lddt	0.806686
A0A5Q3L475	3dcoffee	lddt_columns	965/1009
A0A5Q3L475	3dcoffee	time	3113.98
A0A5Q3L475	caretta	lddt	0.588547
A0A5Q3L475	caretta	lddt_columns	1029/1053
A0A5Q3L475	caretta	time	238.92
A0A5Q3L475	clustalo	lddt	0.622880
A0A5Q3L475	clustalo	lddt_columns	1296/1416
A0A5Q3L475	clustalo	time	2.56
A0A5Q3L475	famsa	lddt	0.740064
A0A5Q3L475	famsa	lddt_columns	1007/1275
A0A5Q3L475	famsa	time	0.40
A0A5Q3L475	foldmason	lddt	0.807581
A0A5Q3L475	foldmason	lddt_columns	979/1007
A0A5Q3L475	foldmason	time	2.50
A0A5Q3L475	foldmason_refine100	lddt	0.810088
A0A5Q3L475	foldmason_refine100	lddt_columns	975/1003
A0A5Q3L475	foldmason_refine100	time	25.83
A0A5Q3L475	mafft	lddt	0.674495
A0A5Q3L475	mafft	lddt_columns	1175/1352
A0A5Q3L475	mafft	time	7.61
A0A5Q3L475	matt	lddt	0.278880
A0A5Q3L475	matt	lddt_columns	1769/9064
A0A5Q3L475	matt	time	20730.54
A0A5Q3L475	mtmalign	lddt	0.388231
A0A5Q3L475	mtmalign	lddt_columns	1289/8393
A0A5Q3L475	mtmalign	time	541.12
A0A5Q3L475	muscle	lddt	0.603256
A0A5Q3L475	muscle	lddt_columns	1301/1645
A0A5Q3L475	muscle	time	24.37
A0A5Q3L475	mustang	lddt	0.334926
A0A5Q3L475	mustang	lddt_columns	2706/3388
A0A5Q3L475	mustang	time	16052.94
A0A5Q3L475	usalign	lddt	0.320522
A0A5Q3L475	usalign	lddt_columns	2331/5930
A0A5Q3L475	usalign	time	95.97
A0A644Y0F6	3dcoffee	lddt	0.505793
A0A644Y0F6	3dcoffee	lddt_columns	585/801
A0A644Y0F6	3dcoffee	time	1049.74
A0A644Y0F6	caretta	lddt	0.399007
A0A644Y0F6	caretta	lddt_columns	457/469
A0A644Y0F6	caretta	time	254.90
A0A644Y0F6	clustalo	lddt	0.313465
A0A644Y0F6	clustalo	lddt_columns	831/919
A0A644Y0F6	clustalo	time	1.21
A0A644Y0F6	famsa	lddt	0.415427
A0A644Y0F6	famsa	lddt_columns	502/662
A0A644Y0F6	famsa	time	0.29
A0A644Y0F6	foldmason	lddt	0.430523
A0A644Y0F6	foldmason	lddt_columns	613/664
A0A644Y0F6	foldmason	time	0.75
A0A644Y0F6	foldmason_refine100	lddt	0.438961
A0A644Y0F6	foldmason_refine100	lddt_columns	610/654
A0A644Y0F6	foldmason_refine100	time	9.37
A0A644Y0F6	mafft	lddt	0.370451
A0A644Y0F6	mafft	lddt_columns	639/758
A0A644Y0F6	mafft	time	4.40
A0A644Y0F6	matt	lddt	0.198615
A0A644Y0F6	matt	lddt_columns	850/4866
A0A644Y0F6	matt	time	3425.20
A0A644Y0F6	mtmalign	lddt	0.252951
A0A644Y0F6	mtmalign	lddt_columns	1192/3462
A0A644Y0F6	mtmalign	time	109.71
A0A644Y0F6	muscle	lddt	0.343506
A0A644Y0F6	muscle	lddt_columns	665/1152
A0A644Y0F6	muscle	time	12.83
A0A644Y0F6	mustang	lddt	0.448833
A0A644Y0F6	mustang	lddt_columns	634/1219
A0A644Y0F6	mustang	time	2020.65
A0A644Y0F6	usalign	lddt	0.254916
A0A644Y0F6	usalign	lddt_columns	1224/2782
A0A644Y0F6	usalign	time	33.54
A0A654D339	3dcoffee	lddt	0.644667
A0A654D339	3dcoffee	lddt_columns	352/396
A0A654D339	3dcoffee	time	654.92
A0A654D339	caretta	lddt	0.577371
A0A654D339	caretta	lddt_columns	366/399
A0A654D339	caretta	time	241.29
A0A654D339	clustalo	lddt	0.586201
A0A654D339	clustalo	lddt_columns	419/446
A0A654D339	clustalo	time	0.61
A0A654D339	famsa	lddt	0.644784
A0A654D339	famsa	lddt_columns	370/450
A0A654D339	famsa	time	0.21
A0A654D339	foldmason	lddt	0.628019
A0A654D339	foldmason	lddt_columns	385/397
A0A654D339	foldmason	time	0.66
A0A654D339	foldmason_refine100	lddt	0.628019
A0A654D339	foldmason_refine100	lddt_columns	385/397
A0A654D339	foldmason_refine100	time	7.77
A0A654D339	mafft	lddt	0.641740
A0A654D339	mafft	lddt_columns	381/418
A0A654D339	mafft	time	1.84
A0A654D339	matt	lddt	0.270159
A0A654D339	matt	lddt_columns	789/2237
A0A654D339	matt	time	1014.21
A0A654D339	mtmalign	lddt	0.352355
A0A654D339	mtmalign	lddt_columns	709/1649
A0A654D339	mtmalign	time	62.94
A0A654D339	muscle	lddt	0.622680
A0A654D339	muscle	lddt_columns	376/537
A0A654D339	muscle	time	5.35
A0A654D339	mustang	lddt	0.644327
A0A654D339	mustang	lddt_columns	383/579
A0A654D339	mustang	time	228.57
A0A654D339	usalign	lddt	0.382112
A0A654D339	usalign	lddt_columns	660/1151
A0A654D339	usalign	time	22.79
A0A662C4G2	3dcoffee	lddt	0.616042
A0A662C4G2	3dcoffee	lddt_columns	704/899
A0A662C4G2	3dcoffee	time	1277.76
A0A662C4G2	caretta	lddt	0.452920
A0A662C4G2	caretta	lddt_columns	679/689
A0A662C4G2	caretta	time	303.15
A0A662C4G2	clustalo	lddt	0.580979
A0A662C4G2	clustalo	lddt_columns	741/909
A0A662C4G2	clustalo	time	1.22
A0A662C4G2	famsa	lddt	0.603977
A0A662C4G2	famsa	lddt_columns	698/844
A0A662C4G2	famsa	time	0.27
A0A662C4G2	foldmason	lddt	0.581462
A0A662C4G2	foldmason	lddt_columns	764/828
A0A662C4G2	foldmason	time	1.54
A0A662C4G2	foldmason_refine100	lddt	0.581462
A0A662C4G2	foldmason_refine100	lddt_columns	764/828
A0A662C4G2	foldmason_refine100	time	18.35
A0A662C4G2	mafft	lddt	0.575765
A0A662C4G2	mafft	lddt_columns	759/889
A0A662C4G2	mafft	time	3.76
A0A662C4G2	matt	lddt	0.210912
A0A662C4G2	matt	lddt_columns	1565/5365
A0A662C4G2	matt	time	11989.15
A0A662C4G2	mtmalign	lddt	0.310620
A0A662C4G2	mtmalign	lddt_columns	1673/3309
A0A662C4G2	mtmalign	time	228.56
A0A662C4G2	muscle	lddt	0.623786
A0A662C4G2	muscle	lddt_columns	677/1093
A0A662C4G2	muscle	time	13.98
A0A662C4G2	mustang	lddt	0.593414
A0A662C4G2	mustang	lddt_columns	765/1192
A0A662C4G2	mustang	time	1905.46
A0A662C4G2	usalign	lddt	0.320214
A0A662C4G2	usalign	lddt_columns	1530/2577
A0A662C4G2	usalign	time	75.68
A0A662SPR3	3dcoffee	lddt	0.587911
A0A662SPR3	3dcoffee	lddt_columns	581/671
A0A662SPR3	3dcoffee	time	653.75
A0A662SPR3	caretta	lddt	0.434159
A0A662SPR3	caretta	lddt_columns	529/534
A0A662SPR3	caretta	time	112.45
A0A662SPR3	clustalo	lddt	0.470910
A0A662SPR3	clustalo	lddt_columns	638/692
A0A662SPR3	clustalo	time	0.72
A0A662SPR3	famsa	lddt	0.526693
A0A662SPR3	famsa	lddt_columns	536/647
A0A662SPR3	famsa	time	0.20
A0A662SPR3	foldmason	lddt	0.554993
A0A662SPR3	foldmason	lddt_columns	577/644
A0A662SPR3	foldmason	time	0.65
A0A662SPR3	foldmason_refine100	lddt	0.554993
A0A662SPR3	foldmason_refine100	lddt_columns	577/644
A0A662SPR3	foldmason_refine100	time	9.39
A0A662SPR3	mafft	lddt	0.498389
A0A662SPR3	mafft	lddt_columns	617/698
A0A662SPR3	mafft	time	2.66
A0A662SPR3	matt	lddt	0.223284
A0A662SPR3	matt	lddt_columns	916/4594
A0A662SPR3	matt	time	3069.91
A0A662SPR3	mtmalign	lddt	0.294076
A0A662SPR3	mtmalign	lddt_columns	1120/3162
A0A662SPR3	mtmalign	time	117.66
A0A662SPR3	muscle	lddt	0.462811
A0A662SPR3	muscle	lddt_columns	643/860
A0A662SPR3	muscle	time	9.29
A0A662SPR3	mustang	lddt	0.526496
A0A662SPR3	mustang	lddt_columns	620/965
A0A662SPR3	mustang	time	1489.99
A0A662SPR3	usalign	lddt	0.290948
A0A662SPR3	usalign	lddt_columns	1229/2785
A0A662SPR3	usalign	time	23.93
A0A6B0X6C9	3dcoffee	lddt	0.567878
A0A6B0X6C9	3dcoffee	lddt_columns	437/653
A0A6B0X6C9	3dcoffee	time	763.07
A0A6B0X6C9	caretta	lddt	0.398297
A0A6B0X6C9	caretta	lddt_columns	419/431
A0A6B0X6C9	caretta	time	242.30
A0A6B0X6C9	clustalo	lddt	0.315626
A0A6B0X6C9	clustalo	lddt_columns	654/737
A0A6B0X6C9	clustalo	time	1.15
A0A6B0X6C9	famsa	lddt	0.441779
A0A6B0X6C9	famsa	lddt_columns	446/555
A0A6B0X6C9	famsa	time	0.43
A0A6B0X6C9	foldmason	lddt	0.469357
A0A6B0X6C9	foldmason	lddt_columns	471/512
A0A6B0X6C9	foldmason	time	0.62
A0A6B0X6C9	foldmason_refine100	lddt	0.469357
A0A6B0X6C9	foldmason_refine100	lddt_columns	471/512
A0A6B0X6C9	foldmason_refine100	time	7.85
A0A6B0X6C9	mafft	lddt	0.405098
A0A6B0X6C9	mafft	lddt_columns	518/578
A0A6B0X6C9	mafft	time	4.47
A0A6B0X6C9	matt	lddt	0.202429
A0A6B0X6C9	matt	lddt_columns	668/3981
A0A6B0X6C9	matt	time	1967.78
A0A6B0X6C9	mtmalign	lddt	0.259884
A0A6B0X6C9	mtmalign	lddt_columns	930/2323
A0A6B0X6C9	mtmalign	time	87.48
A0A6B0X6C9	muscle	lddt	0.400167
A0A6B0X6C9	muscle	lddt_columns	508/759
A0A6B0X6C9	muscle	time	8.64
A0A6B0X6C9	mustang	lddt	0.505477
A0A6B0X6C9	mustang	lddt_columns	480/807
A0A6B0X6C9	mustang	time	1804.69
A0A6B0X6C9	usalign	lddt	0.272013
A0A6B0X6C9	usalign	lddt_columns	932/1844
A0A6B0X6C9	usalign	time	28.73
A0A6H0CLG5	3dcoffee	lddt	0.780391
A0A6H0CLG5	3dcoffee	lddt_columns	177/196
A0A6H0CLG5	3dcoffee	time	277.39
A0A6H0CLG5	caretta	lddt	0.777368
A0A6H0CLG5	caretta	lddt_columns	178/185
A0A6H0CLG5	caretta	time	70.12
A0A6H0CLG5	clustalo	lddt	0.757277
A0A6H0CLG5	clustalo	lddt_columns	179/205
A0A6H0CLG5	clustalo	time	0.11
A0A6H0CLG5	famsa	lddt	0.772020
A0A6H0CLG5	famsa	lddt_columns	175/193
A0A6H0CLG5	famsa	time	0.06
A0A6H0CLG5	foldmason	lddt	0.747215
A0A6H0CLG5	foldmason	lddt_columns	182/184
A0A6H0CLG5	foldmason	time	0.27
A0A6H0CLG5	foldmason_refine100	lddt	0.767028
A0A6H0CLG5	foldmason_refine100	lddt_columns	178/182
A0A6H0CLG5	foldmason_refine100	time	3.04
A0A6H0CLG5	mafft	lddt	0.749933
A0A6H0CLG5	mafft	lddt_columns	180/217
A0A6H0CLG5	mafft	time	0.51
A0A6H0CLG5	matt	lddt	0.733147
A0A6H0CLG5	matt	lddt_columns	187/247
A0A6H0CLG5	matt	time	937.61
A0A6H0CLG5	mtmalign	lddt	0.754665
A0A6H0CLG5	mtmalign	lddt_columns	184/268
A0A6H0CLG5	mtmalign	time	20.88
A0A6H0CLG5	muscle	lddt	0.772769
A0A6H0CLG5	muscle	lddt_columns	173/215
A0A6H0CLG5	muscle	time	1.13
A0A6H0CLG5	mustang	lddt	0.769378
A0A6H0CLG5	mustang	lddt_columns	178/227
A0A6H0CLG5	mustang	time	72.88
A0A6H0CLG5	usalign	lddt	0.753494
A0A6H0CLG5	usalign	lddt_columns	186/205
A0A6H0CLG5	usalign	time	5.88
A0A6H5IZH7	3dcoffee	lddt	0.694036
A0A6H5IZH7	3dcoffee	lddt_columns	396/466
A0A6H5IZH7	3dcoffee	time	779.34
A0A6H5IZH7	caretta	lddt	0.525288
A0A6H5IZH7	caretta	lddt_columns	441/451
A0A6H5IZH7	caretta	time	241.67
A0A6H5IZH7	clustalo	lddt	0.618393
A0A6H5IZH7	clustalo	lddt_columns	462/520
A0A6H5IZH7	clustalo	time	0.79
A0A6H5IZH7	famsa	lddt	0.652560
A0A6H5IZH7	famsa	lddt_columns	434/520
A0A6H5IZH7	famsa	time	0.23
A0A6H5IZH7	foldmason	lddt	0.656968
A0A6H5IZH7	foldmason	lddt_columns	453/482
A0A6H5IZH7	foldmason	time	0.77
A0A6H5IZH7	foldmason_refine100	lddt	0.656968
A0A6H5IZH7	foldmason_refine100	lddt_columns	453/482
A0A6H5IZH7	foldmason_refine100	time	7.15
A0A6H5IZH7	mafft	lddt	0.624326
A0A6H5IZH7	mafft	lddt_columns	462/544
A0A6H5IZH7	mafft	time	1.93
A0A6H5IZH7	matt	lddt	0.368111
A0A6H5IZH7	matt	lddt_columns	579/2361
A0A6H5IZH7	matt	time	1114.52
A0A6H5IZH7	mtmalign	lddt	0.443205
A0A6H5IZH7	mtmalign	lddt_columns	573/2068
A0A6H5IZH7	mtmalign	time	80.51
A0A6H5IZH7	muscle	lddt	0.653014
A0A6H5IZH7	muscle	lddt_columns	423/666
A0A6H5IZH7	muscle	time	7.48
A0A6H5IZH7	mustang	lddt	0.572915
A0A6H5IZH7	mustang	lddt_columns	522/735
A0A6H5IZH7	mustang	time	351.55
A0A6H5IZH7	usalign	lddt	0.408346
A0A6H5IZH7	usalign	lddt_columns	675/1734
A0A6H5IZH7	usalign	time	23.42
A0A6J4UFW7	3dcoffee	lddt	0.712224
A0A6J4UFW7	3dcoffee	lddt_columns	416/453
A0A6J4UFW7	3dcoffee	time	813.57
A0A6J4UFW7	caretta	lddt	0.691556
A0A6J4UFW7	caretta	lddt_columns	426/453
A0A6J4UFW7	caretta	time	244.83
A0A6J4UFW7	clustalo	lddt	0.666945
A0A6J4UFW7	clustalo	lddt_columns	427/470
A0A6J4UFW7	clustalo	time	0.54
A0A6J4UFW7	famsa	lddt	0.675086
A0A6J4UFW7	famsa	lddt_columns	418/476
A0A6J4UFW7	famsa	time	0.20
A0A6J4UFW7	foldmason	lddt	0.672196
A0A6J4UFW7	foldmason	lddt_columns	431/455
A0A6J4UFW7	foldmason	time	0.72
A0A6J4UFW7	foldmason_refine100	lddt	0.672994
A0A6J4UFW7	foldmason_refine100	lddt_columns	432/455
A0A6J4UFW7	foldmason_refine100	time	8.88
A0A6J4UFW7	mafft	lddt	0.662473
A0A6J4UFW7	mafft	lddt_columns	433/467
A0A6J4UFW7	mafft	time	2.46
A0A6J4UFW7	matt	lddt	0.605611
A0A6J4UFW7	matt	lddt_columns	483/726
A0A6J4UFW7	matt	time	1778.53
A0A6J4UFW7	mtmalign	lddt	0.614563
A0A6J4UFW7	mtmalign	lddt_columns	484/741
A0A6J4UFW7	mtmalign	time	70.92
A0A6J4UFW7	muscle	lddt	0.653382
A0A6J4UFW7	muscle	lddt_columns	437/538
A0A6J4UFW7	muscle	time	6.33
A0A6J4UFW7	mustang	lddt	0.684566
A0A6J4UFW7	mustang	lddt_columns	433/552
A0A6J4UFW7	mustang	time	463.10
A0A6J4UFW7	usalign	lddt	0.661305
A0A6J4UFW7	usalign	lddt_columns	454/522
A0A6J4UFW7	usalign	time	28.72
A0A6L9XVA4	3dcoffee	lddt	0.837197
A0A6L9XVA4	3dcoffee	lddt_columns	167/179
A0A6L9XVA4	3dcoffee	time	295.00
A0A6L9XVA4	caretta	lddt	0.891623
A0A6L9XVA4	caretta	lddt_columns	157/158
A0A6L9XVA4	caretta	time	76.47
A0A6L9XVA4	clustalo	lddt	0.752766
A0A6L9XVA4	clustalo	lddt_columns	179/196
A0A6L9XVA4	clustalo	time	0.12
A0A6L9XVA4	famsa	lddt	0.890924
A0A6L9XVA4	famsa	lddt_columns	157/158
A0A6L9XVA4	famsa	time	0.03
A0A6L9XVA4	foldmason	lddt	0.886374
A0A6L9XVA4	foldmason	lddt_columns	157/162
A0A6L9XVA4	foldmason	time	0.33
A0A6L9XVA4	foldmason_refine100	lddt	0.887288
A0A6L9XVA4	foldmason_refine100	lddt_columns	157/158
A0A6L9XVA4	foldmason_refine100	time	2.51
A0A6L9XVA4	mafft	lddt	0.886253
A0A6L9XVA4	mafft	lddt_columns	157/158
A0A6L9XVA4	mafft	time	0.53
A0A6L9XVA4	matt	lddt	0.852904
A0A6L9XVA4	matt	lddt_columns	164/192
A0A6L9XVA4	matt	time	1343.59
A0A6L9XVA4	mtmalign	lddt	0.839864
A0A6L9XVA4	mtmalign	lddt_columns	166/220
A0A6L9XVA4	mtmalign	time	19.97
A0A6L9XVA4	muscle	lddt	0.866688
A0A6L9XVA4	muscle	lddt_columns	157/166
A0A6L9XVA4	muscle	time	1.37
A0A6L9XVA4	mustang	lddt	0.822892
A0A6L9XVA4	mustang	lddt_columns	168/185
A0A6L9XVA4	mustang	time	105.89
A0A6L9XVA4	usalign	lddt	0.872438
A0A6L9XVA4	usalign	lddt_columns	160/181
A0A6L9XVA4	usalign	time	7.31
A0A6N3EW37	3dcoffee	lddt	0.614546
A0A6N3EW37	3dcoffee	lddt_columns	364/395
A0A6N3EW37	3dcoffee	time	616.46
A0A6N3EW37	caretta	lddt	0.570325
A0A6N3EW37	caretta	lddt_columns	370/394
A0A6N3EW37	caretta	time	88.78
A0A6N3EW37	clustalo	lddt	0.526989
A0A6N3EW37	clustalo	lddt_columns	449/493
A0A6N3EW37	clustalo	time	0.65
A0A6N3EW37	famsa	lddt	0.595253
A0A6N3EW37	famsa	lddt_columns	386/453
A0A6N3EW37	famsa	time	0.38
A0A6N3EW37	foldmason	lddt	0.618600
A0A6N3EW37	foldmason	lddt_columns	389/409
A0A6N3EW37	foldmason	time	0.45
A0A6N3EW37	foldmason_refine100	lddt	0.618600
A0A6N3EW37	foldmason_refine100	lddt_columns	389/409
A0A6N3EW37	foldmason_refine100	time	7.23
A0A6N3EW37	mafft	lddt	0.578334
A0A6N3EW37	mafft	lddt_columns	408/460
A0A6N3EW37	mafft	time	2.47
A0A6N3EW37	matt	lddt	0.287082
A0A6N3EW37	matt	lddt_columns	723/2211
A0A6N3EW37	matt	time	893.46
A0A6N3EW37	mtmalign	lddt	0.380930
A0A6N3EW37	mtmalign	lddt_columns	644/1485
A0A6N3EW37	mtmalign	time	73.68
A0A6N3EW37	muscle	lddt	0.590336
A0A6N3EW37	muscle	lddt_columns	390/591
A0A6N3EW37	muscle	time	6.14
A0A6N3EW37	mustang	lddt	0.623956
A0A6N3EW37	mustang	lddt_columns	399/559
A0A6N3EW37	mustang	time	240.40
A0A6N3EW37	usalign	lddt	0.390301
A0A6N3EW37	usalign	lddt_columns	638/1026
A0A6N3EW37	usalign	time	24.81
A0A6N8G8Y2	3dcoffee	lddt	0.715630
A0A6N8G8Y2	3dcoffee	lddt_columns	183/217
A0A6N8G8Y2	3dcoffee	time	287.98
A0A6N8G8Y2	caretta	lddt	0.705696
A0A6N8G8Y2	caretta	lddt_columns	185/209
A0A6N8G8Y2	caretta	time	68.85
A0A6N8G8Y2	clustalo	lddt	0.604369
A0A6N8G8Y2	clustalo	lddt_columns	198/222
A0A6N8G8Y2	clustalo	time	0.21
A0A6N8G8Y2	famsa	lddt	0.652836
A0A6N8G8Y2	famsa	lddt_columns	183/219
A0A6N8G8Y2	famsa	time	0.10
A0A6N8G8Y2	foldmason	lddt	0.684149
A0A6N8G8Y2	foldmason	lddt_columns	185/208
A0A6N8G8Y2	foldmason	time	0.28
A0A6N8G8Y2	foldmason_refine100	lddt	0.694997
A0A6N8G8Y2	foldmason_refine100	lddt_columns	182/208
A0A6N8G8Y2	foldmason_refine100	time	3.18
A0A6N8G8Y2	mafft	lddt	0.644344
A0A6N8G8Y2	mafft	lddt_columns	191/218
A0A6N8G8Y2	mafft	time	0.72
A0A6N8G8Y2	matt	lddt	0.695137
A0A6N8G8Y2	matt	lddt_columns	185/267
A0A6N8G8Y2	matt	time	1058.21
A0A6N8G8Y2	mtmalign	lddt	0.718177
A0A6N8G8Y2	mtmalign	lddt_columns	181/262
A0A6N8G8Y2	mtmalign	time	17.34
A0A6N8G8Y2	muscle	lddt	0.656493
A0A6N8G8Y2	muscle	lddt_columns	176/252
A0A6N8G8Y2	muscle	time	1.79
A0A6N8G8Y2	mustang	lddt	0.712426
A0A6N8G8Y2	mustang	lddt_columns	180/245
A0A6N8G8Y2	mustang	time	87.46
A0A6N8G8Y2	usalign	lddt	0.712312
A0A6N8G8Y2	usalign	lddt_columns	185/223
A0A6N8G8Y2	usalign	time	9.45
A0A6N8HBF9	3dcoffee	lddt	0.625006
A0A6N8HBF9	3dcoffee	lddt_columns	647/687
A0A6N8HBF9	3dcoffee	time	1851.10
A0A6N8HBF9	caretta	lddt	0.496761
A0A6N8HBF9	caretta	lddt_columns	641/644
A0A6N8HBF9	caretta	time	141.49
A0A6N8HBF9	clustalo	lddt	0.555044
A0A6N8HBF9	clustalo	lddt_columns	742/823
A0A6N8HBF9	clustalo	time	1.48
A0A6N8HBF9	famsa	lddt	0.601996
A0A6N8HBF9	famsa	lddt_columns	667/793
A0A6N8HBF9	famsa	time	0.42
A0A6N8HBF9	foldmason	lddt	0.621414
A0A6N8HBF9	foldmason	lddt_columns	693/727
A0A6N8HBF9	foldmason	time	1.24
A0A6N8HBF9	foldmason_refine100	lddt	0.625661
A0A6N8HBF9	foldmason_refine100	lddt_columns	691/729
A0A6N8HBF9	foldmason_refine100	time	16.49
A0A6N8HBF9	mafft	lddt	0.563626
A0A6N8HBF9	mafft	lddt_columns	762/820
A0A6N8HBF9	mafft	time	4.10
A0A6N8HBF9	matt	lddt	0.256651
A0A6N8HBF9	matt	lddt_columns	1275/4482
A0A6N8HBF9	matt	time	5072.99
A0A6N8HBF9	mtmalign	lddt	0.330793
A0A6N8HBF9	mtmalign	lddt_columns	1331/3035
A0A6N8HBF9	mtmalign	time	268.19
A0A6N8HBF9	muscle	lddt	0.572488
A0A6N8HBF9	muscle	lddt_columns	726/961
A0A6N8HBF9	muscle	time	14.61
A0A6N8HBF9	mustang	lddt	0.590227
A0A6N8HBF9	mustang	lddt_columns	750/1136
A0A6N8HBF9	mustang	time	1796.02
A0A6N8HBF9	usalign	lddt	0.334219
A0A6N8HBF9	usalign	lddt_columns	1367/2515
A0A6N8HBF9	usalign	time	74.87
A0A7C1VXD0	3dcoffee	lddt	0.864933
A0A7C1VXD0	3dcoffee	lddt_columns	152/168
A0A7C1VXD0	3dcoffee	time	316.20
A0A7C1VXD0	caretta	lddt	0.873102
A0A7C1VXD0	caretta	lddt_columns	153/168
A0A7C1VXD0	caretta	time	73.07
A0A7C1VXD0	clustalo	lddt	0.845948
A0A7C1VXD0	clustalo	lddt_columns	155/172
A0A7C1VXD0	clustalo	time	0.10
A0A7C1VXD0	famsa	lddt	0.872853
A0A7C1VXD0	famsa	lddt_columns	151/169
A0A7C1VXD0	famsa	time	0.07
A0A7C1VXD0	foldmason	lddt	0.868657
A0A7C1VXD0	foldmason	lddt_columns	153/168
A0A7C1VXD0	foldmason	time	0.21
A0A7C1VXD0	foldmason_refine100	lddt	0.870369
A0A7C1VXD0	foldmason_refine100	lddt_columns	153/169
A0A7C1VXD0	foldmason_refine100	time	2.51
A0A7C1VXD0	mafft	lddt	0.836652
A0A7C1VXD0	mafft	lddt_columns	157/174
A0A7C1VXD0	mafft	time	0.45
A0A7C1VXD0	matt	lddt	0.803761
A0A7C1VXD0	matt	lddt_columns	164/230
A0A7C1VXD0	matt	time	462.69
A0A7C1VXD0	mtmalign	lddt	0.844231
A0A7C1VXD0	mtmalign	lddt_columns	156/229
A0A7C1VXD0	mtmalign	time	16.13
A0A7C1VXD0	muscle	lddt	0.836030
A0A7C1VXD0	muscle	lddt_columns	153/172
A0A7C1VXD0	muscle	time	1.12
A0A7C1VXD0	mustang	lddt	0.842382
A0A7C1VXD0	mustang	lddt_columns	156/211
A0A7C1VXD0	mustang	time	51.14
A0A7C1VXD0	usalign	lddt	0.864405
A0A7C1VXD0	usalign	lddt_columns	153/199
A0A7C1VXD0	usalign	time	5.99
A0A7C1WGV1	3dcoffee	lddt	0.441967
A0A7C1WGV1	3dcoffee	lddt_columns	765/1115
A0A7C1WGV1	3dcoffee	time	832.54
A0A7C1WGV1	caretta	lddt	0.382543
A0A7C1WGV1	caretta	lddt_columns	581/597
A0A7C1WGV1	caretta	time	123.61
A0A7C1WGV1	clustalo	lddt	0.301201
A0A7C1WGV1	clustalo	lddt_columns	992/1081
A0A7C1WGV1	clustalo	time	1.09
A0A7C1WGV1	famsa	lddt	0.347183
A0A7C1WGV1	famsa	lddt_columns	631/726
A0A7C1WGV1	famsa	time	0.24
A0A7C1WGV1	foldmason	lddt	0.393352
A0A7C1WGV1	foldmason	lddt_columns	796/923
A0A7C1WGV1	foldmason	time	0.78
A0A7C1WGV1	foldmason_refine100	lddt	0.393900
A0A7C1WGV1	foldmason_refine100	lddt_columns	801/921
A0A7C1WGV1	foldmason_refine100	time	10.68
A0A7C1WGV1	mafft	lddt	0.334006
A0A7C1WGV1	mafft	lddt_columns	781/906
A0A7C1WGV1	mafft	time	5.37
A0A7C1WGV1	matt	lddt	0.164928
A0A7C1WGV1	matt	lddt_columns	1041/6488
A0A7C1WGV1	matt	time	3964.90
A0A7C1WGV1	mtmalign	lddt	0.237673
A0A7C1WGV1	mtmalign	lddt_columns	1669/4263
A0A7C1WGV1	mtmalign	time	108.37
A0A7C1WGV1	muscle	lddt	0.314868
A0A7C1WGV1	muscle	lddt_columns	838/1294
A0A7C1WGV1	muscle	time	13.87
A0A7C1WGV1	mustang	lddt	0.372933
A0A7C1WGV1	mustang	lddt_columns	835/1555
A0A7C1WGV1	mustang	time	2301.67
A0A7C1WGV1	usalign	lddt	0.254899
A0A7C1WGV1	usalign	lddt_columns	1536/3809
A0A7C1WGV1	usalign	time	27.54
A0A7C2XUU5	3dcoffee	lddt	0.481191
A0A7C2XUU5	3dcoffee	lddt_columns	787/937
A0A7C2XUU5	3dcoffee	time	1118.12
A0A7C2XUU5	caretta	lddt	0.444794
A0A7C2XUU5	caretta	lddt_columns	743/769
A0A7C2XUU5	caretta	time	127.07
A0A7C2XUU5	clustalo	lddt	0.460794
A0A7C2XUU5	clustalo	lddt_columns	846/932
A0A7C2XUU5	clustalo	time	1.28
A0A7C2XUU5	famsa	lddt	0.491811
A0A7C2XUU5	famsa	lddt_columns	739/883
A0A7C2XUU5	famsa	time	0.28
A0A7C2XUU5	foldmason	lddt	0.552690
A0A7C2XUU5	foldmason	lddt_columns	721/777
A0A7C2XUU5	foldmason	time	0.93
A0A7C2XUU5	foldmason_refine100	lddt	0.553009
A0A7C2XUU5	foldmason_refine100	lddt_columns	721/780
A0A7C2XUU5	foldmason_refine100	time	12.57
A0A7C2XUU5	mafft	lddt	0.495091
A0A7C2XUU5	mafft	lddt_columns	780/952
A0A7C2XUU5	mafft	time	2.64
A0A7C2XUU5	matt	lddt	0.266211
A0A7C2XUU5	matt	lddt_columns	991/4984
A0A7C2XUU5	matt	time	8651.81
A0A7C2XUU5	mtmalign	lddt	0.316874
A0A7C2XUU5	mtmalign	lddt_columns	1349/2891
A0A7C2XUU5	mtmalign	time	133.68
A0A7C2XUU5	muscle	lddt	0.498278
A0A7C2XUU5	muscle	lddt_columns	761/1085
A0A7C2XUU5	muscle	time	11.10
A0A7C2XUU5	mustang	lddt	0.540348
A0A7C2XUU5	mustang	lddt_columns	767/1246
A0A7C2XUU5	mustang	time	1123.74
A0A7C2XUU5	usalign	lddt	0.347303
A0A7C2XUU5	usalign	lddt_columns	1323/2317
A0A7C2XUU5	usalign	time	40.15
A0A7C5W3X4	3dcoffee	lddt	0.635653
A0A7C5W3X4	3dcoffee	lddt_columns	465/567
A0A7C5W3X4	3dcoffee	time	814.72
A0A7C5W3X4	caretta	lddt	0.564739
A0A7C5W3X4	caretta	lddt_columns	505/531
A0A7C5W3X4	caretta	time	100.54
A0A7C5W3X4	clustalo	lddt	0.525704
A0A7C5W3X4	clustalo	lddt_columns	532/599
A0A7C5W3X4	clustalo	time	0.84
A0A7C5W3X4	famsa	lddt	0.587884
A0A7C5W3X4	famsa	lddt_columns	473/574
A0A7C5W3X4	famsa	time	0.27
A0A7C5W3X4	foldmason	lddt	0.617416
A0A7C5W3X4	foldmason	lddt_columns	484/515
A0A7C5W3X4	foldmason	time	0.68
A0A7C5W3X4	foldmason_refine100	lddt	0.630203
A0A7C5W3X4	foldmason_refine100	lddt_columns	475/513
A0A7C5W3X4	foldmason_refine100	time	8.86
A0A7C5W3X4	mafft	lddt	0.568133
A0A7C5W3X4	mafft	lddt_columns	517/607
A0A7C5W3X4	mafft	time	3.68
A0A7C5W3X4	matt	lddt	0.347919
A0A7C5W3X4	matt	lddt_columns	745/1929
A0A7C5W3X4	matt	time	2230.95
A0A7C5W3X4	mtmalign	lddt	0.469000
A0A7C5W3X4	mtmalign	lddt_columns	614/1568
A0A7C5W3X4	mtmalign	time	95.15
A0A7C5W3X4	muscle	lddt	0.575384
A0A7C5W3X4	muscle	lddt_columns	484/714
A0A7C5W3X4	muscle	time	7.15
A0A7C5W3X4	mustang	lddt	0.601302
A0A7C5W3X4	mustang	lddt_columns	515/721
A0A7C5W3X4	mustang	time	476.71
A0A7C5W3X4	usalign	lddt	0.537205
A0A7C5W3X4	usalign	lddt_columns	558/1061
A0A7C5W3X4	usalign	time	42.81
A0A7C6KKI9	3dcoffee	lddt	0.674542
A0A7C6KKI9	3dcoffee	lddt_columns	397/435
A0A7C6KKI9	3dcoffee	time	617.59
A0A7C6KKI9	caretta	lddt	0.597025
A0A7C6KKI9	caretta	lddt_columns	417/423
A0A7C6KKI9	caretta	time	95.24
A0A7C6KKI9	clustalo	lddt	0.601656
A0A7C6KKI9	clustalo	lddt_columns	446/512
A0A7C6KKI9	clustalo	time	0.48
A0A7C6KKI9	famsa	lddt	0.639042
A0A7C6KKI9	famsa	lddt_columns	420/458
A0A7C6KKI9	famsa	time	0.21
A0A7C6KKI9	foldmason	lddt	0.657114
A0A7C6KKI9	foldmason	lddt_columns	411/423
A0A7C6KKI9	foldmason	time	0.54
A0A7C6KKI9	foldmason_refine100	lddt	0.658461
A0A7C6KKI9	foldmason_refine100	lddt_columns	411/423
A0A7C6KKI9	foldmason_refine100	time	7.06
A0A7C6KKI9	mafft	lddt	0.612328
A0A7C6KKI9	mafft	lddt_columns	455/525
A0A7C6KKI9	mafft	time	1.53
A0A7C6KKI9	matt	lddt	0.420138
A0A7C6KKI9	matt	lddt_columns	573/1517
A0A7C6KKI9	matt	time	1011.99
A0A7C6KKI9	mtmalign	lddt	0.493254
A0A7C6KKI9	mtmalign	lddt_columns	523/1424
A0A7C6KKI9	mtmalign	time	67.44
A0A7C6KKI9	muscle	lddt	0.643186
A0A7C6KKI9	muscle	lddt_columns	416/518
A0A7C6KKI9	muscle	time	5.09
A0A7C6KKI9	mustang	lddt	0.584534
A0A7C6KKI9	mustang	lddt_columns	470/814
A0A7C6KKI9	mustang	time	327.46
A0A7C6KKI9	usalign	lddt	0.495248
A0A7C6KKI9	usalign	lddt_columns	539/1061
A0A7C6KKI9	usalign	time	28.68
A0A7C6QFL5	3dcoffee	lddt	0.741315
A0A7C6QFL5	3dcoffee	lddt_columns	207/246
A0A7C6QFL5	3dcoffee	time	326.84
A0A7C6QFL5	caretta	lddt	0.717980
A0A7C6QFL5	caretta	lddt_columns	215/242
A0A7C6QFL5	caretta	time	75.45
A0A7C6QFL5	clustalo	lddt	0.708241
A0A7C6QFL5	clustalo	lddt_columns	215/250
A0A7C6QFL5	clustalo	time	0.20
A0A7C6QFL5	famsa	lddt	0.689607
A0A7C6QFL5	famsa	lddt_columns	215/270
A0A7C6QFL5	famsa	time	0.14
A0A7C6QFL5	foldmason	lddt	0.728089
A0A7C6QFL5	foldmason	lddt_columns	210/248
A0A7C6QFL5	foldmason	time	0.28
A0A7C6QFL5	foldmason_refine100	lddt	0.732219
A0A7C6QFL5	foldmason_refine100	lddt_columns	210/249
A0A7C6QFL5	foldmason_refine100	time	3.59
A0A7C6QFL5	mafft	lddt	0.713822
A0A7C6QFL5	mafft	lddt_columns	215/245
A0A7C6QFL5	mafft	time	0.59
A0A7C6QFL5	matt	lddt	0.601780
A0A7C6QFL5	matt	lddt_columns	248/515
A0A7C6QFL5	matt	time	351.93
A0A7C6QFL5	mtmalign	lddt	0.627969
A0A7C6QFL5	mtmalign	lddt_columns	241/506
A0A7C6QFL5	mtmalign	time	24.50
A0A7C6QFL5	muscle	lddt	0.744937
A0A7C6QFL5	muscle	lddt_columns	199/261
A0A7C6QFL5	muscle	time	1.53
A0A7C6QFL5	mustang	lddt	0.662990
A0A7C6QFL5	mustang	lddt_columns	233/346
A0A7C6QFL5	mustang	time	107.11
A0A7C6QFL5	usalign	lddt	0.634146
A0A7C6QFL5	usalign	lddt_columns	243/399
A0A7C6QFL5	usalign	time	8.49
A0A7C6SBR4	3dcoffee	lddt	0.680161
A0A7C6SBR4	3dcoffee	lddt_columns	938/1082
A0A7C6SBR4	3dcoffee	time	4547.25
A0A7C6SBR4	caretta	lddt	0.706367
A0A7C6SBR4	caretta	lddt_columns	957/1031
A0A7C6SBR4	caretta	time	370.39
A0A7C6SBR4	clustalo	lddt	0.678222
A0A7C6SBR4	clustalo	lddt_columns	961/1055
A0A7C6SBR4	clustalo	time	2.15
A0A7C6SBR4	famsa	lddt	0.677630
A0A7C6SBR4	famsa	lddt_columns	947/1110
A0A7C6SBR4	famsa	time	0.50
A0A7C6SBR4	foldmason	lddt	0.681659
A0A7C6SBR4	foldmason	lddt_columns	984/1047
A0A7C6SBR4	foldmason	time	2.72
A0A7C6SBR4	foldmason_refine100	lddt	0.681659
A0A7C6SBR4	foldmason_refine100	lddt_columns	984/1047
A0A7C6SBR4	foldmason_refine100	time	30.74
A0A7C6SBR4	mafft	lddt	0.704424
A0A7C6SBR4	mafft	lddt_columns	950/1048
A0A7C6SBR4	mafft	time	4.41
A0A7C6SBR4	matt	lddt	0.584528
A0A7C6SBR4	matt	lddt_columns	1156/1622
A0A7C6SBR4	matt	time	6169.96
A0A7C6SBR4	mtmalign	lddt	0.622587
A0A7C6SBR4	mtmalign	lddt_columns	1115/1486
A0A7C6SBR4	mtmalign	time	842.54
A0A7C6SBR4	muscle	lddt	0.706298
A0A7C6SBR4	muscle	lddt_columns	939/1128
A0A7C6SBR4	muscle	time	23.11
A0A7C6SBR4	mustang	lddt	0.714719
A0A7C6SBR4	mustang	lddt_columns	958/1228
A0A7C6SBR4	mustang	time	1083.73
A0A7C6SBR4	usalign	lddt	0.692824
A0A7C6SBR4	usalign	lddt_columns	983/1073
A0A7C6SBR4	usalign	time	206.03
A0A7C7CLP8	3dcoffee	lddt	0.478611
A0A7C7CLP8	3dcoffee	lddt_columns	538/780
A0A7C7CLP8	3dcoffee	time	614.60
A0A7C7CLP8	caretta	lddt	0.415593
A0A7C7CLP8	caretta	lddt_columns	438/440
A0A7C7CLP8	caretta	time	106.27
A0A7C7CLP8	clustalo	lddt	0.334743
A0A7C7CLP8	clustalo	lddt_columns	710/854
A0A7C7CLP8	clustalo	time	0.79
A0A7C7CLP8	famsa	lddt	0.433166
A0A7C7CLP8	famsa	lddt_columns	493/643
A0A7C7CLP8	famsa	time	0.18
A0A7C7CLP8	foldmason	lddt	0.461399
A0A7C7CLP8	foldmason	lddt_columns	488/705
A0A7C7CLP8	foldmason	time	0.57
A0A7C7CLP8	foldmason_refine100	lddt	0.461399
A0A7C7CLP8	foldmason_refine100	lddt_columns	488/705
A0A7C7CLP8	foldmason_refine100	time	7.61
A0A7C7CLP8	mafft	lddt	0.386088
A0A7C7CLP8	mafft	lddt_columns	588/757
A0A7C7CLP8	mafft	time	2.43
A0A7C7CLP8	matt	lddt	0.169377
A0A7C7CLP8	matt	lddt_columns	942/3923
A0A7C7CLP8	matt	time	1982.13
A0A7C7CLP8	mtmalign	lddt	0.254552
A0A7C7CLP8	mtmalign	lddt_columns	1034/2623
A0A7C7CLP8	mtmalign	time	91.68
A0A7C7CLP8	muscle	lddt	0.389268
A0A7C7CLP8	muscle	lddt_columns	545/970
A0A7C7CLP8	muscle	time	7.35
A0A7C7CLP8	mustang	lddt	0.467169
A0A7C7CLP8	mustang	lddt_columns	533/1013
A0A7C7CLP8	mustang	time	1060.07
A0A7C7CLP8	usalign	lddt	0.267250
A0A7C7CLP8	usalign	lddt_columns	979/1960
A0A7C7CLP8	usalign	time	30.88
A0A7C7KA74	3dcoffee	lddt	0.523214
A0A7C7KA74	3dcoffee	lddt_columns	920/1075
A0A7C7KA74	3dcoffee	time	2901.69
A0A7C7KA74	caretta	lddt	0.539113
A0A7C7KA74	caretta	lddt_columns	960/1049
A0A7C7KA74	caretta	time	330.78
A0A7C7KA74	clustalo	lddt	0.532846
A0A7C7KA74	clustalo	lddt_columns	977/1064
A0A7C7KA74	clustalo	time	2.94
A0A7C7KA74	famsa	lddt	0.519847
A0A7C7KA74	famsa	lddt_columns	957/1139
A0A7C7KA74	famsa	time	0.84
A0A7C7KA74	foldmason	lddt	0.542535
A0A7C7KA74	foldmason	lddt_columns	981/1084
A0A7C7KA74	foldmason	time	1.64
A0A7C7KA74	foldmason_refine100	lddt	0.542535
A0A7C7KA74	foldmason_refine100	lddt_columns	981/1084
A0A7C7KA74	foldmason_refine100	time	22.85
A0A7C7KA74	mafft	lddt	0.531722
A0A7C7KA74	mafft	lddt_columns	993/1116
A0A7C7KA74	mafft	time	6.66
A0A7C7KA74	matt	lddt	0.452674
A0A7C7KA74	matt	lddt_columns	1177/2089
A0A7C7KA74	matt	time	2807.93
A0A7C7KA74	mtmalign	lddt	0.470648
A0A7C7KA74	mtmalign	lddt_columns	1200/2032
A0A7C7KA74	mtmalign	time	438.92
A0A7C7KA74	muscle	lddt	0.557044
A0A7C7KA74	muscle	lddt_columns	950/1244
A0A7C7KA74	muscle	time	19.03
A0A7C7KA74	mustang	lddt	0.562886
A0A7C7KA74	mustang	lddt_columns	976/1363
A0A7C7KA74	mustang	time	2979.92
A0A7C7KA74	usalign	lddt	0.530290
A0A7C7KA74	usalign	lddt_columns	1030/1321
A0A7C7KA74	usalign	time	117.63
A0A7D9I810	3dcoffee	lddt	0.778201
A0A7D9I810	3dcoffee	lddt_columns	424/498
A0A7D9I810	3dcoffee	time	944.05
A0A7D9I810	caretta	lddt	0.677128
A0A7D9I810	caretta	lddt_columns	450/472
A0A7D9I810	caretta	time	251.44
A0A7D9I810	clustalo	lddt	0.725233
A0A7D9I810	clustalo	lddt_columns	453/513
A0A7D9I810	clustalo	time	0.67
A0A7D9I810	famsa	lddt	0.746985
A0A7D9I810	famsa	lddt_columns	434/500
A0A7D9I810	famsa	time	0.26
A0A7D9I810	foldmason	lddt	0.737108
A0A7D9I810	foldmason	lddt_columns	446/490
A0A7D9I810	foldmason	time	0.85
A0A7D9I810	foldmason_refine100	lddt	0.737108
A0A7D9I810	foldmason_refine100	lddt_columns	446/490
A0A7D9I810	foldmason_refine100	time	11.08
A0A7D9I810	mafft	lddt	0.758854
A0A7D9I810	mafft	lddt_columns	430/511
A0A7D9I810	mafft	time	1.85
A0A7D9I810	matt	lddt	0.581355
A0A7D9I810	matt	lddt_columns	499/969
A0A7D9I810	matt	time	1764.90
A0A7D9I810	mtmalign	lddt	0.692198
A0A7D9I810	mtmalign	lddt_columns	488/925
A0A7D9I810	mtmalign	time	95.27
A0A7D9I810	muscle	lddt	0.766306
A0A7D9I810	muscle	lddt_columns	421/544
A0A7D9I810	muscle	time	6.22
A0A7D9I810	mustang	lddt	0.764000
A0A7D9I810	mustang	lddt_columns	433/632
A0A7D9I810	mustang	time	262.30
A0A7D9I810	usalign	lddt	0.728211
A0A7D9I810	usalign	lddt_columns	464/762
A0A7D9I810	usalign	time	34.26
A0A7J5VQD9	3dcoffee	lddt	0.485623
A0A7J5VQD9	3dcoffee	lddt_columns	436/544
A0A7J5VQD9	3dcoffee	time	607.95
A0A7J5VQD9	caretta	lddt	0.383284
A0A7J5VQD9	caretta	lddt_columns	382/397
A0A7J5VQD9	caretta	time	91.82
A0A7J5VQD9	clustalo	lddt	0.317390
A0A7J5VQD9	clustalo	lddt_columns	574/670
A0A7J5VQD9	clustalo	time	0.71
A0A7J5VQD9	famsa	lddt	0.377045
A0A7J5VQD9	famsa	lddt_columns	429/537
A0A7J5VQD9	famsa	time	0.21
A0A7J5VQD9	foldmason	lddt	0.433567
A0A7J5VQD9	foldmason	lddt_columns	441/467
A0A7J5VQD9	foldmason	time	0.39
A0A7J5VQD9	foldmason_refine100	lddt	0.433567
A0A7J5VQD9	foldmason_refine100	lddt_columns	441/467
A0A7J5VQD9	foldmason_refine100	time	6.50
A0A7J5VQD9	mafft	lddt	0.329548
A0A7J5VQD9	mafft	lddt_columns	525/632
A0A7J5VQD9	mafft	time	2.34
A0A7J5VQD9	matt	lddt	0.196880
A0A7J5VQD9	matt	lddt_columns	608/3421
A0A7J5VQD9	matt	time	1145.14
A0A7J5VQD9	mtmalign	lddt	0.244143
A0A7J5VQD9	mtmalign	lddt_columns	906/2083
A0A7J5VQD9	mtmalign	time	56.70
A0A7J5VQD9	muscle	lddt	0.346998
A0A7J5VQD9	muscle	lddt_columns	496/746
A0A7J5VQD9	muscle	time	8.55
A0A7J5VQD9	mustang	lddt	0.452292
A0A7J5VQD9	mustang	lddt_columns	449/806
A0A7J5VQD9	mustang	time	851.22
A0A7J5VQD9	usalign	lddt	0.250371
A0A7J5VQD9	usalign	lddt_columns	931/1675
A0A7J5VQD9	usalign	time	17.84
A0A7K0JS47	3dcoffee	lddt	0.498758
A0A7K0JS47	3dcoffee	lddt_columns	635/895
A0A7K0JS47	3dcoffee	time	1112.78
A0A7K0JS47	caretta	lddt	0.411813
A0A7K0JS47	caretta	lddt_columns	508/533
A0A7K0JS47	caretta	time	260.36
A0A7K0JS47	clustalo	lddt	0.388208
A0A7K0JS47	clustalo	lddt_columns	752/814
A0A7K0JS47	clustalo	time	1.50
A0A7K0JS47	famsa	lddt	0.435756
A0A7K0JS47	famsa	lddt_columns	571/712
A0A7K0JS47	famsa	time	0.34
A0A7K0JS47	foldmason	lddt	0.445671
A0A7K0JS47	foldmason	lddt_columns	690/724
A0A7K0JS47	foldmason	time	0.78
A0A7K0JS47	foldmason_refine100	lddt	0.447046
A0A7K0JS47	foldmason_refine100	lddt_columns	687/717
A0A7K0JS47	foldmason_refine100	time	9.58
A0A7K0JS47	mafft	lddt	0.408864
A0A7K0JS47	mafft	lddt_columns	703/819
A0A7K0JS47	mafft	time	3.80
A0A7K0JS47	matt	lddt	0.222012
A0A7K0JS47	matt	lddt_columns	808/4659
A0A7K0JS47	matt	time	3836.03
A0A7K0JS47	mtmalign	lddt	0.293128
A0A7K0JS47	mtmalign	lddt_columns	1029/3416
A0A7K0JS47	mtmalign	time	124.23
A0A7K0JS47	muscle	lddt	0.427845
A0A7K0JS47	muscle	lddt_columns	629/1146
A0A7K0JS47	muscle	time	11.38
A0A7K0JS47	mustang	lddt	0.471150
A0A7K0JS47	mustang	lddt_columns	680/1108
A0A7K0JS47	mustang	time	3231.99
A0A7K0JS47	usalign	lddt	0.328616
A0A7K0JS47	usalign	lddt_columns	1002/2536
A0A7K0JS47	usalign	time	34.59
A0A7N2L6I2	3dcoffee	lddt	0.786710
A0A7N2L6I2	3dcoffee	lddt_columns	262/278
A0A7N2L6I2	3dcoffee	time	447.90
A0A7N2L6I2	caretta	lddt	0.659818
A0A7N2L6I2	caretta	lddt_columns	279/286
A0A7N2L6I2	caretta	time	83.00
A0A7N2L6I2	clustalo	lddt	0.678644
A0A7N2L6I2	clustalo	lddt_columns	313/368
A0A7N2L6I2	clustalo	time	0.32
A0A7N2L6I2	famsa	lddt	0.669263
A0A7N2L6I2	famsa	lddt_columns	304/381
A0A7N2L6I2	famsa	time	0.16
A0A7N2L6I2	foldmason	lddt	0.765373
A0A7N2L6I2	foldmason	lddt_columns	273/297
A0A7N2L6I2	foldmason	time	0.32
A0A7N2L6I2	foldmason_refine100	lddt	0.767809
A0A7N2L6I2	foldmason_refine100	lddt_columns	272/297
A0A7N2L6I2	foldmason_refine100	time	4.41
A0A7N2L6I2	mafft	lddt	0.665669
A0A7N2L6I2	mafft	lddt_columns	316/368
A0A7N2L6I2	mafft	time	1.16
A0A7N2L6I2	matt	lddt	0.248139
A0A7N2L6I2	matt	lddt_columns	586/2434
A0A7N2L6I2	matt	time	581.96
A0A7N2L6I2	mtmalign	lddt	0.337485
A0A7N2L6I2	mtmalign	lddt_columns	559/1717
A0A7N2L6I2	mtmalign	time	34.81
A0A7N2L6I2	muscle	lddt	0.699620
A0A7N2L6I2	muscle	lddt_columns	287/393
A0A7N2L6I2	muscle	time	2.79
A0A7N2L6I2	mustang	lddt	0.488076
A0A7N2L6I2	mustang	lddt_columns	423/584
A0A7N2L6I2	mustang	time	163.98
A0A7N2L6I2	usalign	lddt	0.308304
A0A7N2L6I2	usalign	lddt_columns	615/1599
A0A7N2L6I2	usalign	time	10.89
A0A7R9A562	3dcoffee	lddt	0.553626
A0A7R9A562	3dcoffee	lddt_columns	626/922
A0A7R9A562	3dcoffee	time	1210.18
A0A7R9A562	caretta	lddt	0.443370
A0A7R9A562	caretta	lddt_columns	686/793
A0A7R9A562	caretta	time	270.44
A0A7R9A562	clustalo	lddt	0.470358
A0A7R9A562	clustalo	lddt_columns	689/857
A0A7R9A562	clustalo	time	1.03
A0A7R9A562	famsa	lddt	0.489841
A0A7R9A562	famsa	lddt_columns	639/842
A0A7R9A562	famsa	time	0.39
A0A7R9A562	foldmason	lddt	0.506651
A0A7R9A562	foldmason	lddt_columns	699/804
A0A7R9A562	foldmason	time	0.95
A0A7R9A562	foldmason_refine100	lddt	0.512432
A0A7R9A562	foldmason_refine100	lddt_columns	690/799
A0A7R9A562	foldmason_refine100	time	12.12
A0A7R9A562	mafft	lddt	0.492296
A0A7R9A562	mafft	lddt_columns	688/863
A0A7R9A562	mafft	time	2.92
A0A7R9A562	matt	lddt	0.391180
A0A7R9A562	matt	lddt_columns	752/2084
A0A7R9A562	matt	time	1630.89
A0A7R9A562	mtmalign	lddt	0.538263
A0A7R9A562	mtmalign	lddt_columns	635/1708
A0A7R9A562	mtmalign	time	126.64
A0A7R9A562	muscle	lddt	0.517695
A0A7R9A562	muscle	lddt_columns	632/980
A0A7R9A562	muscle	time	11.76
A0A7R9A562	mustang	lddt	0.546981
A0A7R9A562	mustang	lddt_columns	631/1101
A0A7R9A562	mustang	time	1087.01
A0A7R9A562	usalign	lddt	0.548930
A0A7R9A562	usalign	lddt_columns	618/1374
A0A7R9A562	usalign	time	39.53
A0A7T8YPS0	3dcoffee	lddt	0.633724
A0A7T8YPS0	3dcoffee	lddt_columns	692/719
A0A7T8YPS0	3dcoffee	time	2371.34
A0A7T8YPS0	caretta	lddt	0.535573
A0A7T8YPS0	caretta	lddt_columns	673/702
A0A7T8YPS0	caretta	time	306.45
A0A7T8YPS0	clustalo	lddt	0.655788
A0A7T8YPS0	clustalo	lddt_columns	747/833
A0A7T8YPS0	clustalo	time	1.73
A0A7T8YPS0	famsa	lddt	0.682712
A0A7T8YPS0	famsa	lddt_columns	708/810
A0A7T8YPS0	famsa	time	0.43
A0A7T8YPS0	foldmason	lddt	0.692833
A0A7T8YPS0	foldmason	lddt_columns	719/763
A0A7T8YPS0	foldmason	time	1.21
A0A7T8YPS0	foldmason_refine100	lddt	0.693214
A0A7T8YPS0	foldmason_refine100	lddt_columns	717/764
A0A7T8YPS0	foldmason_refine100	time	18.17
A0A7T8YPS0	mafft	lddt	0.667640
A0A7T8YPS0	mafft	lddt_columns	743/814
A0A7T8YPS0	mafft	time	5.92
A0A7T8YPS0	matt	lddt	0.258566
A0A7T8YPS0	matt	lddt_columns	1337/5729
A0A7T8YPS0	matt	time	5597.25
A0A7T8YPS0	mtmalign	lddt	0.276794
A0A7T8YPS0	mtmalign	lddt_columns	1662/4735
A0A7T8YPS0	mtmalign	time	337.42
A0A7T8YPS0	muscle	lddt	0.676992
A0A7T8YPS0	muscle	lddt_columns	725/847
A0A7T8YPS0	muscle	time	18.87
A0A7T8YPS0	mustang	lddt	0.647268
A0A7T8YPS0	mustang	lddt_columns	774/1057
A0A7T8YPS0	mustang	time	1271.74
A0A7T8YPS0	usalign	lddt	0.292212
A0A7T8YPS0	usalign	lddt_columns	1731/3721
A0A7T8YPS0	usalign	time	68.01
A0A7V1EGX4	3dcoffee	lddt	0.617946
A0A7V1EGX4	3dcoffee	lddt_columns	419/564
A0A7V1EGX4	3dcoffee	time	610.96
A0A7V1EGX4	caretta	lddt	0.522544
A0A7V1EGX4	caretta	lddt_columns	402/422
A0A7V1EGX4	caretta	time	91.94
A0A7V1EGX4	clustalo	lddt	0.593383
A0A7V1EGX4	clustalo	lddt_columns	443/494
A0A7V1EGX4	clustalo	time	0.58
A0A7V1EGX4	famsa	lddt	0.603957
A0A7V1EGX4	famsa	lddt_columns	404/452
A0A7V1EGX4	famsa	time	0.21
A0A7V1EGX4	foldmason	lddt	0.645950
A0A7V1EGX4	foldmason	lddt_columns	405/496
A0A7V1EGX4	foldmason	time	0.48
A0A7V1EGX4	foldmason_refine100	lddt	0.645950
A0A7V1EGX4	foldmason_refine100	lddt_columns	405/496
A0A7V1EGX4	foldmason_refine100	time	6.37
A0A7V1EGX4	mafft	lddt	0.640049
A0A7V1EGX4	mafft	lddt_columns	408/466
A0A7V1EGX4	mafft	time	1.25
A0A7V1EGX4	matt	lddt	0.402511
A0A7V1EGX4	matt	lddt_columns	590/1244
A0A7V1EGX4	matt	time	517.61
A0A7V1EGX4	mtmalign	lddt	0.449117
A0A7V1EGX4	mtmalign	lddt_columns	589/1011
A0A7V1EGX4	mtmalign	time	61.04
A0A7V1EGX4	muscle	lddt	0.674159
A0A7V1EGX4	muscle	lddt_columns	370/546
A0A7V1EGX4	muscle	time	4.68
A0A7V1EGX4	mustang	lddt	0.626466
A0A7V1EGX4	mustang	lddt_columns	422/610
A0A7V1EGX4	mustang	time	307.19
A0A7V1EGX4	usalign	lddt	0.487237
A0A7V1EGX4	usalign	lddt_columns	532/749
A0A7V1EGX4	usalign	time	28.45
A0A7V2HZ10	3dcoffee	lddt	0.615232
A0A7V2HZ10	3dcoffee	lddt_columns	476/536
A0A7V2HZ10	3dcoffee	time	1131.47
A0A7V2HZ10	caretta	lddt	0.709828
A0A7V2HZ10	caretta	lddt_columns	460/492
A0A7V2HZ10	caretta	time	113.88
A0A7V2HZ10	clustalo	lddt	0.738141
A0A7V2HZ10	clustalo	lddt_columns	448/497
A0A7V2HZ10	clustalo	time	0.86
A0A7V2HZ10	famsa	lddt	0.752993
A0A7V2HZ10	famsa	lddt_columns	443/494
A0A7V2HZ10	famsa	time	0.22
A0A7V2HZ10	foldmason	lddt	0.752824
A0A7V2HZ10	foldmason	lddt_columns	446/485
A0A7V2HZ10	foldmason	time	0.57
A0A7V2HZ10	foldmason_refine100	lddt	0.754490
A0A7V2HZ10	foldmason_refine100	lddt_columns	444/484
A0A7V2HZ10	foldmason_refine100	time	11.63
A0A7V2HZ10	mafft	lddt	0.730803
A0A7V2HZ10	mafft	lddt_columns	459/539
A0A7V2HZ10	mafft	time	1.85
A0A7V2HZ10	matt	lddt	0.590246
A0A7V2HZ10	matt	lddt_columns	558/1004
A0A7V2HZ10	matt	time	1366.46
A0A7V2HZ10	mtmalign	lddt	0.634666
A0A7V2HZ10	mtmalign	lddt_columns	529/990
A0A7V2HZ10	mtmalign	time	116.00
A0A7V2HZ10	muscle	lddt	0.736988
A0A7V2HZ10	muscle	lddt_columns	453/561
A0A7V2HZ10	muscle	time	7.66
A0A7V2HZ10	mustang	lddt	0.761793
A0A7V2HZ10	mustang	lddt_columns	454/593
A0A7V2HZ10	mustang	time	299.60
A0A7V2HZ10	usalign	lddt	0.702753
A0A7V2HZ10	usalign	lddt_columns	481/681
A0A7V2HZ10	usalign	time	45.61
A0A7V2MEE1	3dcoffee	lddt	0.849935
A0A7V2MEE1	3dcoffee	lddt_columns	161/174
A0A7V2MEE1	3dcoffee	time	289.80
A0A7V2MEE1	caretta	lddt	0.854168
A0A7V2MEE1	caretta	lddt_columns	160/169
A0A7V2MEE1	caretta	time	70.72
A0A7V2MEE1	clustalo	lddt	0.796450
A0A7V2MEE1	clustalo	lddt_columns	171/185
A0A7V2MEE1	clustalo	time	0.10
A0A7V2MEE1	famsa	lddt	0.832862
A0A7V2MEE1	famsa	lddt_columns	160/177
A0A7V2MEE1	famsa	time	0.06
A0A7V2MEE1	foldmason	lddt	0.841989
A0A7V2MEE1	foldmason	lddt_columns	159/163
A0A7V2MEE1	foldmason	time	0.26
A0A7V2MEE1	foldmason_refine100	lddt	0.842874
A0A7V2MEE1	foldmason_refine100	lddt_columns	159/163
A0A7V2MEE1	foldmason_refine100	time	3.27
A0A7V2MEE1	mafft	lddt	0.788497
A0A7V2MEE1	mafft	lddt_columns	171/187
A0A7V2MEE1	mafft	time	0.53
A0A7V2MEE1	matt	lddt	0.783946
A0A7V2MEE1	matt	lddt_columns	178/227
A0A7V2MEE1	matt	time	100.36
A0A7V2MEE1	mtmalign	lddt	0.764381
A0A7V2MEE1	mtmalign	lddt_columns	185/236
A0A7V2MEE1	mtmalign	time	15.66
A0A7V2MEE1	muscle	lddt	0.775059
A0A7V2MEE1	muscle	lddt_columns	174/193
A0A7V2MEE1	muscle	time	1.03
A0A7V2MEE1	mustang	lddt	0.826812
A0A7V2MEE1	mustang	lddt_columns	167/202
A0A7V2MEE1	mustang	time	39.36
A0A7V2MEE1	usalign	lddt	0.790625
A0A7V2MEE1	usalign	lddt_columns	177/199
A0A7V2MEE1	usalign	time	5.22
A0A7V2NG30	3dcoffee	lddt	0.441800
A0A7V2NG30	3dcoffee	lddt_columns	649/936
A0A7V2NG30	3dcoffee	time	693.09
A0A7V2NG30	caretta	lddt	0.370510
A0A7V2NG30	caretta	lddt_columns	507/516
A0A7V2NG30	caretta	time	109.17
A0A7V2NG30	clustalo	lddt	0.294523
A0A7V2NG30	clustalo	lddt_columns	853/996
A0A7V2NG30	clustalo	time	1.49
A0A7V2NG30	famsa	lddt	0.374331
A0A7V2NG30	famsa	lddt_columns	569/789
A0A7V2NG30	famsa	time	0.22
A0A7V2NG30	foldmason	lddt	0.417523
A0A7V2NG30	foldmason	lddt_columns	629/744
A0A7V2NG30	foldmason	time	0.59
A0A7V2NG30	foldmason_refine100	lddt	0.417523
A0A7V2NG30	foldmason_refine100	lddt_columns	629/744
A0A7V2NG30	foldmason_refine100	time	9.38
A0A7V2NG30	mafft	lddt	0.311726
A0A7V2NG30	mafft	lddt_columns	743/1051
A0A7V2NG30	mafft	time	2.80
A0A7V2NG30	matt	lddt	0.166797
A0A7V2NG30	matt	lddt_columns	887/5484
A0A7V2NG30	matt	time	3453.34
A0A7V2NG30	mtmalign	lddt	0.215047
A0A7V2NG30	mtmalign	lddt_columns	1470/3873
A0A7V2NG30	mtmalign	time	108.17
A0A7V2NG30	muscle	lddt	0.305728
A0A7V2NG30	muscle	lddt_columns	734/1380
A0A7V2NG30	muscle	time	10.31
A0A7V2NG30	mustang	lddt	0.397526
A0A7V2NG30	mustang	lddt_columns	702/1199
A0A7V2NG30	mustang	time	2123.34
A0A7V2NG30	usalign	lddt	0.215423
A0A7V2NG30	usalign	lddt_columns	1434/3260
A0A7V2NG30	usalign	time	29.22
A0A7V2RPF0	3dcoffee	lddt	0.544637
A0A7V2RPF0	3dcoffee	lddt_columns	385/436
A0A7V2RPF0	3dcoffee	time	751.08
A0A7V2RPF0	caretta	lddt	0.438797
A0A7V2RPF0	caretta	lddt_columns	404/419
A0A7V2RPF0	caretta	time	99.44
A0A7V2RPF0	clustalo	lddt	0.505584
A0A7V2RPF0	clustalo	lddt_columns	468/533
A0A7V2RPF0	clustalo	time	0.78
A0A7V2RPF0	famsa	lddt	0.556372
A0A7V2RPF0	famsa	lddt_columns	410/476
A0A7V2RPF0	famsa	time	0.21
A0A7V2RPF0	foldmason	lddt	0.513873
A0A7V2RPF0	foldmason	lddt_columns	483/504
A0A7V2RPF0	foldmason	time	0.47
A0A7V2RPF0	foldmason_refine100	lddt	0.513873
A0A7V2RPF0	foldmason_refine100	lddt_columns	483/504
A0A7V2RPF0	foldmason_refine100	time	8.27
A0A7V2RPF0	mafft	lddt	0.508117
A0A7V2RPF0	mafft	lddt_columns	474/539
A0A7V2RPF0	mafft	time	2.48
A0A7V2RPF0	matt	lddt	0.187599
A0A7V2RPF0	matt	lddt_columns	858/3889
A0A7V2RPF0	matt	time	2951.43
A0A7V2RPF0	mtmalign	lddt	0.273566
A0A7V2RPF0	mtmalign	lddt_columns	1042/2240
A0A7V2RPF0	mtmalign	time	84.57
A0A7V2RPF0	muscle	lddt	0.548668
A0A7V2RPF0	muscle	lddt_columns	421/637
A0A7V2RPF0	muscle	time	6.64
A0A7V2RPF0	mustang	lddt	0.504141
A0A7V2RPF0	mustang	lddt_columns	517/829
A0A7V2RPF0	mustang	time	715.40
A0A7V2RPF0	usalign	lddt	0.239028
A0A7V2RPF0	usalign	lddt_columns	1175/2143
A0A7V2RPF0	usalign	time	25.56
A0A7V3QYX8	3dcoffee	lddt	0.465033
A0A7V3QYX8	3dcoffee	lddt_columns	425/614
A0A7V3QYX8	3dcoffee	time	609.31
A0A7V3QYX8	caretta	lddt	0.375998
A0A7V3QYX8	caretta	lddt_columns	370/377
A0A7V3QYX8	caretta	time	231.00
A0A7V3QYX8	clustalo	lddt	0.282248
A0A7V3QYX8	clustalo	lddt_columns	648/695
A0A7V3QYX8	clustalo	time	0.94
A0A7V3QYX8	famsa	lddt	0.346430
A0A7V3QYX8	famsa	lddt_columns	391/494
A0A7V3QYX8	famsa	time	0.29
A0A7V3QYX8	foldmason	lddt	0.394433
A0A7V3QYX8	foldmason	lddt_columns	455/500
A0A7V3QYX8	foldmason	time	0.51
A0A7V3QYX8	foldmason_refine100	lddt	0.408150
A0A7V3QYX8	foldmason_refine100	lddt_columns	427/480
A0A7V3QYX8	foldmason_refine100	time	6.24
A0A7V3QYX8	mafft	lddt	0.279033
A0A7V3QYX8	mafft	lddt_columns	616/671
A0A7V3QYX8	mafft	time	5.29
A0A7V3QYX8	matt	lddt	0.183576
A0A7V3QYX8	matt	lddt_columns	709/3121
A0A7V3QYX8	matt	time	1018.84
A0A7V3QYX8	mtmalign	lddt	0.241878
A0A7V3QYX8	mtmalign	lddt_columns	844/2201
A0A7V3QYX8	mtmalign	time	49.79
A0A7V3QYX8	muscle	lddt	0.285810
A0A7V3QYX8	muscle	lddt_columns	557/870
A0A7V3QYX8	muscle	time	7.97
A0A7V3QYX8	mustang	lddt	0.398416
A0A7V3QYX8	mustang	lddt_columns	476/820
A0A7V3QYX8	mustang	time	723.48
A0A7V3QYX8	usalign	lddt	0.250864
A0A7V3QYX8	usalign	lddt_columns	844/1792
A0A7V3QYX8	usalign	time	16.53
A0A7V3RQS4	3dcoffee	lddt	0.598206
A0A7V3RQS4	3dcoffee	lddt_columns	689/955
A0A7V3RQS4	3dcoffee	time	1124.86
A0A7V3RQS4	caretta	lddt	0.445455
A0A7V3RQS4	caretta	lddt_columns	596/606
A0A7V3RQS4	caretta	time	299.01
A0A7V3RQS4	clustalo	lddt	0.422243
A0A7V3RQS4	clustalo	lddt_columns	981/1104
A0A7V3RQS4	clustalo	time	1.10
A0A7V3RQS4	famsa	lddt	0.513527
A0A7V3RQS4	famsa	lddt_columns	695/763
A0A7V3RQS4	famsa	time	0.26
A0A7V3RQS4	foldmason	lddt	0.510379
A0A7V3RQS4	foldmason	lddt_columns	780/858
A0A7V3RQS4	foldmason	time	1.30
A0A7V3RQS4	foldmason_refine100	lddt	0.513769
A0A7V3RQS4	foldmason_refine100	lddt_columns	775/858
A0A7V3RQS4	foldmason_refine100	time	14.75
A0A7V3RQS4	mafft	lddt	0.511348
A0A7V3RQS4	mafft	lddt_columns	752/846
A0A7V3RQS4	mafft	time	2.92
A0A7V3RQS4	matt	lddt	0.195107
A0A7V3RQS4	matt	lddt_columns	1292/6193
A0A7V3RQS4	matt	time	11007.67
A0A7V3RQS4	mtmalign	lddt	0.267946
A0A7V3RQS4	mtmalign	lddt_columns	1633/4326
A0A7V3RQS4	mtmalign	time	250.63
A0A7V3RQS4	muscle	lddt	0.536017
A0A7V3RQS4	muscle	lddt_columns	688/1152
A0A7V3RQS4	muscle	time	14.69
A0A7V3RQS4	mustang	lddt	0.519785
A0A7V3RQS4	mustang	lddt_columns	797/1445
A0A7V3RQS4	mustang	time	3741.48
A0A7V3RQS4	usalign	lddt	0.264928
A0A7V3RQS4	usalign	lddt_columns	1659/3404
A0A7V3RQS4	usalign	time	65.91
A0A7V9HBP6	3dcoffee	lddt	0.712309
A0A7V9HBP6	3dcoffee	lddt_columns	178/184
A0A7V9HBP6	3dcoffee	time	334.16
A0A7V9HBP6	caretta	lddt	0.701600
A0A7V9HBP6	caretta	lddt_columns	177/179
A0A7V9HBP6	caretta	time	224.01
A0A7V9HBP6	clustalo	lddt	0.595293
A0A7V9HBP6	clustalo	lddt_columns	190/212
A0A7V9HBP6	clustalo	time	0.17
A0A7V9HBP6	famsa	lddt	0.622872
A0A7V9HBP6	famsa	lddt_columns	181/202
A0A7V9HBP6	famsa	time	0.10
A0A7V9HBP6	foldmason	lddt	0.693131
A0A7V9HBP6	foldmason	lddt_columns	179/180
A0A7V9HBP6	foldmason	time	0.40
A0A7V9HBP6	foldmason_refine100	lddt	0.696790
A0A7V9HBP6	foldmason_refine100	lddt_columns	179/180
A0A7V9HBP6	foldmason_refine100	time	3.26
A0A7V9HBP6	mafft	lddt	0.645414
A0A7V9HBP6	mafft	lddt_columns	181/193
A0A7V9HBP6	mafft	time	0.64
A0A7V9HBP6	matt	lddt	0.606965
A0A7V9HBP6	matt	lddt_columns	201/287
A0A7V9HBP6	matt	time	970.38
A0A7V9HBP6	mtmalign	lddt	0.637526
A0A7V9HBP6	mtmalign	lddt_columns	201/279
A0A7V9HBP6	mtmalign	time	17.00
A0A7V9HBP6	muscle	lddt	0.629970
A0A7V9HBP6	muscle	lddt_columns	179/210
A0A7V9HBP6	muscle	time	1.88
A0A7V9HBP6	mustang	lddt	0.665562
A0A7V9HBP6	mustang	lddt_columns	182/250
A0A7V9HBP6	mustang	time	81.19
A0A7V9HBP6	usalign	lddt	0.688286
A0A7V9HBP6	usalign	lddt_columns	185/210
A0A7V9HBP6	usalign	time	7.07
A0A7W0UR24	3dcoffee	lddt	0.899295
A0A7W0UR24	3dcoffee	lddt_columns	168/177
A0A7W0UR24	3dcoffee	time	329.10
A0A7W0UR24	caretta	lddt	0.808312
A0A7W0UR24	caretta	lddt_columns	177/186
A0A7W0UR24	caretta	time	223.98
A0A7W0UR24	clustalo	lddt	0.869138
A0A7W0UR24	clustalo	lddt_columns	172/207
A0A7W0UR24	clustalo	time	0.11
A0A7W0UR24	famsa	lddt	0.882860
A0A7W0UR24	famsa	lddt_columns	169/208
A0A7W0UR24	famsa	time	0.07
A0A7W0UR24	foldmason	lddt	0.899170
A0A7W0UR24	foldmason	lddt_columns	168/177
A0A7W0UR24	foldmason	time	0.50
A0A7W0UR24	foldmason_refine100	lddt	0.899170
A0A7W0UR24	foldmason_refine100	lddt_columns	168/177
A0A7W0UR24	foldmason_refine100	time	2.33
A0A7W0UR24	mafft	lddt	0.877613
A0A7W0UR24	mafft	lddt_columns	170/207
A0A7W0UR24	mafft	time	0.48
A0A7W0UR24	matt	lddt	0.763977
A0A7W0UR24	matt	lddt_columns	195/266
A0A7W0UR24	matt	time	1202.77
A0A7W0UR24	mtmalign	lddt	0.705979
A0A7W0UR24	mtmalign	lddt_columns	231/275
A0A7W0UR24	mtmalign	time	17.30
A0A7W0UR24	muscle	lddt	0.873388
A0A7W0UR24	muscle	lddt_columns	169/208
A0A7W0UR24	muscle	time	1.02
A0A7W0UR24	mustang	lddt	0.829150
A0A7W0UR24	mustang	lddt_columns	177/194
A0A7W0UR24	mustang	time	111.80
A0A7W0UR24	usalign	lddt	0.623170
A0A7W0UR24	usalign	lddt_columns	266/313
A0A7W0UR24	usalign	time	6.57
A0A7W7ZLX9	3dcoffee	lddt	0.642155
A0A7W7ZLX9	3dcoffee	lddt_columns	508/604
A0A7W7ZLX9	3dcoffee	time	874.93
A0A7W7ZLX9	caretta	lddt	0.572062
A0A7W7ZLX9	caretta	lddt_columns	560/619
A0A7W7ZLX9	caretta	time	122.73
A0A7W7ZLX9	clustalo	lddt	0.568675
A0A7W7ZLX9	clustalo	lddt_columns	635/742
A0A7W7ZLX9	clustalo	time	0.72
A0A7W7ZLX9	famsa	lddt	0.649794
A0A7W7ZLX9	famsa	lddt_columns	558/682
A0A7W7ZLX9	famsa	time	0.21
A0A7W7ZLX9	foldmason	lddt	0.681785
A0A7W7ZLX9	foldmason	lddt_columns	550/636
A0A7W7ZLX9	foldmason	time	1.04
A0A7W7ZLX9	foldmason_refine100	lddt	0.681785
A0A7W7ZLX9	foldmason_refine100	lddt_columns	550/636
A0A7W7ZLX9	foldmason_refine100	time	13.99
A0A7W7ZLX9	mafft	lddt	0.661752
A0A7W7ZLX9	mafft	lddt_columns	568/648
A0A7W7ZLX9	mafft	time	1.92
A0A7W7ZLX9	matt	lddt	0.251390
A0A7W7ZLX9	matt	lddt_columns	1326/3116
A0A7W7ZLX9	matt	time	8716.64
A0A7W7ZLX9	mtmalign	lddt	0.386088
A0A7W7ZLX9	mtmalign	lddt_columns	1073/1924
A0A7W7ZLX9	mtmalign	time	127.21
A0A7W7ZLX9	muscle	lddt	0.688099
A0A7W7ZLX9	muscle	lddt_columns	533/723
A0A7W7ZLX9	muscle	time	9.07
A0A7W7ZLX9	mustang	lddt	0.642249
A0A7W7ZLX9	mustang	lddt_columns	608/819
A0A7W7ZLX9	mustang	time	416.39
A0A7W7ZLX9	usalign	lddt	0.408686
A0A7W7ZLX9	usalign	lddt_columns	1013/1385
A0A7W7ZLX9	usalign	time	36.56
A0A7X0H801	3dcoffee	lddt	0.601907
A0A7X0H801	3dcoffee	lddt_columns	554/633
A0A7X0H801	3dcoffee	time	1357.65
A0A7X0H801	caretta	lddt	0.499999
A0A7X0H801	caretta	lddt_columns	555/561
A0A7X0H801	caretta	time	270.05
A0A7X0H801	clustalo	lddt	0.411481
A0A7X0H801	clustalo	lddt_columns	726/811
A0A7X0H801	clustalo	time	1.30
A0A7X0H801	famsa	lddt	0.523504
A0A7X0H801	famsa	lddt_columns	556/639
A0A7X0H801	famsa	time	0.34
A0A7X0H801	foldmason	lddt	0.567891
A0A7X0H801	foldmason	lddt_columns	588/608
A0A7X0H801	foldmason	time	1.13
A0A7X0H801	foldmason_refine100	lddt	0.571133
A0A7X0H801	foldmason_refine100	lddt_columns	586/613
A0A7X0H801	foldmason_refine100	time	11.70
A0A7X0H801	mafft	lddt	0.520511
A0A7X0H801	mafft	lddt_columns	605/647
A0A7X0H801	mafft	time	4.26
A0A7X0H801	matt	lddt	0.142785
A0A7X0H801	matt	lddt_columns	1316/5052
A0A7X0H801	matt	time	3091.36
A0A7X0H801	mtmalign	lddt	0.354734
A0A7X0H801	mtmalign	lddt_columns	881/2728
A0A7X0H801	mtmalign	time	161.06
A0A7X0H801	muscle	lddt	0.495561
A0A7X0H801	muscle	lddt_columns	618/826
A0A7X0H801	muscle	time	12.03
A0A7X0H801	mustang	lddt	0.566568
A0A7X0H801	mustang	lddt_columns	617/926
A0A7X0H801	mustang	time	563.42
A0A7X0H801	usalign	lddt	0.345076
A0A7X0H801	usalign	lddt_columns	956/2292
A0A7X0H801	usalign	time	41.93
A0A7X2FUC2	3dcoffee	lddt	0.814166
A0A7X2FUC2	3dcoffee	lddt_columns	150/161
A0A7X2FUC2	3dcoffee	time	275.83
A0A7X2FUC2	caretta	lddt	0.796087
A0A7X2FUC2	caretta	lddt_columns	154/161
A0A7X2FUC2	caretta	time	68.73
A0A7X2FUC2	clustalo	lddt	0.781469
A0A7X2FUC2	clustalo	lddt_columns	152/182
A0A7X2FUC2	clustalo	time	0.10
A0A7X2FUC2	famsa	lddt	0.784603
A0A7X2FUC2	famsa	lddt_columns	150/158
A0A7X2FUC2	famsa	time	0.05
A0A7X2FUC2	foldmason	lddt	0.791230
A0A7X2FUC2	foldmason	lddt_columns	152/153
A0A7X2FUC2	foldmason	time	0.22
A0A7X2FUC2	foldmason_refine100	lddt	0.804728
A0A7X2FUC2	foldmason_refine100	lddt_columns	151/153
A0A7X2FUC2	foldmason_refine100	time	2.77
A0A7X2FUC2	mafft	lddt	0.758176
A0A7X2FUC2	mafft	lddt_columns	155/163
A0A7X2FUC2	mafft	time	0.40
A0A7X2FUC2	matt	lddt	0.763541
A0A7X2FUC2	matt	lddt_columns	159/203
A0A7X2FUC2	matt	time	780.25
A0A7X2FUC2	mtmalign	lddt	0.751438
A0A7X2FUC2	mtmalign	lddt_columns	164/205
A0A7X2FUC2	mtmalign	time	18.86
A0A7X2FUC2	muscle	lddt	0.774660
A0A7X2FUC2	muscle	lddt_columns	148/172
A0A7X2FUC2	muscle	time	1.08
A0A7X2FUC2	mustang	lddt	0.767361
A0A7X2FUC2	mustang	lddt_columns	158/192
A0A7X2FUC2	mustang	time	65.98
A0A7X2FUC2	usalign	lddt	0.788250
A0A7X2FUC2	usalign	lddt_columns	156/170
A0A7X2FUC2	usalign	time	6.14
A0A7X5R0W0	3dcoffee	lddt	0.490249
A0A7X5R0W0	3dcoffee	lddt_columns	712/1088
A0A7X5R0W0	3dcoffee	time	1401.42
A0A7X5R0W0	caretta	lddt	0.426402
A0A7X5R0W0	caretta	lddt_columns	561/583
A0A7X5R0W0	caretta	time	272.92
A0A7X5R0W0	clustalo	lddt	0.305735
A0A7X5R0W0	clustalo	lddt_columns	1041/1234
A0A7X5R0W0	clustalo	time	1.79
A0A7X5R0W0	famsa	lddt	0.386146
A0A7X5R0W0	famsa	lddt_columns	657/809
A0A7X5R0W0	famsa	time	0.35
A0A7X5R0W0	foldmason	lddt	0.414221
A0A7X5R0W0	foldmason	lddt_columns	779/841
A0A7X5R0W0	foldmason	time	1.09
A0A7X5R0W0	foldmason_refine100	lddt	0.415499
A0A7X5R0W0	foldmason_refine100	lddt_columns	782/841
A0A7X5R0W0	foldmason_refine100	time	11.68
A0A7X5R0W0	mafft	lddt	0.350905
A0A7X5R0W0	mafft	lddt_columns	868/986
A0A7X5R0W0	mafft	time	4.28
A0A7X5R0W0	matt	lddt	0.157275
A0A7X5R0W0	matt	lddt_columns	1150/6417
A0A7X5R0W0	matt	time	5927.79
A0A7X5R0W0	mtmalign	lddt	0.231734
A0A7X5R0W0	mtmalign	lddt_columns	1689/4413
A0A7X5R0W0	mtmalign	time	191.85
A0A7X5R0W0	muscle	lddt	0.336472
A0A7X5R0W0	muscle	lddt_columns	846/1305
A0A7X5R0W0	muscle	time	15.10
A0A7X5R0W0	mustang	lddt	0.340166
A0A7X5R0W0	mustang	lddt_columns	1001/1746
A0A7X5R0W0	mustang	time	4142.98
A0A7X5R0W0	usalign	lddt	0.238172
A0A7X5R0W0	usalign	lddt_columns	1643/3806
A0A7X5R0W0	usalign	time	44.22
A0A7X9A1N2	3dcoffee	lddt	0.630113
A0A7X9A1N2	3dcoffee	lddt_columns	603/709
A0A7X9A1N2	3dcoffee	time	1348.99
A0A7X9A1N2	caretta	lddt	0.627749
A0A7X9A1N2	caretta	lddt_columns	612/697
A0A7X9A1N2	caretta	time	272.68
A0A7X9A1N2	clustalo	lddt	0.596035
A0A7X9A1N2	clustalo	lddt_columns	607/738
A0A7X9A1N2	clustalo	time	1.09
A0A7X9A1N2	famsa	lddt	0.591251
A0A7X9A1N2	famsa	lddt_columns	602/789
A0A7X9A1N2	famsa	time	0.34
A0A7X9A1N2	foldmason	lddt	0.586216
A0A7X9A1N2	foldmason	lddt_columns	633/712
A0A7X9A1N2	foldmason	time	0.90
A0A7X9A1N2	foldmason_refine100	lddt	0.586216
A0A7X9A1N2	foldmason_refine100	lddt_columns	633/712
A0A7X9A1N2	foldmason_refine100	time	13.88
A0A7X9A1N2	mafft	lddt	0.601052
A0A7X9A1N2	mafft	lddt_columns	613/733
A0A7X9A1N2	mafft	time	3.28
A0A7X9A1N2	matt	lddt	0.574201
A0A7X9A1N2	matt	lddt_columns	670/1051
A0A7X9A1N2	matt	time	1334.84
A0A7X9A1N2	mtmalign	lddt	0.590269
A0A7X9A1N2	mtmalign	lddt_columns	658/1063
A0A7X9A1N2	mtmalign	time	148.83
A0A7X9A1N2	muscle	lddt	0.607136
A0A7X9A1N2	muscle	lddt_columns	593/835
A0A7X9A1N2	muscle	time	9.58
A0A7X9A1N2	mustang	lddt	0.602855
A0A7X9A1N2	mustang	lddt_columns	637/898
A0A7X9A1N2	mustang	time	520.53
A0A7X9A1N2	usalign	lddt	0.604154
A0A7X9A1N2	usalign	lddt_columns	651/768
A0A7X9A1N2	usalign	time	46.85
A0A7X9B9L0	3dcoffee	lddt	0.547673
A0A7X9B9L0	3dcoffee	lddt_columns	813/913
A0A7X9B9L0	3dcoffee	time	2410.51
A0A7X9B9L0	caretta	lddt	0.370874
A0A7X9B9L0	caretta	lddt_columns	756/817
A0A7X9B9L0	caretta	time	320.18
A0A7X9B9L0	clustalo	lddt	0.486477
A0A7X9B9L0	clustalo	lddt_columns	964/1086
A0A7X9B9L0	clustalo	time	2.03
A0A7X9B9L0	famsa	lddt	0.532065
A0A7X9B9L0	famsa	lddt_columns	831/1091
A0A7X9B9L0	famsa	time	0.54
A0A7X9B9L0	foldmason	lddt	0.553507
A0A7X9B9L0	foldmason	lddt_columns	868/1048
A0A7X9B9L0	foldmason	time	1.31
A0A7X9B9L0	foldmason_refine100	lddt	0.553843
A0A7X9B9L0	foldmason_refine100	lddt_columns	865/1048
A0A7X9B9L0	foldmason_refine100	time	20.09
A0A7X9B9L0	mafft	lddt	0.511402
A0A7X9B9L0	mafft	lddt_columns	925/1134
A0A7X9B9L0	mafft	time	7.58
A0A7X9B9L0	matt	lddt	0.338969
A0A7X9B9L0	matt	lddt_columns	1046/5999
A0A7X9B9L0	matt	time	2499.06
A0A7X9B9L0	mtmalign	lddt	0.320979
A0A7X9B9L0	mtmalign	lddt_columns	1348/5500
A0A7X9B9L0	mtmalign	time	377.65
A0A7X9B9L0	muscle	lddt	0.518396
A0A7X9B9L0	muscle	lddt_columns	895/1344
A0A7X9B9L0	muscle	time	19.49
A0A7X9B9L0	mustang	lddt	0.571834
A0A7X9B9L0	mustang	lddt_columns	873/1474
A0A7X9B9L0	mustang	time	2406.42
A0A7X9B9L0	usalign	lddt	0.286258
A0A7X9B9L0	usalign	lddt_columns	1668/4501
A0A7X9B9L0	usalign	time	63.60
A0A7X9HAB4	3dcoffee	lddt	0.563060
A0A7X9HAB4	3dcoffee	lddt_columns	557/639
A0A7X9HAB4	3dcoffee	time	1501.65
A0A7X9HAB4	caretta	lddt	0.498598
A0A7X9HAB4	caretta	lddt_columns	572/603
A0A7X9HAB4	caretta	time	117.71
A0A7X9HAB4	clustalo	lddt	0.487701
A0A7X9HAB4	clustalo	lddt_columns	657/735
A0A7X9HAB4	clustalo	time	1.29
A0A7X9HAB4	famsa	lddt	0.556539
A0A7X9HAB4	famsa	lddt_columns	560/717
A0A7X9HAB4	famsa	time	0.33
A0A7X9HAB4	foldmason	lddt	0.581083
A0A7X9HAB4	foldmason	lddt_columns	605/674
A0A7X9HAB4	foldmason	time	0.83
A0A7X9HAB4	foldmason_refine100	lddt	0.581083
A0A7X9HAB4	foldmason_refine100	lddt_columns	605/674
A0A7X9HAB4	foldmason_refine100	time	11.43
A0A7X9HAB4	mafft	lddt	0.505276
A0A7X9HAB4	mafft	lddt_columns	657/731
A0A7X9HAB4	mafft	time	4.36
A0A7X9HAB4	matt	lddt	0.265805
A0A7X9HAB4	matt	lddt_columns	1104/3359
A0A7X9HAB4	matt	time	5909.39
A0A7X9HAB4	mtmalign	lddt	0.351468
A0A7X9HAB4	mtmalign	lddt_columns	1020/2529
A0A7X9HAB4	mtmalign	time	166.73
A0A7X9HAB4	muscle	lddt	0.497207
A0A7X9HAB4	muscle	lddt_columns	675/968
A0A7X9HAB4	muscle	time	11.07
A0A7X9HAB4	mustang	lddt	0.581944
A0A7X9HAB4	mustang	lddt_columns	622/980
A0A7X9HAB4	mustang	time	1502.27
A0A7X9HAB4	usalign	lddt	0.336267
A0A7X9HAB4	usalign	lddt_columns	1252/2106
A0A7X9HAB4	usalign	time	47.08
A0A7Y0H117	3dcoffee	lddt	0.640773
A0A7Y0H117	3dcoffee	lddt_columns	182/204
A0A7Y0H117	3dcoffee	time	303.74
A0A7Y0H117	caretta	lddt	0.629322
A0A7Y0H117	caretta	lddt_columns	183/196
A0A7Y0H117	caretta	time	76.14
A0A7Y0H117	clustalo	lddt	0.571137
A0A7Y0H117	clustalo	lddt_columns	190/228
A0A7Y0H117	clustalo	time	0.20
A0A7Y0H117	famsa	lddt	0.609952
A0A7Y0H117	famsa	lddt_columns	174/187
A0A7Y0H117	famsa	time	0.17
A0A7Y0H117	foldmason	lddt	0.605210
A0A7Y0H117	foldmason	lddt_columns	184/194
A0A7Y0H117	foldmason	time	0.21
A0A7Y0H117	foldmason_refine100	lddt	0.620882
A0A7Y0H117	foldmason_refine100	lddt_columns	183/199
A0A7Y0H117	foldmason_refine100	time	2.69
A0A7Y0H117	mafft	lddt	0.620830
A0A7Y0H117	mafft	lddt_columns	170/188
A0A7Y0H117	mafft	time	2.02
A0A7Y0H117	matt	lddt	0.577595
A0A7Y0H117	matt	lddt_columns	197/293
A0A7Y0H117	matt	time	52.28
A0A7Y0H117	mtmalign	lddt	0.592163
A0A7Y0H117	mtmalign	lddt_columns	205/293
A0A7Y0H117	mtmalign	time	15.56
A0A7Y0H117	muscle	lddt	0.611674
A0A7Y0H117	muscle	lddt_columns	167/236
A0A7Y0H117	muscle	time	2.42
A0A7Y0H117	mustang	lddt	0.630250
A0A7Y0H117	mustang	lddt_columns	186/243
A0A7Y0H117	mustang	time	57.93
A0A7Y0H117	usalign	lddt	0.629452
A0A7Y0H117	usalign	lddt_columns	188/240
A0A7Y0H117	usalign	time	5.09
A0A7Y2E6D2	3dcoffee	lddt	0.896255
A0A7Y2E6D2	3dcoffee	lddt_columns	161/177
A0A7Y2E6D2	3dcoffee	time	246.75
A0A7Y2E6D2	caretta	lddt	0.883906
A0A7Y2E6D2	caretta	lddt_columns	164/177
A0A7Y2E6D2	caretta	time	72.66
A0A7Y2E6D2	clustalo	lddt	0.828139
A0A7Y2E6D2	clustalo	lddt_columns	167/202
A0A7Y2E6D2	clustalo	time	0.12
A0A7Y2E6D2	famsa	lddt	0.870934
A0A7Y2E6D2	famsa	lddt_columns	163/186
A0A7Y2E6D2	famsa	time	0.07
A0A7Y2E6D2	foldmason	lddt	0.889265
A0A7Y2E6D2	foldmason	lddt_columns	161/178
A0A7Y2E6D2	foldmason	time	0.25
A0A7Y2E6D2	foldmason_refine100	lddt	0.890263
A0A7Y2E6D2	foldmason_refine100	lddt_columns	161/177
A0A7Y2E6D2	foldmason_refine100	time	2.46
A0A7Y2E6D2	mafft	lddt	0.866618
A0A7Y2E6D2	mafft	lddt_columns	164/185
A0A7Y2E6D2	mafft	time	0.37
A0A7Y2E6D2	matt	lddt	0.882703
A0A7Y2E6D2	matt	lddt_columns	162/210
A0A7Y2E6D2	matt	time	1206.88
A0A7Y2E6D2	mtmalign	lddt	0.890513
A0A7Y2E6D2	mtmalign	lddt_columns	161/207
A0A7Y2E6D2	mtmalign	time	18.95
A0A7Y2E6D2	muscle	lddt	0.871417
A0A7Y2E6D2	muscle	lddt_columns	159/196
A0A7Y2E6D2	muscle	time	1.37
A0A7Y2E6D2	mustang	lddt	0.896196
A0A7Y2E6D2	mustang	lddt_columns	161/186
A0A7Y2E6D2	mustang	time	114.01
A0A7Y2E6D2	usalign	lddt	0.873950
A0A7Y2E6D2	usalign	lddt_columns	165/192
A0A7Y2E6D2	usalign	time	7.33
A0A7Y4U7C5	3dcoffee	lddt	0.570182
A0A7Y4U7C5	3dcoffee	lddt_columns	499/649
A0A7Y4U7C5	3dcoffee	time	854.89
A0A7Y4U7C5	caretta	lddt	0.470305
A0A7Y4U7C5	caretta	lddt_columns	543/573
A0A7Y4U7C5	caretta	time	105.84
A0A7Y4U7C5	clustalo	lddt	0.497137
A0A7Y4U7C5	clustalo	lddt_columns	566/619
A0A7Y4U7C5	clustalo	time	1.00
A0A7Y4U7C5	famsa	lddt	0.540914
A0A7Y4U7C5	famsa	lddt_columns	514/645
A0A7Y4U7C5	famsa	time	0.28
A0A7Y4U7C5	foldmason	lddt	0.528866
A0A7Y4U7C5	foldmason	lddt_columns	530/614
A0A7Y4U7C5	foldmason	time	0.53
A0A7Y4U7C5	foldmason_refine100	lddt	0.530039
A0A7Y4U7C5	foldmason_refine100	lddt_columns	533/613
A0A7Y4U7C5	foldmason_refine100	time	8.71
A0A7Y4U7C5	mafft	lddt	0.529501
A0A7Y4U7C5	mafft	lddt_columns	543/661
A0A7Y4U7C5	mafft	time	2.74
A0A7Y4U7C5	matt	lddt	0.397983
A0A7Y4U7C5	matt	lddt_columns	665/1939
A0A7Y4U7C5	matt	time	1162.37
A0A7Y4U7C5	mtmalign	lddt	0.424438
A0A7Y4U7C5	mtmalign	lddt_columns	669/1849
A0A7Y4U7C5	mtmalign	time	96.36
A0A7Y4U7C5	muscle	lddt	0.548982
A0A7Y4U7C5	muscle	lddt_columns	500/819
A0A7Y4U7C5	muscle	time	6.88
A0A7Y4U7C5	mustang	lddt	0.586568
A0A7Y4U7C5	mustang	lddt_columns	506/868
A0A7Y4U7C5	mustang	time	478.05
A0A7Y4U7C5	usalign	lddt	0.431575
A0A7Y4U7C5	usalign	lddt_columns	696/1323
A0A7Y4U7C5	usalign	time	28.15
A0A7Y4WUB0	3dcoffee	lddt	0.768725
A0A7Y4WUB0	3dcoffee	lddt_columns	188/204
A0A7Y4WUB0	3dcoffee	time	291.10
A0A7Y4WUB0	caretta	lddt	0.758380
A0A7Y4WUB0	caretta	lddt_columns	191/202
A0A7Y4WUB0	caretta	time	72.27
A0A7Y4WUB0	clustalo	lddt	0.750468
A0A7Y4WUB0	clustalo	lddt_columns	191/204
A0A7Y4WUB0	clustalo	time	0.13
A0A7Y4WUB0	famsa	lddt	0.759144
A0A7Y4WUB0	famsa	lddt_columns	187/205
A0A7Y4WUB0	famsa	time	0.08
A0A7Y4WUB0	foldmason	lddt	0.734912
A0A7Y4WUB0	foldmason	lddt_columns	196/202
A0A7Y4WUB0	foldmason	time	0.25
A0A7Y4WUB0	foldmason_refine100	lddt	0.735032
A0A7Y4WUB0	foldmason_refine100	lddt_columns	196/202
A0A7Y4WUB0	foldmason_refine100	time	3.07
A0A7Y4WUB0	mafft	lddt	0.748538
A0A7Y4WUB0	mafft	lddt_columns	192/205
A0A7Y4WUB0	mafft	time	0.48
A0A7Y4WUB0	matt	lddt	0.692421
A0A7Y4WUB0	matt	lddt_columns	208/305
A0A7Y4WUB0	matt	time	305.17
A0A7Y4WUB0	mtmalign	lddt	0.702962
A0A7Y4WUB0	mtmalign	lddt_columns	207/301
A0A7Y4WUB0	mtmalign	time	21.66
A0A7Y4WUB0	muscle	lddt	0.740889
A0A7Y4WUB0	muscle	lddt_columns	189/210
A0A7Y4WUB0	muscle	time	1.25
A0A7Y4WUB0	mustang	lddt	0.692923
A0A7Y4WUB0	mustang	lddt_columns	211/267
A0A7Y4WUB0	mustang	time	79.01
A0A7Y4WUB0	usalign	lddt	0.722582
A0A7Y4WUB0	usalign	lddt_columns	202/241
A0A7Y4WUB0	usalign	time	7.55
A0A7Y4YBM7	3dcoffee	lddt	0.564724
A0A7Y4YBM7	3dcoffee	lddt_columns	615/885
A0A7Y4YBM7	3dcoffee	time	797.58
A0A7Y4YBM7	caretta	lddt	0.379885
A0A7Y4YBM7	caretta	lddt_columns	579/611
A0A7Y4YBM7	caretta	time	133.35
A0A7Y4YBM7	clustalo	lddt	0.481726
A0A7Y4YBM7	clustalo	lddt_columns	669/807
A0A7Y4YBM7	clustalo	time	1.02
A0A7Y4YBM7	famsa	lddt	0.495369
A0A7Y4YBM7	famsa	lddt_columns	613/774
A0A7Y4YBM7	famsa	time	0.26
A0A7Y4YBM7	foldmason	lddt	0.496903
A0A7Y4YBM7	foldmason	lddt_columns	679/819
A0A7Y4YBM7	foldmason	time	0.78
A0A7Y4YBM7	foldmason_refine100	lddt	0.496903
A0A7Y4YBM7	foldmason_refine100	lddt_columns	679/819
A0A7Y4YBM7	foldmason_refine100	time	11.35
A0A7Y4YBM7	mafft	lddt	0.477485
A0A7Y4YBM7	mafft	lddt_columns	692/818
A0A7Y4YBM7	mafft	time	2.52
A0A7Y4YBM7	matt	lddt	0.201596
A0A7Y4YBM7	matt	lddt_columns	1138/5708
A0A7Y4YBM7	matt	time	5743.13
A0A7Y4YBM7	mtmalign	lddt	0.271000
A0A7Y4YBM7	mtmalign	lddt_columns	1616/3416
A0A7Y4YBM7	mtmalign	time	108.90
A0A7Y4YBM7	muscle	lddt	0.489923
A0A7Y4YBM7	muscle	lddt_columns	643/1075
A0A7Y4YBM7	muscle	time	9.63
A0A7Y4YBM7	mustang	lddt	0.546071
A0A7Y4YBM7	mustang	lddt_columns	649/1431
A0A7Y4YBM7	mustang	time	1998.52
A0A7Y4YBM7	usalign	lddt	0.252727
A0A7Y4YBM7	usalign	lddt_columns	1722/2895
A0A7Y4YBM7	usalign	time	29.95
A0A7Y8VRA7	3dcoffee	lddt	0.767480
A0A7Y8VRA7	3dcoffee	lddt_columns	153/164
A0A7Y8VRA7	3dcoffee	time	302.67
A0A7Y8VRA7	caretta	lddt	0.758021
A0A7Y8VRA7	caretta	lddt_columns	153/157
A0A7Y8VRA7	caretta	time	77.02
A0A7Y8VRA7	clustalo	lddt	0.696838
A0A7Y8VRA7	clustalo	lddt_columns	155/176
A0A7Y8VRA7	clustalo	time	0.11
A0A7Y8VRA7	famsa	lddt	0.703939
A0A7Y8VRA7	famsa	lddt_columns	155/165
A0A7Y8VRA7	famsa	time	0.06
A0A7Y8VRA7	foldmason	lddt	0.724509
A0A7Y8VRA7	foldmason	lddt_columns	157/158
A0A7Y8VRA7	foldmason	time	0.23
A0A7Y8VRA7	foldmason_refine100	lddt	0.738546
A0A7Y8VRA7	foldmason_refine100	lddt_columns	157/158
A0A7Y8VRA7	foldmason_refine100	time	2.78
A0A7Y8VRA7	mafft	lddt	0.663188
A0A7Y8VRA7	mafft	lddt_columns	164/181
A0A7Y8VRA7	mafft	time	0.60
A0A7Y8VRA7	matt	lddt	0.732148
A0A7Y8VRA7	matt	lddt_columns	161/195
A0A7Y8VRA7	matt	time	57.84
A0A7Y8VRA7	mtmalign	lddt	0.732073
A0A7Y8VRA7	mtmalign	lddt_columns	164/206
A0A7Y8VRA7	mtmalign	time	14.61
A0A7Y8VRA7	muscle	lddt	0.728873
A0A7Y8VRA7	muscle	lddt_columns	147/191
A0A7Y8VRA7	muscle	time	1.31
A0A7Y8VRA7	mustang	lddt	0.749977
A0A7Y8VRA7	mustang	lddt_columns	157/188
A0A7Y8VRA7	mustang	time	36.09
A0A7Y8VRA7	usalign	lddt	0.758169
A0A7Y8VRA7	usalign	lddt_columns	157/168
A0A7Y8VRA7	usalign	time	5.21
A0A7Z9PPG0	3dcoffee	lddt	0.873781
A0A7Z9PPG0	3dcoffee	lddt_columns	160/167
A0A7Z9PPG0	3dcoffee	time	298.29
A0A7Z9PPG0	caretta	lddt	0.924686
A0A7Z9PPG0	caretta	lddt_columns	154/157
A0A7Z9PPG0	caretta	time	74.01
A0A7Z9PPG0	clustalo	lddt	0.857225
A0A7Z9PPG0	clustalo	lddt_columns	163/165
A0A7Z9PPG0	clustalo	time	0.10
A0A7Z9PPG0	famsa	lddt	0.914691
A0A7Z9PPG0	famsa	lddt_columns	154/159
A0A7Z9PPG0	famsa	time	0.05
A0A7Z9PPG0	foldmason	lddt	0.919958
A0A7Z9PPG0	foldmason	lddt_columns	154/157
A0A7Z9PPG0	foldmason	time	0.22
A0A7Z9PPG0	foldmason_refine100	lddt	0.921414
A0A7Z9PPG0	foldmason_refine100	lddt_columns	154/157
A0A7Z9PPG0	foldmason_refine100	time	2.46
A0A7Z9PPG0	mafft	lddt	0.902637
A0A7Z9PPG0	mafft	lddt_columns	156/157
A0A7Z9PPG0	mafft	time	0.51
A0A7Z9PPG0	matt	lddt	0.891591
A0A7Z9PPG0	matt	lddt_columns	159/168
A0A7Z9PPG0	matt	time	1333.59
A0A7Z9PPG0	mtmalign	lddt	0.903562
A0A7Z9PPG0	mtmalign	lddt_columns	157/167
A0A7Z9PPG0	mtmalign	time	18.45
A0A7Z9PPG0	muscle	lddt	0.902657
A0A7Z9PPG0	muscle	lddt_columns	153/160
A0A7Z9PPG0	muscle	time	1.27
A0A7Z9PPG0	mustang	lddt	0.923183
A0A7Z9PPG0	mustang	lddt_columns	154/161
A0A7Z9PPG0	mustang	time	101.49
A0A7Z9PPG0	usalign	lddt	0.910343
A0A7Z9PPG0	usalign	lddt_columns	156/158
A0A7Z9PPG0	usalign	time	6.49
A0A803J2S0	3dcoffee	lddt	0.707461
A0A803J2S0	3dcoffee	lddt_columns	426/470
A0A803J2S0	3dcoffee	time	754.45
A0A803J2S0	caretta	lddt	0.574980
A0A803J2S0	caretta	lddt_columns	430/451
A0A803J2S0	caretta	time	252.48
A0A803J2S0	clustalo	lddt	0.587663
A0A803J2S0	clustalo	lddt_columns	509/584
A0A803J2S0	clustalo	time	0.84
A0A803J2S0	famsa	lddt	0.654680
A0A803J2S0	famsa	lddt_columns	438/540
A0A803J2S0	famsa	time	0.23
A0A803J2S0	foldmason	lddt	0.635855
A0A803J2S0	foldmason	lddt_columns	480/499
A0A803J2S0	foldmason	time	0.88
A0A803J2S0	foldmason_refine100	lddt	0.643696
A0A803J2S0	foldmason_refine100	lddt_columns	474/502
A0A803J2S0	foldmason_refine100	time	7.36
A0A803J2S0	mafft	lddt	0.605777
A0A803J2S0	mafft	lddt_columns	501/562
A0A803J2S0	mafft	time	2.47
A0A803J2S0	matt	lddt	0.449774
A0A803J2S0	matt	lddt_columns	527/2174
A0A803J2S0	matt	time	1104.79
A0A803J2S0	mtmalign	lddt	0.464172
A0A803J2S0	mtmalign	lddt_columns	557/1999
A0A803J2S0	mtmalign	time	85.29
A0A803J2S0	muscle	lddt	0.561893
A0A803J2S0	muscle	lddt_columns	505/694
A0A803J2S0	muscle	time	6.21
A0A803J2S0	mustang	lddt	0.477192
A0A803J2S0	mustang	lddt_columns	638/987
A0A803J2S0	mustang	time	570.71
A0A803J2S0	usalign	lddt	0.428439
A0A803J2S0	usalign	lddt_columns	675/1618
A0A803J2S0	usalign	time	24.31
A0A811X6M4	3dcoffee	lddt	0.415428
A0A811X6M4	3dcoffee	lddt_columns	619/797
A0A811X6M4	3dcoffee	time	835.66
A0A811X6M4	caretta	lddt	0.377069
A0A811X6M4	caretta	lddt_columns	448/458
A0A811X6M4	caretta	time	247.87
A0A811X6M4	clustalo	lddt	0.277152
A0A811X6M4	clustalo	lddt_columns	779/848
A0A811X6M4	clustalo	time	1.26
A0A811X6M4	famsa	lddt	0.321436
A0A811X6M4	famsa	lddt_columns	514/619
A0A811X6M4	famsa	time	0.26
A0A811X6M4	foldmason	lddt	0.384086
A0A811X6M4	foldmason	lddt_columns	578/606
A0A811X6M4	foldmason	time	0.75
A0A811X6M4	foldmason_refine100	lddt	0.387610
A0A811X6M4	foldmason_refine100	lddt_columns	579/596
A0A811X6M4	foldmason_refine100	time	8.31
A0A811X6M4	mafft	lddt	0.274618
A0A811X6M4	mafft	lddt_columns	701/786
A0A811X6M4	mafft	time	2.58
A0A811X6M4	matt	lddt	0.182700
A0A811X6M4	matt	lddt_columns	899/4113
A0A811X6M4	matt	time	2522.06
A0A811X6M4	mtmalign	lddt	0.239068
A0A811X6M4	mtmalign	lddt_columns	1085/3006
A0A811X6M4	mtmalign	time	83.15
A0A811X6M4	muscle	lddt	0.295889
A0A811X6M4	muscle	lddt_columns	654/963
A0A811X6M4	muscle	time	12.24
A0A811X6M4	mustang	lddt	0.356587
A0A811X6M4	mustang	lddt_columns	668/1181
A0A811X6M4	mustang	time	1519.90
A0A811X6M4	usalign	lddt	0.265545
A0A811X6M4	usalign	lddt_columns	1009/2450
A0A811X6M4	usalign	time	27.89
A0A831T5E4	3dcoffee	lddt	0.488637
A0A831T5E4	3dcoffee	lddt_columns	373/452
A0A831T5E4	3dcoffee	time	449.28
A0A831T5E4	caretta	lddt	0.428465
A0A831T5E4	caretta	lddt_columns	293/300
A0A831T5E4	caretta	time	80.76
A0A831T5E4	clustalo	lddt	0.313032
A0A831T5E4	clustalo	lddt_columns	507/544
A0A831T5E4	clustalo	time	0.41
A0A831T5E4	famsa	lddt	0.418255
A0A831T5E4	famsa	lddt_columns	316/400
A0A831T5E4	famsa	time	0.17
A0A831T5E4	foldmason	lddt	0.463065
A0A831T5E4	foldmason	lddt_columns	347/387
A0A831T5E4	foldmason	time	0.38
A0A831T5E4	foldmason_refine100	lddt	0.463380
A0A831T5E4	foldmason_refine100	lddt_columns	346/387
A0A831T5E4	foldmason_refine100	time	5.36
A0A831T5E4	mafft	lddt	0.308946
A0A831T5E4	mafft	lddt_columns	478/517
A0A831T5E4	mafft	time	1.92
A0A831T5E4	matt	lddt	0.206813
A0A831T5E4	matt	lddt_columns	659/2449
A0A831T5E4	matt	time	427.97
A0A831T5E4	mtmalign	lddt	0.270491
A0A831T5E4	mtmalign	lddt_columns	741/1543
A0A831T5E4	mtmalign	time	39.97
A0A831T5E4	muscle	lddt	0.350478
A0A831T5E4	muscle	lddt_columns	392/594
A0A831T5E4	muscle	time	5.08
A0A831T5E4	mustang	lddt	0.454993
A0A831T5E4	mustang	lddt_columns	378/633
A0A831T5E4	mustang	time	487.89
A0A831T5E4	usalign	lddt	0.273960
A0A831T5E4	usalign	lddt_columns	780/1313
A0A831T5E4	usalign	time	11.75
A0A832CAN4	3dcoffee	lddt	0.685447
A0A832CAN4	3dcoffee	lddt_columns	157/199
A0A832CAN4	3dcoffee	time	289.55
A0A832CAN4	caretta	lddt	0.617450
A0A832CAN4	caretta	lddt_columns	161/189
A0A832CAN4	caretta	time	223.98
A0A832CAN4	clustalo	lddt	0.567042
A0A832CAN4	clustalo	lddt_columns	181/204
A0A832CAN4	clustalo	time	0.14
A0A832CAN4	famsa	lddt	0.618529
A0A832CAN4	famsa	lddt_columns	165/199
A0A832CAN4	famsa	time	0.10
A0A832CAN4	foldmason	lddt	0.641547
A0A832CAN4	foldmason	lddt_columns	166/185
A0A832CAN4	foldmason	time	0.47
A0A832CAN4	foldmason_refine100	lddt	0.644729
A0A832CAN4	foldmason_refine100	lddt_columns	166/185
A0A832CAN4	foldmason_refine100	time	2.36
A0A832CAN4	mafft	lddt	0.594795
A0A832CAN4	mafft	lddt_columns	180/218
A0A832CAN4	mafft	time	0.66
A0A832CAN4	matt	lddt	0.210400
A0A832CAN4	matt	lddt_columns	434/1111
A0A832CAN4	matt	time	160.56
A0A832CAN4	mtmalign	lddt	0.445453
A0A832CAN4	mtmalign	lddt_columns	244/476
A0A832CAN4	mtmalign	time	13.48
A0A832CAN4	muscle	lddt	0.642255
A0A832CAN4	muscle	lddt_columns	152/234
A0A832CAN4	muscle	time	1.30
A0A832CAN4	mustang	lddt	0.607385
A0A832CAN4	mustang	lddt_columns	182/260
A0A832CAN4	mustang	time	43.56
A0A832CAN4	usalign	lddt	0.392445
A0A832CAN4	usalign	lddt_columns	317/455
A0A832CAN4	usalign	time	5.01
A0A832GZM8	3dcoffee	lddt	0.720980
A0A832GZM8	3dcoffee	lddt_columns	351/377
A0A832GZM8	3dcoffee	time	646.03
A0A832GZM8	caretta	lddt	0.698490
A0A832GZM8	caretta	lddt_columns	363/374
A0A832GZM8	caretta	time	90.47
A0A832GZM8	clustalo	lddt	0.701809
A0A832GZM8	clustalo	lddt_columns	361/386
A0A832GZM8	clustalo	time	0.59
A0A832GZM8	famsa	lddt	0.718096
A0A832GZM8	famsa	lddt_columns	353/384
A0A832GZM8	famsa	time	0.17
A0A832GZM8	foldmason	lddt	0.703371
A0A832GZM8	foldmason	lddt_columns	365/378
A0A832GZM8	foldmason	time	0.35
A0A832GZM8	foldmason_refine100	lddt	0.703466
A0A832GZM8	foldmason_refine100	lddt_columns	365/378
A0A832GZM8	foldmason_refine100	time	8.13
A0A832GZM8	mafft	lddt	0.712125
A0A832GZM8	mafft	lddt_columns	357/384
A0A832GZM8	mafft	time	1.35
A0A832GZM8	matt	lddt	0.474472
A0A832GZM8	matt	lddt_columns	508/920
A0A832GZM8	matt	time	402.80
A0A832GZM8	mtmalign	lddt	0.598537
A0A832GZM8	mtmalign	lddt_columns	435/713
A0A832GZM8	mtmalign	time	64.62
A0A832GZM8	muscle	lddt	0.714718
A0A832GZM8	muscle	lddt_columns	357/401
A0A832GZM8	muscle	time	4.28
A0A832GZM8	mustang	lddt	0.737234
A0A832GZM8	mustang	lddt_columns	354/447
A0A832GZM8	mustang	time	159.28
A0A832GZM8	usalign	lddt	0.664968
A0A832GZM8	usalign	lddt_columns	389/505
A0A832GZM8	usalign	time	25.78
A0A835LCF3	3dcoffee	lddt	0.709241
A0A835LCF3	3dcoffee	lddt_columns	200/226
A0A835LCF3	3dcoffee	time	302.35
A0A835LCF3	caretta	lddt	0.601077
A0A835LCF3	caretta	lddt_columns	205/218
A0A835LCF3	caretta	time	73.05
A0A835LCF3	clustalo	lddt	0.534478
A0A835LCF3	clustalo	lddt_columns	248/255
A0A835LCF3	clustalo	time	0.15
A0A835LCF3	famsa	lddt	0.618634
A0A835LCF3	famsa	lddt_columns	197/235
A0A835LCF3	famsa	time	0.09
A0A835LCF3	foldmason	lddt	0.669640
A0A835LCF3	foldmason	lddt_columns	201/215
A0A835LCF3	foldmason	time	0.33
A0A835LCF3	foldmason_refine100	lddt	0.680580
A0A835LCF3	foldmason_refine100	lddt_columns	197/215
A0A835LCF3	foldmason_refine100	time	3.07
A0A835LCF3	mafft	lddt	0.546848
A0A835LCF3	mafft	lddt_columns	236/248
A0A835LCF3	mafft	time	0.76
A0A835LCF3	matt	lddt	0.201876
A0A835LCF3	matt	lddt_columns	500/1491
A0A835LCF3	matt	time	282.86
A0A835LCF3	mtmalign	lddt	0.464521
A0A835LCF3	mtmalign	lddt_columns	361/570
A0A835LCF3	mtmalign	time	18.49
A0A835LCF3	muscle	lddt	0.551036
A0A835LCF3	muscle	lddt_columns	230/274
A0A835LCF3	muscle	time	2.27
A0A835LCF3	mustang	lddt	0.637710
A0A835LCF3	mustang	lddt_columns	221/346
A0A835LCF3	mustang	time	66.22
A0A835LCF3	usalign	lddt	0.478360
A0A835LCF3	usalign	lddt_columns	312/592
A0A835LCF3	usalign	time	7.86
A0A835QTZ3	3dcoffee	lddt	0.637699
A0A835QTZ3	3dcoffee	lddt_columns	652/808
A0A835QTZ3	3dcoffee	time	1515.42
A0A835QTZ3	caretta	lddt	0.511282
A0A835QTZ3	caretta	lddt_columns	655/715
A0A835QTZ3	caretta	time	128.59
A0A835QTZ3	clustalo	lddt	0.579383
A0A835QTZ3	clustalo	lddt_columns	709/853
A0A835QTZ3	clustalo	time	1.24
A0A835QTZ3	famsa	lddt	0.583569
A0A835QTZ3	famsa	lddt_columns	682/874
A0A835QTZ3	famsa	time	0.40
A0A835QTZ3	foldmason	lddt	0.586576
A0A835QTZ3	foldmason	lddt_columns	706/804
A0A835QTZ3	foldmason	time	0.73
A0A835QTZ3	foldmason_refine100	lddt	0.586576
A0A835QTZ3	foldmason_refine100	lddt_columns	706/804
A0A835QTZ3	foldmason_refine100	time	14.13
A0A835QTZ3	mafft	lddt	0.574988
A0A835QTZ3	mafft	lddt_columns	720/849
A0A835QTZ3	mafft	time	5.35
A0A835QTZ3	matt	lddt	0.422681
A0A835QTZ3	matt	lddt_columns	883/2473
A0A835QTZ3	matt	time	3461.07
A0A835QTZ3	mtmalign	lddt	0.448982
A0A835QTZ3	mtmalign	lddt_columns	900/2215
A0A835QTZ3	mtmalign	time	191.21
A0A835QTZ3	muscle	lddt	0.600352
A0A835QTZ3	muscle	lddt_columns	668/987
A0A835QTZ3	muscle	time	10.19
A0A835QTZ3	mustang	lddt	0.537351
A0A835QTZ3	mustang	lddt_columns	751/1278
A0A835QTZ3	mustang	time	2114.08
A0A835QTZ3	usalign	lddt	0.469613
A0A835QTZ3	usalign	lddt_columns	875/1690
A0A835QTZ3	usalign	time	54.24
A0A838HGE3	3dcoffee	lddt	0.676260
A0A838HGE3	3dcoffee	lddt_columns	555/721
A0A838HGE3	3dcoffee	time	1342.68
A0A838HGE3	caretta	lddt	0.526774
A0A838HGE3	caretta	lddt_columns	561/593
A0A838HGE3	caretta	time	272.92
A0A838HGE3	clustalo	lddt	0.595657
A0A838HGE3	clustalo	lddt_columns	581/674
A0A838HGE3	clustalo	time	1.05
A0A838HGE3	famsa	lddt	0.595064
A0A838HGE3	famsa	lddt_columns	570/677
A0A838HGE3	famsa	time	0.33
A0A838HGE3	foldmason	lddt	0.602613
A0A838HGE3	foldmason	lddt_columns	599/640
A0A838HGE3	foldmason	time	1.10
A0A838HGE3	foldmason_refine100	lddt	0.602613
A0A838HGE3	foldmason_refine100	lddt_columns	599/640
A0A838HGE3	foldmason_refine100	time	13.45
A0A838HGE3	mafft	lddt	0.613795
A0A838HGE3	mafft	lddt_columns	584/662
A0A838HGE3	mafft	time	4.20
A0A838HGE3	matt	lddt	0.276144
A0A838HGE3	matt	lddt_columns	1054/2729
A0A838HGE3	matt	time	2643.97
A0A838HGE3	mtmalign	lddt	0.477603
A0A838HGE3	mtmalign	lddt_columns	802/1906
A0A838HGE3	mtmalign	time	173.64
A0A838HGE3	muscle	lddt	0.638688
A0A838HGE3	muscle	lddt_columns	548/780
A0A838HGE3	muscle	time	10.86
A0A838HGE3	mustang	lddt	0.626326
A0A838HGE3	mustang	lddt_columns	588/884
A0A838HGE3	mustang	time	4231.84
A0A838HGE3	usalign	lddt	0.498518
A0A838HGE3	usalign	lddt_columns	704/1403
A0A838HGE3	usalign	time	55.47
A0A838KLY5	3dcoffee	lddt	0.629456
A0A838KLY5	3dcoffee	lddt_columns	510/558
A0A838KLY5	3dcoffee	time	1233.68
A0A838KLY5	caretta	lddt	0.539675
A0A838KLY5	caretta	lddt_columns	559/582
A0A838KLY5	caretta	time	119.67
A0A838KLY5	clustalo	lddt	0.547097
A0A838KLY5	clustalo	lddt_columns	594/713
A0A838KLY5	clustalo	time	1.14
A0A838KLY5	famsa	lddt	0.582006
A0A838KLY5	famsa	lddt_columns	550/691
A0A838KLY5	famsa	time	0.28
A0A838KLY5	foldmason	lddt	0.627788
A0A838KLY5	foldmason	lddt_columns	550/600
A0A838KLY5	foldmason	time	0.79
A0A838KLY5	foldmason_refine100	lddt	0.628899
A0A838KLY5	foldmason_refine100	lddt_columns	550/600
A0A838KLY5	foldmason_refine100	time	12.23
A0A838KLY5	mafft	lddt	0.580703
A0A838KLY5	mafft	lddt_columns	588/690
A0A838KLY5	mafft	time	4.64
A0A838KLY5	matt	lddt	0.190056
A0A838KLY5	matt	lddt_columns	1456/3736
A0A838KLY5	matt	time	6460.26
A0A838KLY5	mtmalign	lddt	0.346403
A0A838KLY5	mtmalign	lddt_columns	1105/1937
A0A838KLY5	mtmalign	time	171.29
A0A838KLY5	muscle	lddt	0.579447
A0A838KLY5	muscle	lddt_columns	575/797
A0A838KLY5	muscle	time	9.26
A0A838KLY5	mustang	lddt	0.613750
A0A838KLY5	mustang	lddt_columns	593/853
A0A838KLY5	mustang	time	1087.94
A0A838KLY5	usalign	lddt	0.405023
A0A838KLY5	usalign	lddt_columns	1015/1389
A0A838KLY5	usalign	time	58.53
A0A838PZG9	3dcoffee	lddt	0.743809
A0A838PZG9	3dcoffee	lddt_columns	175/194
A0A838PZG9	3dcoffee	time	303.43
A0A838PZG9	caretta	lddt	0.733940
A0A838PZG9	caretta	lddt_columns	177/184
A0A838PZG9	caretta	time	70.09
A0A838PZG9	clustalo	lddt	0.690455
A0A838PZG9	clustalo	lddt_columns	182/192
A0A838PZG9	clustalo	time	0.31
A0A838PZG9	famsa	lddt	0.694665
A0A838PZG9	famsa	lddt_columns	179/192
A0A838PZG9	famsa	time	0.34
A0A838PZG9	foldmason	lddt	0.707847
A0A838PZG9	foldmason	lddt_columns	179/183
A0A838PZG9	foldmason	time	0.31
A0A838PZG9	foldmason_refine100	lddt	0.713953
A0A838PZG9	foldmason_refine100	lddt_columns	179/184
A0A838PZG9	foldmason_refine100	time	3.46
A0A838PZG9	mafft	lddt	0.682814
A0A838PZG9	mafft	lddt_columns	183/195
A0A838PZG9	mafft	time	2.18
A0A838PZG9	matt	lddt	0.663092
A0A838PZG9	matt	lddt_columns	199/236
A0A838PZG9	matt	time	961.47
A0A838PZG9	mtmalign	lddt	0.690380
A0A838PZG9	mtmalign	lddt_columns	192/251
A0A838PZG9	mtmalign	time	22.40
A0A838PZG9	muscle	lddt	0.683188
A0A838PZG9	muscle	lddt_columns	181/220
A0A838PZG9	muscle	time	1.90
A0A838PZG9	mustang	lddt	0.711123
A0A838PZG9	mustang	lddt_columns	184/225
A0A838PZG9	mustang	time	80.22
A0A838PZG9	usalign	lddt	0.706091
A0A838PZG9	usalign	lddt_columns	189/197
A0A838PZG9	usalign	time	6.75
A0A838SJH4	3dcoffee	lddt	0.802765
A0A838SJH4	3dcoffee	lddt_columns	150/167
A0A838SJH4	3dcoffee	time	301.54
A0A838SJH4	caretta	lddt	0.798020
A0A838SJH4	caretta	lddt_columns	151/165
A0A838SJH4	caretta	time	70.88
A0A838SJH4	clustalo	lddt	0.746706
A0A838SJH4	clustalo	lddt_columns	151/168
A0A838SJH4	clustalo	time	0.15
A0A838SJH4	famsa	lddt	0.728892
A0A838SJH4	famsa	lddt_columns	155/173
A0A838SJH4	famsa	time	0.14
A0A838SJH4	foldmason	lddt	0.777524
A0A838SJH4	foldmason	lddt_columns	153/165
A0A838SJH4	foldmason	time	0.20
A0A838SJH4	foldmason_refine100	lddt	0.781547
A0A838SJH4	foldmason_refine100	lddt_columns	153/165
A0A838SJH4	foldmason_refine100	time	2.86
A0A838SJH4	mafft	lddt	0.753908
A0A838SJH4	mafft	lddt_columns	155/168
A0A838SJH4	mafft	time	1.50
A0A838SJH4	matt	lddt	0.716087
A0A838SJH4	matt	lddt_columns	173/210
A0A838SJH4	matt	time	769.28
A0A838SJH4	mtmalign	lddt	0.738965
A0A838SJH4	mtmalign	lddt_columns	170/203
A0A838SJH4	mtmalign	time	15.11
A0A838SJH4	muscle	lddt	0.745540
A0A838SJH4	muscle	lddt_columns	155/172
A0A838SJH4	muscle	time	1.36
A0A838SJH4	mustang	lddt	0.778848
A0A838SJH4	mustang	lddt_columns	156/185
A0A838SJH4	mustang	time	58.33
A0A838SJH4	usalign	lddt	0.754748
A0A838SJH4	usalign	lddt_columns	165/180
A0A838SJH4	usalign	time	5.23
A0A838UTW2	3dcoffee	lddt	0.502719
A0A838UTW2	3dcoffee	lddt_columns	727/874
A0A838UTW2	3dcoffee	time	1353.31
A0A838UTW2	caretta	lddt	0.432602
A0A838UTW2	caretta	lddt_columns	723/732
A0A838UTW2	caretta	time	148.16
A0A838UTW2	clustalo	lddt	0.423856
A0A838UTW2	clustalo	lddt_columns	968/1140
A0A838UTW2	clustalo	time	1.42
A0A838UTW2	famsa	lddt	0.487323
A0A838UTW2	famsa	lddt_columns	759/951
A0A838UTW2	famsa	time	0.37
A0A838UTW2	foldmason	lddt	0.526868
A0A838UTW2	foldmason	lddt_columns	825/888
A0A838UTW2	foldmason	time	1.15
A0A838UTW2	foldmason_refine100	lddt	0.526868
A0A838UTW2	foldmason_refine100	lddt_columns	825/888
A0A838UTW2	foldmason_refine100	time	15.13
A0A838UTW2	mafft	lddt	0.481519
A0A838UTW2	mafft	lddt_columns	876/1053
A0A838UTW2	mafft	time	3.93
A0A838UTW2	matt	lddt	0.198032
A0A838UTW2	matt	lddt_columns	1538/5988
A0A838UTW2	matt	time	9219.40
A0A838UTW2	mtmalign	lddt	0.320266
A0A838UTW2	mtmalign	lddt_columns	1441/3508
A0A838UTW2	mtmalign	time	167.96
A0A838UTW2	muscle	lddt	0.470901
A0A838UTW2	muscle	lddt_columns	891/1280
A0A838UTW2	muscle	time	14.54
A0A838UTW2	mustang	lddt	0.534078
A0A838UTW2	mustang	lddt_columns	842/1356
A0A838UTW2	mustang	time	2449.26
A0A838UTW2	usalign	lddt	0.302395
A0A838UTW2	usalign	lddt_columns	1698/2908
A0A838UTW2	usalign	time	45.05
A0A839IJ68	3dcoffee	lddt	0.642658
A0A839IJ68	3dcoffee	lddt_columns	334/397
A0A839IJ68	3dcoffee	time	510.10
A0A839IJ68	caretta	lddt	0.498592
A0A839IJ68	caretta	lddt_columns	330/358
A0A839IJ68	caretta	time	230.55
A0A839IJ68	clustalo	lddt	0.571456
A0A839IJ68	clustalo	lddt_columns	358/392
A0A839IJ68	clustalo	time	0.37
A0A839IJ68	famsa	lddt	0.619868
A0A839IJ68	famsa	lddt_columns	330/391
A0A839IJ68	famsa	time	0.15
A0A839IJ68	foldmason	lddt	0.600188
A0A839IJ68	foldmason	lddt_columns	355/378
A0A839IJ68	foldmason	time	0.57
A0A839IJ68	foldmason_refine100	lddt	0.601720
A0A839IJ68	foldmason_refine100	lddt_columns	353/378
A0A839IJ68	foldmason_refine100	time	6.33
A0A839IJ68	mafft	lddt	0.569934
A0A839IJ68	mafft	lddt_columns	366/433
A0A839IJ68	mafft	time	1.21
A0A839IJ68	matt	lddt	0.482391
A0A839IJ68	matt	lddt_columns	360/1576
A0A839IJ68	matt	time	643.27
A0A839IJ68	mtmalign	lddt	0.446706
A0A839IJ68	mtmalign	lddt_columns	447/1424
A0A839IJ68	mtmalign	time	38.26
A0A839IJ68	muscle	lddt	0.582010
A0A839IJ68	muscle	lddt_columns	356/474
A0A839IJ68	muscle	time	4.17
A0A839IJ68	mustang	lddt	0.611013
A0A839IJ68	mustang	lddt_columns	345/565
A0A839IJ68	mustang	time	178.32
A0A839IJ68	usalign	lddt	0.439187
A0A839IJ68	usalign	lddt_columns	455/1281
A0A839IJ68	usalign	time	14.18
A0A840L1P2	3dcoffee	lddt	0.579942
A0A840L1P2	3dcoffee	lddt_columns	325/372
A0A840L1P2	3dcoffee	time	436.14
A0A840L1P2	caretta	lddt	0.529473
A0A840L1P2	caretta	lddt_columns	278/286
A0A840L1P2	caretta	time	79.05
A0A840L1P2	clustalo	lddt	0.494297
A0A840L1P2	clustalo	lddt_columns	352/366
A0A840L1P2	clustalo	time	0.29
A0A840L1P2	famsa	lddt	0.571047
A0A840L1P2	famsa	lddt_columns	286/315
A0A840L1P2	famsa	time	0.14
A0A840L1P2	foldmason	lddt	0.561301
A0A840L1P2	foldmason	lddt_columns	316/327
A0A840L1P2	foldmason	time	0.41
A0A840L1P2	foldmason_refine100	lddt	0.573899
A0A840L1P2	foldmason_refine100	lddt_columns	306/325
A0A840L1P2	foldmason_refine100	time	4.34
A0A840L1P2	mafft	lddt	0.477876
A0A840L1P2	mafft	lddt_columns	362/414
A0A840L1P2	mafft	time	0.98
A0A840L1P2	matt	lddt	0.242285
A0A840L1P2	matt	lddt_columns	508/2674
A0A840L1P2	matt	time	646.13
A0A840L1P2	mtmalign	lddt	0.329116
A0A840L1P2	mtmalign	lddt_columns	610/1344
A0A840L1P2	mtmalign	time	29.19
A0A840L1P2	muscle	lddt	0.436610
A0A840L1P2	muscle	lddt_columns	401/518
A0A840L1P2	muscle	time	4.44
A0A840L1P2	mustang	lddt	0.446964
A0A840L1P2	mustang	lddt_columns	429/642
A0A840L1P2	mustang	time	178.00
A0A840L1P2	usalign	lddt	0.281206
A0A840L1P2	usalign	lddt_columns	789/1419
A0A840L1P2	usalign	time	9.31
A0A840VNG9	3dcoffee	lddt	0.517549
A0A840VNG9	3dcoffee	lddt_columns	589/856
A0A840VNG9	3dcoffee	time	1017.32
A0A840VNG9	caretta	lddt	0.443681
A0A840VNG9	caretta	lddt_columns	486/493
A0A840VNG9	caretta	time	109.99
A0A840VNG9	clustalo	lddt	0.412111
A0A840VNG9	clustalo	lddt_columns	656/748
A0A840VNG9	clustalo	time	1.30
A0A840VNG9	famsa	lddt	0.430989
A0A840VNG9	famsa	lddt_columns	539/646
A0A840VNG9	famsa	time	0.30
A0A840VNG9	foldmason	lddt	0.458760
A0A840VNG9	foldmason	lddt_columns	593/665
A0A840VNG9	foldmason	time	0.66
A0A840VNG9	foldmason_refine100	lddt	0.460345
A0A840VNG9	foldmason_refine100	lddt_columns	589/659
A0A840VNG9	foldmason_refine100	time	9.93
A0A840VNG9	mafft	lddt	0.414449
A0A840VNG9	mafft	lddt_columns	635/695
A0A840VNG9	mafft	time	3.29
A0A840VNG9	matt	lddt	0.250725
A0A840VNG9	matt	lddt_columns	897/3844
A0A840VNG9	matt	time	2040.59
A0A840VNG9	mtmalign	lddt	0.318176
A0A840VNG9	mtmalign	lddt_columns	966/3197
A0A840VNG9	mtmalign	time	102.07
A0A840VNG9	muscle	lddt	0.414948
A0A840VNG9	muscle	lddt_columns	579/1072
A0A840VNG9	muscle	time	10.56
A0A840VNG9	mustang	lddt	0.395439
A0A840VNG9	mustang	lddt_columns	764/1271
A0A840VNG9	mustang	time	1560.07
A0A840VNG9	usalign	lddt	0.302285
A0A840VNG9	usalign	lddt_columns	1085/2839
A0A840VNG9	usalign	time	26.29
A0A841BX55	3dcoffee	lddt	0.427704
A0A841BX55	3dcoffee	lddt_columns	641/947
A0A841BX55	3dcoffee	time	918.39
A0A841BX55	caretta	lddt	0.381421
A0A841BX55	caretta	lddt_columns	562/585
A0A841BX55	caretta	time	111.43
A0A841BX55	clustalo	lddt	0.230206
A0A841BX55	clustalo	lddt_columns	906/997
A0A841BX55	clustalo	time	3.01
A0A841BX55	famsa	lddt	0.343155
A0A841BX55	famsa	lddt_columns	547/665
A0A841BX55	famsa	time	0.29
A0A841BX55	foldmason	lddt	0.336075
A0A841BX55	foldmason	lddt_columns	713/814
A0A841BX55	foldmason	time	0.51
A0A841BX55	foldmason_refine100	lddt	0.341152
A0A841BX55	foldmason_refine100	lddt_columns	704/814
A0A841BX55	foldmason_refine100	time	9.21
A0A841BX55	mafft	lddt	0.255285
A0A841BX55	mafft	lddt_columns	842/976
A0A841BX55	mafft	time	4.24
A0A841BX55	matt	lddt	0.201040
A0A841BX55	matt	lddt_columns	1010/3085
A0A841BX55	matt	time	1774.75
A0A841BX55	mtmalign	lddt	0.324813
A0A841BX55	mtmalign	lddt_columns	858/2167
A0A841BX55	mtmalign	time	115.19
A0A841BX55	muscle	lddt	0.251484
A0A841BX55	muscle	lddt_columns	816/1285
A0A841BX55	muscle	time	13.76
A0A841BX55	mustang	lddt	0.346942
A0A841BX55	mustang	lddt_columns	792/1403
A0A841BX55	mustang	time	810.39
A0A841BX55	usalign	lddt	0.376424
A0A841BX55	usalign	lddt_columns	731/1523
A0A841BX55	usalign	time	36.36
A0A841FY34	3dcoffee	lddt	0.578096
A0A841FY34	3dcoffee	lddt_columns	660/865
A0A841FY34	3dcoffee	time	1507.60
A0A841FY34	caretta	lddt	0.485418
A0A841FY34	caretta	lddt_columns	619/660
A0A841FY34	caretta	time	287.54
A0A841FY34	clustalo	lddt	0.558517
A0A841FY34	clustalo	lddt_columns	676/786
A0A841FY34	clustalo	time	1.50
A0A841FY34	famsa	lddt	0.578194
A0A841FY34	famsa	lddt_columns	643/772
A0A841FY34	famsa	time	0.39
A0A841FY34	foldmason	lddt	0.542473
A0A841FY34	foldmason	lddt_columns	698/852
A0A841FY34	foldmason	time	1.05
A0A841FY34	foldmason_refine100	lddt	0.542473
A0A841FY34	foldmason_refine100	lddt_columns	698/852
A0A841FY34	foldmason_refine100	time	13.72
A0A841FY34	mafft	lddt	0.555515
A0A841FY34	mafft	lddt_columns	693/775
A0A841FY34	mafft	time	4.64
A0A841FY34	matt	lddt	0.179941
A0A841FY34	matt	lddt_columns	1432/4865
A0A841FY34	matt	time	3756.04
A0A841FY34	mtmalign	lddt	0.387785
A0A841FY34	mtmalign	lddt_columns	1003/2826
A0A841FY34	mtmalign	time	211.49
A0A841FY34	muscle	lddt	0.589592
A0A841FY34	muscle	lddt_columns	630/947
A0A841FY34	muscle	time	15.21
A0A841FY34	mustang	lddt	0.536749
A0A841FY34	mustang	lddt_columns	718/1229
A0A841FY34	mustang	time	2399.46
A0A841FY34	usalign	lddt	0.382436
A0A841FY34	usalign	lddt_columns	1032/2069
A0A841FY34	usalign	time	56.65
A0A841GQ48	3dcoffee	lddt	0.544970
A0A841GQ48	3dcoffee	lddt_columns	610/647
A0A841GQ48	3dcoffee	time	1195.81
A0A841GQ48	caretta	lddt	0.462958
A0A841GQ48	caretta	lddt_columns	539/555
A0A841GQ48	caretta	time	259.07
A0A841GQ48	clustalo	lddt	0.534749
A0A841GQ48	clustalo	lddt_columns	627/668
A0A841GQ48	clustalo	time	0.86
A0A841GQ48	famsa	lddt	0.564214
A0A841GQ48	famsa	lddt_columns	569/699
A0A841GQ48	famsa	time	0.31
A0A841GQ48	foldmason	lddt	0.593005
A0A841GQ48	foldmason	lddt_columns	571/584
A0A841GQ48	foldmason	time	0.87
A0A841GQ48	foldmason_refine100	lddt	0.593005
A0A841GQ48	foldmason_refine100	lddt_columns	571/584
A0A841GQ48	foldmason_refine100	time	10.78
A0A841GQ48	mafft	lddt	0.570942
A0A841GQ48	mafft	lddt_columns	594/655
A0A841GQ48	mafft	time	2.41
A0A841GQ48	matt	lddt	0.285421
A0A841GQ48	matt	lddt_columns	854/3304
A0A841GQ48	matt	time	3844.16
A0A841GQ48	mtmalign	lddt	0.324741
A0A841GQ48	mtmalign	lddt_columns	1087/2291
A0A841GQ48	mtmalign	time	130.71
A0A841GQ48	muscle	lddt	0.552669
A0A841GQ48	muscle	lddt_columns	604/795
A0A841GQ48	muscle	time	7.93
A0A841GQ48	mustang	lddt	0.578245
A0A841GQ48	mustang	lddt_columns	596/823
A0A841GQ48	mustang	time	685.09
A0A841GQ48	usalign	lddt	0.344875
A0A841GQ48	usalign	lddt_columns	955/2021
A0A841GQ48	usalign	time	40.03
A0A841HGH3	3dcoffee	lddt	0.728026
A0A841HGH3	3dcoffee	lddt_columns	170/202
A0A841HGH3	3dcoffee	time	311.89
A0A841HGH3	caretta	lddt	0.701596
A0A841HGH3	caretta	lddt_columns	172/192
A0A841HGH3	caretta	time	223.97
A0A841HGH3	clustalo	lddt	0.680226
A0A841HGH3	clustalo	lddt_columns	176/204
A0A841HGH3	clustalo	time	0.12
A0A841HGH3	famsa	lddt	0.675441
A0A841HGH3	famsa	lddt_columns	169/203
A0A841HGH3	famsa	time	0.08
A0A841HGH3	foldmason	lddt	0.666853
A0A841HGH3	foldmason	lddt_columns	185/202
A0A841HGH3	foldmason	time	0.45
A0A841HGH3	foldmason_refine100	lddt	0.677264
A0A841HGH3	foldmason_refine100	lddt_columns	182/202
A0A841HGH3	foldmason_refine100	time	2.90
A0A841HGH3	mafft	lddt	0.689522
A0A841HGH3	mafft	lddt_columns	172/198
A0A841HGH3	mafft	time	0.56
A0A841HGH3	matt	lddt	0.667700
A0A841HGH3	matt	lddt_columns	183/269
A0A841HGH3	matt	time	797.11
A0A841HGH3	mtmalign	lddt	0.695779
A0A841HGH3	mtmalign	lddt_columns	177/260
A0A841HGH3	mtmalign	time	16.89
A0A841HGH3	muscle	lddt	0.684510
A0A841HGH3	muscle	lddt_columns	166/218
A0A841HGH3	muscle	time	1.28
A0A841HGH3	mustang	lddt	0.694961
A0A841HGH3	mustang	lddt_columns	175/239
A0A841HGH3	mustang	time	73.96
A0A841HGH3	usalign	lddt	0.710253
A0A841HGH3	usalign	lddt_columns	175/218
A0A841HGH3	usalign	time	5.44
A0A842R2G4	3dcoffee	lddt	0.862683
A0A842R2G4	3dcoffee	lddt_columns	140/143
A0A842R2G4	3dcoffee	time	299.37
A0A842R2G4	caretta	lddt	0.868714
A0A842R2G4	caretta	lddt_columns	139/143
A0A842R2G4	caretta	time	70.66
A0A842R2G4	clustalo	lddt	0.864417
A0A842R2G4	clustalo	lddt_columns	139/143
A0A842R2G4	clustalo	time	0.09
A0A842R2G4	famsa	lddt	0.862327
A0A842R2G4	famsa	lddt_columns	139/143
A0A842R2G4	famsa	time	0.06
A0A842R2G4	foldmason	lddt	0.843905
A0A842R2G4	foldmason	lddt_columns	143/143
A0A842R2G4	foldmason	time	0.20
A0A842R2G4	foldmason_refine100	lddt	0.849929
A0A842R2G4	foldmason_refine100	lddt_columns	142/143
A0A842R2G4	foldmason_refine100	time	2.94
A0A842R2G4	mafft	lddt	0.862653
A0A842R2G4	mafft	lddt_columns	139/143
A0A842R2G4	mafft	time	0.41
A0A842R2G4	matt	lddt	0.821721
A0A842R2G4	matt	lddt_columns	147/163
A0A842R2G4	matt	time	489.06
A0A842R2G4	mtmalign	lddt	0.823940
A0A842R2G4	mtmalign	lddt_columns	148/167
A0A842R2G4	mtmalign	time	16.44
A0A842R2G4	muscle	lddt	0.860221
A0A842R2G4	muscle	lddt_columns	139/143
A0A842R2G4	muscle	time	0.83
A0A842R2G4	mustang	lddt	0.867680
A0A842R2G4	mustang	lddt_columns	139/153
A0A842R2G4	mustang	time	50.81
A0A842R2G4	usalign	lddt	0.834321
A0A842R2G4	usalign	lddt_columns	146/149
A0A842R2G4	usalign	time	5.35
A0A842R4M3	3dcoffee	lddt	0.722973
A0A842R4M3	3dcoffee	lddt_columns	839/889
A0A842R4M3	3dcoffee	time	2478.10
A0A842R4M3	caretta	lddt	0.677815
A0A842R4M3	caretta	lddt_columns	861/914
A0A842R4M3	caretta	time	189.37
A0A842R4M3	clustalo	lddt	0.727606
A0A842R4M3	clustalo	lddt_columns	859/945
A0A842R4M3	clustalo	time	1.58
A0A842R4M3	famsa	lddt	0.735270
A0A842R4M3	famsa	lddt_columns	839/981
A0A842R4M3	famsa	time	0.34
A0A842R4M3	foldmason	lddt	0.730416
A0A842R4M3	foldmason	lddt_columns	867/929
A0A842R4M3	foldmason	time	2.58
A0A842R4M3	foldmason_refine100	lddt	0.737762
A0A842R4M3	foldmason_refine100	lddt_columns	857/924
A0A842R4M3	foldmason_refine100	time	22.50
A0A842R4M3	mafft	lddt	0.734218
A0A842R4M3	mafft	lddt_columns	859/956
A0A842R4M3	mafft	time	3.04
A0A842R4M3	matt	lddt	0.516770
A0A842R4M3	matt	lddt_columns	1128/2477
A0A842R4M3	matt	time	5283.74
A0A842R4M3	mtmalign	lddt	0.466489
A0A842R4M3	mtmalign	lddt_columns	1280/2800
A0A842R4M3	mtmalign	time	592.97
A0A842R4M3	muscle	lddt	0.727105
A0A842R4M3	muscle	lddt_columns	857/1017
A0A842R4M3	muscle	time	16.84
A0A842R4M3	mustang	lddt	0.710976
A0A842R4M3	mustang	lddt_columns	857/1243
A0A842R4M3	mustang	time	1710.98
A0A842R4M3	usalign	lddt	0.526230
A0A842R4M3	usalign	lddt_columns	1184/1755
A0A842R4M3	usalign	time	171.32
A0A842RCX9	3dcoffee	lddt	0.748717
A0A842RCX9	3dcoffee	lddt_columns	328/364
A0A842RCX9	3dcoffee	time	624.39
A0A842RCX9	caretta	lddt	0.718334
A0A842RCX9	caretta	lddt_columns	342/367
A0A842RCX9	caretta	time	90.47
A0A842RCX9	clustalo	lddt	0.719663
A0A842RCX9	clustalo	lddt_columns	340/384
A0A842RCX9	clustalo	time	0.39
A0A842RCX9	famsa	lddt	0.735666
A0A842RCX9	famsa	lddt_columns	333/376
A0A842RCX9	famsa	time	0.16
A0A842RCX9	foldmason	lddt	0.726047
A0A842RCX9	foldmason	lddt_columns	348/367
A0A842RCX9	foldmason	time	0.48
A0A842RCX9	foldmason_refine100	lddt	0.732063
A0A842RCX9	foldmason_refine100	lddt_columns	345/367
A0A842RCX9	foldmason_refine100	time	7.86
A0A842RCX9	mafft	lddt	0.745876
A0A842RCX9	mafft	lddt_columns	333/368
A0A842RCX9	mafft	time	1.02
A0A842RCX9	matt	lddt	0.488561
A0A842RCX9	matt	lddt_columns	494/984
A0A842RCX9	matt	time	387.69
A0A842RCX9	mtmalign	lddt	0.527012
A0A842RCX9	mtmalign	lddt_columns	503/771
A0A842RCX9	mtmalign	time	57.23
A0A842RCX9	muscle	lddt	0.755610
A0A842RCX9	muscle	lddt_columns	321/378
A0A842RCX9	muscle	time	4.40
A0A842RCX9	mustang	lddt	0.767162
A0A842RCX9	mustang	lddt_columns	334/403
A0A842RCX9	mustang	time	148.83
A0A842RCX9	usalign	lddt	0.630997
A0A842RCX9	usalign	lddt_columns	408/540
A0A842RCX9	usalign	time	24.07
A0A845QUM5	3dcoffee	lddt	0.646213
A0A845QUM5	3dcoffee	lddt_columns	394/443
A0A845QUM5	3dcoffee	time	558.67
A0A845QUM5	caretta	lddt	0.630465
A0A845QUM5	caretta	lddt_columns	389/412
A0A845QUM5	caretta	time	87.85
A0A845QUM5	clustalo	lddt	0.598102
A0A845QUM5	clustalo	lddt_columns	394/437
A0A845QUM5	clustalo	time	0.43
A0A845QUM5	famsa	lddt	0.610796
A0A845QUM5	famsa	lddt_columns	353/412
A0A845QUM5	famsa	time	0.20
A0A845QUM5	foldmason	lddt	0.635436
A0A845QUM5	foldmason	lddt_columns	392/412
A0A845QUM5	foldmason	time	0.51
A0A845QUM5	foldmason_refine100	lddt	0.636759
A0A845QUM5	foldmason_refine100	lddt_columns	389/411
A0A845QUM5	foldmason_refine100	time	6.40
A0A845QUM5	mafft	lddt	0.583194
A0A845QUM5	mafft	lddt_columns	398/438
A0A845QUM5	mafft	time	1.56
A0A845QUM5	matt	lddt	0.436094
A0A845QUM5	matt	lddt_columns	562/892
A0A845QUM5	matt	time	557.20
A0A845QUM5	mtmalign	lddt	0.496193
A0A845QUM5	mtmalign	lddt_columns	488/778
A0A845QUM5	mtmalign	time	65.43
A0A845QUM5	muscle	lddt	0.596437
A0A845QUM5	muscle	lddt_columns	388/468
A0A845QUM5	muscle	time	4.78
A0A845QUM5	mustang	lddt	0.650257
A0A845QUM5	mustang	lddt_columns	384/530
A0A845QUM5	mustang	time	280.53
A0A845QUM5	usalign	lddt	0.502486
A0A845QUM5	usalign	lddt_columns	494/582
A0A845QUM5	usalign	time	30.89
A0A846H7L1	3dcoffee	lddt	0.578344
A0A846H7L1	3dcoffee	lddt_columns	198/253
A0A846H7L1	3dcoffee	time	298.52
A0A846H7L1	caretta	lddt	0.565083
A0A846H7L1	caretta	lddt_columns	203/240
A0A846H7L1	caretta	time	70.28
A0A846H7L1	clustalo	lddt	0.421095
A0A846H7L1	clustalo	lddt_columns	235/274
A0A846H7L1	clustalo	time	0.14
A0A846H7L1	famsa	lddt	0.464098
A0A846H7L1	famsa	lddt_columns	219/250
A0A846H7L1	famsa	time	0.09
A0A846H7L1	foldmason	lddt	0.506874
A0A846H7L1	foldmason	lddt_columns	218/240
A0A846H7L1	foldmason	time	0.24
A0A846H7L1	foldmason_refine100	lddt	0.509191
A0A846H7L1	foldmason_refine100	lddt_columns	216/240
A0A846H7L1	foldmason_refine100	time	2.92
A0A846H7L1	mafft	lddt	0.477500
A0A846H7L1	mafft	lddt_columns	218/240
A0A846H7L1	mafft	time	0.70
A0A846H7L1	matt	lddt	0.464185
A0A846H7L1	matt	lddt_columns	247/427
A0A846H7L1	matt	time	63.29
A0A846H7L1	mtmalign	lddt	0.471978
A0A846H7L1	mtmalign	lddt_columns	258/400
A0A846H7L1	mtmalign	time	19.04
A0A846H7L1	muscle	lddt	0.442166
A0A846H7L1	muscle	lddt_columns	222/332
A0A846H7L1	muscle	time	1.91
A0A846H7L1	mustang	lddt	0.541539
A0A846H7L1	mustang	lddt_columns	213/326
A0A846H7L1	mustang	time	53.55
A0A846H7L1	usalign	lddt	0.521494
A0A846H7L1	usalign	lddt_columns	226/314
A0A846H7L1	usalign	time	7.11
A0A847HHU4	3dcoffee	lddt	0.388713
A0A847HHU4	3dcoffee	lddt_columns	459/673
A0A847HHU4	3dcoffee	time	452.36
A0A847HHU4	caretta	lddt	0.436651
A0A847HHU4	caretta	lddt_columns	304/308
A0A847HHU4	caretta	time	81.66
A0A847HHU4	clustalo	lddt	0.355580
A0A847HHU4	clustalo	lddt_columns	422/452
A0A847HHU4	clustalo	time	0.43
A0A847HHU4	famsa	lddt	0.417100
A0A847HHU4	famsa	lddt_columns	315/388
A0A847HHU4	famsa	time	0.16
A0A847HHU4	foldmason	lddt	0.459157
A0A847HHU4	foldmason	lddt_columns	351/365
A0A847HHU4	foldmason	time	0.40
A0A847HHU4	foldmason_refine100	lddt	0.461264
A0A847HHU4	foldmason_refine100	lddt_columns	352/365
A0A847HHU4	foldmason_refine100	time	4.97
A0A847HHU4	mafft	lddt	0.376315
A0A847HHU4	mafft	lddt_columns	387/439
A0A847HHU4	mafft	time	1.61
A0A847HHU4	matt	lddt	0.258675
A0A847HHU4	matt	lddt_columns	519/2154
A0A847HHU4	matt	time	632.05
A0A847HHU4	mtmalign	lddt	0.367804
A0A847HHU4	mtmalign	lddt_columns	481/1277
A0A847HHU4	mtmalign	time	36.62
A0A847HHU4	muscle	lddt	0.344778
A0A847HHU4	muscle	lddt_columns	416/623
A0A847HHU4	muscle	time	5.33
A0A847HHU4	mustang	lddt	0.488554
A0A847HHU4	mustang	lddt_columns	350/642
A0A847HHU4	mustang	time	354.44
A0A847HHU4	usalign	lddt	0.336976
A0A847HHU4	usalign	lddt_columns	583/1259
A0A847HHU4	usalign	time	12.69
A0A847S9B0	3dcoffee	lddt	0.869564
A0A847S9B0	3dcoffee	lddt_columns	155/163
A0A847S9B0	3dcoffee	time	312.60
A0A847S9B0	caretta	lddt	0.874812
A0A847S9B0	caretta	lddt_columns	154/161
A0A847S9B0	caretta	time	72.79
A0A847S9B0	clustalo	lddt	0.877991
A0A847S9B0	clustalo	lddt_columns	153/160
A0A847S9B0	clustalo	time	0.15
A0A847S9B0	famsa	lddt	0.860943
A0A847S9B0	famsa	lddt_columns	155/163
A0A847S9B0	famsa	time	0.14
A0A847S9B0	foldmason	lddt	0.865860
A0A847S9B0	foldmason	lddt_columns	155/160
A0A847S9B0	foldmason	time	0.33
A0A847S9B0	foldmason_refine100	lddt	0.867383
A0A847S9B0	foldmason_refine100	lddt_columns	155/160
A0A847S9B0	foldmason_refine100	time	2.91
A0A847S9B0	mafft	lddt	0.869474
A0A847S9B0	mafft	lddt_columns	154/163
A0A847S9B0	mafft	time	1.69
A0A847S9B0	matt	lddt	0.852910
A0A847S9B0	matt	lddt_columns	158/173
A0A847S9B0	matt	time	807.89
A0A847S9B0	mtmalign	lddt	0.867167
A0A847S9B0	mtmalign	lddt_columns	156/171
A0A847S9B0	mtmalign	time	18.47
A0A847S9B0	muscle	lddt	0.882107
A0A847S9B0	muscle	lddt_columns	151/161
A0A847S9B0	muscle	time	0.99
A0A847S9B0	mustang	lddt	0.818310
A0A847S9B0	mustang	lddt_columns	166/178
A0A847S9B0	mustang	time	61.53
A0A847S9B0	usalign	lddt	0.875823
A0A847S9B0	usalign	lddt_columns	154/161
A0A847S9B0	usalign	time	6.74
A0A848RSI4	3dcoffee	lddt	0.448922
A0A848RSI4	3dcoffee	lddt_columns	627/816
A0A848RSI4	3dcoffee	time	1054.22
A0A848RSI4	caretta	lddt	0.388321
A0A848RSI4	caretta	lddt_columns	578/640
A0A848RSI4	caretta	time	258.68
A0A848RSI4	clustalo	lddt	0.275097
A0A848RSI4	clustalo	lddt_columns	878/969
A0A848RSI4	clustalo	time	1.38
A0A848RSI4	famsa	lddt	0.337142
A0A848RSI4	famsa	lddt_columns	552/688
A0A848RSI4	famsa	time	0.32
A0A848RSI4	foldmason	lddt	0.383620
A0A848RSI4	foldmason	lddt_columns	678/755
A0A848RSI4	foldmason	time	0.84
A0A848RSI4	foldmason_refine100	lddt	0.395900
A0A848RSI4	foldmason_refine100	lddt_columns	648/708
A0A848RSI4	foldmason_refine100	time	10.02
A0A848RSI4	mafft	lddt	0.273415
A0A848RSI4	mafft	lddt_columns	859/972
A0A848RSI4	mafft	time	3.89
A0A848RSI4	matt	lddt	0.235427
A0A848RSI4	matt	lddt_columns	1029/2432
A0A848RSI4	matt	time	1242.46
A0A848RSI4	mtmalign	lddt	0.365091
A0A848RSI4	mtmalign	lddt_columns	772/1951
A0A848RSI4	mtmalign	time	116.39
A0A848RSI4	muscle	lddt	0.293013
A0A848RSI4	muscle	lddt_columns	735/1172
A0A848RSI4	muscle	time	16.00
A0A848RSI4	mustang	lddt	0.385964
A0A848RSI4	mustang	lddt_columns	717/1239
A0A848RSI4	mustang	time	740.43
A0A848RSI4	usalign	lddt	0.371170
A0A848RSI4	usalign	lddt_columns	758/1271
A0A848RSI4	usalign	time	39.21
A0A849N4M5	3dcoffee	lddt	0.747308
A0A849N4M5	3dcoffee	lddt_columns	169/180
A0A849N4M5	3dcoffee	time	268.30
A0A849N4M5	caretta	lddt	0.643129
A0A849N4M5	caretta	lddt_columns	178/192
A0A849N4M5	caretta	time	70.59
A0A849N4M5	clustalo	lddt	0.677437
A0A849N4M5	clustalo	lddt_columns	182/202
A0A849N4M5	clustalo	time	0.14
A0A849N4M5	famsa	lddt	0.689597
A0A849N4M5	famsa	lddt_columns	175/204
A0A849N4M5	famsa	time	0.08
A0A849N4M5	foldmason	lddt	0.692692
A0A849N4M5	foldmason	lddt_columns	180/191
A0A849N4M5	foldmason	time	0.26
A0A849N4M5	foldmason_refine100	lddt	0.708680
A0A849N4M5	foldmason_refine100	lddt_columns	177/183
A0A849N4M5	foldmason_refine100	time	2.85
A0A849N4M5	mafft	lddt	0.689495
A0A849N4M5	mafft	lddt_columns	174/216
A0A849N4M5	mafft	time	0.70
A0A849N4M5	matt	lddt	0.233561
A0A849N4M5	matt	lddt_columns	398/1538
A0A849N4M5	matt	time	251.98
A0A849N4M5	mtmalign	lddt	0.402663
A0A849N4M5	mtmalign	lddt_columns	361/578
A0A849N4M5	mtmalign	time	14.50
A0A849N4M5	muscle	lddt	0.716480
A0A849N4M5	muscle	lddt_columns	166/244
A0A849N4M5	muscle	time	1.33
A0A849N4M5	mustang	lddt	0.664645
A0A849N4M5	mustang	lddt_columns	192/265
A0A849N4M5	mustang	time	43.77
A0A849N4M5	usalign	lddt	0.349581
A0A849N4M5	usalign	lddt_columns	395/687
A0A849N4M5	usalign	time	5.45
A0A849TDM4	3dcoffee	lddt	0.590283
A0A849TDM4	3dcoffee	lddt_columns	436/545
A0A849TDM4	3dcoffee	time	745.03
A0A849TDM4	caretta	lddt	0.540153
A0A849TDM4	caretta	lddt_columns	470/525
A0A849TDM4	caretta	time	95.75
A0A849TDM4	clustalo	lddt	0.468893
A0A849TDM4	clustalo	lddt_columns	523/613
A0A849TDM4	clustalo	time	0.76
A0A849TDM4	famsa	lddt	0.530808
A0A849TDM4	famsa	lddt_columns	456/572
A0A849TDM4	famsa	time	0.29
A0A849TDM4	foldmason	lddt	0.551632
A0A849TDM4	foldmason	lddt_columns	467/544
A0A849TDM4	foldmason	time	0.49
A0A849TDM4	foldmason_refine100	lddt	0.551632
A0A849TDM4	foldmason_refine100	lddt_columns	467/544
A0A849TDM4	foldmason_refine100	time	8.69
A0A849TDM4	mafft	lddt	0.537131
A0A849TDM4	mafft	lddt_columns	470/599
A0A849TDM4	mafft	time	3.18
A0A849TDM4	matt	lddt	0.362813
A0A849TDM4	matt	lddt_columns	703/1362
A0A849TDM4	matt	time	1084.99
A0A849TDM4	mtmalign	lddt	0.447212
A0A849TDM4	mtmalign	lddt_columns	599/1144
A0A849TDM4	mtmalign	time	86.66
A0A849TDM4	muscle	lddt	0.556877
A0A849TDM4	muscle	lddt_columns	440/668
A0A849TDM4	muscle	time	6.57
A0A849TDM4	mustang	lddt	0.533923
A0A849TDM4	mustang	lddt_columns	485/862
A0A849TDM4	mustang	time	375.86
A0A849TDM4	usalign	lddt	0.484660
A0A849TDM4	usalign	lddt_columns	563/790
A0A849TDM4	usalign	time	34.04
A0A850SNP2	3dcoffee	lddt	0.758231
A0A850SNP2	3dcoffee	lddt_columns	108/114
A0A850SNP2	3dcoffee	time	262.31
A0A850SNP2	caretta	lddt	0.693119
A0A850SNP2	caretta	lddt_columns	108/113
A0A850SNP2	caretta	time	67.30
A0A850SNP2	clustalo	lddt	0.567878
A0A850SNP2	clustalo	lddt_columns	143/161
A0A850SNP2	clustalo	time	0.07
A0A850SNP2	famsa	lddt	0.723146
A0A850SNP2	famsa	lddt_columns	109/132
A0A850SNP2	famsa	time	0.05
A0A850SNP2	foldmason	lddt	0.739349
A0A850SNP2	foldmason	lddt_columns	111/112
A0A850SNP2	foldmason	time	0.20
A0A850SNP2	foldmason_refine100	lddt	0.748220
A0A850SNP2	foldmason_refine100	lddt_columns	110/112
A0A850SNP2	foldmason_refine100	time	1.40
A0A850SNP2	mafft	lddt	0.690383
A0A850SNP2	mafft	lddt_columns	115/123
A0A850SNP2	mafft	time	0.43
A0A850SNP2	matt	lddt	0.343393
A0A850SNP2	matt	lddt_columns	200/631
A0A850SNP2	matt	time	28.06
A0A850SNP2	mtmalign	lddt	0.406468
A0A850SNP2	mtmalign	lddt_columns	192/499
A0A850SNP2	mtmalign	time	6.30
A0A850SNP2	muscle	lddt	0.663781
A0A850SNP2	muscle	lddt_columns	112/141
A0A850SNP2	muscle	time	0.62
A0A850SNP2	mustang	lddt	0.619928
A0A850SNP2	mustang	lddt_columns	132/199
A0A850SNP2	mustang	time	17.47
A0A850SNP2	usalign	lddt	0.348426
A0A850SNP2	usalign	lddt_columns	228/472
A0A850SNP2	usalign	time	1.71
A0A851GER1	3dcoffee	lddt	0.769746
A0A851GER1	3dcoffee	lddt_columns	963/1000
A0A851GER1	3dcoffee	time	3008.90
A0A851GER1	caretta	lddt	0.764803
A0A851GER1	caretta	lddt_columns	1007/1037
A0A851GER1	caretta	time	258.56
A0A851GER1	clustalo	lddt	0.772326
A0A851GER1	clustalo	lddt_columns	1001/1060
A0A851GER1	clustalo	time	2.13
A0A851GER1	famsa	lddt	0.769787
A0A851GER1	famsa	lddt_columns	999/1096
A0A851GER1	famsa	time	0.42
A0A851GER1	foldmason	lddt	0.769813
A0A851GER1	foldmason	lddt_columns	1007/1047
A0A851GER1	foldmason	time	2.61
A0A851GER1	foldmason_refine100	lddt	0.770809
A0A851GER1	foldmason_refine100	lddt_columns	1004/1042
A0A851GER1	foldmason_refine100	time	32.29
A0A851GER1	mafft	lddt	0.776573
A0A851GER1	mafft	lddt_columns	998/1080
A0A851GER1	mafft	time	3.53
A0A851GER1	matt	lddt	0.716667
A0A851GER1	matt	lddt_columns	1100/1599
A0A851GER1	matt	time	5746.65
A0A851GER1	mtmalign	lddt	0.711147
A0A851GER1	mtmalign	lddt_columns	1121/1638
A0A851GER1	mtmalign	time	1000.79
A0A851GER1	muscle	lddt	0.787429
A0A851GER1	muscle	lddt_columns	979/1118
A0A851GER1	muscle	time	25.49
A0A851GER1	mustang	lddt	0.763215
A0A851GER1	mustang	lddt_columns	1026/1259
A0A851GER1	mustang	time	1052.74
A0A851GER1	usalign	lddt	0.744564
A0A851GER1	usalign	lddt_columns	1062/1236
A0A851GER1	usalign	time	163.83
A0A852XNB6	3dcoffee	lddt	0.787258
A0A852XNB6	3dcoffee	lddt_columns	173/186
A0A852XNB6	3dcoffee	time	305.54
A0A852XNB6	caretta	lddt	0.760925
A0A852XNB6	caretta	lddt_columns	180/181
A0A852XNB6	caretta	time	74.10
A0A852XNB6	clustalo	lddt	0.755458
A0A852XNB6	clustalo	lddt_columns	178/188
A0A852XNB6	clustalo	time	0.11
A0A852XNB6	famsa	lddt	0.755430
A0A852XNB6	famsa	lddt_columns	174/197
A0A852XNB6	famsa	time	0.08
A0A852XNB6	foldmason	lddt	0.770688
A0A852XNB6	foldmason	lddt_columns	175/183
A0A852XNB6	foldmason	time	0.22
A0A852XNB6	foldmason_refine100	lddt	0.773516
A0A852XNB6	foldmason_refine100	lddt_columns	175/181
A0A852XNB6	foldmason_refine100	time	2.90
A0A852XNB6	mafft	lddt	0.771311
A0A852XNB6	mafft	lddt_columns	174/190
A0A852XNB6	mafft	time	0.47
A0A852XNB6	matt	lddt	0.778865
A0A852XNB6	matt	lddt_columns	172/242
A0A852XNB6	matt	time	770.49
A0A852XNB6	mtmalign	lddt	0.786611
A0A852XNB6	mtmalign	lddt_columns	171/246
A0A852XNB6	mtmalign	time	17.91
A0A852XNB6	muscle	lddt	0.729001
A0A852XNB6	muscle	lddt_columns	180/204
A0A852XNB6	muscle	time	0.99
A0A852XNB6	mustang	lddt	0.774905
A0A852XNB6	mustang	lddt_columns	174/213
A0A852XNB6	mustang	time	67.02
A0A852XNB6	usalign	lddt	0.792784
A0A852XNB6	usalign	lddt_columns	171/201
A0A852XNB6	usalign	time	6.27
A0A8A8PMA1	3dcoffee	lddt	0.809382
A0A8A8PMA1	3dcoffee	lddt_columns	239/256
A0A8A8PMA1	3dcoffee	time	394.36
A0A8A8PMA1	caretta	lddt	0.621292
A0A8A8PMA1	caretta	lddt_columns	250/259
A0A8A8PMA1	caretta	time	79.45
A0A8A8PMA1	clustalo	lddt	0.747080
A0A8A8PMA1	clustalo	lddt_columns	252/273
A0A8A8PMA1	clustalo	time	0.24
A0A8A8PMA1	famsa	lddt	0.790415
A0A8A8PMA1	famsa	lddt_columns	239/275
A0A8A8PMA1	famsa	time	0.12
A0A8A8PMA1	foldmason	lddt	0.778917
A0A8A8PMA1	foldmason	lddt_columns	248/256
A0A8A8PMA1	foldmason	time	0.31
A0A8A8PMA1	foldmason_refine100	lddt	0.782818
A0A8A8PMA1	foldmason_refine100	lddt_columns	247/254
A0A8A8PMA1	foldmason_refine100	time	4.48
A0A8A8PMA1	mafft	lddt	0.748461
A0A8A8PMA1	mafft	lddt_columns	255/271
A0A8A8PMA1	mafft	time	0.98
A0A8A8PMA1	matt	lddt	0.502553
A0A8A8PMA1	matt	lddt_columns	306/1379
A0A8A8PMA1	matt	time	375.62
A0A8A8PMA1	mtmalign	lddt	0.485527
A0A8A8PMA1	mtmalign	lddt_columns	372/1059
A0A8A8PMA1	mtmalign	time	27.67
A0A8A8PMA1	muscle	lddt	0.770304
A0A8A8PMA1	muscle	lddt_columns	241/299
A0A8A8PMA1	muscle	time	2.51
A0A8A8PMA1	mustang	lddt	0.675552
A0A8A8PMA1	mustang	lddt_columns	287/383
A0A8A8PMA1	mustang	time	113.43
A0A8A8PMA1	usalign	lddt	0.492361
A0A8A8PMA1	usalign	lddt_columns	365/943
A0A8A8PMA1	usalign	time	10.71
A0A8B6D2T1	3dcoffee	lddt	0.743800
A0A8B6D2T1	3dcoffee	lddt_columns	242/290
A0A8B6D2T1	3dcoffee	time	341.98
A0A8B6D2T1	caretta	lddt	0.624461
A0A8B6D2T1	caretta	lddt_columns	261/280
A0A8B6D2T1	caretta	time	79.51
A0A8B6D2T1	clustalo	lddt	0.546278
A0A8B6D2T1	clustalo	lddt_columns	299/349
A0A8B6D2T1	clustalo	time	0.25
A0A8B6D2T1	famsa	lddt	0.650584
A0A8B6D2T1	famsa	lddt_columns	248/313
A0A8B6D2T1	famsa	time	0.13
A0A8B6D2T1	foldmason	lddt	0.685572
A0A8B6D2T1	foldmason	lddt_columns	253/282
A0A8B6D2T1	foldmason	time	0.34
A0A8B6D2T1	foldmason_refine100	lddt	0.693214
A0A8B6D2T1	foldmason_refine100	lddt_columns	251/282
A0A8B6D2T1	foldmason_refine100	time	3.60
A0A8B6D2T1	mafft	lddt	0.562034
A0A8B6D2T1	mafft	lddt_columns	305/356
A0A8B6D2T1	mafft	time	0.99
A0A8B6D2T1	matt	lddt	0.396433
A0A8B6D2T1	matt	lddt_columns	361/1118
A0A8B6D2T1	matt	time	589.28
A0A8B6D2T1	mtmalign	lddt	0.546837
A0A8B6D2T1	mtmalign	lddt_columns	316/716
A0A8B6D2T1	mtmalign	time	31.23
A0A8B6D2T1	muscle	lddt	0.611076
A0A8B6D2T1	muscle	lddt_columns	266/375
A0A8B6D2T1	muscle	time	2.68
A0A8B6D2T1	mustang	lddt	0.635083
A0A8B6D2T1	mustang	lddt_columns	282/427
A0A8B6D2T1	mustang	time	152.02
A0A8B6D2T1	usalign	lddt	0.568409
A0A8B6D2T1	usalign	lddt_columns	308/650
A0A8B6D2T1	usalign	time	14.02
A0A8B6H5Z5	3dcoffee	lddt	0.720937
A0A8B6H5Z5	3dcoffee	lddt_columns	385/476
A0A8B6H5Z5	3dcoffee	time	670.68
A0A8B6H5Z5	caretta	lddt	0.494784
A0A8B6H5Z5	caretta	lddt_columns	404/407
A0A8B6H5Z5	caretta	time	238.02
A0A8B6H5Z5	clustalo	lddt	0.586657
A0A8B6H5Z5	clustalo	lddt_columns	456/522
A0A8B6H5Z5	clustalo	time	0.81
A0A8B6H5Z5	famsa	lddt	0.678719
A0A8B6H5Z5	famsa	lddt_columns	384/503
A0A8B6H5Z5	famsa	time	0.20
A0A8B6H5Z5	foldmason	lddt	0.636606
A0A8B6H5Z5	foldmason	lddt_columns	431/462
A0A8B6H5Z5	foldmason	time	0.59
A0A8B6H5Z5	foldmason_refine100	lddt	0.658409
A0A8B6H5Z5	foldmason_refine100	lddt_columns	415/461
A0A8B6H5Z5	foldmason_refine100	time	7.40
A0A8B6H5Z5	mafft	lddt	0.622476
A0A8B6H5Z5	mafft	lddt_columns	433/520
A0A8B6H5Z5	mafft	time	2.09
A0A8B6H5Z5	matt	lddt	0.513202
A0A8B6H5Z5	matt	lddt_columns	400/2142
A0A8B6H5Z5	matt	time	1203.57
A0A8B6H5Z5	mtmalign	lddt	0.486811
A0A8B6H5Z5	mtmalign	lddt_columns	469/2033
A0A8B6H5Z5	mtmalign	time	57.00
A0A8B6H5Z5	muscle	lddt	0.634974
A0A8B6H5Z5	muscle	lddt_columns	411/551
A0A8B6H5Z5	muscle	time	4.89
A0A8B6H5Z5	mustang	lddt	0.601193
A0A8B6H5Z5	mustang	lddt_columns	457/719
A0A8B6H5Z5	mustang	time	242.69
A0A8B6H5Z5	usalign	lddt	0.441792
A0A8B6H5Z5	usalign	lddt_columns	566/1739
A0A8B6H5Z5	usalign	time	15.49
A5BWJ2	3dcoffee	lddt	0.842174
A5BWJ2	3dcoffee	lddt_columns	139/155
A5BWJ2	3dcoffee	time	264.10
A5BWJ2	caretta	lddt	0.756108
A5BWJ2	caretta	lddt_columns	150/155
A5BWJ2	caretta	time	66.92
A5BWJ2	clustalo	lddt	0.792709
A5BWJ2	clustalo	lddt_columns	148/169
A5BWJ2	clustalo	time	0.09
A5BWJ2	famsa	lddt	0.794819
A5BWJ2	famsa	lddt_columns	147/163
A5BWJ2	famsa	time	0.06
A5BWJ2	foldmason	lddt	0.787157
A5BWJ2	foldmason	lddt_columns	148/153
A5BWJ2	foldmason	time	0.36
A5BWJ2	foldmason_refine100	lddt	0.788406
A5BWJ2	foldmason_refine100	lddt_columns	148/153
A5BWJ2	foldmason_refine100	time	2.12
A5BWJ2	mafft	lddt	0.784324
A5BWJ2	mafft	lddt_columns	150/165
A5BWJ2	mafft	time	0.52
A5BWJ2	matt	lddt	0.556320
A5BWJ2	matt	lddt_columns	197/424
A5BWJ2	matt	time	48.78
A5BWJ2	mtmalign	lddt	0.575377
A5BWJ2	mtmalign	lddt_columns	201/381
A5BWJ2	mtmalign	time	13.44
A5BWJ2	muscle	lddt	0.821490
A5BWJ2	muscle	lddt_columns	139/169
A5BWJ2	muscle	time	0.81
A5BWJ2	mustang	lddt	0.748954
A5BWJ2	mustang	lddt_columns	155/210
A5BWJ2	mustang	time	26.20
A5BWJ2	usalign	lddt	0.562484
A5BWJ2	usalign	lddt_columns	207/315
A5BWJ2	usalign	time	5.43
A9WQP9	3dcoffee	lddt	0.734399
A9WQP9	3dcoffee	lddt_columns	234/255
A9WQP9	3dcoffee	time	369.86
A9WQP9	caretta	lddt	0.696283
A9WQP9	caretta	lddt_columns	233/247
A9WQP9	caretta	time	79.61
A9WQP9	clustalo	lddt	0.611613
A9WQP9	clustalo	lddt_columns	293/306
A9WQP9	clustalo	time	0.18
A9WQP9	famsa	lddt	0.724832
A9WQP9	famsa	lddt_columns	228/241
A9WQP9	famsa	time	0.11
A9WQP9	foldmason	lddt	0.717506
A9WQP9	foldmason	lddt_columns	241/257
A9WQP9	foldmason	time	0.36
A9WQP9	foldmason_refine100	lddt	0.717577
A9WQP9	foldmason_refine100	lddt_columns	240/259
A9WQP9	foldmason_refine100	time	4.42
A9WQP9	mafft	lddt	0.617540
A9WQP9	mafft	lddt_columns	283/315
A9WQP9	mafft	time	0.77
A9WQP9	matt	lddt	0.601615
A9WQP9	matt	lddt_columns	291/390
A9WQP9	matt	time	160.47
A9WQP9	mtmalign	lddt	0.604382
A9WQP9	mtmalign	lddt_columns	296/387
A9WQP9	mtmalign	time	35.59
A9WQP9	muscle	lddt	0.671345
A9WQP9	muscle	lddt_columns	252/276
A9WQP9	muscle	time	2.42
A9WQP9	mustang	lddt	0.745740
A9WQP9	mustang	lddt_columns	240/290
A9WQP9	mustang	time	90.34
A9WQP9	usalign	lddt	0.656458
A9WQP9	usalign	lddt_columns	264/296
A9WQP9	usalign	time	15.03
B2A5F0	3dcoffee	lddt	0.667480
B2A5F0	3dcoffee	lddt_columns	472/564
B2A5F0	3dcoffee	time	1256.22
B2A5F0	caretta	lddt	0.591759
B2A5F0	caretta	lddt_columns	459/463
B2A5F0	caretta	time	109.35
B2A5F0	clustalo	lddt	0.640801
B2A5F0	clustalo	lddt_columns	543/589
B2A5F0	clustalo	time	1.23
B2A5F0	famsa	lddt	0.717390
B2A5F0	famsa	lddt_columns	475/518
B2A5F0	famsa	time	0.37
B2A5F0	foldmason	lddt	0.737974
B2A5F0	foldmason	lddt_columns	478/490
B2A5F0	foldmason	time	0.68
B2A5F0	foldmason_refine100	lddt	0.740311
B2A5F0	foldmason_refine100	lddt_columns	477/490
B2A5F0	foldmason_refine100	time	9.91
B2A5F0	mafft	lddt	0.685264
B2A5F0	mafft	lddt_columns	508/593
B2A5F0	mafft	time	3.21
B2A5F0	matt	lddt	0.301414
B2A5F0	matt	lddt_columns	626/4534
B2A5F0	matt	time	4442.94
B2A5F0	mtmalign	lddt	0.368147
B2A5F0	mtmalign	lddt_columns	844/3469
B2A5F0	mtmalign	time	113.22
B2A5F0	muscle	lddt	0.637636
B2A5F0	muscle	lddt_columns	548/666
B2A5F0	muscle	time	8.70
B2A5F0	mustang	lddt	0.615015
B2A5F0	mustang	lddt_columns	567/907
B2A5F0	mustang	time	615.86
B2A5F0	usalign	lddt	0.343056
B2A5F0	usalign	lddt_columns	931/3375
B2A5F0	usalign	time	28.08
B2IJL3	3dcoffee	lddt	0.819385
B2IJL3	3dcoffee	lddt_columns	165/173
B2IJL3	3dcoffee	time	310.83
B2IJL3	caretta	lddt	0.820148
B2IJL3	caretta	lddt_columns	165/173
B2IJL3	caretta	time	72.79
B2IJL3	clustalo	lddt	0.790347
B2IJL3	clustalo	lddt_columns	167/185
B2IJL3	clustalo	time	0.11
B2IJL3	famsa	lddt	0.803509
B2IJL3	famsa	lddt_columns	164/183
B2IJL3	famsa	time	0.05
B2IJL3	foldmason	lddt	0.790214
B2IJL3	foldmason	lddt_columns	169/173
B2IJL3	foldmason	time	0.25
B2IJL3	foldmason_refine100	lddt	0.792885
B2IJL3	foldmason_refine100	lddt_columns	169/173
B2IJL3	foldmason_refine100	time	3.05
B2IJL3	mafft	lddt	0.792165
B2IJL3	mafft	lddt_columns	167/185
B2IJL3	mafft	time	0.46
B2IJL3	matt	lddt	0.822537
B2IJL3	matt	lddt_columns	163/215
B2IJL3	matt	time	847.54
B2IJL3	mtmalign	lddt	0.822108
B2IJL3	mtmalign	lddt_columns	164/215
B2IJL3	mtmalign	time	16.43
B2IJL3	muscle	lddt	0.843627
B2IJL3	muscle	lddt_columns	153/202
B2IJL3	muscle	time	1.09
B2IJL3	mustang	lddt	0.849305
B2IJL3	mustang	lddt_columns	157/208
B2IJL3	mustang	time	64.77
B2IJL3	usalign	lddt	0.822764
B2IJL3	usalign	lddt_columns	164/187
B2IJL3	usalign	time	5.63
B4WMN9	3dcoffee	lddt	0.671421
B4WMN9	3dcoffee	lddt_columns	540/566
B4WMN9	3dcoffee	time	1455.43
B4WMN9	caretta	lddt	0.511083
B4WMN9	caretta	lddt_columns	562/565
B4WMN9	caretta	time	281.45
B4WMN9	clustalo	lddt	0.648597
B4WMN9	clustalo	lddt_columns	622/689
B4WMN9	clustalo	time	1.25
B4WMN9	famsa	lddt	0.669234
B4WMN9	famsa	lddt_columns	596/694
B4WMN9	famsa	time	0.40
B4WMN9	foldmason	lddt	0.672197
B4WMN9	foldmason	lddt_columns	616/643
B4WMN9	foldmason	time	0.88
B4WMN9	foldmason_refine100	lddt	0.672197
B4WMN9	foldmason_refine100	lddt_columns	616/643
B4WMN9	foldmason_refine100	time	13.67
B4WMN9	mafft	lddt	0.668063
B4WMN9	mafft	lddt_columns	612/692
B4WMN9	mafft	time	2.70
B4WMN9	matt	lddt	0.365264
B4WMN9	matt	lddt_columns	840/3603
B4WMN9	matt	time	1878.58
B4WMN9	mtmalign	lddt	0.352285
B4WMN9	mtmalign	lddt_columns	1062/3096
B4WMN9	mtmalign	time	160.49
B4WMN9	muscle	lddt	0.671832
B4WMN9	muscle	lddt_columns	601/741
B4WMN9	muscle	time	9.35
B4WMN9	mustang	lddt	0.691472
B4WMN9	mustang	lddt_columns	601/830
B4WMN9	mustang	time	455.05
B4WMN9	usalign	lddt	0.325036
B4WMN9	usalign	lddt_columns	1184/2429
B4WMN9	usalign	time	44.73
B5GRN6	3dcoffee	lddt	0.443794
B5GRN6	3dcoffee	lddt_columns	575/865
B5GRN6	3dcoffee	time	761.08
B5GRN6	caretta	lddt	0.374944
B5GRN6	caretta	lddt_columns	446/458
B5GRN6	caretta	time	101.12
B5GRN6	clustalo	lddt	0.320272
B5GRN6	clustalo	lddt_columns	769/913
B5GRN6	clustalo	time	0.86
B5GRN6	famsa	lddt	0.352915
B5GRN6	famsa	lddt_columns	517/658
B5GRN6	famsa	time	0.28
B5GRN6	foldmason	lddt	0.395557
B5GRN6	foldmason	lddt_columns	571/737
B5GRN6	foldmason	time	0.43
B5GRN6	foldmason_refine100	lddt	0.395557
B5GRN6	foldmason_refine100	lddt_columns	571/737
B5GRN6	foldmason_refine100	time	7.95
B5GRN6	mafft	lddt	0.341285
B5GRN6	mafft	lddt_columns	711/818
B5GRN6	mafft	time	4.18
B5GRN6	matt	lddt	0.187315
B5GRN6	matt	lddt_columns	629/4846
B5GRN6	matt	time	2732.80
B5GRN6	mtmalign	lddt	0.232443
B5GRN6	mtmalign	lddt_columns	1302/2924
B5GRN6	mtmalign	time	78.95
B5GRN6	muscle	lddt	0.366746
B5GRN6	muscle	lddt_columns	546/1065
B5GRN6	muscle	time	9.17
B5GRN6	mustang	lddt	0.368919
B5GRN6	mustang	lddt_columns	684/1251
B5GRN6	mustang	time	1877.46
B5GRN6	usalign	lddt	0.235688
B5GRN6	usalign	lddt_columns	1194/2568
B5GRN6	usalign	time	23.05
B5IA13	3dcoffee	lddt	0.606946
B5IA13	3dcoffee	lddt_columns	224/250
B5IA13	3dcoffee	time	292.48
B5IA13	caretta	lddt	0.562801
B5IA13	caretta	lddt_columns	218/237
B5IA13	caretta	time	73.22
B5IA13	clustalo	lddt	0.494988
B5IA13	clustalo	lddt_columns	236/260
B5IA13	clustalo	time	0.18
B5IA13	famsa	lddt	0.557017
B5IA13	famsa	lddt_columns	210/276
B5IA13	famsa	time	0.10
B5IA13	foldmason	lddt	0.586317
B5IA13	foldmason	lddt_columns	213/237
B5IA13	foldmason	time	0.32
B5IA13	foldmason_refine100	lddt	0.586317
B5IA13	foldmason_refine100	lddt_columns	213/237
B5IA13	foldmason_refine100	time	3.20
B5IA13	mafft	lddt	0.554715
B5IA13	mafft	lddt_columns	227/250
B5IA13	mafft	time	0.86
B5IA13	matt	lddt	0.339185
B5IA13	matt	lddt_columns	370/850
B5IA13	matt	time	76.44
B5IA13	mtmalign	lddt	0.430798
B5IA13	mtmalign	lddt_columns	323/552
B5IA13	mtmalign	time	20.83
B5IA13	muscle	lddt	0.567204
B5IA13	muscle	lddt_columns	214/281
B5IA13	muscle	time	1.62
B5IA13	mustang	lddt	0.520696
B5IA13	mustang	lddt_columns	260/350
B5IA13	mustang	time	74.88
B5IA13	usalign	lddt	0.482348
B5IA13	usalign	lddt_columns	285/443
B5IA13	usalign	time	8.35
B9LR42	3dcoffee	lddt	0.423886
B9LR42	3dcoffee	lddt_columns	604/885
B9LR42	3dcoffee	time	907.24
B9LR42	caretta	lddt	0.404528
B9LR42	caretta	lddt_columns	423/438
B9LR42	caretta	time	104.75
B9LR42	clustalo	lddt	0.272848
B9LR42	clustalo	lddt_columns	844/896
B9LR42	clustalo	time	1.35
B9LR42	famsa	lddt	0.343922
B9LR42	famsa	lddt_columns	512/588
B9LR42	famsa	time	0.29
B9LR42	foldmason	lddt	0.411024
B9LR42	foldmason	lddt_columns	567/647
B9LR42	foldmason	time	0.56
B9LR42	foldmason_refine100	lddt	0.411024
B9LR42	foldmason_refine100	lddt_columns	567/647
B9LR42	foldmason_refine100	time	8.49
B9LR42	mafft	lddt	0.286894
B9LR42	mafft	lddt_columns	772/849
B9LR42	mafft	time	7.23
B9LR42	matt	lddt	0.203977
B9LR42	matt	lddt_columns	698/4852
B9LR42	matt	time	2383.70
B9LR42	mtmalign	lddt	0.226755
B9LR42	mtmalign	lddt_columns	1233/3314
B9LR42	mtmalign	time	100.46
B9LR42	muscle	lddt	0.279376
B9LR42	muscle	lddt_columns	737/1080
B9LR42	muscle	time	15.80
B9LR42	mustang	lddt	0.347588
B9LR42	mustang	lddt_columns	699/1337
B9LR42	mustang	time	1639.70
B9LR42	usalign	lddt	0.224160
B9LR42	usalign	lddt_columns	1235/3093
B9LR42	usalign	time	23.11
C0W088	3dcoffee	lddt	0.737035
C0W088	3dcoffee	lddt_columns	363/411
C0W088	3dcoffee	time	685.60
C0W088	caretta	lddt	0.704080
C0W088	caretta	lddt_columns	372/402
C0W088	caretta	time	90.58
C0W088	clustalo	lddt	0.716624
C0W088	clustalo	lddt_columns	371/419
C0W088	clustalo	time	0.43
C0W088	famsa	lddt	0.718582
C0W088	famsa	lddt_columns	375/420
C0W088	famsa	time	0.18
C0W088	foldmason	lddt	0.724071
C0W088	foldmason	lddt_columns	376/413
C0W088	foldmason	time	0.48
C0W088	foldmason_refine100	lddt	0.724082
C0W088	foldmason_refine100	lddt_columns	376/414
C0W088	foldmason_refine100	time	8.49
C0W088	mafft	lddt	0.728985
C0W088	mafft	lddt_columns	371/416
C0W088	mafft	time	1.12
C0W088	matt	lddt	0.503136
C0W088	matt	lddt_columns	528/875
C0W088	matt	time	452.32
C0W088	mtmalign	lddt	0.597746
C0W088	mtmalign	lddt_columns	478/685
C0W088	mtmalign	time	65.17
C0W088	muscle	lddt	0.735908
C0W088	muscle	lddt_columns	365/433
C0W088	muscle	time	4.77
C0W088	mustang	lddt	0.762525
C0W088	mustang	lddt_columns	359/525
C0W088	mustang	time	165.74
C0W088	usalign	lddt	0.661330
C0W088	usalign	lddt_columns	423/541
C0W088	usalign	time	25.95
C1F1E0	3dcoffee	lddt	0.634026
C1F1E0	3dcoffee	lddt_columns	315/394
C1F1E0	3dcoffee	time	462.42
C1F1E0	caretta	lddt	0.533759
C1F1E0	caretta	lddt_columns	331/351
C1F1E0	caretta	time	79.14
C1F1E0	clustalo	lddt	0.561582
C1F1E0	clustalo	lddt_columns	325/351
C1F1E0	clustalo	time	0.37
C1F1E0	famsa	lddt	0.573858
C1F1E0	famsa	lddt_columns	316/362
C1F1E0	famsa	time	0.15
C1F1E0	foldmason	lddt	0.570945
C1F1E0	foldmason	lddt_columns	330/356
C1F1E0	foldmason	time	0.34
C1F1E0	foldmason_refine100	lddt	0.570945
C1F1E0	foldmason_refine100	lddt_columns	330/356
C1F1E0	foldmason_refine100	time	5.67
C1F1E0	mafft	lddt	0.550822
C1F1E0	mafft	lddt_columns	333/382
C1F1E0	mafft	time	1.27
C1F1E0	matt	lddt	0.511375
C1F1E0	matt	lddt_columns	362/904
C1F1E0	matt	time	209.23
C1F1E0	mtmalign	lddt	0.513913
C1F1E0	mtmalign	lddt_columns	375/863
C1F1E0	mtmalign	time	37.80
C1F1E0	muscle	lddt	0.603818
C1F1E0	muscle	lddt_columns	291/472
C1F1E0	muscle	time	3.37
C1F1E0	mustang	lddt	0.540676
C1F1E0	mustang	lddt_columns	367/554
C1F1E0	mustang	time	322.89
C1F1E0	usalign	lddt	0.521106
C1F1E0	usalign	lddt_columns	380/695
C1F1E0	usalign	time	13.30
C3XV33	3dcoffee	lddt	0.645387
C3XV33	3dcoffee	lddt_columns	643/743
C3XV33	3dcoffee	time	1329.07
C3XV33	caretta	lddt	0.492038
C3XV33	caretta	lddt_columns	672/682
C3XV33	caretta	time	147.72
C3XV33	clustalo	lddt	0.705947
C3XV33	clustalo	lddt_columns	683/882
C3XV33	clustalo	time	0.96
C3XV33	famsa	lddt	0.713317
C3XV33	famsa	lddt_columns	650/853
C3XV33	famsa	time	0.25
C3XV33	foldmason	lddt	0.651184
C3XV33	foldmason	lddt_columns	753/816
C3XV33	foldmason	time	1.14
C3XV33	foldmason_refine100	lddt	0.652278
C3XV33	foldmason_refine100	lddt_columns	753/809
C3XV33	foldmason_refine100	time	13.06
C3XV33	mafft	lddt	0.697827
C3XV33	mafft	lddt_columns	688/897
C3XV33	mafft	time	2.65
C3XV33	matt	lddt	0.209235
C3XV33	matt	lddt_columns	1324/5881
C3XV33	matt	time	3724.21
C3XV33	mtmalign	lddt	0.319237
C3XV33	mtmalign	lddt_columns	1250/3985
C3XV33	mtmalign	time	147.47
C3XV33	muscle	lddt	0.742168
C3XV33	muscle	lddt_columns	629/999
C3XV33	muscle	time	10.43
C3XV33	mustang	lddt	0.712798
C3XV33	mustang	lddt_columns	660/1160
C3XV33	mustang	time	1236.44
C3XV33	usalign	lddt	0.268192
C3XV33	usalign	lddt_columns	1621/3491
C3XV33	usalign	time	40.26
C6XR92	3dcoffee	lddt	0.652912
C6XR92	3dcoffee	lddt_columns	298/326
C6XR92	3dcoffee	time	414.47
C6XR92	caretta	lddt	0.690530
C6XR92	caretta	lddt_columns	288/311
C6XR92	caretta	time	86.20
C6XR92	clustalo	lddt	0.656085
C6XR92	clustalo	lddt_columns	298/324
C6XR92	clustalo	time	0.31
C6XR92	famsa	lddt	0.653761
C6XR92	famsa	lddt_columns	294/323
C6XR92	famsa	time	0.14
C6XR92	foldmason	lddt	0.637489
C6XR92	foldmason	lddt_columns	304/320
C6XR92	foldmason	time	0.41
C6XR92	foldmason_refine100	lddt	0.637489
C6XR92	foldmason_refine100	lddt_columns	304/320
C6XR92	foldmason_refine100	time	5.04
C6XR92	mafft	lddt	0.631925
C6XR92	mafft	lddt_columns	304/338
C6XR92	mafft	time	0.86
C6XR92	matt	lddt	0.274903
C6XR92	matt	lddt_columns	570/1374
C6XR92	matt	time	458.65
C6XR92	mtmalign	lddt	0.560659
C6XR92	mtmalign	lddt_columns	355/654
C6XR92	mtmalign	time	43.06
C6XR92	muscle	lddt	0.683699
C6XR92	muscle	lddt_columns	278/366
C6XR92	muscle	time	3.11
C6XR92	mustang	lddt	0.635857
C6XR92	mustang	lddt_columns	321/436
C6XR92	mustang	time	136.97
C6XR92	usalign	lddt	0.563236
C6XR92	usalign	lddt_columns	354/449
C6XR92	usalign	time	18.58
C7LW54	3dcoffee	lddt	0.850409
C7LW54	3dcoffee	lddt_columns	151/170
C7LW54	3dcoffee	time	300.42
C7LW54	caretta	lddt	0.835727
C7LW54	caretta	lddt_columns	155/162
C7LW54	caretta	time	78.44
C7LW54	clustalo	lddt	0.837040
C7LW54	clustalo	lddt_columns	153/166
C7LW54	clustalo	time	0.10
C7LW54	famsa	lddt	0.823693
C7LW54	famsa	lddt_columns	155/163
C7LW54	famsa	time	0.04
C7LW54	foldmason	lddt	0.825671
C7LW54	foldmason	lddt_columns	156/163
C7LW54	foldmason	time	0.20
C7LW54	foldmason_refine100	lddt	0.826131
C7LW54	foldmason_refine100	lddt_columns	156/163
C7LW54	foldmason_refine100	time	3.00
C7LW54	mafft	lddt	0.827273
C7LW54	mafft	lddt_columns	155/167
C7LW54	mafft	time	0.38
C7LW54	matt	lddt	0.800072
C7LW54	matt	lddt_columns	162/186
C7LW54	matt	time	755.10
C7LW54	mtmalign	lddt	0.805065
C7LW54	mtmalign	lddt_columns	162/192
C7LW54	mtmalign	time	15.26
C7LW54	muscle	lddt	0.823889
C7LW54	muscle	lddt_columns	154/175
C7LW54	muscle	time	0.95
C7LW54	mustang	lddt	0.799562
C7LW54	mustang	lddt_columns	160/186
C7LW54	mustang	time	51.93
C7LW54	usalign	lddt	0.824002
C7LW54	usalign	lddt_columns	158/171
C7LW54	usalign	time	5.19
C9LSN8	3dcoffee	lddt	0.886759
C9LSN8	3dcoffee	lddt_columns	163/184
C9LSN8	3dcoffee	time	318.87
C9LSN8	caretta	lddt	0.891343
C9LSN8	caretta	lddt_columns	162/184
C9LSN8	caretta	time	73.83
C9LSN8	clustalo	lddt	0.803441
C9LSN8	clustalo	lddt_columns	174/191
C9LSN8	clustalo	time	0.11
C9LSN8	famsa	lddt	0.866474
C9LSN8	famsa	lddt_columns	165/188
C9LSN8	famsa	time	0.05
C9LSN8	foldmason	lddt	0.854988
C9LSN8	foldmason	lddt_columns	166/172
C9LSN8	foldmason	time	0.25
C9LSN8	foldmason_refine100	lddt	0.857598
C9LSN8	foldmason_refine100	lddt_columns	166/172
C9LSN8	foldmason_refine100	time	2.51
C9LSN8	mafft	lddt	0.880277
C9LSN8	mafft	lddt_columns	163/185
C9LSN8	mafft	time	0.59
C9LSN8	matt	lddt	0.854919
C9LSN8	matt	lddt_columns	168/206
C9LSN8	matt	time	1402.29
C9LSN8	mtmalign	lddt	0.885532
C9LSN8	mtmalign	lddt_columns	161/210
C9LSN8	mtmalign	time	25.31
C9LSN8	muscle	lddt	0.884913
C9LSN8	muscle	lddt_columns	158/192
C9LSN8	muscle	time	1.32
C9LSN8	mustang	lddt	0.911509
C9LSN8	mustang	lddt_columns	158/187
C9LSN8	mustang	time	114.56
C9LSN8	usalign	lddt	0.843016
C9LSN8	usalign	lddt_columns	171/191
C9LSN8	usalign	time	8.18
D1CBK0	3dcoffee	lddt	0.817547
D1CBK0	3dcoffee	lddt_columns	263/278
D1CBK0	3dcoffee	time	412.82
D1CBK0	caretta	lddt	0.687194
D1CBK0	caretta	lddt_columns	277/288
D1CBK0	caretta	time	78.44
D1CBK0	clustalo	lddt	0.780703
D1CBK0	clustalo	lddt_columns	274/281
D1CBK0	clustalo	time	0.25
D1CBK0	famsa	lddt	0.775631
D1CBK0	famsa	lddt_columns	277/285
D1CBK0	famsa	time	0.12
D1CBK0	foldmason	lddt	0.773372
D1CBK0	foldmason	lddt_columns	277/278
D1CBK0	foldmason	time	0.49
D1CBK0	foldmason_refine100	lddt	0.775842
D1CBK0	foldmason_refine100	lddt_columns	277/278
D1CBK0	foldmason_refine100	time	4.32
D1CBK0	mafft	lddt	0.779663
D1CBK0	mafft	lddt_columns	276/283
D1CBK0	mafft	time	0.61
D1CBK0	matt	lddt	0.503161
D1CBK0	matt	lddt_columns	375/1115
D1CBK0	matt	time	3296.95
D1CBK0	mtmalign	lddt	0.474024
D1CBK0	mtmalign	lddt_columns	429/1117
D1CBK0	mtmalign	time	37.69
D1CBK0	muscle	lddt	0.761815
D1CBK0	muscle	lddt_columns	279/295
D1CBK0	muscle	time	2.40
D1CBK0	mustang	lddt	0.640799
D1CBK0	mustang	lddt_columns	325/484
D1CBK0	mustang	time	283.35
D1CBK0	usalign	lddt	0.486032
D1CBK0	usalign	lddt_columns	429/993
D1CBK0	usalign	time	13.01
D3JVD5	3dcoffee	lddt	0.608978
D3JVD5	3dcoffee	lddt_columns	271/344
D3JVD5	3dcoffee	time	390.88
D3JVD5	caretta	lddt	0.551687
D3JVD5	caretta	lddt_columns	270/286
D3JVD5	caretta	time	229.61
D3JVD5	clustalo	lddt	0.462723
D3JVD5	clustalo	lddt_columns	350/371
D3JVD5	clustalo	time	0.40
D3JVD5	famsa	lddt	0.490616
D3JVD5	famsa	lddt_columns	297/336
D3JVD5	famsa	time	0.24
D3JVD5	foldmason	lddt	0.550830
D3JVD5	foldmason	lddt_columns	287/314
D3JVD5	foldmason	time	0.47
D3JVD5	foldmason_refine100	lddt	0.562800
D3JVD5	foldmason_refine100	lddt_columns	281/315
D3JVD5	foldmason_refine100	time	4.25
D3JVD5	mafft	lddt	0.476711
D3JVD5	mafft	lddt_columns	327/368
D3JVD5	mafft	time	2.11
D3JVD5	matt	lddt	0.398960
D3JVD5	matt	lddt_columns	424/957
D3JVD5	matt	time	167.37
D3JVD5	mtmalign	lddt	0.417143
D3JVD5	mtmalign	lddt_columns	425/835
D3JVD5	mtmalign	time	26.35
D3JVD5	muscle	lddt	0.523418
D3JVD5	muscle	lddt_columns	277/435
D3JVD5	muscle	time	3.97
D3JVD5	mustang	lddt	0.533114
D3JVD5	mustang	lddt_columns	308/554
D3JVD5	mustang	time	134.52
D3JVD5	usalign	lddt	0.450719
D3JVD5	usalign	lddt_columns	390/670
D3JVD5	usalign	time	11.45
D3SA45	3dcoffee	lddt	0.811395
D3SA45	3dcoffee	lddt_columns	110/120
D3SA45	3dcoffee	time	234.78
D3SA45	caretta	lddt	0.716895
D3SA45	caretta	lddt_columns	113/117
D3SA45	caretta	time	68.23
D3SA45	clustalo	lddt	0.703481
D3SA45	clustalo	lddt_columns	128/142
D3SA45	clustalo	time	0.07
D3SA45	famsa	lddt	0.770937
D3SA45	famsa	lddt_columns	114/134
D3SA45	famsa	time	0.05
D3SA45	foldmason	lddt	0.803122
D3SA45	foldmason	lddt_columns	111/117
D3SA45	foldmason	time	0.19
D3SA45	foldmason_refine100	lddt	0.804501
D3SA45	foldmason_refine100	lddt_columns	111/117
D3SA45	foldmason_refine100	time	1.76
D3SA45	mafft	lddt	0.753644
D3SA45	mafft	lddt_columns	118/133
D3SA45	mafft	time	0.52
D3SA45	matt	lddt	0.291314
D3SA45	matt	lddt_columns	233/910
D3SA45	matt	time	107.52
D3SA45	mtmalign	lddt	0.473614
D3SA45	mtmalign	lddt_columns	192/368
D3SA45	mtmalign	time	6.89
D3SA45	muscle	lddt	0.734749
D3SA45	muscle	lddt_columns	118/141
D3SA45	muscle	time	0.56
D3SA45	mustang	lddt	0.659675
D3SA45	mustang	lddt_columns	134/178
D3SA45	mustang	time	19.44
D3SA45	usalign	lddt	0.376622
D3SA45	usalign	lddt_columns	242/557
D3SA45	usalign	time	2.02
D3TB77	3dcoffee	lddt	0.809124
D3TB77	3dcoffee	lddt_columns	464/482
D3TB77	3dcoffee	time	1133.45
D3TB77	caretta	lddt	0.807874
D3TB77	caretta	lddt_columns	464/477
D3TB77	caretta	time	267.19
D3TB77	clustalo	lddt	0.782412
D3TB77	clustalo	lddt_columns	479/492
D3TB77	clustalo	time	0.76
D3TB77	famsa	lddt	0.798214
D3TB77	famsa	lddt_columns	467/502
D3TB77	famsa	time	0.23
D3TB77	foldmason	lddt	0.791606
D3TB77	foldmason	lddt_columns	476/478
D3TB77	foldmason	time	1.07
D3TB77	foldmason_refine100	lddt	0.797064
D3TB77	foldmason_refine100	lddt_columns	475/479
D3TB77	foldmason_refine100	time	13.11
D3TB77	mafft	lddt	0.797605
D3TB77	mafft	lddt_columns	473/492
D3TB77	mafft	time	1.42
D3TB77	matt	lddt	0.589630
D3TB77	matt	lddt_columns	636/963
D3TB77	matt	time	2254.82
D3TB77	mtmalign	lddt	0.645922
D3TB77	mtmalign	lddt_columns	593/874
D3TB77	mtmalign	time	128.58
D3TB77	muscle	lddt	0.815203
D3TB77	muscle	lddt_columns	458/514
D3TB77	muscle	time	7.53
D3TB77	mustang	lddt	0.780428
D3TB77	mustang	lddt_columns	491/565
D3TB77	mustang	time	305.58
D3TB77	usalign	lddt	0.758371
D3TB77	usalign	lddt_columns	497/606
D3TB77	usalign	time	54.46
E3J717	3dcoffee	lddt	0.431479
E3J717	3dcoffee	lddt_columns	431/578
E3J717	3dcoffee	time	487.84
E3J717	caretta	lddt	0.418488
E3J717	caretta	lddt_columns	303/313
E3J717	caretta	time	234.92
E3J717	clustalo	lddt	0.317746
E3J717	clustalo	lddt_columns	495/545
E3J717	clustalo	time	0.44
E3J717	famsa	lddt	0.350794
E3J717	famsa	lddt_columns	376/467
E3J717	famsa	time	0.22
E3J717	foldmason	lddt	0.420050
E3J717	foldmason	lddt_columns	395/426
E3J717	foldmason	time	0.62
E3J717	foldmason_refine100	lddt	0.420050
E3J717	foldmason_refine100	lddt_columns	395/426
E3J717	foldmason_refine100	time	5.20
E3J717	mafft	lddt	0.312387
E3J717	mafft	lddt_columns	490/522
E3J717	mafft	time	2.00
E3J717	matt	lddt	0.194714
E3J717	matt	lddt_columns	547/3002
E3J717	matt	time	533.92
E3J717	mtmalign	lddt	0.258595
E3J717	mtmalign	lddt_columns	745/1929
E3J717	mtmalign	time	40.59
E3J717	muscle	lddt	0.307655
E3J717	muscle	lddt_columns	465/672
E3J717	muscle	time	6.14
E3J717	mustang	lddt	0.350520
E3J717	mustang	lddt_columns	493/857
E3J717	mustang	time	630.60
E3J717	usalign	lddt	0.269836
E3J717	usalign	lddt_columns	701/1671
E3J717	usalign	time	12.35
E6TTB4	3dcoffee	lddt	0.699656
E6TTB4	3dcoffee	lddt_columns	310/346
E6TTB4	3dcoffee	time	496.09
E6TTB4	caretta	lddt	0.564113
E6TTB4	caretta	lddt_columns	333/347
E6TTB4	caretta	time	90.20
E6TTB4	clustalo	lddt	0.626996
E6TTB4	clustalo	lddt_columns	326/387
E6TTB4	clustalo	time	0.79
E6TTB4	famsa	lddt	0.632484
E6TTB4	famsa	lddt_columns	323/403
E6TTB4	famsa	time	0.25
E6TTB4	foldmason	lddt	0.646319
E6TTB4	foldmason	lddt_columns	333/346
E6TTB4	foldmason	time	0.37
E6TTB4	foldmason_refine100	lddt	0.658039
E6TTB4	foldmason_refine100	lddt_columns	328/345
E6TTB4	foldmason_refine100	time	6.22
E6TTB4	mafft	lddt	0.629325
E6TTB4	mafft	lddt_columns	333/384
E6TTB4	mafft	time	2.60
E6TTB4	matt	lddt	0.560764
E6TTB4	matt	lddt_columns	334/1124
E6TTB4	matt	time	393.39
E6TTB4	mtmalign	lddt	0.576794
E6TTB4	mtmalign	lddt_columns	344/1087
E6TTB4	mtmalign	time	36.06
E6TTB4	muscle	lddt	0.615735
E6TTB4	muscle	lddt_columns	329/442
E6TTB4	muscle	time	3.32
E6TTB4	mustang	lddt	0.642169
E6TTB4	mustang	lddt_columns	334/513
E6TTB4	mustang	time	152.56
E6TTB4	usalign	lddt	0.536108
E6TTB4	usalign	lddt_columns	386/898
E6TTB4	usalign	time	11.18
E8N900	3dcoffee	lddt	0.477330
E8N900	3dcoffee	lddt_columns	651/1210
E8N900	3dcoffee	time	944.90
E8N900	caretta	lddt	0.393256
E8N900	caretta	lddt_columns	602/654
E8N900	caretta	time	275.21
E8N900	clustalo	lddt	0.358768
E8N900	clustalo	lddt_columns	933/1099
E8N900	clustalo	time	1.50
E8N900	famsa	lddt	0.411991
E8N900	famsa	lddt_columns	677/825
E8N900	famsa	time	0.24
E8N900	foldmason	lddt	0.449711
E8N900	foldmason	lddt_columns	762/823
E8N900	foldmason	time	1.11
E8N900	foldmason_refine100	lddt	0.453500
E8N900	foldmason_refine100	lddt_columns	764/813
E8N900	foldmason_refine100	time	11.75
E8N900	mafft	lddt	0.383816
E8N900	mafft	lddt_columns	782/990
E8N900	mafft	time	5.20
E8N900	matt	lddt	0.205908
E8N900	matt	lddt_columns	848/6775
E8N900	matt	time	12492.40
E8N900	mtmalign	lddt	0.251410
E8N900	mtmalign	lddt_columns	1582/4338
E8N900	mtmalign	time	120.26
E8N900	muscle	lddt	0.405686
E8N900	muscle	lddt_columns	713/1378
E8N900	muscle	time	13.51
E8N900	mustang	lddt	0.390539
E8N900	mustang	lddt_columns	859/1577
E8N900	mustang	time	2390.00
E8N900	usalign	lddt	0.256484
E8N900	usalign	lddt_columns	1536/3731
E8N900	usalign	time	29.24
E8QX60	3dcoffee	lddt	0.524102
E8QX60	3dcoffee	lddt_columns	382/475
E8QX60	3dcoffee	time	500.42
E8QX60	caretta	lddt	0.401884
E8QX60	caretta	lddt_columns	336/345
E8QX60	caretta	time	83.24
E8QX60	clustalo	lddt	0.343144
E8QX60	clustalo	lddt_columns	485/519
E8QX60	clustalo	time	0.41
E8QX60	famsa	lddt	0.390614
E8QX60	famsa	lddt_columns	362/451
E8QX60	famsa	time	0.18
E8QX60	foldmason	lddt	0.456084
E8QX60	foldmason	lddt_columns	376/405
E8QX60	foldmason	time	0.33
E8QX60	foldmason_refine100	lddt	0.460410
E8QX60	foldmason_refine100	lddt_columns	374/403
E8QX60	foldmason_refine100	time	5.92
E8QX60	mafft	lddt	0.371218
E8QX60	mafft	lddt_columns	425/506
E8QX60	mafft	time	1.91
E8QX60	matt	lddt	0.230003
E8QX60	matt	lddt_columns	657/2547
E8QX60	matt	time	664.09
E8QX60	mtmalign	lddt	0.270504
E8QX60	mtmalign	lddt_columns	761/1665
E8QX60	mtmalign	time	37.75
E8QX60	muscle	lddt	0.380716
E8QX60	muscle	lddt_columns	407/601
E8QX60	muscle	time	5.96
E8QX60	mustang	lddt	0.433587
E8QX60	mustang	lddt_columns	420/716
E8QX60	mustang	time	607.08
E8QX60	usalign	lddt	0.257779
E8QX60	usalign	lddt_columns	810/1536
E8QX60	usalign	time	15.09
F4NU11	3dcoffee	lddt	0.555290
F4NU11	3dcoffee	lddt_columns	698/891
F4NU11	3dcoffee	time	974.08
F4NU11	caretta	lddt	0.501492
F4NU11	caretta	lddt_columns	719/768
F4NU11	caretta	time	128.66
F4NU11	clustalo	lddt	0.523869
F4NU11	clustalo	lddt_columns	698/790
F4NU11	clustalo	time	0.78
F4NU11	famsa	lddt	0.537074
F4NU11	famsa	lddt_columns	635/791
F4NU11	famsa	time	0.26
F4NU11	foldmason	lddt	0.530666
F4NU11	foldmason	lddt_columns	696/780
F4NU11	foldmason	time	0.90
F4NU11	foldmason_refine100	lddt	0.537255
F4NU11	foldmason_refine100	lddt_columns	686/780
F4NU11	foldmason_refine100	time	12.55
F4NU11	mafft	lddt	0.547592
F4NU11	mafft	lddt_columns	675/863
F4NU11	mafft	time	2.14
F4NU11	matt	lddt	0.469037
F4NU11	matt	lddt_columns	800/1737
F4NU11	matt	time	1755.96
F4NU11	mtmalign	lddt	0.498783
F4NU11	mtmalign	lddt_columns	810/1696
F4NU11	mtmalign	time	159.92
F4NU11	muscle	lddt	0.552308
F4NU11	muscle	lddt_columns	656/988
F4NU11	muscle	time	10.75
F4NU11	mustang	lddt	0.555665
F4NU11	mustang	lddt_columns	679/1203
F4NU11	mustang	time	635.25
F4NU11	usalign	lddt	0.512341
F4NU11	usalign	lddt_columns	764/1172
F4NU11	usalign	time	51.24
F5YND8	3dcoffee	lddt	0.743936
F5YND8	3dcoffee	lddt_columns	137/141
F5YND8	3dcoffee	time	264.60
F5YND8	caretta	lddt	0.647187
F5YND8	caretta	lddt_columns	143/145
F5YND8	caretta	time	224.00
F5YND8	clustalo	lddt	0.654900
F5YND8	clustalo	lddt_columns	150/191
F5YND8	clustalo	time	0.10
F5YND8	famsa	lddt	0.715194
F5YND8	famsa	lddt_columns	143/146
F5YND8	famsa	time	0.06
F5YND8	foldmason	lddt	0.716771
F5YND8	foldmason	lddt_columns	142/143
F5YND8	foldmason	time	0.39
F5YND8	foldmason_refine100	lddt	0.721407
F5YND8	foldmason_refine100	lddt_columns	142/143
F5YND8	foldmason_refine100	time	2.13
F5YND8	mafft	lddt	0.618418
F5YND8	mafft	lddt_columns	163/178
F5YND8	mafft	time	0.66
F5YND8	matt	lddt	0.358322
F5YND8	matt	lddt_columns	241/804
F5YND8	matt	time	80.03
F5YND8	mtmalign	lddt	0.368954
F5YND8	mtmalign	lddt_columns	268/708
F5YND8	mtmalign	time	9.71
F5YND8	muscle	lddt	0.703284
F5YND8	muscle	lddt_columns	137/180
F5YND8	muscle	time	1.02
F5YND8	mustang	lddt	0.524838
F5YND8	mustang	lddt_columns	196/284
F5YND8	mustang	time	40.67
F5YND8	usalign	lddt	0.355966
F5YND8	usalign	lddt_columns	292/614
F5YND8	usalign	time	2.86
F6CXK8	3dcoffee	lddt	0.790980
F6CXK8	3dcoffee	lddt_columns	153/159
F6CXK8	3dcoffee	time	304.93
F6CXK8	caretta	lddt	0.777182
F6CXK8	caretta	lddt_columns	155/155
F6CXK8	caretta	time	224.01
F6CXK8	clustalo	lddt	0.720505
F6CXK8	clustalo	lddt_columns	162/177
F6CXK8	clustalo	time	0.12
F6CXK8	famsa	lddt	0.749420
F6CXK8	famsa	lddt_columns	157/162
F6CXK8	famsa	time	0.07
F6CXK8	foldmason	lddt	0.740778
F6CXK8	foldmason	lddt_columns	160/163
F6CXK8	foldmason	time	0.40
F6CXK8	foldmason_refine100	lddt	0.740940
F6CXK8	foldmason_refine100	lddt_columns	160/163
F6CXK8	foldmason_refine100	time	2.96
F6CXK8	mafft	lddt	0.742367
F6CXK8	mafft	lddt_columns	157/161
F6CXK8	mafft	time	0.48
F6CXK8	matt	lddt	0.722305
F6CXK8	matt	lddt_columns	169/202
F6CXK8	matt	time	408.43
F6CXK8	mtmalign	lddt	0.728125
F6CXK8	mtmalign	lddt_columns	170/200
F6CXK8	mtmalign	time	14.21
F6CXK8	muscle	lddt	0.759640
F6CXK8	muscle	lddt_columns	154/163
F6CXK8	muscle	time	1.11
F6CXK8	mustang	lddt	0.747922
F6CXK8	mustang	lddt_columns	163/181
F6CXK8	mustang	time	49.67
F6CXK8	usalign	lddt	0.727993
F6CXK8	usalign	lddt_columns	170/175
F6CXK8	usalign	time	5.37
F7V756	3dcoffee	lddt	0.509835
F7V756	3dcoffee	lddt_columns	385/481
F7V756	3dcoffee	time	525.07
F7V756	caretta	lddt	0.436156
F7V756	caretta	lddt_columns	310/328
F7V756	caretta	time	232.01
F7V756	clustalo	lddt	0.439206
F7V756	clustalo	lddt_columns	411/442
F7V756	clustalo	time	0.40
F7V756	famsa	lddt	0.467606
F7V756	famsa	lddt_columns	344/389
F7V756	famsa	time	0.17
F7V756	foldmason	lddt	0.510681
F7V756	foldmason	lddt_columns	369/393
F7V756	foldmason	time	0.62
F7V756	foldmason_refine100	lddt	0.510681
F7V756	foldmason_refine100	lddt_columns	369/393
F7V756	foldmason_refine100	time	5.65
F7V756	mafft	lddt	0.455127
F7V756	mafft	lddt_columns	387/417
F7V756	mafft	time	1.00
F7V756	matt	lddt	0.211296
F7V756	matt	lddt_columns	769/2776
F7V756	matt	time	726.35
F7V756	mtmalign	lddt	0.318162
F7V756	mtmalign	lddt_columns	719/1631
F7V756	mtmalign	time	38.05
F7V756	muscle	lddt	0.434380
F7V756	muscle	lddt_columns	414/544
F7V756	muscle	time	9.58
F7V756	mustang	lddt	0.468723
F7V756	mustang	lddt_columns	421/622
F7V756	mustang	time	656.06
F7V756	usalign	lddt	0.280635
F7V756	usalign	lddt_columns	886/1623
F7V756	usalign	time	12.14
G0QJD1	3dcoffee	lddt	0.659193
G0QJD1	3dcoffee	lddt_columns	579/780
G0QJD1	3dcoffee	time	1202.53
G0QJD1	caretta	lddt	0.450012
G0QJD1	caretta	lddt_columns	614/647
G0QJD1	caretta	time	118.97
G0QJD1	clustalo	lddt	0.560305
G0QJD1	clustalo	lddt_columns	662/833
G0QJD1	clustalo	time	1.33
G0QJD1	famsa	lddt	0.614541
G0QJD1	famsa	lddt_columns	590/816
G0QJD1	famsa	time	0.34
G0QJD1	foldmason	lddt	0.580753
G0QJD1	foldmason	lddt_columns	659/816
G0QJD1	foldmason	time	0.53
G0QJD1	foldmason_refine100	lddt	0.583921
G0QJD1	foldmason_refine100	lddt_columns	653/792
G0QJD1	foldmason_refine100	time	11.58
G0QJD1	mafft	lddt	0.559278
G0QJD1	mafft	lddt_columns	665/862
G0QJD1	mafft	time	4.71
G0QJD1	matt	lddt	0.505152
G0QJD1	matt	lddt_columns	582/2425
G0QJD1	matt	time	1896.52
G0QJD1	mtmalign	lddt	0.581327
G0QJD1	mtmalign	lddt_columns	551/2381
G0QJD1	mtmalign	time	101.81
G0QJD1	muscle	lddt	0.554484
G0QJD1	muscle	lddt_columns	651/1044
G0QJD1	muscle	time	8.27
G0QJD1	mustang	lddt	0.574769
G0QJD1	mustang	lddt_columns	632/1335
G0QJD1	mustang	time	1143.02
G0QJD1	usalign	lddt	0.507940
G0QJD1	usalign	lddt_columns	678/2007
G0QJD1	usalign	time	30.57
G8R5C8	3dcoffee	lddt	0.510696
G8R5C8	3dcoffee	lddt_columns	422/644
G8R5C8	3dcoffee	time	609.26
G8R5C8	caretta	lddt	0.370284
G8R5C8	caretta	lddt_columns	433/451
G8R5C8	caretta	time	88.59
G8R5C8	clustalo	lddt	0.358384
G8R5C8	clustalo	lddt_columns	535/630
G8R5C8	clustalo	time	0.77
G8R5C8	famsa	lddt	0.425024
G8R5C8	famsa	lddt_columns	410/544
G8R5C8	famsa	time	0.22
G8R5C8	foldmason	lddt	0.452757
G8R5C8	foldmason	lddt_columns	452/490
G8R5C8	foldmason	time	0.46
G8R5C8	foldmason_refine100	lddt	0.452757
G8R5C8	foldmason_refine100	lddt_columns	452/490
G8R5C8	foldmason_refine100	time	7.24
G8R5C8	mafft	lddt	0.396541
G8R5C8	mafft	lddt_columns	484/561
G8R5C8	mafft	time	2.77
G8R5C8	matt	lddt	0.236298
G8R5C8	matt	lddt_columns	675/3012
G8R5C8	matt	time	5829.26
G8R5C8	mtmalign	lddt	0.305679
G8R5C8	mtmalign	lddt_columns	760/1960
G8R5C8	mtmalign	time	58.62
G8R5C8	muscle	lddt	0.426450
G8R5C8	muscle	lddt_columns	430/769
G8R5C8	muscle	time	6.54
G8R5C8	mustang	lddt	0.482123
G8R5C8	mustang	lddt_columns	460/892
G8R5C8	mustang	time	327.85
G8R5C8	usalign	lddt	0.278458
G8R5C8	usalign	lddt_columns	847/1664
G8R5C8	usalign	time	17.24
H3BGA4	3dcoffee	lddt	0.701436
H3BGA4	3dcoffee	lddt_columns	238/263
H3BGA4	3dcoffee	time	355.65
H3BGA4	caretta	lddt	0.618006
H3BGA4	caretta	lddt_columns	241/249
H3BGA4	caretta	time	226.03
H3BGA4	clustalo	lddt	0.549115
H3BGA4	clustalo	lddt_columns	282/302
H3BGA4	clustalo	time	0.23
H3BGA4	famsa	lddt	0.628911
H3BGA4	famsa	lddt_columns	240/271
H3BGA4	famsa	time	0.11
H3BGA4	foldmason	lddt	0.664728
H3BGA4	foldmason	lddt_columns	242/256
H3BGA4	foldmason	time	0.48
H3BGA4	foldmason_refine100	lddt	0.669532
H3BGA4	foldmason_refine100	lddt_columns	240/256
H3BGA4	foldmason_refine100	time	3.28
H3BGA4	mafft	lddt	0.601345
H3BGA4	mafft	lddt_columns	262/307
H3BGA4	mafft	time	0.83
H3BGA4	matt	lddt	0.457043
H3BGA4	matt	lddt_columns	319/734
H3BGA4	matt	time	321.80
H3BGA4	mtmalign	lddt	0.631985
H3BGA4	mtmalign	lddt_columns	248/533
H3BGA4	mtmalign	time	22.25
H3BGA4	muscle	lddt	0.591145
H3BGA4	muscle	lddt_columns	254/332
H3BGA4	muscle	time	2.04
H3BGA4	mustang	lddt	0.642713
H3BGA4	mustang	lddt_columns	252/374
H3BGA4	mustang	time	94.21
H3BGA4	usalign	lddt	0.639332
H3BGA4	usalign	lddt_columns	244/442
H3BGA4	usalign	time	9.60
I4F5N6	3dcoffee	lddt	0.607659
I4F5N6	3dcoffee	lddt_columns	945/1278
I4F5N6	3dcoffee	time	1806.31
I4F5N6	caretta	lddt	0.482290
I4F5N6	caretta	lddt_columns	964/1147
I4F5N6	caretta	time	198.70
I4F5N6	clustalo	lddt	0.559123
I4F5N6	clustalo	lddt_columns	1054/1264
I4F5N6	clustalo	time	1.86
I4F5N6	famsa	lddt	0.588192
I4F5N6	famsa	lddt_columns	987/1264
I4F5N6	famsa	time	0.42
I4F5N6	foldmason	lddt	0.555813
I4F5N6	foldmason	lddt_columns	1091/1195
I4F5N6	foldmason	time	2.08
I4F5N6	foldmason_refine100	lddt	0.555813
I4F5N6	foldmason_refine100	lddt_columns	1091/1195
I4F5N6	foldmason_refine100	time	21.83
I4F5N6	mafft	lddt	0.596281
I4F5N6	mafft	lddt_columns	994/1253
I4F5N6	mafft	time	8.27
I4F5N6	matt	lddt	0.451533
I4F5N6	matt	lddt_columns	1197/3274
I4F5N6	matt	time	5332.33
I4F5N6	mtmalign	lddt	0.455059
I4F5N6	mtmalign	lddt_columns	1182/3492
I4F5N6	mtmalign	time	426.77
I4F5N6	muscle	lddt	0.615225
I4F5N6	muscle	lddt_columns	926/1467
I4F5N6	muscle	time	19.59
I4F5N6	mustang	lddt	0.624928
I4F5N6	mustang	lddt_columns	939/1681
I4F5N6	mustang	time	2842.81
I4F5N6	usalign	lddt	0.497047
I4F5N6	usalign	lddt_columns	1145/2230
I4F5N6	usalign	time	113.46
I8U815	3dcoffee	lddt	0.456453
I8U815	3dcoffee	lddt_columns	468/585
I8U815	3dcoffee	time	467.33
I8U815	caretta	lddt	0.410212
I8U815	caretta	lddt_columns	339/356
I8U815	caretta	time	84.33
I8U815	clustalo	lddt	0.392575
I8U815	clustalo	lddt_columns	473/568
I8U815	clustalo	time	0.46
I8U815	famsa	lddt	0.401297
I8U815	famsa	lddt_columns	393/509
I8U815	famsa	time	0.20
I8U815	foldmason	lddt	0.458231
I8U815	foldmason	lddt_columns	422/496
I8U815	foldmason	time	0.35
I8U815	foldmason_refine100	lddt	0.458231
I8U815	foldmason_refine100	lddt_columns	422/496
I8U815	foldmason_refine100	time	5.53
I8U815	mafft	lddt	0.385772
I8U815	mafft	lddt_columns	477/557
I8U815	mafft	time	1.74
I8U815	matt	lddt	0.245419
I8U815	matt	lddt_columns	673/2475
I8U815	matt	time	669.36
I8U815	mtmalign	lddt	0.319631
I8U815	mtmalign	lddt_columns	678/1777
I8U815	mtmalign	time	42.13
I8U815	muscle	lddt	0.419114
I8U815	muscle	lddt_columns	421/597
I8U815	muscle	time	5.99
I8U815	mustang	lddt	0.419016
I8U815	mustang	lddt_columns	482/828
I8U815	mustang	time	443.76
I8U815	usalign	lddt	0.305594
I8U815	usalign	lddt_columns	706/1475
I8U815	usalign	time	12.96
J3LE19	3dcoffee	lddt	0.717312
J3LE19	3dcoffee	lddt_columns	391/431
J3LE19	3dcoffee	time	686.70
J3LE19	caretta	lddt	0.638078
J3LE19	caretta	lddt_columns	392/399
J3LE19	caretta	time	96.35
J3LE19	clustalo	lddt	0.569702
J3LE19	clustalo	lddt_columns	512/617
J3LE19	clustalo	time	0.64
J3LE19	famsa	lddt	0.595657
J3LE19	famsa	lddt_columns	462/590
J3LE19	famsa	time	0.28
J3LE19	foldmason	lddt	0.675506
J3LE19	foldmason	lddt_columns	426/445
J3LE19	foldmason	time	0.37
J3LE19	foldmason_refine100	lddt	0.681387
J3LE19	foldmason_refine100	lddt_columns	427/450
J3LE19	foldmason_refine100	time	6.77
J3LE19	mafft	lddt	0.585301
J3LE19	mafft	lddt_columns	492/577
J3LE19	mafft	time	1.76
J3LE19	matt	lddt	0.248492
J3LE19	matt	lddt_columns	704/3745
J3LE19	matt	time	765.98
J3LE19	mtmalign	lddt	0.297107
J3LE19	mtmalign	lddt_columns	739/3247
J3LE19	mtmalign	time	68.67
J3LE19	muscle	lddt	0.550710
J3LE19	muscle	lddt_columns	495/746
J3LE19	muscle	time	5.77
J3LE19	mustang	lddt	0.404921
J3LE19	mustang	lddt_columns	671/1053
J3LE19	mustang	time	706.09
J3LE19	usalign	lddt	0.286860
J3LE19	usalign	lddt_columns	947/2614
J3LE19	usalign	time	15.79
K0EYU6	3dcoffee	lddt	0.534241
K0EYU6	3dcoffee	lddt_columns	733/860
K0EYU6	3dcoffee	time	1677.09
K0EYU6	caretta	lddt	0.424529
K0EYU6	caretta	lddt_columns	694/700
K0EYU6	caretta	time	140.67
K0EYU6	clustalo	lddt	0.486718
K0EYU6	clustalo	lddt_columns	836/940
K0EYU6	clustalo	time	1.64
K0EYU6	famsa	lddt	0.533561
K0EYU6	famsa	lddt_columns	749/921
K0EYU6	famsa	time	0.37
K0EYU6	foldmason	lddt	0.538600
K0EYU6	foldmason	lddt_columns	782/879
K0EYU6	foldmason	time	1.01
K0EYU6	foldmason_refine100	lddt	0.540891
K0EYU6	foldmason_refine100	lddt_columns	777/877
K0EYU6	foldmason_refine100	time	14.70
K0EYU6	mafft	lddt	0.540883
K0EYU6	mafft	lddt_columns	779/907
K0EYU6	mafft	time	5.57
K0EYU6	matt	lddt	0.200707
K0EYU6	matt	lddt_columns	1493/5151
K0EYU6	matt	time	3919.26
K0EYU6	mtmalign	lddt	0.269312
K0EYU6	mtmalign	lddt_columns	1493/4193
K0EYU6	mtmalign	time	276.35
K0EYU6	muscle	lddt	0.542996
K0EYU6	muscle	lddt_columns	752/1129
K0EYU6	muscle	time	13.50
K0EYU6	mustang	lddt	0.546671
K0EYU6	mustang	lddt_columns	801/1224
K0EYU6	mustang	time	1332.07
K0EYU6	usalign	lddt	0.297521
K0EYU6	usalign	lddt_columns	1394/3027
K0EYU6	usalign	time	66.09
K2AHI6	3dcoffee	lddt	0.453319
K2AHI6	3dcoffee	lddt_columns	382/517
K2AHI6	3dcoffee	time	427.75
K2AHI6	caretta	lddt	0.463578
K2AHI6	caretta	lddt_columns	288/314
K2AHI6	caretta	time	81.28
K2AHI6	clustalo	lddt	0.312972
K2AHI6	clustalo	lddt_columns	467/504
K2AHI6	clustalo	time	0.39
K2AHI6	famsa	lddt	0.376184
K2AHI6	famsa	lddt_columns	338/420
K2AHI6	famsa	time	0.19
K2AHI6	foldmason	lddt	0.420753
K2AHI6	foldmason	lddt_columns	389/399
K2AHI6	foldmason	time	0.32
K2AHI6	foldmason_refine100	lddt	0.422155
K2AHI6	foldmason_refine100	lddt_columns	389/399
K2AHI6	foldmason_refine100	time	4.16
K2AHI6	mafft	lddt	0.307144
K2AHI6	mafft	lddt_columns	522/569
K2AHI6	mafft	time	1.86
K2AHI6	matt	lddt	0.172745
K2AHI6	matt	lddt_columns	659/2636
K2AHI6	matt	time	414.32
K2AHI6	mtmalign	lddt	0.263744
K2AHI6	mtmalign	lddt_columns	731/1707
K2AHI6	mtmalign	time	31.15
K2AHI6	muscle	lddt	0.304467
K2AHI6	muscle	lddt_columns	455/601
K2AHI6	muscle	time	5.31
K2AHI6	mustang	lddt	0.341917
K2AHI6	mustang	lddt_columns	517/953
K2AHI6	mustang	time	211.84
K2AHI6	usalign	lddt	0.266144
K2AHI6	usalign	lddt_columns	694/1532
K2AHI6	usalign	time	9.64
K2G3Q9	3dcoffee	lddt	0.581524
K2G3Q9	3dcoffee	lddt_columns	508/633
K2G3Q9	3dcoffee	time	885.15
K2G3Q9	caretta	lddt	0.501941
K2G3Q9	caretta	lddt_columns	513/550
K2G3Q9	caretta	time	111.93
K2G3Q9	clustalo	lddt	0.502878
K2G3Q9	clustalo	lddt_columns	561/675
K2G3Q9	clustalo	time	1.03
K2G3Q9	famsa	lddt	0.524377
K2G3Q9	famsa	lddt_columns	534/664
K2G3Q9	famsa	time	0.28
K2G3Q9	foldmason	lddt	0.522338
K2G3Q9	foldmason	lddt_columns	546/598
K2G3Q9	foldmason	time	0.67
K2G3Q9	foldmason_refine100	lddt	0.522973
K2G3Q9	foldmason_refine100	lddt_columns	553/598
K2G3Q9	foldmason_refine100	time	9.26
K2G3Q9	mafft	lddt	0.544066
K2G3Q9	mafft	lddt_columns	543/627
K2G3Q9	mafft	time	2.56
K2G3Q9	matt	lddt	0.367321
K2G3Q9	matt	lddt_columns	777/1941
K2G3Q9	matt	time	1206.50
K2G3Q9	mtmalign	lddt	0.406589
K2G3Q9	mtmalign	lddt_columns	758/1784
K2G3Q9	mtmalign	time	95.06
K2G3Q9	muscle	lddt	0.555531
K2G3Q9	muscle	lddt_columns	519/759
K2G3Q9	muscle	time	7.39
K2G3Q9	mustang	lddt	0.565976
K2G3Q9	mustang	lddt_columns	553/863
K2G3Q9	mustang	time	429.51
K2G3Q9	usalign	lddt	0.440282
K2G3Q9	usalign	lddt_columns	724/1242
K2G3Q9	usalign	time	37.27
K6ACG0	3dcoffee	lddt	0.548747
K6ACG0	3dcoffee	lddt_columns	723/899
K6ACG0	3dcoffee	time	2042.96
K6ACG0	caretta	lddt	0.440392
K6ACG0	caretta	lddt_columns	678/700
K6ACG0	caretta	time	298.07
K6ACG0	clustalo	lddt	0.497097
K6ACG0	clustalo	lddt_columns	795/943
K6ACG0	clustalo	time	2.06
K6ACG0	famsa	lddt	0.547219
K6ACG0	famsa	lddt_columns	699/886
K6ACG0	famsa	time	0.44
K6ACG0	foldmason	lddt	0.556107
K6ACG0	foldmason	lddt_columns	743/819
K6ACG0	foldmason	time	1.27
K6ACG0	foldmason_refine100	lddt	0.556107
K6ACG0	foldmason_refine100	lddt_columns	743/819
K6ACG0	foldmason_refine100	time	15.74
K6ACG0	mafft	lddt	0.522639
K6ACG0	mafft	lddt_columns	791/928
K6ACG0	mafft	time	6.08
K6ACG0	matt	lddt	0.169829
K6ACG0	matt	lddt_columns	1635/5555
K6ACG0	matt	time	3876.19
K6ACG0	mtmalign	lddt	0.270766
K6ACG0	mtmalign	lddt_columns	1520/3814
K6ACG0	mtmalign	time	285.61
K6ACG0	muscle	lddt	0.523238
K6ACG0	muscle	lddt_columns	760/1100
K6ACG0	muscle	time	14.87
K6ACG0	mustang	lddt	0.529515
K6ACG0	mustang	lddt_columns	814/1313
K6ACG0	mustang	time	1186.08
K6ACG0	usalign	lddt	0.286845
K6ACG0	usalign	lddt_columns	1473/2727
K6ACG0	usalign	time	73.98
L0IAI9	3dcoffee	lddt	0.647068
L0IAI9	3dcoffee	lddt_columns	454/632
L0IAI9	3dcoffee	time	808.08
L0IAI9	caretta	lddt	0.563954
L0IAI9	caretta	lddt_columns	416/449
L0IAI9	caretta	time	251.93
L0IAI9	clustalo	lddt	0.587691
L0IAI9	clustalo	lddt_columns	467/591
L0IAI9	clustalo	time	0.86
L0IAI9	famsa	lddt	0.617535
L0IAI9	famsa	lddt_columns	435/527
L0IAI9	famsa	time	0.22
L0IAI9	foldmason	lddt	0.585755
L0IAI9	foldmason	lddt_columns	480/586
L0IAI9	foldmason	time	0.69
L0IAI9	foldmason_refine100	lddt	0.590849
L0IAI9	foldmason_refine100	lddt_columns	475/586
L0IAI9	foldmason_refine100	time	8.78
L0IAI9	mafft	lddt	0.577949
L0IAI9	mafft	lddt_columns	478/584
L0IAI9	mafft	time	2.63
L0IAI9	matt	lddt	0.391878
L0IAI9	matt	lddt_columns	578/2330
L0IAI9	matt	time	896.61
L0IAI9	mtmalign	lddt	0.425357
L0IAI9	mtmalign	lddt_columns	679/1725
L0IAI9	mtmalign	time	77.26
L0IAI9	muscle	lddt	0.635156
L0IAI9	muscle	lddt_columns	415/765
L0IAI9	muscle	time	7.14
L0IAI9	mustang	lddt	0.617444
L0IAI9	mustang	lddt_columns	460/753
L0IAI9	mustang	time	1694.07
L0IAI9	usalign	lddt	0.426232
L0IAI9	usalign	lddt_columns	678/1475
L0IAI9	usalign	time	28.20
L8LTQ4	3dcoffee	lddt	0.486997
L8LTQ4	3dcoffee	lddt_columns	645/895
L8LTQ4	3dcoffee	time	1194.35
L8LTQ4	caretta	lddt	0.389026
L8LTQ4	caretta	lddt_columns	550/579
L8LTQ4	caretta	time	258.39
L8LTQ4	clustalo	lddt	0.313151
L8LTQ4	clustalo	lddt_columns	804/927
L8LTQ4	clustalo	time	2.17
L8LTQ4	famsa	lddt	0.386379
L8LTQ4	famsa	lddt_columns	565/714
L8LTQ4	famsa	time	0.34
L8LTQ4	foldmason	lddt	0.414704
L8LTQ4	foldmason	lddt_columns	662/763
L8LTQ4	foldmason	time	0.77
L8LTQ4	foldmason_refine100	lddt	0.414704
L8LTQ4	foldmason_refine100	lddt_columns	662/763
L8LTQ4	foldmason_refine100	time	10.07
L8LTQ4	mafft	lddt	0.332746
L8LTQ4	mafft	lddt_columns	737/858
L8LTQ4	mafft	time	5.09
L8LTQ4	matt	lddt	0.193045
L8LTQ4	matt	lddt_columns	811/5312
L8LTQ4	matt	time	2817.15
L8LTQ4	mtmalign	lddt	0.234175
L8LTQ4	mtmalign	lddt_columns	1183/3555
L8LTQ4	mtmalign	time	124.54
L8LTQ4	muscle	lddt	0.328220
L8LTQ4	muscle	lddt_columns	705/1155
L8LTQ4	muscle	time	13.94
L8LTQ4	mustang	lddt	0.407088
L8LTQ4	mustang	lddt_columns	707/1353
L8LTQ4	mustang	time	2159.79
L8LTQ4	usalign	lddt	0.258430
L8LTQ4	usalign	lddt_columns	1099/2822
L8LTQ4	usalign	time	39.20
L9WUI5	3dcoffee	lddt	0.498030
L9WUI5	3dcoffee	lddt_columns	692/897
L9WUI5	3dcoffee	time	1327.86
L9WUI5	caretta	lddt	0.385778
L9WUI5	caretta	lddt_columns	544/544
L9WUI5	caretta	time	266.17
L9WUI5	clustalo	lddt	0.307130
L9WUI5	clustalo	lddt_columns	990/1113
L9WUI5	clustalo	time	1.99
L9WUI5	famsa	lddt	0.412464
L9WUI5	famsa	lddt_columns	593/757
L9WUI5	famsa	time	0.33
L9WUI5	foldmason	lddt	0.470693
L9WUI5	foldmason	lddt_columns	637/929
L9WUI5	foldmason	time	1.04
L9WUI5	foldmason_refine100	lddt	0.470693
L9WUI5	foldmason_refine100	lddt_columns	637/929
L9WUI5	foldmason_refine100	time	11.73
L9WUI5	mafft	lddt	0.328028
L9WUI5	mafft	lddt_columns	791/1028
L9WUI5	mafft	time	3.08
L9WUI5	matt	lddt	0.182721
L9WUI5	matt	lddt_columns	995/5814
L9WUI5	matt	time	4416.76
L9WUI5	mtmalign	lddt	0.231127
L9WUI5	mtmalign	lddt_columns	1539/4039
L9WUI5	mtmalign	time	149.01
L9WUI5	muscle	lddt	0.347669
L9WUI5	muscle	lddt_columns	731/1232
L9WUI5	muscle	time	15.67
L9WUI5	mustang	lddt	0.462300
L9WUI5	mustang	lddt_columns	702/1294
L9WUI5	mustang	time	5975.79
L9WUI5	usalign	lddt	0.251873
L9WUI5	usalign	lddt_columns	1375/3419
L9WUI5	usalign	time	41.15
M5RUD2	3dcoffee	lddt	0.657187
M5RUD2	3dcoffee	lddt_columns	732/883
M5RUD2	3dcoffee	time	1467.59
M5RUD2	caretta	lddt	0.431380
M5RUD2	caretta	lddt_columns	714/737
M5RUD2	caretta	time	158.13
M5RUD2	clustalo	lddt	0.535733
M5RUD2	clustalo	lddt_columns	881/1026
M5RUD2	clustalo	time	1.41
M5RUD2	famsa	lddt	0.615403
M5RUD2	famsa	lddt_columns	718/801
M5RUD2	famsa	time	0.28
M5RUD2	foldmason	lddt	0.632292
M5RUD2	foldmason	lddt_columns	758/872
M5RUD2	foldmason	time	1.59
M5RUD2	foldmason_refine100	lddt	0.632292
M5RUD2	foldmason_refine100	lddt_columns	758/872
M5RUD2	foldmason_refine100	time	17.81
M5RUD2	mafft	lddt	0.596444
M5RUD2	mafft	lddt_columns	779/861
M5RUD2	mafft	time	3.77
M5RUD2	matt	lddt	0.192411
M5RUD2	matt	lddt_columns	1293/7158
M5RUD2	matt	time	11106.79
M5RUD2	mtmalign	lddt	0.324106
M5RUD2	mtmalign	lddt_columns	1356/3668
M5RUD2	mtmalign	time	249.01
M5RUD2	muscle	lddt	0.592228
M5RUD2	muscle	lddt_columns	768/1025
M5RUD2	muscle	time	15.97
M5RUD2	mustang	lddt	0.601318
M5RUD2	mustang	lddt_columns	817/1184
M5RUD2	mustang	time	2879.61
M5RUD2	usalign	lddt	0.294539
M5RUD2	usalign	lddt_columns	1548/3529
M5RUD2	usalign	time	70.45
Q0HSW5	3dcoffee	lddt	0.790351
Q0HSW5	3dcoffee	lddt_columns	232/278
Q0HSW5	3dcoffee	time	404.88
Q0HSW5	caretta	lddt	0.661885
Q0HSW5	caretta	lddt_columns	249/261
Q0HSW5	caretta	time	226.83
Q0HSW5	clustalo	lddt	0.700270
Q0HSW5	clustalo	lddt_columns	256/290
Q0HSW5	clustalo	time	0.23
Q0HSW5	famsa	lddt	0.729988
Q0HSW5	famsa	lddt_columns	246/293
Q0HSW5	famsa	time	0.13
Q0HSW5	foldmason	lddt	0.679941
Q0HSW5	foldmason	lddt_columns	276/292
Q0HSW5	foldmason	time	0.47
Q0HSW5	foldmason_refine100	lddt	0.693564
Q0HSW5	foldmason_refine100	lddt_columns	271/292
Q0HSW5	foldmason_refine100	time	3.56
Q0HSW5	mafft	lddt	0.665518
Q0HSW5	mafft	lddt_columns	273/297
Q0HSW5	mafft	time	0.87
Q0HSW5	matt	lddt	0.549111
Q0HSW5	matt	lddt_columns	299/870
Q0HSW5	matt	time	596.62
Q0HSW5	mtmalign	lddt	0.548307
Q0HSW5	mtmalign	lddt_columns	325/702
Q0HSW5	mtmalign	time	28.20
Q0HSW5	muscle	lddt	0.633387
Q0HSW5	muscle	lddt_columns	281/353
Q0HSW5	muscle	time	2.05
Q0HSW5	mustang	lddt	0.602845
Q0HSW5	mustang	lddt_columns	304/475
Q0HSW5	mustang	time	159.71
Q0HSW5	usalign	lddt	0.580299
Q0HSW5	usalign	lddt_columns	315/599
Q0HSW5	usalign	time	11.71
Q1PZJ0	3dcoffee	lddt	0.666693
Q1PZJ0	3dcoffee	lddt_columns	291/320
Q1PZJ0	3dcoffee	time	449.42
Q1PZJ0	caretta	lddt	0.531324
Q1PZJ0	caretta	lddt_columns	314/324
Q1PZJ0	caretta	time	82.92
Q1PZJ0	clustalo	lddt	0.556479
Q1PZJ0	clustalo	lddt_columns	337/369
Q1PZJ0	clustalo	time	0.36
Q1PZJ0	famsa	lddt	0.609361
Q1PZJ0	famsa	lddt_columns	300/345
Q1PZJ0	famsa	time	0.17
Q1PZJ0	foldmason	lddt	0.628984
Q1PZJ0	foldmason	lddt_columns	309/317
Q1PZJ0	foldmason	time	0.40
Q1PZJ0	foldmason_refine100	lddt	0.630413
Q1PZJ0	foldmason_refine100	lddt_columns	308/314
Q1PZJ0	foldmason_refine100	time	4.88
Q1PZJ0	mafft	lddt	0.582554
Q1PZJ0	mafft	lddt_columns	321/363
Q1PZJ0	mafft	time	1.43
Q1PZJ0	matt	lddt	0.399610
Q1PZJ0	matt	lddt_columns	420/1345
Q1PZJ0	matt	time	635.70
Q1PZJ0	mtmalign	lddt	0.504991
Q1PZJ0	mtmalign	lddt_columns	383/928
Q1PZJ0	mtmalign	time	31.77
Q1PZJ0	muscle	lddt	0.561022
Q1PZJ0	muscle	lddt_columns	321/416
Q1PZJ0	muscle	time	3.12
Q1PZJ0	mustang	lddt	0.564039
Q1PZJ0	mustang	lddt_columns	344/517
Q1PZJ0	mustang	time	131.63
Q1PZJ0	usalign	lddt	0.495885
Q1PZJ0	usalign	lddt_columns	390/853
Q1PZJ0	usalign	time	13.12
Q384X5	3dcoffee	lddt	0.793060
Q384X5	3dcoffee	lddt_columns	617/686
Q384X5	3dcoffee	time	1286.10
Q384X5	caretta	lddt	0.535790
Q384X5	caretta	lddt_columns	691/718
Q384X5	caretta	time	290.81
Q384X5	clustalo	lddt	0.721696
Q384X5	clustalo	lddt_columns	689/814
Q384X5	clustalo	time	1.21
Q384X5	famsa	lddt	0.712789
Q384X5	famsa	lddt_columns	686/772
Q384X5	famsa	time	0.25
Q384X5	foldmason	lddt	0.725828
Q384X5	foldmason	lddt_columns	686/709
Q384X5	foldmason	time	1.12
Q384X5	foldmason_refine100	lddt	0.733430
Q384X5	foldmason_refine100	lddt_columns	677/712
Q384X5	foldmason_refine100	time	15.72
Q384X5	mafft	lddt	0.710356
Q384X5	mafft	lddt_columns	698/804
Q384X5	mafft	time	2.47
Q384X5	matt	lddt	0.238789
Q384X5	matt	lddt_columns	1292/6542
Q384X5	matt	time	10371.46
Q384X5	mtmalign	lddt	0.359029
Q384X5	mtmalign	lddt_columns	1297/3549
Q384X5	mtmalign	time	223.07
Q384X5	muscle	lddt	0.754751
Q384X5	muscle	lddt_columns	638/883
Q384X5	muscle	time	11.52
Q384X5	mustang	lddt	0.656075
Q384X5	mustang	lddt_columns	747/1176
Q384X5	mustang	time	1822.05
Q384X5	usalign	lddt	0.329536
Q384X5	usalign	lddt_columns	1511/3152
Q384X5	usalign	time	52.91
Q3SL35	3dcoffee	lddt	0.600447
Q3SL35	3dcoffee	lddt_columns	282/359
Q3SL35	3dcoffee	time	392.82
Q3SL35	caretta	lddt	0.559429
Q3SL35	caretta	lddt_columns	261/271
Q3SL35	caretta	time	224.10
Q3SL35	clustalo	lddt	0.488574
Q3SL35	clustalo	lddt_columns	332/390
Q3SL35	clustalo	time	0.24
Q3SL35	famsa	lddt	0.607223
Q3SL35	famsa	lddt_columns	244/266
Q3SL35	famsa	time	0.11
Q3SL35	foldmason	lddt	0.595495
Q3SL35	foldmason	lddt_columns	278/282
Q3SL35	foldmason	time	0.52
Q3SL35	foldmason_refine100	lddt	0.595639
Q3SL35	foldmason_refine100	lddt_columns	279/282
Q3SL35	foldmason_refine100	time	3.62
Q3SL35	mafft	lddt	0.548513
Q3SL35	mafft	lddt_columns	280/333
Q3SL35	mafft	time	0.78
Q3SL35	matt	lddt	0.222517
Q3SL35	matt	lddt_columns	559/1909
Q3SL35	matt	time	517.01
Q3SL35	mtmalign	lddt	0.350961
Q3SL35	mtmalign	lddt_columns	545/1078
Q3SL35	mtmalign	time	26.60
Q3SL35	muscle	lddt	0.507285
Q3SL35	muscle	lddt_columns	297/385
Q3SL35	muscle	time	3.35
Q3SL35	mustang	lddt	0.530624
Q3SL35	mustang	lddt_columns	320/496
Q3SL35	mustang	time	161.13
Q3SL35	usalign	lddt	0.347240
Q3SL35	usalign	lddt_columns	555/953
Q3SL35	usalign	time	9.98
R1FSM3	3dcoffee	lddt	0.646300
R1FSM3	3dcoffee	lddt_columns	747/923
R1FSM3	3dcoffee	time	1983.10
R1FSM3	caretta	lddt	0.529892
R1FSM3	caretta	lddt_columns	781/886
R1FSM3	caretta	time	150.06
R1FSM3	clustalo	lddt	0.565931
R1FSM3	clustalo	lddt_columns	840/973
R1FSM3	clustalo	time	2.25
R1FSM3	famsa	lddt	0.584855
R1FSM3	famsa	lddt_columns	765/1013
R1FSM3	famsa	time	0.47
R1FSM3	foldmason	lddt	0.567603
R1FSM3	foldmason	lddt_columns	838/944
R1FSM3	foldmason	time	1.05
R1FSM3	foldmason_refine100	lddt	0.570654
R1FSM3	foldmason_refine100	lddt_columns	831/939
R1FSM3	foldmason_refine100	time	17.48
R1FSM3	mafft	lddt	0.557818
R1FSM3	mafft	lddt_columns	849/1035
R1FSM3	mafft	time	5.24
R1FSM3	matt	lddt	0.491346
R1FSM3	matt	lddt_columns	887/2505
R1FSM3	matt	time	3109.32
R1FSM3	mtmalign	lddt	0.497518
R1FSM3	mtmalign	lddt_columns	918/2449
R1FSM3	mtmalign	time	257.76
R1FSM3	muscle	lddt	0.595130
R1FSM3	muscle	lddt_columns	767/1171
R1FSM3	muscle	time	13.64
R1FSM3	mustang	lddt	0.499346
R1FSM3	mustang	lddt_columns	955/1598
R1FSM3	mustang	time	1780.00
R1FSM3	usalign	lddt	0.499352
R1FSM3	usalign	lddt_columns	965/1690
R1FSM3	usalign	time	66.14
R6WAH6	3dcoffee	lddt	0.799320
R6WAH6	3dcoffee	lddt_columns	166/199
R6WAH6	3dcoffee	time	317.40
R6WAH6	caretta	lddt	0.608347
R6WAH6	caretta	lddt_columns	195/204
R6WAH6	caretta	time	69.61
R6WAH6	clustalo	lddt	0.663400
R6WAH6	clustalo	lddt_columns	197/237
R6WAH6	clustalo	time	0.13
R6WAH6	famsa	lddt	0.707405
R6WAH6	famsa	lddt_columns	183/228
R6WAH6	famsa	time	0.10
R6WAH6	foldmason	lddt	0.786211
R6WAH6	foldmason	lddt_columns	170/199
R6WAH6	foldmason	time	0.23
R6WAH6	foldmason_refine100	lddt	0.786276
R6WAH6	foldmason_refine100	lddt_columns	170/199
R6WAH6	foldmason_refine100	time	2.72
R6WAH6	mafft	lddt	0.647066
R6WAH6	mafft	lddt_columns	201/238
R6WAH6	mafft	time	0.71
R6WAH6	matt	lddt	0.520529
R6WAH6	matt	lddt_columns	190/1071
R6WAH6	matt	time	300.95
R6WAH6	mtmalign	lddt	0.418345
R6WAH6	mtmalign	lddt_columns	332/736
R6WAH6	mtmalign	time	12.70
R6WAH6	muscle	lddt	0.666739
R6WAH6	muscle	lddt_columns	185/277
R6WAH6	muscle	time	1.09
R6WAH6	mustang	lddt	0.651030
R6WAH6	mustang	lddt_columns	188/294
R6WAH6	mustang	time	42.86
R6WAH6	usalign	lddt	0.365592
R6WAH6	usalign	lddt_columns	381/765
R6WAH6	usalign	time	3.78
R7ETQ2	3dcoffee	lddt	0.519308
R7ETQ2	3dcoffee	lddt_columns	612/762
R7ETQ2	3dcoffee	time	1197.06
R7ETQ2	caretta	lddt	0.414643
R7ETQ2	caretta	lddt_columns	561/567
R7ETQ2	caretta	time	127.00
R7ETQ2	clustalo	lddt	0.380613
R7ETQ2	clustalo	lddt_columns	756/808
R7ETQ2	clustalo	time	1.36
R7ETQ2	famsa	lddt	0.437277
R7ETQ2	famsa	lddt_columns	616/730
R7ETQ2	famsa	time	0.25
R7ETQ2	foldmason	lddt	0.478525
R7ETQ2	foldmason	lddt_columns	648/683
R7ETQ2	foldmason	time	0.67
R7ETQ2	foldmason_refine100	lddt	0.480130
R7ETQ2	foldmason_refine100	lddt_columns	645/683
R7ETQ2	foldmason_refine100	time	12.64
R7ETQ2	mafft	lddt	0.427483
R7ETQ2	mafft	lddt_columns	668/744
R7ETQ2	mafft	time	4.84
R7ETQ2	matt	lddt	0.191169
R7ETQ2	matt	lddt_columns	1267/4338
R7ETQ2	matt	time	2037.78
R7ETQ2	mtmalign	lddt	0.308424
R7ETQ2	mtmalign	lddt_columns	1118/2937
R7ETQ2	mtmalign	time	179.43
R7ETQ2	muscle	lddt	0.413294
R7ETQ2	muscle	lddt_columns	705/967
R7ETQ2	muscle	time	13.88
R7ETQ2	mustang	lddt	0.418338
R7ETQ2	mustang	lddt_columns	795/1224
R7ETQ2	mustang	time	2373.18
R7ETQ2	usalign	lddt	0.334208
R7ETQ2	usalign	lddt_columns	1040/2156
R7ETQ2	usalign	time	51.52
R8APS3	3dcoffee	lddt	0.744051
R8APS3	3dcoffee	lddt_columns	173/202
R8APS3	3dcoffee	time	321.36
R8APS3	caretta	lddt	0.629254
R8APS3	caretta	lddt_columns	182/196
R8APS3	caretta	time	72.84
R8APS3	clustalo	lddt	0.627160
R8APS3	clustalo	lddt_columns	190/217
R8APS3	clustalo	time	0.16
R8APS3	famsa	lddt	0.661954
R8APS3	famsa	lddt_columns	179/230
R8APS3	famsa	time	0.08
R8APS3	foldmason	lddt	0.615869
R8APS3	foldmason	lddt_columns	199/208
R8APS3	foldmason	time	0.38
R8APS3	foldmason_refine100	lddt	0.615957
R8APS3	foldmason_refine100	lddt_columns	198/209
R8APS3	foldmason_refine100	time	3.10
R8APS3	mafft	lddt	0.626259
R8APS3	mafft	lddt_columns	189/221
R8APS3	mafft	time	0.58
R8APS3	matt	lddt	0.447355
R8APS3	matt	lddt_columns	245/849
R8APS3	matt	time	108.18
R8APS3	mtmalign	lddt	0.505298
R8APS3	mtmalign	lddt_columns	251/566
R8APS3	mtmalign	time	16.27
R8APS3	muscle	lddt	0.647413
R8APS3	muscle	lddt_columns	176/247
R8APS3	muscle	time	1.30
R8APS3	mustang	lddt	0.674682
R8APS3	mustang	lddt_columns	188/282
R8APS3	mustang	time	58.38
R8APS3	usalign	lddt	0.463092
R8APS3	usalign	lddt_columns	280/617
R8APS3	usalign	time	6.07
R8GWM8	3dcoffee	lddt	0.760018
R8GWM8	3dcoffee	lddt_columns	151/173
R8GWM8	3dcoffee	time	288.00
R8GWM8	caretta	lddt	0.575695
R8GWM8	caretta	lddt_columns	168/181
R8GWM8	caretta	time	223.98
R8GWM8	clustalo	lddt	0.520371
R8GWM8	clustalo	lddt_columns	228/235
R8GWM8	clustalo	time	0.28
R8GWM8	famsa	lddt	0.626681
R8GWM8	famsa	lddt_columns	176/213
R8GWM8	famsa	time	0.18
R8GWM8	foldmason	lddt	0.699273
R8GWM8	foldmason	lddt_columns	165/168
R8GWM8	foldmason	time	0.46
R8GWM8	foldmason_refine100	lddt	0.704947
R8GWM8	foldmason_refine100	lddt_columns	164/168
R8GWM8	foldmason_refine100	time	2.26
R8GWM8	mafft	lddt	0.565584
R8GWM8	mafft	lddt_columns	204/225
R8GWM8	mafft	time	2.09
R8GWM8	matt	lddt	0.374446
R8GWM8	matt	lddt_columns	190/1319
R8GWM8	matt	time	138.94
R8GWM8	mtmalign	lddt	0.364526
R8GWM8	mtmalign	lddt_columns	316/805
R8GWM8	mtmalign	time	12.00
R8GWM8	muscle	lddt	0.553663
R8GWM8	muscle	lddt_columns	186/301
R8GWM8	muscle	time	1.48
R8GWM8	mustang	lddt	0.495851
R8GWM8	mustang	lddt_columns	231/343
R8GWM8	mustang	time	46.95
R8GWM8	usalign	lddt	0.287518
R8GWM8	usalign	lddt_columns	399/924
R8GWM8	usalign	time	3.14
R9KI14	3dcoffee	lddt	0.523849
R9KI14	3dcoffee	lddt_columns	752/969
R9KI14	3dcoffee	time	1204.48
R9KI14	caretta	lddt	0.456808
R9KI14	caretta	lddt_columns	686/702
R9KI14	caretta	time	145.26
R9KI14	clustalo	lddt	0.503519
R9KI14	clustalo	lddt_columns	800/924
R9KI14	clustalo	time	1.46
R9KI14	famsa	lddt	0.569694
R9KI14	famsa	lddt_columns	698/927
R9KI14	famsa	time	0.28
R9KI14	foldmason	lddt	0.558298
R9KI14	foldmason	lddt_columns	739/830
R9KI14	foldmason	time	1.08
R9KI14	foldmason_refine100	lddt	0.558298
R9KI14	foldmason_refine100	lddt_columns	739/830
R9KI14	foldmason_refine100	time	13.50
R9KI14	mafft	lddt	0.562524
R9KI14	mafft	lddt_columns	755/918
R9KI14	mafft	time	3.89
R9KI14	matt	lddt	0.216963
R9KI14	matt	lddt_columns	1393/4825
R9KI14	matt	time	3258.62
R9KI14	mtmalign	lddt	0.296838
R9KI14	mtmalign	lddt_columns	1336/3682
R9KI14	mtmalign	time	226.76
R9KI14	muscle	lddt	0.600544
R9KI14	muscle	lddt_columns	674/1088
R9KI14	muscle	time	12.05
R9KI14	mustang	lddt	0.557465
R9KI14	mustang	lddt_columns	763/1244
R9KI14	mustang	time	552.32
R9KI14	usalign	lddt	0.278865
R9KI14	usalign	lddt_columns	1519/2811
R9KI14	usalign	time	62.52
S7TGR0	3dcoffee	lddt	0.519706
S7TGR0	3dcoffee	lddt_columns	713/742
S7TGR0	3dcoffee	time	1572.78
S7TGR0	caretta	lddt	0.425544
S7TGR0	caretta	lddt_columns	789/826
S7TGR0	caretta	time	320.51
S7TGR0	clustalo	lddt	0.380206
S7TGR0	clustalo	lddt_columns	1173/1290
S7TGR0	clustalo	time	1.45
S7TGR0	famsa	lddt	0.450557
S7TGR0	famsa	lddt_columns	843/1010
S7TGR0	famsa	time	0.30
S7TGR0	foldmason	lddt	0.491112
S7TGR0	foldmason	lddt_columns	942/1028
S7TGR0	foldmason	time	1.60
S7TGR0	foldmason_refine100	lddt	0.492219
S7TGR0	foldmason_refine100	lddt_columns	935/1035
S7TGR0	foldmason_refine100	time	17.95
S7TGR0	mafft	lddt	0.392430
S7TGR0	mafft	lddt_columns	1134/1229
S7TGR0	mafft	time	7.18
S7TGR0	matt	lddt	0.197869
S7TGR0	matt	lddt_columns	1453/7146
S7TGR0	matt	time	18160.89
S7TGR0	mtmalign	lddt	0.280725
S7TGR0	mtmalign	lddt_columns	1786/4714
S7TGR0	mtmalign	time	203.96
S7TGR0	muscle	lddt	0.410609
S7TGR0	muscle	lddt_columns	1031/1419
S7TGR0	muscle	time	16.03
S7TGR0	mustang	lddt	0.469958
S7TGR0	mustang	lddt_columns	1072/1589
S7TGR0	mustang	time	3055.35
S7TGR0	usalign	lddt	0.282427
S7TGR0	usalign	lddt_columns	1938/3824
S7TGR0	usalign	time	47.93
T1FNF4	3dcoffee	lddt	0.734645
T1FNF4	3dcoffee	lddt_columns	381/400
T1FNF4	3dcoffee	time	654.73
T1FNF4	caretta	lddt	0.665752
T1FNF4	caretta	lddt_columns	393/401
T1FNF4	caretta	time	99.36
T1FNF4	clustalo	lddt	0.688793
T1FNF4	clustalo	lddt_columns	407/427
T1FNF4	clustalo	time	0.51
T1FNF4	famsa	lddt	0.694842
T1FNF4	famsa	lddt_columns	397/453
T1FNF4	famsa	time	0.19
T1FNF4	foldmason	lddt	0.701112
T1FNF4	foldmason	lddt_columns	400/407
T1FNF4	foldmason	time	0.44
T1FNF4	foldmason_refine100	lddt	0.704898
T1FNF4	foldmason_refine100	lddt_columns	400/401
T1FNF4	foldmason_refine100	time	7.37
T1FNF4	mafft	lddt	0.691915
T1FNF4	mafft	lddt_columns	405/421
T1FNF4	mafft	time	1.24
T1FNF4	matt	lddt	0.425706
T1FNF4	matt	lddt_columns	648/1263
T1FNF4	matt	time	4905.25
T1FNF4	mtmalign	lddt	0.486101
T1FNF4	mtmalign	lddt_columns	585/1218
T1FNF4	mtmalign	time	78.00
T1FNF4	muscle	lddt	0.688011
T1FNF4	muscle	lddt_columns	397/526
T1FNF4	muscle	time	4.46
T1FNF4	mustang	lddt	0.591291
T1FNF4	mustang	lddt_columns	475/667
T1FNF4	mustang	time	416.68
T1FNF4	usalign	lddt	0.547566
T1FNF4	usalign	lddt_columns	529/817
T1FNF4	usalign	time	26.84
U7L1T7	3dcoffee	lddt	0.895839
U7L1T7	3dcoffee	lddt_columns	161/177
U7L1T7	3dcoffee	time	325.41
U7L1T7	caretta	lddt	0.844646
U7L1T7	caretta	lddt_columns	171/174
U7L1T7	caretta	time	224.01
U7L1T7	clustalo	lddt	0.892611
U7L1T7	clustalo	lddt_columns	158/187
U7L1T7	clustalo	time	0.17
U7L1T7	famsa	lddt	0.885745
U7L1T7	famsa	lddt_columns	159/184
U7L1T7	famsa	time	0.04
U7L1T7	foldmason	lddt	0.861275
U7L1T7	foldmason	lddt_columns	167/177
U7L1T7	foldmason	time	0.40
U7L1T7	foldmason_refine100	lddt	0.861473
U7L1T7	foldmason_refine100	lddt_columns	167/177
U7L1T7	foldmason_refine100	time	2.82
U7L1T7	mafft	lddt	0.901899
U7L1T7	mafft	lddt_columns	158/183
U7L1T7	mafft	time	0.46
U7L1T7	matt	lddt	0.814340
U7L1T7	matt	lddt_columns	178/238
U7L1T7	matt	time	379.46
U7L1T7	mtmalign	lddt	0.851081
U7L1T7	mtmalign	lddt_columns	167/259
U7L1T7	mtmalign	time	17.70
U7L1T7	muscle	lddt	0.905616
U7L1T7	muscle	lddt_columns	156/189
U7L1T7	muscle	time	1.10
U7L1T7	mustang	lddt	0.904643
U7L1T7	mustang	lddt_columns	159/198
U7L1T7	mustang	time	47.57
U7L1T7	usalign	lddt	0.873197
U7L1T7	usalign	lddt_columns	165/196
U7L1T7	usalign	time	7.06
V2YI92	3dcoffee	lddt	0.763098
V2YI92	3dcoffee	lddt_columns	142/146
V2YI92	3dcoffee	time	299.96
V2YI92	caretta	lddt	0.637179
V2YI92	caretta	lddt_columns	147/161
V2YI92	caretta	time	72.31
V2YI92	clustalo	lddt	0.687570
V2YI92	clustalo	lddt_columns	154/169
V2YI92	clustalo	time	0.08
V2YI92	famsa	lddt	0.714890
V2YI92	famsa	lddt_columns	149/169
V2YI92	famsa	time	0.06
V2YI92	foldmason	lddt	0.741365
V2YI92	foldmason	lddt_columns	146/149
V2YI92	foldmason	time	0.21
V2YI92	foldmason_refine100	lddt	0.745669
V2YI92	foldmason_refine100	lddt_columns	145/149
V2YI92	foldmason_refine100	time	2.13
V2YI92	mafft	lddt	0.704800
V2YI92	mafft	lddt_columns	150/160
V2YI92	mafft	time	0.45
V2YI92	matt	lddt	0.398784
V2YI92	matt	lddt_columns	222/811
V2YI92	matt	time	70.44
V2YI92	mtmalign	lddt	0.405325
V2YI92	mtmalign	lddt_columns	257/692
V2YI92	mtmalign	time	9.99
V2YI92	muscle	lddt	0.719179
V2YI92	muscle	lddt_columns	140/192
V2YI92	muscle	time	0.87
V2YI92	mustang	lddt	0.661927
V2YI92	mustang	lddt_columns	156/232
V2YI92	mustang	time	27.06
V2YI92	usalign	lddt	0.389749
V2YI92	usalign	lddt_columns	269/635
V2YI92	usalign	time	2.80
W0E3L2	3dcoffee	lddt	0.737931
W0E3L2	3dcoffee	lddt_columns	322/335
W0E3L2	3dcoffee	time	545.74
W0E3L2	caretta	lddt	0.615311
W0E3L2	caretta	lddt_columns	333/333
W0E3L2	caretta	time	90.86
W0E3L2	clustalo	lddt	0.570110
W0E3L2	clustalo	lddt_columns	400/455
W0E3L2	clustalo	time	0.46
W0E3L2	famsa	lddt	0.666829
W0E3L2	famsa	lddt_columns	343/383
W0E3L2	famsa	time	0.18
W0E3L2	foldmason	lddt	0.696323
W0E3L2	foldmason	lddt_columns	340/362
W0E3L2	foldmason	time	0.47
W0E3L2	foldmason_refine100	lddt	0.697489
W0E3L2	foldmason_refine100	lddt_columns	340/349
W0E3L2	foldmason_refine100	time	5.03
W0E3L2	mafft	lddt	0.597162
W0E3L2	mafft	lddt_columns	392/437
W0E3L2	mafft	time	1.46
W0E3L2	matt	lddt	0.417690
W0E3L2	matt	lddt_columns	452/1725
W0E3L2	matt	time	1020.97
W0E3L2	mtmalign	lddt	0.453647
W0E3L2	mtmalign	lddt_columns	435/1575
W0E3L2	mtmalign	time	46.90
W0E3L2	muscle	lddt	0.569167
W0E3L2	muscle	lddt_columns	396/517
W0E3L2	muscle	time	4.25
W0E3L2	mustang	lddt	0.505415
W0E3L2	mustang	lddt_columns	449/741
W0E3L2	mustang	time	300.62
W0E3L2	usalign	lddt	0.410199
W0E3L2	usalign	lddt_columns	553/1195
W0E3L2	usalign	time	21.95
W1PFB2	3dcoffee	lddt	0.602661
W1PFB2	3dcoffee	lddt_columns	621/720
W1PFB2	3dcoffee	time	1131.78
W1PFB2	caretta	lddt	0.525138
W1PFB2	caretta	lddt_columns	637/659
W1PFB2	caretta	time	120.34
W1PFB2	clustalo	lddt	0.590747
W1PFB2	clustalo	lddt_columns	614/656
W1PFB2	clustalo	time	1.07
W1PFB2	famsa	lddt	0.576429
W1PFB2	famsa	lddt_columns	610/757
W1PFB2	famsa	time	0.32
W1PFB2	foldmason	lddt	0.590789
W1PFB2	foldmason	lddt_columns	618/653
W1PFB2	foldmason	time	0.66
W1PFB2	foldmason_refine100	lddt	0.590789
W1PFB2	foldmason_refine100	lddt_columns	618/653
W1PFB2	foldmason_refine100	time	12.29
W1PFB2	mafft	lddt	0.595561
W1PFB2	mafft	lddt_columns	612/784
W1PFB2	mafft	time	2.87
W1PFB2	matt	lddt	0.398353
W1PFB2	matt	lddt_columns	792/2330
W1PFB2	matt	time	3258.02
W1PFB2	mtmalign	lddt	0.495081
W1PFB2	mtmalign	lddt_columns	711/1958
W1PFB2	mtmalign	time	143.53
W1PFB2	muscle	lddt	0.605511
W1PFB2	muscle	lddt_columns	590/858
W1PFB2	muscle	time	8.56
W1PFB2	mustang	lddt	0.555282
W1PFB2	mustang	lddt_columns	657/1035
W1PFB2	mustang	time	1240.21
W1PFB2	usalign	lddt	0.525532
W1PFB2	usalign	lddt_columns	702/1331
W1PFB2	usalign	time	42.43
W7QDU7	3dcoffee	lddt	0.719601
W7QDU7	3dcoffee	lddt_columns	334/360
W7QDU7	3dcoffee	time	570.10
W7QDU7	caretta	lddt	0.699841
W7QDU7	caretta	lddt_columns	335/344
W7QDU7	caretta	time	85.46
W7QDU7	clustalo	lddt	0.670728
W7QDU7	clustalo	lddt_columns	344/371
W7QDU7	clustalo	time	0.54
W7QDU7	famsa	lddt	0.688984
W7QDU7	famsa	lddt_columns	336/380
W7QDU7	famsa	time	0.24
W7QDU7	foldmason	lddt	0.685830
W7QDU7	foldmason	lddt_columns	345/350
W7QDU7	foldmason	time	0.48
W7QDU7	foldmason_refine100	lddt	0.700540
W7QDU7	foldmason_refine100	lddt_columns	338/345
W7QDU7	foldmason_refine100	time	7.28
W7QDU7	mafft	lddt	0.705285
W7QDU7	mafft	lddt_columns	333/362
W7QDU7	mafft	time	1.41
W7QDU7	matt	lddt	0.545767
W7QDU7	matt	lddt_columns	430/771
W7QDU7	matt	time	5270.75
W7QDU7	mtmalign	lddt	0.621327
W7QDU7	mtmalign	lddt_columns	391/641
W7QDU7	mtmalign	time	50.89
W7QDU7	muscle	lddt	0.686675
W7QDU7	muscle	lddt_columns	334/396
W7QDU7	muscle	time	4.49
W7QDU7	mustang	lddt	0.670330
W7QDU7	mustang	lddt_columns	359/478
W7QDU7	mustang	time	367.23
W7QDU7	usalign	lddt	0.714692
W7QDU7	usalign	lddt_columns	334/463
W7QDU7	usalign	time	23.06
