tRNA-synt_1d_C	foldmason	0.9491525423728814
PNTB	foldmason	0.9942857142857143
PGAM	foldmason	0.854054054054054
DUF28	foldmason	0.8463251670378619
adh	foldmason	0.9973190348525469
PEPCK_ATP	foldmason	0.9759999999999999
Cys_Met_Meta_PP	foldmason	0.9306666666666666
blmb	foldmason	0.715
mcp2	foldmason	0.9645390070921985
Glyco_hydro_19	foldmason	0.995850622406639
Filamin	foldmason	0.8588235294117647
DEAD	foldmason	0.6158536585365852
Mur_ligase_C	foldmason	0.75
cat	foldmason	0.985200845665962
MutS_D2	foldmason	0.9224489795918367
mmob_upper	foldmason	0.8342857142857142
lamb	foldmason	0.9006622516556292
TIG	foldmason	0.9875
ADF	foldmason	0.9398496240601504
cyto	foldmason	1.0
ltb	foldmason	0.9738219895287958
Toprim	foldmason	0.7848101265822784
igvar-l	foldmason	0.949771689497717
Thioesterase	foldmason	0.7796610169491525
tRNA-synt_1d_M	foldmason	0.9035222052067381
svmp	foldmason	1.0
pili_assembly	foldmason	0.8042328042328043
fer2	foldmason	0.7570621468926554
A2M_A	foldmason	0.9498069498069497
Asp_Glu_race	foldmason	0.724220623501199
PGM_PMM_II	foldmason	0.963963963963964
GGL	foldmason	1.0
Orn_DAP_Arg_deC	foldmason	0.9444444444444443
TIR	foldmason	0.8913043478260869
cah	foldmason	0.8843813387423936
Aldolase_II	foldmason	0.975609756097561
piplc	foldmason	0.9176470588235294
RhoGAP	foldmason	0.9355742296918768
transketolase_C	foldmason	0.9075630252100839
mmp	foldmason	0.9683544303797469
phosfruc	foldmason	0.9968553459119497
Hint	foldmason	0.9558823529411765
PX	foldmason	0.8148148148148148
Sec7	foldmason	1.0
AlaDh_PNT_D2	foldmason	0.9632107023411371
ACPS	foldmason	0.8
egf	foldmason	0.6376811594202899
Rho_GDI	foldmason	0.9926470588235294
Endonuclease_3	foldmason	0.953771289537713
Band_41_NME	foldmason	0.960747663551402
PCNA	foldmason	0.9919354838709677
dCMP_cyt_deam	foldmason	0.9029126213592235
Ribosomal_L6	foldmason	0.9375
cytochrome_b	foldmason	0.9947089947089947
Agglutinin	foldmason	0.9347826086956521
Pertussis_S2S3_N	foldmason	1.0
Ribosomal_L1	foldmason	0.7970297029702971
MCR_alpha	foldmason	0.9963636363636363
mdd	foldmason	0.9933949801849405
Lipase_3	foldmason	0.9448818897637795
cks	foldmason	0.7819548872180451
igV	foldmason	0.892018779342723
INTERFERON_A_B_D	foldmason	0.918238993710692
planttoxin	foldmason	1.0
kazal	foldmason	0.7499999999999999
NO_synthase	foldmason	1.0
Bac_rhodopsin	foldmason	0.9767441860465116
GAF	foldmason	0.9541984732824428
Thr_dehydrat_C	foldmason	0.6615384615384614
PK	foldmason	0.9643243243243244
ppase	foldmason	0.9212827988338192
PCMT	foldmason	0.9658536585365853
Malate_synthase	foldmason	0.9687964338781575
MutS_D3	foldmason	0.981203007518797
UPF0076	foldmason	0.991869918699187
SAM_PNT	foldmason	0.8322147651006712
DNA_photolyase	foldmason	0.9649122807017544
CBS	foldmason	0.8524590163934426
fer4	foldmason	0.5238095238095238
malt_amylase_NC	foldmason	0.9948364888123924
Kchannel	foldmason	0.865979381443299
urease_gamma	foldmason	1.0
bowman	foldmason	1.0
Glyco_hydro_18	foldmason	0.9259796806966618
cytprime	foldmason	0.931726907630522
MutS_NC	foldmason	0.9357541899441342
cpn60_TCP1	foldmason	0.8065843621399176
ANATO	foldmason	1.0
Glyco_hydro_20	foldmason	0.8532110091743119
HSP20	foldmason	0.8018018018018017
Sm	foldmason	0.9411764705882353
cytochr_c552	foldmason	0.9978354978354979
RNA_dep_RNA_pol	foldmason	0.8747967479674796
EGF_Lam	foldmason	0.7878787878787878
cbm12	foldmason	0.8461538461538461
Ferrochelatase	foldmason	0.9576547231270358
ATP-synt_DE_N	foldmason	0.9696969696969696
Cytidylyltransf	foldmason	0.8170212765957446
SSB	foldmason	0.9617486338797815
S_T_dehydratase	foldmason	0.8240740740740741
GHMP_kinases_C	foldmason	0.6171875
Staphylokinase	foldmason	0.41284403669724773
Lyase_8	foldmason	0.9165048543689319
PBP_NC	foldmason	0.9922480620155039
AhpC-TSA	foldmason	0.8834355828220859
S4	foldmason	1.0
Apocytochrome_F	foldmason	0.9879518072289156
Colicin_Pyocin	foldmason	0.9879518072289156
DSPc	foldmason	0.9122807017543859
Ribosomal_S5_C	foldmason	1.0
Bet_v_I	foldmason	1.0
lyase_1	foldmason	0.9706546275395034
acyo	foldmason	0.9844559585492229
trfl	foldmason	1.0
DNA_ligase_C	foldmason	0.8974358974358975
fibrinogen_C	foldmason	0.9460154241645243
Sec1	foldmason	0.9587727708533077
Sulfatase	foldmason	0.8526434195725533
Fe_dep_repr_M	foldmason	1.0
GA	foldmason	0.9807692307692307
CYCc	foldmason	0.9235127478753541
protg	foldmason	0.9016393442622951
NADHdh_2	foldmason	0.9695652173913043
GFO_IDH_MocA_NC	foldmason	0.8607142857142858
DHOdehase	foldmason	0.9484536082474226
MM_CoA_mutase	foldmason	0.4701195219123505
Zn_dep_PLPC	foldmason	0.9144144144144143
aadh	foldmason	0.8823529411764706
sh3	foldmason	0.5439999999999999
gpr	foldmason	0.9795918367346939
plantltp	foldmason	0.9608938547486034
Ala_racemase_N	foldmason	0.8787878787878788
RNase_U2	foldmason	0.9929577464788732
chromo	foldmason	0.8181818181818182
pec_lyase	foldmason	0.724960254372019
TNFR_c6	foldmason	0.6936416184971098
cystatin	foldmason	0.7636363636363638
recA	foldmason	1.0
LIF_OSM	foldmason	0.9733333333333334
S-AdoMet_synt	foldmason	1.0
Amidase	foldmason	0.9185185185185185
MAAL_N	foldmason	1.0
cpa	foldmason	0.9609507640067912
Cu_bind_like	foldmason	0.8795811518324607
zf-CCHC	foldmason	1.0
prt	foldmason	0.8244274809160306
CARD	foldmason	0.9050279329608939
DAHP_synth_1	foldmason	0.8666666666666667
CCP_MauG_NC	foldmason	0.8941176470588236
ghf16	foldmason	1.0
PEP-utilizers	foldmason	0.78
bontoxilysin	foldmason	0.9625151148730351
NTP_transferase	foldmason	0.8728813559322034
MM_CoA_mutase_N	foldmason	0.95512082853855
CPS	foldmason	0.7263427109974424
ModE_C	foldmason	0.920152091254753
ribonuclease_T2	foldmason	0.823529411764706
TrkA-N	foldmason	0.8941176470588235
Dwarfin	foldmason	0.989247311827957
TmpK	foldmason	0.8432432432432434
ferritin	foldmason	0.9933774834437086
ghf11	foldmason	0.9408450704225352
arginase	foldmason	0.9694915254237289
CUB	foldmason	0.9493087557603688
SIR2	foldmason	0.8525252525252525
Cys-protease-3C	foldmason	0.9022988505747126
Bacterial_PQQ	foldmason	0.9494949494949495
EFG_IV	foldmason	0.9661016949152542
NHase_beta	foldmason	0.9104477611940299
S-AdoMet_syntD2	foldmason	1.0
avi	foldmason	0.9606986899563318
SAP	foldmason	1.0
Dehydratase_LU	foldmason	0.9981851179673321
SRF-TF	foldmason	0.8805970149253731
hom	foldmason	0.9090909090909091
HIT	foldmason	0.8177339901477833
ghf18	foldmason	0.5412262156448202
flavbb	foldmason	0.9851190476190477
hormone_rec	foldmason	0.7888631090487238
HMG-CoA_red	foldmason	0.8301329394387001
CBD_2	foldmason	0.7441860465116278
lipase	foldmason	0.9920903954802259
squash	foldmason	0.6545454545454545
Uricase	foldmason	0.8981132075471698
COX2	foldmason	0.9736842105263158
Terpene_synth_C	foldmason	0.987220447284345
dutpase	foldmason	0.923728813559322
DNA_methylase	foldmason	0.8217821782178218
pilin	foldmason	0.5120772946859904
SHMT	foldmason	0.9783132530120482
SAM	foldmason	0.9503546099290779
Tymo_coat	foldmason	0.9657320872274143
Cutinase	foldmason	0.872093023255814
Transglutamin_C	foldmason	0.8947368421052632
Phage_integrase	foldmason	0.7987421383647798
PGM_PMM_I	foldmason	0.9706666666666668
prenyltrans	foldmason	0.6804835924006909
PTB	foldmason	0.8559322033898306
sh2	foldmason	0.8586387434554974
gln-synt_N	foldmason	0.9847715736040609
Nitrophorin	foldmason	0.9775280898876404
aabp	foldmason	0.8949771689497716
kringle	foldmason	0.9605263157894737
cys	foldmason	0.9134615384615384
glnasn	foldmason	0.9905660377358491
NHase_alpha	foldmason	0.9711286089238844
PPTA	foldmason	0.8561151079136691
Dala_Dala_ligas	foldmason	0.9286898839137645
gag_p17	foldmason	0.985645933014354
Furin-like	foldmason	0.7224669603524229
ENTH	foldmason	0.8452830188679246
sdr	foldmason	0.8836104513064134
Spermine_synth	foldmason	0.9807692307692307
bv	foldmason	0.35738831615120276
Dala_Dala_ligas_C	foldmason	0.9443099273607748
Bac_DNA_binding	foldmason	0.9859154929577465
Ribosomal_L2_N	foldmason	0.8976377952755906
UreE	foldmason	0.8787878787878788
COX3	foldmason	0.9613259668508287
CBD_3	foldmason	0.8764044943820225
B_lectin	foldmason	1.0
blm	foldmason	0.9724409448818898
S-AdoMet_syntD3	foldmason	0.9791666666666666
ETF_alpha	foldmason	1.0
Ribosomal_L30	foldmason	0.9827586206896551
PPDK_N_term	foldmason	0.9510869565217391
HGTP_anticodon	foldmason	0.9947089947089947
stpp	foldmason	0.9424083769633508
SRP54	foldmason	0.9675090252707581
GSH_synthase	foldmason	0.9901960784313726
rrm	foldmason	0.9315068493150684
intb	foldmason	0.8786610878661089
dTDP_sugar_isom	foldmason	0.988950276243094
ghf10	foldmason	0.9608177172061328
tRNA-synt_1	foldmason	0.871139510117146
NiFeSe_Hases	foldmason	0.9905482041587902
CN_hydrolase	foldmason	0.9190207156308852
hemopexin	foldmason	0.9289617486338798
GSH_synthase_NC	foldmason	0.9553862894450489
Pro_CA	foldmason	0.8779220779220778
BIR	foldmason	0.5595854922279794
VAT-Nn	foldmason	0.942528735632184
Fe_hyd_SSU	foldmason	0.9310344827586206
GerE	foldmason	0.9612403100775193
asp	foldmason	0.9008130081300814
ARID	foldmason	0.5759162303664922
GATA	foldmason	1.0
Ald_Xan_dh_1	foldmason	0.9902912621359222
ghf17	foldmason	0.978512396694215
kunitz	foldmason	1.0
helicase_NC	foldmason	0.4012345679012346
Ribosomal_S15	foldmason	1.0
LEM	foldmason	0.9052631578947369
ghf28	foldmason	0.9420731707317073
MHC_II_C	foldmason	0.9393939393939394
mmob_lower	foldmason	0.994750656167979
ghf6	foldmason	0.8402154398563735
DHH	foldmason	0.9945652173913043
ghf1	foldmason	0.8748510131108461
spidertoxin	foldmason	0.8478260869565218
Methyltransf_2	foldmason	0.9506172839506173
ptpase	foldmason	0.9622641509433962
GHMP_kinases	foldmason	0.7327433628318584
BRCT	foldmason	0.913907284768212
Hpr_kinase	foldmason	0.9530201342281879
tetR	foldmason	0.921875
Glyco_transf_6	foldmason	0.9645669291338581
capsid_c	foldmason	1.0
DHDPS	foldmason	0.9896551724137931
XPG_NI	foldmason	0.8661417322834646
DNA_ligase	foldmason	0.8587570621468926
Ribosomal_S30AE	foldmason	0.983957219251337
lipocalin	foldmason	0.7430340557275542
Peptidase_C15	foldmason	1.0
EFTU_2	foldmason	0.9473684210526314
TyrKc	foldmason	0.9400749063670412
PARP	foldmason	0.9906103286384976
alpha-amylase_N	foldmason	0.9830508474576272
Ribosomal_L12	foldmason	1.0
Band_41_M	foldmason	0.935960591133005
thymid_phosphorylase	foldmason	0.9930715935334873
molybdopterin	foldmason	0.7420109119251754
pro_aminopeptidase	foldmason	0.9935897435897436
C1q	foldmason	0.9508196721311475
CoA_binding	foldmason	0.979253112033195
PDGF	foldmason	0.8819875776397514
Glyco_transf_8	foldmason	0.7
transcript_fac2	foldmason	0.9633507853403142
FAD_binding_2	foldmason	0.891280947255113
FYVE	foldmason	1.0
Egg_lysin	foldmason	1.0
FAD-oxidase_C	foldmason	0.4598698481561822
EFG_C	foldmason	0.9777777777777777
Ribosomal_S7	foldmason	0.9541984732824428
FAD_binding_5	foldmason	0.9683098591549295
Sua5_yciO_yrdC	foldmason	0.8813559322033898
SIS	foldmason	0.8990825688073394
Pep_deformylase	foldmason	0.96875
aldosered	foldmason	0.8146788990825687
rub	foldmason	1.0
psaA_psaB	foldmason	0.9480614484272127
HATPase_c	foldmason	0.6871508379888268
GP120	foldmason	1.0
porin	foldmason	0.8022181146025879
lh2	foldmason	0.7916666666666666
Lyase_8_NC	foldmason	0.8611764705882352
MCR_alpha_N	foldmason	0.981203007518797
igC1	foldmason	0.9583333333333334
Fapy_DNA_glyco	foldmason	0.9883268482490273
Cytochrome_C1_C	foldmason	1.0
galpha	foldmason	0.9834983498349835
RNA_pol_N	foldmason	0.8411214953271028
subt	foldmason	0.6956521739130436
CytoC_RC	foldmason	0.9019607843137256
Arg_repressor_N	foldmason	0.9763779527559054
phycoerythr_ab	foldmason	0.9848484848484849
RrnaAD	foldmason	0.9333333333333333
malic_C	foldmason	0.9824561403508771
Clp_N	foldmason	0.96875
parv	foldmason	0.9523809523809524
EF1BD	foldmason	0.8160919540229884
DEATH	foldmason	0.6918918918918919
ldh	foldmason	0.8846815834767642
uce	foldmason	0.8595744680851064
CH	foldmason	0.8542713567839195
TMV_coat	foldmason	0.8580645161290322
transketolase_PC	foldmason	0.8626086956521739
Ribosomal_L14	foldmason	0.9745762711864406
MIF4G	foldmason	0.7084468664850136
Flavoprotein	foldmason	0.9135802469135802
RNase_HII	foldmason	0.9607843137254901
PHBH	foldmason	0.889487870619946
Inos-1-P_synth	foldmason	0.764612954186414
ghf9	foldmason	0.8962148962148963
PBP_GOBP	foldmason	0.4585365853658537
DNA_PPF	foldmason	0.6455026455026454
Epimerase	foldmason	0.8662207357859532
Heme_oxygenase	foldmason	1.0
e3	foldmason	1.0
Orbi_VP7	foldmason	0.992
ndk	foldmason	1.0
Amidase_2	foldmason	0.7049808429118773
ghf33	foldmason	0.9090909090909092
eIF6	foldmason	0.9864253393665159
ghf7	foldmason	0.9366106080206986
trans_reg_C	foldmason	0.923076923076923
serbact	foldmason	0.953929539295393
Syntaxin	foldmason	0.6351931330472103
profilin	foldmason	0.9590163934426229
FN1	foldmason	0.9318181818181818
rvp	foldmason	0.8877551020408163
ghf34	foldmason	0.95
cryst	foldmason	0.9408284023668639
Peptidase_C2_D2	foldmason	0.9338521400778211
Ribosomal_L22	foldmason	0.9252336448598131
gluts	foldmason	1.0
Jacalin	foldmason	1.0
PARP_reg	foldmason	0.9921875
HMA	foldmason	1.0
Peptidase_M24	foldmason	0.832244008714597
isoamylase_N	foldmason	0.9302325581395349
DISIN	foldmason	1.0
TPK	foldmason	0.9168356997971602
phosphotriesterase	foldmason	0.9233449477351916
EFTU_C	foldmason	1.0
Ribosomal_S8	foldmason	0.9725490196078432
Pept_C1-like	foldmason	0.9762174405436015
enolase	foldmason	0.9953703703703703
helicase_C	foldmason	0.6829268292682927
p450	foldmason	0.8544726301735648
isoamylase_NC	foldmason	0.8585558852621168
integrase	foldmason	0.9019607843137255
RNA_pol_H	foldmason	0.8840579710144927
Arginosuc_synth	foldmason	0.9761904761904762
recA_C	foldmason	1.0
TPK_catalytic	foldmason	0.8730650154798761
FAD_binding_4	foldmason	0.7012987012987013
FAA_hydrolase	foldmason	0.9435897435897436
URO-D	foldmason	0.9824561403508771
aminobp	foldmason	0.997093023255814
Desulfoferrodox	foldmason	0.8587570621468926
Transpeptidase	foldmason	0.9746031746031746
C1	foldmason	0.9782608695652174
DAO	foldmason	0.934375
dNK	foldmason	0.9639175257731959
CIDE-N	foldmason	0.8121212121212121
phc	foldmason	0.8650306748466259
ChtBD	foldmason	0.9500000000000001
SPEC	foldmason	0.9484536082474228
ATP-gua_Ptrans	foldmason	0.8579626972740315
Amino_oxidase_D2	foldmason	0.8440366972477065
VHS	foldmason	0.9577464788732394
RNA_pol_A_CTD	foldmason	1.0
WD40	foldmason	0.8910256410256411
TPK_B1_binding	foldmason	0.9411764705882353
Glyco_hydro_67	foldmason	0.9635258358662614
Mu_DNA_bind	foldmason	0.8955223880597014
Arthro_defensin	foldmason	0.8571428571428572
Ricin_B_lectin	foldmason	1.0
hormone5	foldmason	0.9036144578313252
citrate_synt	foldmason	0.9239280774550485
LuxS	foldmason	0.9608540925266905
adeno_fiber	foldmason	0.9497206703910613
tgfb	foldmason	0.8392857142857144
PGI	foldmason	0.8688327316486161
Lipoprotein_4	foldmason	0.968342644320298
TGT	foldmason	0.9487951807228916
START	foldmason	0.9743589743589743
ICL	foldmason	0.9511889862327909
SAICAR_synt	foldmason	0.8778054862842893
Orn_Arg_deC_N	foldmason	1.0
Astacin	foldmason	0.9792746113989638
5_3_exonuclease	foldmason	0.669603524229075
kex	foldmason	0.8635235732009925
Phage_G	foldmason	0.9825581395348837
tRNA-synt_1d	foldmason	0.865616311399444
tms	foldmason	0.9523809523809524
Recep_L_domain	foldmason	0.7142857142857142
SpoU_methylase_C	foldmason	0.94
arrestin_NC	foldmason	0.9744318181818182
tRNA-synt_1c	foldmason	0.9230769230769231
Peptidase_S11	foldmason	0.974025974025974
AP_endonucleas1	foldmason	0.9258517034068137
tRNA-synt_1_edit	foldmason	0.9347826086956522
tyrosinase	foldmason	0.8410462776659959
annexin	foldmason	1.0
ALAD	foldmason	0.9803921568627451
PBD	foldmason	0.29824561403508765
il8	foldmason	0.6771653543307087
PBP_C2	foldmason	1.0
Ham1p_like	foldmason	0.9111111111111111
SLT_beta	foldmason	1.0
ACT	foldmason	0.8025477707006369
tRNA-synt_2b	foldmason	0.837719298245614
sodcu	foldmason	0.917562724014337
PDZ	foldmason	0.9585798816568047
internalin	foldmason	0.7542087542087541
myb_DNA-binding	foldmason	0.7272727272727272
BChl_A	foldmason	0.997134670487106
serpin	foldmason	0.9395218002812941
CoA_trans	foldmason	0.957345971563981
E2_N	foldmason	0.9534883720930233
utg	foldmason	1.0
PKD	foldmason	0.8662420382165605
Acetyltransf	foldmason	0.748031496062992
trp_syntA	foldmason	0.8935281837160751
pentraxin	foldmason	0.9950980392156863
NTP_transf_2_2	foldmason	0.8214285714285714
Bac_globin	foldmason	1.0
DHHA2	foldmason	0.9957446808510638
GXGXG	foldmason	0.9887218045112782
alk_phosphatase	foldmason	0.8302354399008673
PAX	foldmason	1.0
DEFSN	foldmason	0.9090909090909091
DUF50	foldmason	0.9158878504672897
T-box	foldmason	0.9888268156424581
Peptidase_S15_C	foldmason	0.8603988603988605
Pertussis_S2S3_NC	foldmason	1.0
toxin	foldmason	0.7207207207207208
TNF	foldmason	0.915129151291513
icd	foldmason	0.8313253012048193
PBP	foldmason	0.9266666666666666
DeoC	foldmason	0.9553571428571429
Terpene_synth_NC	foldmason	0.9614243323442137
ligase-CoA_NC	foldmason	0.9921671018276762
FA58C	foldmason	0.9927536231884058
HTH_AraC_2	foldmason	1.0
vprotease	foldmason	1.0
ETF_beta	foldmason	1.0
Parvo_coat2	foldmason	0.9851024208566108
ech	foldmason	0.96045197740113
urease	foldmason	0.9964601769911504
Glyco_hydro_18_D1	foldmason	0.9447415329768271
actin	foldmason	0.8394648829431437
CC4	foldmason	0.954954954954955
Peptidase_S21	foldmason	0.8779220779220778
GLA	foldmason	0.9428571428571428
MCR_beta_NC	foldmason	1.0
alpha-amylase_NC	foldmason	0.6861143523920653
tRNA-synt_2d	foldmason	0.8409090909090909
Glucosamine_iso	foldmason	1.0
Integrase_Zn	foldmason	1.0
MutS_C	foldmason	0.9655172413793104
sodfe	foldmason	0.9823677581863981
Lyase_8_C	foldmason	0.8513513513513514
MATH	foldmason	0.9795918367346939
Dehydratase_SU	foldmason	0.9963369963369962
DPS	foldmason	0.9858156028368794
tRNA-synt_1b	foldmason	0.7212475633528265
phero	foldmason	0.9166666666666666
mthina	foldmason	1.0
PAC	foldmason	0.9903846153846154
Nitroreductase	foldmason	0.96
WW	foldmason	0.8059701492537312
Phage_F	foldmason	1.0
PEP-utilizers_NC	foldmason	0.9587449157466589
hemocyan	foldmason	0.9554794520547946
MIP	foldmason	0.7436489607390301
Arch_histone	foldmason	1.0
RA	foldmason	0.7317073170731706
Cyclodex_gly_tran	foldmason	0.9714714714714715
Glyco_hydro_47	foldmason	0.9797297297297298
Ribosomal_L18p	foldmason	0.9497206703910613
biopterin_H	foldmason	0.9966329966329966
Asn_synthase	foldmason	0.8962962962962964
GLUCAGON	foldmason	1.0
AlaDh_PNT_D1	foldmason	0.9027027027027027
recombinase	foldmason	0.8764044943820224
DNA_gyraseB_N2	foldmason	0.9487516425755584
Cucumo_coat	foldmason	0.8996763754045307
gpdh	foldmason	0.9648854961832061
thionin	foldmason	0.9333333333333333
AAA	foldmason	0.47288503253796094
Yers_vir_YopE	foldmason	0.9868995633187774
pou	foldmason	1.0
igps	foldmason	0.6970509383378016
IMPDH	foldmason	0.9786476868327402
Hydrolase	foldmason	0.9908256880733946
cyt5	foldmason	0.9937106918238994
tln	foldmason	0.9932432432432432
cpn10	foldmason	0.8602150537634409
Ribosomal_L2	foldmason	0.958490566037736
Usp	foldmason	0.9044117647058824
DNA_pol_B	foldmason	0.7948717948717949
hormone	foldmason	0.9721362229102167
ANK	foldmason	0.9836065573770492
cyclin	foldmason	0.6475770925110131
S1	foldmason	0.7846153846153845
Inh	foldmason	0.97
LBP_BPI_CETP	foldmason	0.8295454545454545
GATase_2	foldmason	0.9026548672566371
xia	foldmason	0.9440832249674902
LysR_substrate	foldmason	0.8441247002398082
DNA_polymeraseX	foldmason	0.8109756097560975
MHC_II_beta_NC	foldmason	0.9611111111111111
mmo	foldmason	1.0
L15	foldmason	0.7761194029850746
N6_N4_Mtase	foldmason	0.8469601677148847
Peptidase_A6	foldmason	0.9875
Frataxin_Cyay	foldmason	0.9433962264150944
hemery	foldmason	0.9823008849557522
tim	foldmason	1.0
KAS	foldmason	0.8928571428571428
Acetyltransf2	foldmason	0.9850187265917604
hexokinase	foldmason	0.9619377162629758
cytb	foldmason	0.8322147651006713
CPSase_L_chain	foldmason	0.6294416243654822
adk	foldmason	0.6413793103448275
Glyco_hydro_2	foldmason	0.17112299465240643
GATase	foldmason	0.957983193277311
MGS	foldmason	0.6456692913385826
GAD	foldmason	0.9583333333333334
ins	foldmason	0.7529411764705882
Trypan_glycop	foldmason	0.8247422680412372
PGM_PMM_III	foldmason	0.9824561403508771
envelope	foldmason	0.22641509433962265
ligase-CoA	foldmason	0.9224806201550387
A2M_B	foldmason	1.0
aat	foldmason	0.8090185676392574
DUF101	foldmason	0.7796610169491526
igvar-h	foldmason	0.9827586206896551
TIMP	foldmason	0.9337175792507204
Flavin_Reduct	foldmason	0.8311688311688312
int	foldmason	0.9307479224376731
reductases	foldmason	0.8167053364269142
Topoisomerase_I	foldmason	0.9765258215962441
PGM_PMM	foldmason	0.9844961240310077
igI	foldmason	0.9392265193370165
lta	foldmason	0.972972972972973
tubulin	foldmason	0.966903073286052
cdh	foldmason	1.0
tRNA-synt_1d_N	foldmason	0.75
kinase	foldmason	0.7938931297709924
Ribosomal_L4	foldmason	0.9220338983050848
QRPTase	foldmason	0.992831541218638
abhydrolase_2	foldmason	0.9674418604651163
flav	foldmason	0.8962962962962963
AP_endonuc_2	foldmason	0.6778242677824268
DNA_ligase_N	foldmason	0.9475409836065574
HMG_box	foldmason	0.9722222222222222
GroEL	foldmason	0.9559748427672956
dpo1	foldmason	0.8376865671641791
Rhodanese	foldmason	0.8250000000000001
FTR	foldmason	0.8220338983050847
HSF_DNA-bind	foldmason	0.975609756097561
gdh	foldmason	0.8594249201277955
proteasome	foldmason	0.7799999999999999
Rop	foldmason	0.9914529914529915
Glyco_hydro_48	foldmason	0.9845904298459044
Ribosomal_S5_N	foldmason	0.9618320610687023
seatoxin	foldmason	0.6329113924050633
Pertussis_S2S3	foldmason	1.0
pot	foldmason	0.9838709677419355
THF_DHG_CYH	foldmason	0.978494623655914
EPSP_syntase	foldmason	0.8575
sugbp	foldmason	0.9703703703703703
SpoU_methylase	foldmason	0.7601809954751131
rvintegrase	foldmason	0.9516129032258064
peroxidase	foldmason	0.922509225092251
PEP-utilizers_C	foldmason	0.9626556016597511
oat	foldmason	0.9056122448979592
GHMP_kinases_N	foldmason	0.7733333333333333
aldedh	foldmason	0.9309941520467837
Pectinesterase	foldmason	0.934931506849315
DUF153	foldmason	0.9560975609756097
AFOR	foldmason	0.9847972972972973
MDH	foldmason	1.0
gln-synt_NC	foldmason	0.9763440860215054
cyt3	foldmason	0.864321608040201
acid_phosphat	foldmason	0.765079365079365
STAS	foldmason	0.8036529680365296
Tautomerase	foldmason	1.0
tryp_alpha_amyl	foldmason	0.8944723618090452
arrestin_C	foldmason	0.988950276243094
Invasin	foldmason	0.907103825136612
STAT	foldmason	0.9695290858725762
PH	foldmason	0.5504587155963303
Seedstore_7s	foldmason	0.9703264094955489
Anperoxidase	foldmason	0.8067415730337079
MBD	foldmason	0.803030303030303
ltn	foldmason	0.8468468468468467
UPF0044	foldmason	1.0
pcd	foldmason	0.8068181818181818
PABP	foldmason	1.0
cytc	foldmason	0.9702970297029703
FAD_binding	foldmason	0.9148514851485149
MSP_domain	foldmason	1.0
Amino_oxidase	foldmason	0.8175355450236967
rep	foldmason	0.832
phoslip	foldmason	0.9652173913043478
6PF2K	foldmason	1.0
Fe_hyd_lg_C	foldmason	0.9655172413793104
IMS	foldmason	0.9948979591836735
TIL	foldmason	0.5504587155963302
GAL4	foldmason	1.0
ku	foldmason	0.749731471535983
Transglutamin_NC	foldmason	0.9387442572741195
formyl_transf	foldmason	0.8353658536585366
Asn_synthase_NC	foldmason	0.8590909090909091
HLH	foldmason	0.8521739130434783
il10	foldmason	1.0
NTP_transf_2_N2	foldmason	0.9758241758241758
Peptidase_S9	foldmason	0.9169960474308301
ghf15	foldmason	0.9511627906976745
Esterase	foldmason	0.9946332737030412
PAP2	foldmason	0.9441723800195886
Bcl-2	foldmason	0.755700325732899
Mur_ligase	foldmason	0.776536312849162
WH1	foldmason	0.9903846153846154
Cu-oxidase	foldmason	0.9217577706323686
aldose	foldmason	0.9823529411764705
pp-binding	foldmason	0.5342465753424657
PA_phosphatase	foldmason	0.8914728682170542
YgbB	foldmason	0.8484848484848485
LDLa	foldmason	0.8157894736842105
hip	foldmason	0.9859154929577465
COX1	foldmason	0.9841269841269841
Prismane	foldmason	0.9813780260707635
LIM	foldmason	0.92
MCR_beta_N	foldmason	1.0
msb	foldmason	0.7788461538461539
hla	foldmason	1.0
CCP_MauG_C	foldmason	0.9395973154362416
AlaDh_PNT	foldmason	0.937125748502994
eIF-1a	foldmason	0.6709677419354839
bac_luciferase	foldmason	0.8221709006928405
Asp_Glu_race_D	foldmason	0.6763285024154589
PRK	foldmason	0.7743589743589745
mycin	foldmason	0.9369369369369369
biotin_lipoyl	foldmason	0.7777777777777778
thiored	foldmason	0.9722222222222222
ung	foldmason	1.0
RRF	foldmason	0.7808988764044944
CBD_6	foldmason	0.9065743944636678
Ribosomal_L6_D	foldmason	0.8652482269503546
FolB	foldmason	0.9658119658119658
Cu_amine_oxid	foldmason	0.9489291598023064
DEP	foldmason	0.6885245901639343
MAAL_C	foldmason	0.9872881355932204
CBM_20	foldmason	0.8272251308900523
gln-synt	foldmason	0.9740791268758527
MoCF_biosynth	foldmason	0.8029197080291971
nir	foldmason	0.9962825278810409
DNA_mis_repair_M	foldmason	0.9523809523809523
MAAL	foldmason	0.9923664122137404
Topoisomerase_I_core	foldmason	0.7799043062200958
UPP_synthetase	foldmason	0.9952153110047847
lipoxygenase	foldmason	0.9963985594237695
IU_nuc_hydro	foldmason	0.9935897435897436
Cohesin	foldmason	0.9782608695652174
KSI	foldmason	1.0
OTCace	foldmason	0.9380530973451328
ADP_PFK_GK	foldmason	0.9731621936989497
TFIIS	foldmason	0.9484536082474228
MYSc	foldmason	0.8306092124814265
ghf46	foldmason	0.8306997742663657
Phage_lysozyme	foldmason	0.9785932721712537
Alpha_adaptinC12	foldmason	0.47222222222222227
Peripla_BP_2	foldmason	0.8977035490605428
dhfr	foldmason	0.8652037617554859
csp	foldmason	1.0
hr	foldmason	1.0
Alpha_adaptinC2	foldmason	0.8401826484018264
aconitase	foldmason	0.9082007343941249
DMRL_synthase	foldmason	0.8776978417266187
TRANSTHYRETIN	foldmason	1.0
fbpase	foldmason	0.9935275080906149
Glu_syn_central	foldmason	0.9836734693877551
TBCA	foldmason	0.7619047619047619
cNMP	foldmason	0.8608695652173913
ghf22	foldmason	0.9262295081967213
VAT-Nc	foldmason	0.7417218543046358
Colicin	foldmason	0.7830985915492958
Peptidase_M17_N	foldmason	0.75
Ald_Xan_dh_2	foldmason	0.9015317286652078
Cytochrome_C1	foldmason	0.9593147751605996
ghf14	foldmason	0.9555273189326556
ISP	foldmason	0.8383838383838383
Beta_elim_lyase	foldmason	0.9882352941176471
SUI1	foldmason	0.8774193548387098
SKI	foldmason	0.9698996655518394
IF4E	foldmason	0.7167630057803468
ribokinase	foldmason	0.902229845626072
aspg	foldmason	0.9739776951672863
Ribosomal_L2_C	foldmason	0.9696969696969697
ALBUMIN	foldmason	0.8306878306878307
Penicil_amidase	foldmason	0.7277147487844408
prc	foldmason	0.3935275080906149
Rotamase	foldmason	0.8295454545454547
Dala_Dala_ligas_N	foldmason	0.9574468085106385
Cytidylyl_trans	foldmason	0.7794117647058824
UCR_TM	foldmason	0.8965517241379309
G6PD	foldmason	0.9297297297297298
zf-TAZ	foldmason	0.7058823529411765
S-AdoMet_synt_NC	foldmason	0.9945054945054945
SBP_bacterial_1	foldmason	0.7260504201680671
HCV_NS3	foldmason	0.9947089947089947
PAF-AH	foldmason	1.0
MCR_alpha_NC	foldmason	0.9870609981515711
ACBP	foldmason	0.9761904761904763
slectin	foldmason	0.9609375
TrpBP	foldmason	1.0
RuBisCO_small	foldmason	0.9951219512195122
UBQ	foldmason	1.0
fer4_NifH	foldmason	0.9962825278810409
G6PD_NC	foldmason	0.9305263157894738
GTP_cyclohydroI	foldmason	0.935064935064935
DSBA	foldmason	0.9523809523809524
cat3	foldmason	0.7202072538860103
ModA	foldmason	0.930957683741648
UBX	foldmason	0.7814569536423841
az	foldmason	0.8380952380952381
zf-CCHH	foldmason	1.0
KH	foldmason	0.9859154929577465
transket_pyr	foldmason	0.8597560975609756
Ribonuclease_P	foldmason	0.918918918918919
transketolase	foldmason	0.9078726968174203
alpha-amylase	foldmason	0.6367851622874807
GBP_PSP	foldmason	0.909090909090909
Transglutamin_N	foldmason	0.9398496240601504
PMSR	foldmason	0.9893617021276596
CCP_MauG	foldmason	0.8571428571428572
Terpene_synth_N	foldmason	0.96875
6PGD	foldmason	0.9494079655543596
Peptidase_M17	foldmason	0.9905956112852664
malic_N	foldmason	0.9959677419354839
Arg_repressor_C	foldmason	0.9714285714285714
thiolase	foldmason	0.705685618729097
Activin_recp	foldmason	0.5844155844155844
Cytochrome_C1_N	foldmason	0.9490616621983915
rnase	foldmason	0.9901960784313726
fkbp	foldmason	0.9537037037037037
XPG_C	foldmason	0.9814814814814815
IRF	foldmason	0.9029126213592235
Extradiol_dioxy	foldmason	0.929368029739777
SRP19	foldmason	0.8571428571428571
igcon	foldmason	0.8387096774193549
HPPK	foldmason	0.9648562300319489
glob	foldmason	0.6940298507462687
C4	foldmason	0.9910313901345291
SRP54M	foldmason	0.9197860962566845
Haloperoxidase	foldmason	0.7642585551330799
G6PD_C	foldmason	0.9401408450704226
Fe_dep_repress	foldmason	0.9917355371900827
DnaJ	foldmason	0.9452054794520548
SAM_decarbox	foldmason	0.9448275862068966
Amidinotransferase	foldmason	0.9037900874635568
Me-amine-deh_L	foldmason	0.9917355371900827
bac_lipase	foldmason	0.9392971246006389
inositol_P	foldmason	0.6816720257234726
igC2	foldmason	0.5652173913043478
asprs	foldmason	0.952054794520548
fabp	foldmason	0.943089430894309
ghf2	foldmason	0.856060606060606
MHC_II_alpha_NC	foldmason	0.935933147632312
arrestin	foldmason	0.9705882352941176
Urease_beta	foldmason	1.0
Methyltransf_1	foldmason	0.6956521739130435
FHA	foldmason	0.8672566371681416
NMT	foldmason	0.9845360824742269
ngf	foldmason	0.9444444444444444
Cys_knot	foldmason	1.0
CDC48	foldmason	0.918429003021148
gtp	foldmason	0.9721362229102166
Topoisom_bac	foldmason	0.8713692946058091
fn3	foldmason	0.8322981366459627
MAP1_LC3	foldmason	0.9868995633187774
APC10	foldmason	0.9442622950819672
ghf5	foldmason	0.7935943060498221
alpha-amylase_C	foldmason	0.6181818181818182
mmoa	foldmason	1.0
ATP-synt	foldmason	0.8208616780045351
DNA_mis_repair_NM	foldmason	0.8402777777777778
KISc	foldmason	0.9818181818181818
Skp1	foldmason	0.896969696969697
RING	foldmason	0.8909090909090909
capsid_n	foldmason	0.928
ets	foldmason	0.8633879781420764
Bacteriofer	foldmason	0.9968051118210862
SCP2	foldmason	0.9515418502202644
Peptidase_M10A	foldmason	0.9682365826944141
Glyco_hydro_2_N	foldmason	0.8477611940298507
mutT	foldmason	0.7490039840637451
Exonuclease	foldmason	0.9700598802395209
XPG_NC	foldmason	0.8866666666666666
response_reg	foldmason	0.8036529680365296
endotoxin	foldmason	0.9163701067615658
NusB	foldmason	0.9365079365079365
linker_histone	foldmason	0.9
SLT	foldmason	0.8267716535433071
MHC_II_N	foldmason	0.8258064516129032
Ribosomal_L11	foldmason	0.9848484848484849
SCP	foldmason	0.8735632183908046
Pyridox_oxidase	foldmason	0.9897435897435898
Band_41_N	foldmason	0.9090909090909091
ERM	foldmason	0.9425287356321839
Fork_head	foldmason	0.9259259259259259
eIF-5a	foldmason	0.9647058823529412
Sulfotransfer	foldmason	0.6272493573264781
tcl1_mtcp1	foldmason	0.9289099526066351
mofe	foldmason	0.8832116788321168
voltage_CLC	foldmason	1.0
RNA_pol_K	foldmason	0.9285714285714286
Peptidase_M27	foldmason	0.8940269749518305
ARM	foldmason	0.849936948297604
SET	foldmason	0.9525862068965517
LMWPc	foldmason	0.9838187702265372
CAP_GLY	foldmason	0.8554913294797687
PotD	foldmason	0.956386292834891
TonB_dep_Rec	foldmason	0.43636363636363634
PSI_PsaE	foldmason	0.9852941176470589
toxin_2	foldmason	0.33333333333333337
CASc	foldmason	0.9678899082568808
recA_N	foldmason	1.0
leukocidin	foldmason	0.9188191881918818
DNA_gyraseB	foldmason	1.0
Antifreeze	foldmason	0.96875
AMP-binding	foldmason	0.799566630552546
grs	foldmason	0.5642857142857142
Peptidase_M16	foldmason	0.9568345323741008
Ribosomal_S5	foldmason	0.9558823529411764
DNA_topoisoIV	foldmason	0.7925840092699884
rasgap	foldmason	0.9122807017543859
C2	foldmason	0.9338842975206612
scorptoxin	foldmason	0.8547008547008546
Fz	foldmason	0.9491525423728814
Levi_coat	foldmason	0.896551724137931
MurB_C	foldmason	0.9423076923076923
Lum_binding	foldmason	0.9456521739130435
Ribosomal_L7Ae	foldmason	0.8159203980099503
cyclo	foldmason	0.9878048780487805
FAD-oxidase_NC	foldmason	0.569086651053864
Isochorismatase	foldmason	0.9106628242074928
tRNA_bind	foldmason	0.8645833333333333
Ran_BP1	foldmason	0.9774436090225563
P53	foldmason	1.0
BAG	foldmason	0.9910714285714286
RuBisCO_large_N	foldmason	0.9327354260089685
FN2	foldmason	0.9333333333333333
ATP-synt_g	foldmason	0.870886075949367
VAT-N	foldmason	0.8466257668711655
Peptidase_C2_D1	foldmason	1.0
Transaldolase	foldmason	1.0
RuvA	foldmason	0.9777777777777777
Dehydratase_MU	foldmason	1.0
chorismate_bind	foldmason	0.9292682926829268
Glyco_hydro_20b	foldmason	0.8650793650793651
oxidored_FMN	foldmason	0.8696969696969697
DNA_pol3_beta	foldmason	0.9181818181818182
CopC	foldmason	0.9500000000000001
Cu_nir	foldmason	1.0
UCH	foldmason	0.8287292817679558
MCR_beta	foldmason	1.0
Fimbrial	foldmason	0.8000000000000002
PyrI_NC	foldmason	0.8137931034482759
Ribosomal_L5_NC	foldmason	0.865546218487395
rvt	foldmason	0.9580573951434879
rnh	foldmason	0.8620689655172413
F_bP_aldolase	foldmason	0.9558823529411765
Fe-ADH	foldmason	0.9834254143646409
DHBP_synthase	foldmason	0.9847715736040609
ATP-sulfurylase	foldmason	0.947680157946693
Peptidase_C2	foldmason	0.9356357927786499
Histidine_kinase	foldmason	0.7829457364341087
rhv	foldmason	0.23502994011976044
Adenylsucc_synt	foldmason	0.9976303317535545
cox	foldmason	0.7502903600464575
Peptidase_S15	foldmason	0.7946336429308565
His_biosynth	foldmason	0.8558758314855877
GSH_synth_ATP	foldmason	0.9510489510489512
DHquinase_II	foldmason	0.9779411764705882
GFO_IDH_MocA_C	foldmason	0.8793103448275863
DAP_epimerase	foldmason	0.8387096774193549
tbpc	foldmason	0.9415041782729804
Elicitin	foldmason	1.0
RuBisCO_large	foldmason	0.9413793103448276
mdm2	foldmason	0.9764705882352941
aminotran_5	foldmason	0.9915966386554622
sti	foldmason	0.9607250755287009
SpoU_methylase_N	foldmason	0.9444444444444444
PAH	foldmason	0.9333333333333333
lacI	foldmason	0.7755102040816326
histone	foldmason	0.6257668711656442
Orn_Arg_deC_NC	foldmason	0.9785522788203753
PBP_C1	foldmason	1.0
Peptidase_S24	foldmason	0.9418604651162791
oxidored_q6	foldmason	0.968503937007874
bromodomain	foldmason	0.9585253456221198
sigma54	foldmason	0.725925925925926
hsp90	foldmason	1.0
MCR_gamma	foldmason	0.9917355371900827
S_100	foldmason	0.7638888888888887
Transglut_core	foldmason	0.9453376205787781
HTH_AraC	foldmason	0.9375
7kD_DNA_binding	foldmason	0.9523809523809523
WHEP-TRS	foldmason	0.8823529411764706
ace	foldmason	0.9588235294117647
merR	foldmason	0.9905660377358491
CMAS	foldmason	1.0
CODH	foldmason	0.9983525535420099
ccH	foldmason	1.0
DHPS	foldmason	0.9576923076923077
Amino_oxidase_D1	foldmason	0.7731629392971245
OMPdecase	foldmason	0.809090909090909
GEL	foldmason	0.689655172413793
Glyco_transf_28	foldmason	0.7774390243902439
Propep_M14	foldmason	0.9411764705882353
RHD	foldmason	0.9753521126760565
Stap_Strp_toxin	foldmason	0.8283378746594006
pnp	foldmason	0.8626609442060086
UvrD-helicase	foldmason	0.7582781456953642
PGM_PMM_NC	foldmason	0.971375807940905
sialidase_N	foldmason	0.9733333333333333
CcmE	foldmason	0.9543147208121826
PAS	foldmason	0.8070175438596491
Alpha_adaptin_C	foldmason	0.8651162790697675
ricin	foldmason	0.8972746331236897
NTP_transf_2	foldmason	0.9941348973607038
SNAP-25	foldmason	1.0
aminotran_4	foldmason	0.9813432835820896
Plectin	foldmason	0.9728260869565217
GFP	foldmason	0.9812206572769953
phs	foldmason	0.9593392630241423
PAN	foldmason	0.6887417218543047
Glyco_hydro_18_D2	foldmason	0.8709677419354839
B	foldmason	0.7764705882352941
laminin_G	foldmason	0.8206686930091185
CAT_RBD	foldmason	0.9523809523809523
MutS_N	foldmason	0.9811320754716981
Lyase_8_N	foldmason	0.8980263157894738
mle	foldmason	0.9670014347202295
RGS	foldmason	0.8932806324110673
THAUMATIN	foldmason	0.9651741293532339
rnasemam	foldmason	0.8695652173913043
PTS_EIIA_2	foldmason	0.9257950530035336
mthinb	foldmason	0.9333333333333333
GFO_IDH_MocA	foldmason	0.9135802469135802
dpb	foldmason	0.8186528497409326
ABC_tran	foldmason	0.535
Fe_Asc_oxidored	foldmason	0.8307692307692308
RNA_pol_A_bac	foldmason	0.9103448275862069
E1_dehydrog	foldmason	0.9613095238095238
MIF	foldmason	0.9912280701754386
pgk	foldmason	0.9835651074589128
Lipoprotein_6	foldmason	0.9875
IF3	foldmason	0.9772727272727273
RhoGEF	foldmason	0.7228260869565218
DNA_pol_B_exo	foldmason	0.9219653179190751
DegT_DnrJ_EryC1	foldmason	0.6666666666666666
dsrm	foldmason	0.8270676691729324
Peptidase_S15_N	foldmason	0.8749999999999999
pdc	foldmason	0.94140625
UPF0033	foldmason	0.7763157894736841
UCR_14kD	foldmason	1.0
malic	foldmason	0.9887429643527206
Rib_hydrolayse	foldmason	0.8752556237218814
PCI_1	foldmason	1.0
apbact	foldmason	0.7294117647058824
P-II	foldmason	0.9518716577540107
hpr	foldmason	0.6626506024096386
Huristasin	foldmason	0.8979591836734694
P	foldmason	0.8867924528301887
PyrI	foldmason	0.7135135135135134
IFN-gamma	foldmason	0.9626556016597511
aakinase	foldmason	0.9639344262295082
taf	foldmason	0.9922480620155039
neurotox	foldmason	0.9642857142857143
Sec23_NC	foldmason	0.8434108527131783
UcrQ	foldmason	0.8717948717948718
Glu_synth_NTN	foldmason	0.9782608695652174
DUF170	foldmason	0.9344262295081968
Binary_toxA	foldmason	0.9533678756476685
RuBisCO_large_NC	foldmason	0.9054726368159204
rnr	foldmason	0.9604316546762591
sermam	foldmason	0.9136363636363637
F5_F8_type_C	foldmason	0.9872611464968153
E2_C	foldmason	0.9433962264150944
Gly_radical	foldmason	0.828848223896663
tRNA-synt_1d_C	foldseek	0.9745762711864406
PNTB	foldseek	0.9971346704871061
PGAM	foldseek	0.7783783783783784
DUF28	foldseek	0.9665924276169264
adh	foldseek	0.9973190348525469
PEPCK_ATP	foldseek	0.9506545820745217
Cys_Met_Meta_PP	foldseek	0.9203778677462887
blmb	foldseek	0.6424870466321244
mcp2	foldseek	0.9928571428571429
Glyco_hydro_19	foldseek	0.9937629937629938
Filamin	foldseek	0.8705882352941177
DEAD	foldseek	0.45522388059701496
Mur_ligase_C	foldseek	0.4112149532710281
cat	foldseek	0.965079365079365
MutS_D2	foldseek	0.7983539094650206
mmob_upper	foldseek	0.7590361445783131
lamb	foldseek	0.8010610079575596
TIG	foldseek	0.9113924050632911
ADF	foldseek	0.8769230769230769
cyto	foldseek	0.993103448275862
ltb	foldseek	0.9574468085106383
Toprim	foldseek	0.6962025316455697
igvar-l	foldseek	0.8981481481481481
Thioesterase	foldseek	0.6157517899761337
tRNA-synt_1d_M	foldseek	0.7776049766718507
svmp	foldseek	0.9846938775510204
pili_assembly	foldseek	0.9105263157894739
fer2	foldseek	0.7142857142857143
A2M_A	foldseek	0.9923076923076923
Asp_Glu_race	foldseek	0.7073791348600509
PGM_PMM_II	foldseek	0.972972972972973
GGL	foldseek	0.9811320754716981
Orn_DAP_Arg_deC	foldseek	0.9322709163346613
TIR	foldseek	0.9230769230769231
cah	foldseek	0.8589473684210527
Aldolase_II	foldseek	0.8975609756097561
piplc	foldseek	0.8673267326732672
RhoGAP	foldseek	0.6818181818181818
transketolase_C	foldseek	0.689655172413793
mmp	foldseek	0.9329073482428115
phosfruc	foldseek	0.9984251968503937
Hint	foldseek	0.7940074906367041
PX	foldseek	0.8215767634854771
Sec7	foldseek	0.9894179894179894
AlaDh_PNT_D2	foldseek	0.912751677852349
ACPS	foldseek	0.8102564102564104
egf	foldseek	0.6567164179104478
Rho_GDI	foldseek	0.9926470588235294
Endonuclease_3	foldseek	0.8410757946210269
Band_41_NME	foldseek	0.7649253731343283
PCNA	foldseek	0.9758064516129032
dCMP_cyt_deam	foldseek	0.9489795918367347
Ribosomal_L6	foldseek	0.8825396825396825
cytochrome_b	foldseek	0.9590488771466315
Agglutinin	foldseek	0.8058608058608059
Pertussis_S2S3_N	foldseek	1.0
Ribosomal_L1	foldseek	0.8905852417302799
MCR_alpha	foldseek	0.9818181818181818
mdd	foldseek	0.9827357237715804
Lipase_3	foldseek	0.7951807228915663
cks	foldseek	0.9577464788732394
igV	foldseek	0.7942583732057416
INTERFERON_A_B_D	foldseek	0.8717948717948719
planttoxin	foldseek	0.8311688311688312
kazal	foldseek	0.9056603773584906
NO_synthase	foldseek	1.0
Bac_rhodopsin	foldseek	0.9150943396226415
GAF	foldseek	0.7520661157024794
Thr_dehydrat_C	foldseek	0.7479674796747967
PK	foldseek	0.9567099567099567
ppase	foldseek	0.8387096774193549
PCMT	foldseek	0.9458128078817735
Malate_synthase	foldseek	0.9783743475018642
MutS_D3	foldseek	0.9511278195488722
UPF0076	foldseek	0.9795918367346939
SAM_PNT	foldseek	0.9305555555555556
DNA_photolyase	foldseek	0.9066666666666667
CBS	foldseek	0.912280701754386
fer4	foldseek	0.5128205128205128
malt_amylase_NC	foldseek	0.9456427955133735
Kchannel	foldseek	0.9090909090909091
urease_gamma	foldseek	1.0
bowman	foldseek	1.0
Glyco_hydro_18	foldseek	0.9120234604105573
cytprime	foldseek	0.952
MutS_NC	foldseek	0.932107496463932
cpn60_TCP1	foldseek	0.625
ANATO	foldseek	1.0
Glyco_hydro_20	foldseek	0.8149300155520997
HSP20	foldseek	0.8878504672897196
Sm	foldseek	0.8244274809160305
cytochr_c552	foldseek	0.9890829694323144
RNA_dep_RNA_pol	foldseek	0.7297297297297296
EGF_Lam	foldseek	0.9504950495049505
cbm12	foldseek	0.6666666666666667
pp	foldseek	1.0
Ferrochelatase	foldseek	0.9396411092985317
ATP-synt_DE_N	foldseek	0.9182389937106918
Cytidylyltransf	foldseek	0.7404255319148937
SSB	foldseek	0.907103825136612
S_T_dehydratase	foldseek	0.6708860759493671
GHMP_kinases_C	foldseek	0.3706563706563707
Staphylokinase	foldseek	0.5045871559633028
Lyase_8	foldseek	0.8774703557312252
PBP_NC	foldseek	0.9718719689621725
AhpC-TSA	foldseek	0.8454258675078865
S4	foldseek	1.0
Apocytochrome_F	foldseek	0.9959839357429718
Colicin_Pyocin	foldseek	0.9879518072289156
DSPc	foldseek	0.9014084507042254
Ribosomal_S5_C	foldseek	1.0
Bet_v_I	foldseek	1.0
lyase_1	foldseek	0.9761092150170648
acyo	foldseek	0.9533678756476685
trfl	foldseek	0.9871382636655948
DNA_ligase_C	foldseek	0.8774193548387098
fibrinogen_C	foldseek	0.9511568123393317
Sec1	foldseek	0.956689124157844
Sulfatase	foldseek	0.7579908675799086
Fe_dep_repr_M	foldseek	1.0
GA	foldseek	0.9387755102040816
CYCc	foldseek	0.8921282798833818
protg	foldseek	0.6896551724137931
NADHdh_2	foldseek	0.9777777777777777
GFO_IDH_MocA_NC	foldseek	0.7124773960216998
DHOdehase	foldseek	0.8896551724137932
MM_CoA_mutase	foldseek	0.47154471544715443
Zn_dep_PLPC	foldseek	0.8348623853211008
aadh	foldseek	0.7807807807807807
sh3	foldseek	0.6212121212121212
gpr	foldseek	0.9553264604810997
plantltp	foldseek	0.9944134078212291
Ala_racemase_N	foldseek	0.5421052631578948
RNase_U2	foldseek	0.9929577464788732
chromo	foldseek	0.7663551401869159
pec_lyase	foldseek	0.6235489220563848
TNFR_c6	foldseek	0.8352941176470587
cystatin	foldseek	0.48447204968944096
recA	foldseek	0.9900662251655629
LIF_OSM	foldseek	0.8561872909698997
S-AdoMet_synt	foldseek	1.0
Amidase	foldseek	0.7804265997490591
MAAL_N	foldseek	0.9871794871794872
cpa	foldseek	0.8858603066439523
Cu_bind_like	foldseek	0.8617021276595744
zf-CCHC	foldseek	0.9696969696969697
prt	foldseek	0.669260700389105
CARD	foldseek	0.8021978021978022
DAHP_synth_1	foldseek	0.7261410788381742
CCP_MauG_NC	foldseek	0.9308600337268128
ghf16	foldseek	1.0
PEP-utilizers	foldseek	0.9054726368159204
bontoxilysin	foldseek	0.9253365973072216
NTP_transferase	foldseek	0.85838779956427
MM_CoA_mutase_N	foldseek	0.8955223880597015
CPS	foldseek	0.8797953964194374
ModE_C	foldseek	0.9699248120300752
ribonuclease_T2	foldseek	0.7741935483870968
TrkA-N	foldseek	0.874015748031496
Dwarfin	foldseek	0.9056603773584905
TmpK	foldseek	0.7232876712328767
ferritin	foldseek	0.9867549668874173
ghf11	foldseek	0.9271137026239066
arginase	foldseek	0.9351535836177474
CUB	foldseek	0.9488372093023256
SIR2	foldseek	0.7868852459016393
Cys-protease-3C	foldseek	0.7146974063400576
Bacterial_PQQ	foldseek	0.9099350046425256
EFG_IV	foldseek	0.8983050847457628
NHase_beta	foldseek	0.8778054862842892
S-AdoMet_syntD2	foldseek	0.9620253164556962
avi	foldseek	0.8947368421052632
SAP	foldseek	0.8923076923076924
Dehydratase_LU	foldseek	0.9981818181818182
SRF-TF	foldseek	0.8085106382978723
hom	foldseek	0.7766990291262136
HIT	foldseek	0.717948717948718
ghf18	foldseek	0.4618834080717489
flavbb	foldseek	0.95952023988006
hormone_rec	foldseek	0.5488372093023256
HMG-CoA_red	foldseek	0.7111756168359942
CBD_2	foldseek	0.6745562130177515
lipase	foldseek	0.9943502824858758
squash	foldseek	0.5263157894736842
Uricase	foldseek	0.7984189723320158
COX2	foldseek	0.9107142857142856
Terpene_synth_C	foldseek	0.9663999999999999
dutpase	foldseek	0.8305084745762712
DNA_methylase	foldseek	0.825503355704698
pilin	foldseek	0.3611111111111111
SHMT	foldseek	0.9514563106796117
SAM	foldseek	0.9154929577464788
Tymo_coat	foldseek	0.9779179810725551
Cutinase	foldseek	0.7664670658682635
Transglutamin_C	foldseek	0.8085106382978724
Phage_integrase	foldseek	0.4817073170731707
PGM_PMM_I	foldseek	0.8847184986595173
prenyltrans	foldseek	0.6179159049360147
PTB	foldseek	0.7264957264957266
sh2	foldseek	0.7916666666666665
gln-synt_N	foldseek	0.9847715736040609
Nitrophorin	foldseek	0.9801699716713881
aabp	foldseek	0.9187935034802784
kringle	foldseek	0.8194444444444444
cys	foldseek	0.794188861985472
glnasn	foldseek	0.9921259842519686
NHase_alpha	foldseek	0.9526315789473685
PPTA	foldseek	0.8394160583941606
Dala_Dala_ligas	foldseek	0.9051580698835274
gag_p17	foldseek	0.9753694581280787
Furin-like	foldseek	0.7381974248927038
ENTH	foldseek	0.763779527559055
sdr	foldseek	0.6666666666666666
Spermine_synth	foldseek	0.9536679536679536
bv	foldseek	0.22377622377622378
Dala_Dala_ligas_C	foldseek	0.9197080291970803
Bac_DNA_binding	foldseek	0.8873239436619719
Ribosomal_L2_N	foldseek	0.8064516129032259
UreE	foldseek	0.8320610687022901
COX3	foldseek	0.8813559322033899
CBD_3	foldseek	0.8134328358208956
B_lectin	foldseek	1.0
blm	foldseek	0.9544554455445544
S-AdoMet_syntD3	foldseek	0.9681978798586571
ETF_alpha	foldseek	0.9523809523809524
Ribosomal_L30	foldseek	0.9549549549549551
PPDK_N_term	foldseek	0.9565217391304348
HGTP_anticodon	foldseek	0.9120879120879122
stpp	foldseek	0.9455184534270651
SRP54	foldseek	0.9054545454545454
GSH_synthase	foldseek	0.9705882352941176
rrm	foldseek	0.6027397260273972
intb	foldseek	0.4581497797356829
dTDP_sugar_isom	foldseek	0.9633802816901408
ghf10	foldseek	0.9572649572649573
tRNA-synt_1	foldseek	0.837953091684435
NiFeSe_Hases	foldseek	0.9829867674858223
CN_hydrolase	foldseek	0.8317580340264651
hemopexin	foldseek	0.8493150684931507
GSH_synthase_NC	foldseek	0.9124726477024069
Pro_CA	foldseek	0.8198433420365535
BIR	foldseek	0.644808743169399
VAT-Nn	foldseek	0.8670520231213872
Fe_hyd_SSU	foldseek	0.972972972972973
GerE	foldseek	0.9430894308943091
asp	foldseek	0.862295081967213
ARID	foldseek	0.8743718592964823
GATA	foldseek	0.891566265060241
Ald_Xan_dh_1	foldseek	0.9805194805194806
ghf17	foldseek	0.978512396694215
kunitz	foldseek	0.9454545454545454
helicase_NC	foldseek	0.37442922374429227
Ribosomal_S15	foldseek	1.0
LEM	foldseek	0.8351648351648352
ghf28	foldseek	0.7075471698113208
MHC_II_C	foldseek	0.923076923076923
mmob_lower	foldseek	0.9986859395532194
ghf6	foldseek	0.7912087912087912
DHH	foldseek	0.9619565217391305
ghf1	foldseek	0.8182912154031289
spidertoxin	foldseek	1.0
Methyltransf_2	foldseek	0.9237947122861586
ptpase	foldseek	0.9371428571428572
GHMP_kinases	foldseek	0.5477477477477477
BRCT	foldseek	0.8108108108108109
Hpr_kinase	foldseek	0.9899665551839465
tetR	foldseek	0.7758620689655172
Glyco_transf_6	foldseek	0.9414141414141415
capsid_c	foldseek	0.9710144927536231
DHDPS	foldseek	0.9565217391304347
XPG_NI	foldseek	0.8743718592964824
DNA_ligase	foldseek	0.7931034482758621
Ribosomal_S30AE	foldseek	0.934010152284264
lipocalin	foldseek	0.7073954983922829
Peptidase_C15	foldseek	0.9519230769230769
EFTU_2	foldseek	0.8571428571428572
TyrKc	foldseek	0.928030303030303
PARP	foldseek	0.9788235294117646
alpha-amylase_N	foldseek	0.9361702127659575
Ribosomal_L12	foldseek	0.9558823529411765
Band_41_M	foldseek	0.9253731343283583
thymid_phosphorylase	foldseek	0.9919075144508671
molybdopterin	foldseek	0.7201283079390538
EF_TS	foldseek	0.3404255319148936
pro_aminopeptidase	foldseek	0.9967948717948718
C1q	foldseek	0.9836065573770492
CoA_binding	foldseek	0.9666666666666667
PDGF	foldseek	0.8903225806451613
Glyco_transf_8	foldseek	0.7082405345211582
transcript_fac2	foldseek	0.9947368421052631
FAD_binding_2	foldseek	0.8679245283018868
FYVE	foldseek	0.9841269841269841
Egg_lysin	foldseek	1.0
FAD-oxidase_C	foldseek	0.2
EFG_C	foldseek	0.8715083798882682
Ribosomal_S7	foldseek	0.9465648854961832
FAD_binding_5	foldseek	0.9464285714285715
Sua5_yciO_yrdC	foldseek	0.830945558739255
SIS	foldseek	0.7204968944099378
Pep_deformylase	foldseek	0.8238993710691823
aldosered	foldseek	0.7486033519553073
rub	foldseek	0.9555555555555556
psaA_psaB	foldseek	0.8654970760233919
HATPase_c	foldseek	0.5476923076923077
GP120	foldseek	0.9834437086092715
porin	foldseek	0.5719557195571956
lh2	foldseek	0.8988764044943819
Lyase_8_NC	foldseek	0.7915993537964457
MCR_alpha_N	foldseek	0.9696969696969696
igC1	foldseek	0.8333333333333334
Fapy_DNA_glyco	foldseek	0.9688715953307393
Cytochrome_C1_C	foldseek	1.0
galpha	foldseek	0.9586776859504132
RNA_pol_N	foldseek	0.7663551401869159
subt	foldseek	0.5227722772277228
CytoC_RC	foldseek	0.9029126213592235
Arg_repressor_N	foldseek	0.9421487603305785
phycoerythr_ab	foldseek	0.9848484848484849
RrnaAD	foldseek	0.9173913043478261
malic_C	foldseek	0.9578947368421052
Clp_N	foldseek	0.9411764705882352
parv	foldseek	0.9807692307692307
EF1BD	foldseek	0.8813559322033898
DEATH	foldseek	0.22222222222222218
ldh	foldseek	0.8421052631578947
uce	foldseek	0.7272727272727272
CH	foldseek	0.7979274611398963
TMV_coat	foldseek	0.7378640776699029
transketolase_PC	foldseek	0.7557932263814616
Ribosomal_L14	foldseek	0.9276595744680851
MIF4G	foldseek	0.6815642458100559
Flavoprotein	foldseek	0.8417721518987342
RNase_HII	foldseek	0.8997555012224939
PHBH	foldseek	0.668500687757909
Inos-1-P_synth	foldseek	0.6952380952380952
ghf9	foldseek	0.7678795483061481
PBP_GOBP	foldseek	0.6326530612244898
DNA_PPF	foldseek	0.5082872928176796
Epimerase	foldseek	0.8310810810810811
Heme_oxygenase	foldseek	1.0
e3	foldseek	0.9863013698630138
Orbi_VP7	foldseek	0.9799196787148594
ndk	foldseek	0.9929577464788732
Amidase_2	foldseek	0.6184738955823292
ghf33	foldseek	0.7238095238095238
eIF6	foldseek	0.9728506787330317
ghf7	foldseek	0.9027237354085603
trans_reg_C	foldseek	0.9381443298969072
serbact	foldseek	0.8695652173913043
GP41	foldseek	0.5486725663716814
Syntaxin	foldseek	0.30493273542600896
profilin	foldseek	0.9098360655737705
FN1	foldseek	0.7191011235955056
rvp	foldseek	0.9278350515463918
ghf34	foldseek	0.8738379814077025
cryst	foldseek	0.9464285714285714
Peptidase_C2_D2	foldseek	0.8244274809160306
Ribosomal_L22	foldseek	0.9345794392523366
gluts	foldseek	0.997690531177829
Jacalin	foldseek	1.0
PARP_reg	foldseek	0.984375
HMA	foldseek	0.9925925925925926
Peptidase_M24	foldseek	0.8571428571428572
isoamylase_N	foldseek	0.8
DISIN	foldseek	0.9024390243902439
TPK	foldseek	0.9061224489795918
phosphotriesterase	foldseek	0.8943661971830986
EFTU_C	foldseek	1.0
Ribosomal_S8	foldseek	1.0
Pept_C1-like	foldseek	0.9467723669309173
enolase	foldseek	0.9965156794425087
helicase_C	foldseek	0.490566037735849
p450	foldseek	0.770469798657718
isoamylase_NC	foldseek	0.6673286991062563
integrase	foldseek	0.7959183673469387
RNA_pol_H	foldseek	1.0
Arginosuc_synth	foldseek	0.8960863697705803
recA_C	foldseek	1.0
TPK_catalytic	foldseek	0.8433734939759034
FAD_binding_4	foldseek	0.6123595505617977
FAA_hydrolase	foldseek	0.841025641025641
URO-D	foldseek	0.9630723781388478
aminobp	foldseek	0.9941860465116279
Desulfoferrodox	foldseek	0.6508875739644969
Transpeptidase	foldseek	0.9634340222575516
C1	foldseek	1.0
DAO	foldseek	0.8765822784810126
dNK	foldseek	0.9062499999999999
CIDE-N	foldseek	0.8727272727272727
phc	foldseek	0.9938650306748467
ChtBD	foldseek	0.8918918918918919
SPEC	foldseek	0.8947368421052632
ATP-gua_Ptrans	foldseek	0.8646288209606988
Amino_oxidase_D2	foldseek	0.8930232558139536
VHS	foldseek	0.9752650176678446
RNA_pol_A_CTD	foldseek	0.9375
WD40	foldseek	0.8632619439868205
TPK_B1_binding	foldseek	0.9341317365269461
Glyco_hydro_67	foldseek	0.9301611665387566
Mu_DNA_bind	foldseek	0.9777777777777777
Arthro_defensin	foldseek	0.8666666666666665
Ricin_B_lectin	foldseek	0.9961832061068703
hormone5	foldseek	1.0
citrate_synt	foldseek	0.8426966292134833
LuxS	foldseek	0.8581818181818183
adeno_fiber	foldseek	0.9352112676056338
tgfb	foldseek	0.7787610619469026
PGI	foldseek	0.8242424242424242
Lipoprotein_4	foldseek	0.9348230912476723
TGT	foldseek	0.947209653092006
START	foldseek	0.9585492227979273
ICL	foldseek	0.9240506329113923
SAICAR_synt	foldseek	0.6250000000000001
Orn_Arg_deC_N	foldseek	1.0
Astacin	foldseek	0.9445910290237467
5_3_exonuclease	foldseek	0.46770601336302897
kex	foldseek	0.801007556675063
Phage_G	foldseek	0.9767441860465116
tRNA-synt_1d	foldseek	0.7977315689981096
tms	foldseek	0.9407265774378585
Recep_L_domain	foldseek	0.6292134831460674
SpoU_methylase_C	foldseek	0.8493150684931506
arrestin_NC	foldseek	0.9686609686609686
tRNA-synt_1c	foldseek	0.8697247706422018
Peptidase_S11	foldseek	0.8956521739130435
AP_endonucleas1	foldseek	0.8
tRNA-synt_1_edit	foldseek	0.8702702702702703
tyrosinase	foldseek	0.7107438016528924
annexin	foldseek	0.9984101748807631
ALAD	foldseek	0.9466666666666667
PBD	foldseek	0.5486725663716814
il8	foldseek	0.5470085470085471
PBP_C2	foldseek	1.0
Ham1p_like	foldseek	0.8969359331476323
SLT_beta	foldseek	0.9925925925925926
ACT	foldseek	0.7878787878787878
tRNA-synt_2b	foldseek	0.6164705882352941
sodcu	foldseek	0.8782287822878229
PDZ	foldseek	0.8928571428571428
myb_DNA-binding	foldseek	0.851063829787234
BChl_A	foldseek	0.997134670487106
serpin	foldseek	0.9411764705882353
CoA_trans	foldseek	0.9038461538461539
E2_N	foldseek	0.9843749999999999
utg	foldseek	0.9855072463768115
PKD	foldseek	0.5822784810126582
Acetyltransf	foldseek	0.8416666666666667
trp_syntA	foldseek	0.9537815126050421
pentraxin	foldseek	1.0
NTP_transf_2_2	foldseek	0.8256880733944955
Bac_globin	foldseek	0.9868995633187774
DHHA2	foldseek	0.9914529914529915
GXGXG	foldseek	0.8901734104046243
alk_phosphatase	foldseek	0.7824967824967825
PAX	foldseek	0.9959183673469388
DEFSN	foldseek	0.6153846153846153
DUF50	foldseek	0.8773584905660377
T-box	foldseek	0.9831460674157303
Peptidase_S15_C	foldseek	0.6788990825688074
Pertussis_S2S3_NC	foldseek	0.9974424552429668
toxin	foldseek	0.7222222222222221
TNF	foldseek	0.8550185873605949
icd	foldseek	0.8272727272727273
PBP	foldseek	0.8904109589041095
DeoC	foldseek	0.8545454545454546
Terpene_synth_NC	foldseek	0.9494549058473737
ligase-CoA_NC	foldseek	0.9908496732026143
FA58C	foldseek	0.9705882352941176
HTH_AraC_2	foldseek	1.0
vprotease	foldseek	0.9966329966329966
ETF_beta	foldseek	0.9979633401221996
Parvo_coat2	foldseek	0.9608208955223881
ech	foldseek	0.9578544061302683
urease	foldseek	0.9929203539823008
Glyco_hydro_18_D1	foldseek	0.910394265232975
actin	foldseek	0.6037099494097807
CC4	foldseek	0.8761329305135951
Peptidase_S21	foldseek	0.774025974025974
GLA	foldseek	0.9117647058823529
MCR_beta_NC	foldseek	0.9941792782305006
alpha-amylase_NC	foldseek	0.5296912114014252
tRNA-synt_2d	foldseek	0.7588235294117647
Glucosamine_iso	foldseek	0.9849624060150376
Integrase_Zn	foldseek	1.0
MutS_C	foldseek	0.9500000000000001
sodfe	foldseek	0.94147582697201
Lyase_8_C	foldseek	0.75
MATH	foldseek	0.9931972789115646
Dehydratase_SU	foldseek	0.9926470588235294
DPS	foldseek	0.9492753623188406
tRNA-synt_1b	foldseek	0.5087378640776699
phero	foldseek	0.9722222222222222
mthina	foldseek	1.0
PAC	foldseek	0.9855072463768114
Nitroreductase	foldseek	0.8735632183908046
WW	foldseek	0.8307692307692307
Phage_F	foldseek	0.9987995198079231
PEP-utilizers_NC	foldseek	0.9819662594531704
hemocyan	foldseek	0.9279588336192109
MIP	foldseek	0.6463700234192037
Arch_histone	foldseek	1.0
RA	foldseek	0.6826347305389222
Cyclodex_gly_tran	foldseek	0.9578947368421054
Glyco_hydro_47	foldseek	0.9389140271493213
Ribosomal_L18p	foldseek	0.88268156424581
biopterin_H	foldseek	0.9966329966329966
Asn_synthase	foldseek	0.7037037037037037
GLUCAGON	foldseek	1.0
AlaDh_PNT_D1	foldseek	0.861878453038674
recombinase	foldseek	0.8089887640449438
DNA_gyraseB_N2	foldseek	0.9790026246719161
Cucumo_coat	foldseek	0.9581993569131833
gpdh	foldseek	0.9402756508422665
thionin	foldseek	0.9111111111111111
AAA	foldseek	0.4415584415584416
Yers_vir_YopE	foldseek	0.7892376681614348
pou	foldseek	1.0
igps	foldseek	0.633879781420765
IMPDH	foldseek	0.9532374100719425
Hydrolase	foldseek	0.9793103448275863
cyt5	foldseek	0.9937106918238994
tln	foldseek	0.961082910321489
cpn10	foldseek	0.9052631578947369
Ribosomal_L2	foldseek	0.9007633587786259
Usp	foldseek	0.6060606060606061
DNA_pol_B	foldseek	0.7148936170212765
hormone	foldseek	0.9938271604938271
ANK	foldseek	0.9243697478991596
cyclin	foldseek	0.5458422174840086
S1	foldseek	0.296875
Inh	foldseek	0.9
LBP_BPI_CETP	foldseek	0.33236151603498537
GATase_2	foldseek	0.8755760368663595
xia	foldseek	0.9451697127937336
LysR_substrate	foldseek	0.7834549878345498
DNA_polymeraseX	foldseek	0.8243243243243242
MHC_II_beta_NC	foldseek	0.9217877094972067
mmo	foldseek	1.0
L15	foldseek	0.7407407407407408
N6_N4_Mtase	foldseek	0.7612903225806452
Peptidase_A6	foldseek	0.9245283018867925
Frataxin_Cyay	foldseek	0.7714285714285714
hemery	foldseek	0.9734513274336283
tim	foldseek	1.0
KAS	foldseek	0.819078947368421
Acetyltransf2	foldseek	0.9273743016759777
hexokinase	foldseek	0.9526011560693642
cytb	foldseek	0.7083333333333334
END	foldseek	1.0
CPSase_L_chain	foldseek	0.5538461538461538
adk	foldseek	0.48201438848920863
Glyco_hydro_2	foldseek	0.160427807486631
GATase	foldseek	0.8033707865168539
MGS	foldseek	0.6717557251908397
GAD	foldseek	0.9666666666666667
ins	foldseek	0.9176470588235294
Trypan_glycop	foldseek	0.635114503816794
PGM_PMM_III	foldseek	0.9736842105263158
envelope	foldseek	0.23076923076923075
ligase-CoA	foldseek	0.7630522088353414
A2M_B	foldseek	0.9981851179673321
aat	foldseek	0.6047156726768377
DUF101	foldseek	0.6835443037974683
igvar-h	foldseek	0.9523809523809523
TIMP	foldseek	0.896551724137931
Flavin_Reduct	foldseek	0.7123287671232876
int	foldseek	0.9196675900277009
reductases	foldseek	0.7731481481481481
Topoisomerase_I	foldseek	0.976303317535545
PGM_PMM	foldseek	0.9140625
igI	foldseek	0.6298342541436464
lta	foldseek	0.9728260869565217
tubulin	foldseek	0.9417360285374555
cdh	foldseek	0.9948186528497409
tRNA-synt_1d_N	foldseek	0.7085714285714286
kinase	foldseek	0.6613861386138613
Ribosomal_L4	foldseek	0.768166089965398
QRPTase	foldseek	0.9709090909090909
abhydrolase_2	foldseek	0.8992974238875878
flav	foldseek	0.6917293233082706
AP_endonuc_2	foldseek	0.6199575371549894
DNA_ligase_N	foldseek	0.9407894736842105
HMG_box	foldseek	0.9577464788732394
GroEL	foldseek	0.9191489361702128
dpo1	foldseek	0.7217473884140551
Rhodanese	foldseek	0.8936170212765958
FTR	foldseek	0.451063829787234
HSF_DNA-bind	foldseek	0.9375000000000001
gdh	foldseek	0.8355263157894737
proteasome	foldseek	0.6557377049180328
Rop	foldseek	1.0
Glyco_hydro_48	foldseek	0.9603238866396762
Ribosomal_S5_N	foldseek	0.9618320610687023
seatoxin	foldseek	0.5121951219512195
Pertussis_S2S3	foldseek	1.0
pot	foldseek	0.991869918699187
THF_DHG_CYH	foldseek	0.9546279491833032
EPSP_syntase	foldseek	0.797452229299363
sugbp	foldseek	0.9087523277467412
SpoU_methylase	foldseek	0.7706855791962174
rvintegrase	foldseek	0.8
peroxidase	foldseek	0.7300380228136881
PEP-utilizers_C	foldseek	0.9737931034482759
oat	foldseek	0.7666666666666666
GHMP_kinases_N	foldseek	0.6060606060606061
aldedh	foldseek	0.9456264775413711
Pectinesterase	foldseek	0.7665505226480838
DUF153	foldseek	0.8557213930348259
AFOR	foldseek	0.9584393553859202
MDH	foldseek	1.0
gln-synt_NC	foldseek	0.9839228295819936
cyt3	foldseek	0.7653061224489796
acid_phosphat	foldseek	0.6496815286624203
STAS	foldseek	0.820754716981132
Tautomerase	foldseek	0.9914529914529915
cbp	foldseek	0.7246376811594203
tryp_alpha_amyl	foldseek	0.849740932642487
arrestin_C	foldseek	0.9558011049723757
Invasin	foldseek	0.8131868131868132
STAT	foldseek	0.9500924214417744
PH	foldseek	0.42718446601941745
Seedstore_7s	foldseek	0.9461077844311376
Anperoxidase	foldseek	0.7268464243845252
MBD	foldseek	0.8818897637795275
ltn	foldseek	0.8306997742663657
UPF0044	foldseek	1.0
pcd	foldseek	0.7465181058495821
PABP	foldseek	1.0
cytc	foldseek	0.96
FAD_binding	foldseek	0.832
MSP_domain	foldseek	1.0
Amino_oxidase	foldseek	0.7261761158021713
rep	foldseek	0.6290322580645161
phoslip	foldseek	0.8789237668161435
6PF2K	foldseek	0.9976359338061466
Fe_hyd_lg_C	foldseek	0.9449664429530201
IMS	foldseek	0.9923273657289001
TIL	foldseek	0.8108108108108109
GAL4	foldseek	0.9538461538461539
ku	foldseek	0.757871878393051
Transglutamin_NC	foldseek	0.9371165644171779
formyl_transf	foldseek	0.7165109034267914
Asn_synthase_NC	foldseek	0.7110091743119266
HLH	foldseek	0.8771929824561403
il10	foldseek	0.9893238434163701
NTP_transf_2_N2	foldseek	0.9398663697104678
Peptidase_S9	foldseek	0.8440000000000001
ghf15	foldseek	0.9131455399061033
Esterase	foldseek	0.9946332737030412
PAP2	foldseek	0.8873786407766989
Bcl-2	foldseek	0.8802588996763754
Mur_ligase	foldseek	0.6705539358600584
WH1	foldseek	0.9855072463768114
Cu-oxidase	foldseek	0.7931404072883171
aldose	foldseek	0.9807407407407408
pp-binding	foldseek	0.6111111111111113
PA_phosphatase	foldseek	0.7033398821218075
YgbB	foldseek	0.9455782312925171
LDLa	foldseek	0.9333333333333333
hip	foldseek	0.8571428571428571
COX1	foldseek	0.9622266401590457
Prismane	foldseek	0.9916123019571296
LIM	foldseek	0.9166666666666666
neur_chan_memb	foldseek	0.9047619047619047
MCR_beta_N	foldseek	1.0
msb	foldseek	0.6183574879227053
hla	foldseek	1.0
CCP_MauG_C	foldseek	0.8754208754208754
AlaDh_PNT	foldseek	0.8895612708018154
eIF-1a	foldseek	0.9620253164556963
bac_luciferase	foldseek	0.704225352112676
Asp_Glu_race_D	foldseek	0.5671641791044776
PRK	foldseek	0.6737967914438503
mycin	foldseek	0.963963963963964
biotin_lipoyl	foldseek	0.6754966887417219
thiored	foldseek	0.8873239436619719
ung	foldseek	0.9907834101382489
RRF	foldseek	0.7570621468926553
CBD_6	foldseek	0.9198606271777003
Ribosomal_L6_D	foldseek	0.787878787878788
FolB	foldseek	0.9610389610389611
Cu_amine_oxid	foldseek	0.9263854425144749
DEP	foldseek	0.5595238095238095
MAAL_C	foldseek	0.9529914529914529
CBM_20	foldseek	0.8736842105263158
gln-synt	foldseek	0.9864130434782609
MoCF_biosynth	foldseek	0.8118081180811809
nir	foldseek	0.951582867783985
DNA_mis_repair_M	foldseek	0.8803827751196172
MAAL	foldseek	0.9783439490445859
Topoisomerase_I_core	foldseek	0.5232273838630808
UPP_synthetase	foldseek	0.9663461538461539
lipoxygenase	foldseek	0.9951980792316927
IU_nuc_hydro	foldseek	0.9871794871794872
Cohesin	foldseek	0.9818181818181817
KSI	foldseek	0.9833333333333334
OTCace	foldseek	0.907473309608541
ADP_PFK_GK	foldseek	0.9731621936989497
TFIIS	foldseek	0.9333333333333333
MYSc	foldseek	0.940652818991098
ghf46	foldseek	0.7971014492753623
Phage_lysozyme	foldseek	0.9784615384615385
Alpha_adaptinC12	foldseek	0.6822429906542056
Peripla_BP_2	foldseek	0.7692307692307692
dhfr	foldseek	0.7861635220125787
csp	foldseek	0.9538461538461539
hr	foldseek	1.0
Alpha_adaptinC2	foldseek	0.6542056074766356
aconitase	foldseek	0.892156862745098
DMRL_synthase	foldseek	0.8856088560885608
TRANSTHYRETIN	foldseek	1.0
fbpase	foldseek	0.9951377633711508
Glu_syn_central	foldseek	0.946075085324232
TBCA	foldseek	0.48618784530386744
cNMP	foldseek	0.8355555555555555
ghf22	foldseek	0.8851063829787233
VAT-Nc	foldseek	0.8176100628930818
Colicin	foldseek	0.896358543417367
Peptidase_M17_N	foldseek	0.8692579505300353
Ald_Xan_dh_2	foldseek	0.8225686711210097
Cytochrome_C1	foldseek	0.9676025917926565
ghf14	foldseek	0.8480204342273308
ISP	foldseek	0.7411167512690354
Beta_elim_lyase	foldseek	0.9834905660377359
SUI1	foldseek	0.8571428571428572
SKI	foldseek	0.94314381270903
IF4E	foldseek	0.8224852071005917
ribokinase	foldseek	0.7936507936507937
aspg	foldseek	0.9509433962264151
Ribosomal_L2_C	foldseek	0.9848484848484849
ALBUMIN	foldseek	0.6738544474393531
Penicil_amidase	foldseek	0.7467105263157895
prc	foldseek	0.4366925064599483
Rotamase	foldseek	0.8901734104046243
Dala_Dala_ligas_N	foldseek	0.9090909090909091
Cytidylyl_trans	foldseek	0.7241379310344829
UCR_TM	foldseek	0.6153846153846154
G6PD	foldseek	0.8760330578512396
zf-TAZ	foldseek	0.8074534161490683
S-AdoMet_synt_NC	foldseek	0.9737206085753803
SBP_bacterial_1	foldseek	0.6956521739130436
HCV_NS3	foldseek	0.9679144385026738
PAF-AH	foldseek	1.0
MCR_alpha_NC	foldseek	0.9805375347544022
ACBP	foldseek	0.9454545454545454
slectin	foldseek	0.9206349206349206
TrpBP	foldseek	1.0
RuBisCO_small	foldseek	0.900990099009901
UBQ	foldseek	1.0
fer4_NifH	foldseek	1.0
G6PD_NC	foldseek	0.9278131634819533
GTP_cyclohydroI	foldseek	0.8871391076115485
DSBA	foldseek	0.9355742296918768
cat3	foldseek	0.6616161616161617
ModA	foldseek	0.9013452914798206
UBX	foldseek	0.8874172185430463
az	foldseek	0.6048780487804878
zf-CCHH	foldseek	1.0
KH	foldseek	0.8175182481751825
transket_pyr	foldseek	0.7300613496932515
Ribonuclease_P	foldseek	0.9955555555555555
transketolase	foldseek	0.7781569965870309
alpha-amylase	foldseek	0.5414710485133021
GBP_PSP	foldseek	1.0
Transglutamin_N	foldseek	0.8045112781954887
PMSR	foldseek	0.96
CCP_MauG	foldseek	0.9562289562289563
Terpene_synth_N	foldseek	0.8385416666666666
6PGD	foldseek	0.9308855291576674
Peptidase_M17	foldseek	0.989010989010989
malic_N	foldseek	0.9838709677419355
Arg_repressor_C	foldseek	0.7462686567164178
thiolase	foldseek	0.6169491525423729
Activin_recp	foldseek	0.35616438356164376
Cytochrome_C1_N	foldseek	0.9565217391304348
rnase	foldseek	1.0
fkbp	foldseek	0.9626168224299064
XPG_C	foldseek	0.883720930232558
IRF	foldseek	0.8252427184466019
Extradiol_dioxy	foldseek	0.8479087452471483
SRP19	foldseek	0.6171428571428572
igcon	foldseek	0.8804347826086957
HPPK	foldseek	0.9968051118210862
glob	foldseek	0.9323308270676691
C4	foldseek	0.9955156950672646
SRP54M	foldseek	0.7845303867403315
Haloperoxidase	foldseek	0.5828571428571429
G6PD_C	foldseek	0.9455184534270651
Fe_dep_repress	foldseek	0.9833333333333333
DnaJ	foldseek	0.9315068493150684
SAM_decarbox	foldseek	0.9291882556131261
Amidinotransferase	foldseek	0.9441176470588234
Me-amine-deh_L	foldseek	0.9875518672199171
bac_lipase	foldseek	0.9904761904761905
inositol_P	foldseek	0.6118421052631579
igC2	foldseek	0.8695652173913043
asprs	foldseek	0.9473684210526315
fabp	foldseek	0.9465020576131689
ghf2	foldseek	0.6511627906976744
MHC_II_alpha_NC	foldseek	0.957983193277311
arrestin	foldseek	0.9616519174041299
Urease_beta	foldseek	0.9950248756218906
Methyltransf_1	foldseek	0.6755852842809364
FHA	foldseek	0.9
NMT	foldseek	0.9638242894056848
ngf	foldseek	0.9023255813953489
Cys_knot	foldseek	0.9951219512195122
CDC48	foldseek	0.8389057750759877
gtp	foldseek	0.9493670886075949
Topoisom_bac	foldseek	0.859538784067086
fn3	foldseek	0.5987261146496815
MAP1_LC3	foldseek	1.0
APC10	foldseek	0.9023569023569024
ghf5	foldseek	0.730909090909091
alpha-amylase_C	foldseek	0.4672897196261682
mmoa	foldseek	1.0
ATP-synt	foldseek	0.8731082654249127
DNA_mis_repair_NM	foldseek	0.8027681660899654
KISc	foldseek	0.9233333333333335
Skp1	foldseek	0.8982035928143712
RING	foldseek	0.8113207547169812
capsid_n	foldseek	0.8699186991869919
ets	foldseek	0.888888888888889
Bacteriofer	foldseek	0.9870967741935484
SCP2	foldseek	0.9511111111111111
Peptidase_M10A	foldseek	0.9473684210526315
Glyco_hydro_2_N	foldseek	0.6055045871559633
mutT	foldseek	0.5690376569037657
Exonuclease	foldseek	0.8996960486322189
XPG_NC	foldseek	0.8845528455284554
response_reg	foldseek	0.619718309859155
endotoxin	foldseek	0.918091809180918
NusB	foldseek	0.8663967611336032
linker_histone	foldseek	0.8827586206896552
SLT	foldseek	0.631578947368421
MHC_II_N	foldseek	0.4295302013422819
Ribosomal_L11	foldseek	0.8270676691729324
SCP	foldseek	0.8235294117647058
Pyridox_oxidase	foldseek	0.9511568123393317
Band_41_N	foldseek	0.7922077922077922
ERM	foldseek	0.7283236994219654
Fork_head	foldseek	0.9056603773584905
eIF-5a	foldseek	0.9322709163346613
Sulfotransfer	foldseek	0.5528455284552845
tcl1_mtcp1	foldseek	0.9811320754716981
mofe	foldseek	0.7493796526054591
voltage_CLC	foldseek	0.9988358556461001
RNA_pol_K	foldseek	0.9325153374233128
Peptidase_M27	foldseek	0.8752436647173489
ARM	foldseek	0.1636828644501279
SET	foldseek	0.8791208791208791
LMWPc	foldseek	0.967741935483871
CAP_GLY	foldseek	0.8170731707317073
PotD	foldseek	0.9408099688473521
TonB_dep_Rec	foldseek	0.6878868258178603
PSI_PsaE	foldseek	0.9925925925925926
toxin_2	foldseek	0.4615384615384615
CASc	foldseek	0.8677494199535963
recA_N	foldseek	0.9917695473251029
leukocidin	foldseek	0.8705440900562851
DNA_gyraseB	foldseek	1.0
Antifreeze	foldseek	0.9354838709677419
AMP-binding	foldseek	0.8245425188374595
grs	foldseek	0.7388987566607461
Peptidase_M16	foldseek	0.9251207729468599
Ribosomal_S5	foldseek	0.9558823529411764
DNA_topoisoIV	foldseek	0.7010550996483002
rasgap	foldseek	0.8316831683168318
C2	foldseek	0.9037656903765691
scorptoxin	foldseek	0.5925925925925926
Fz	foldseek	0.9620253164556962
Levi_coat	foldseek	0.8793103448275863
MurB_C	foldseek	0.8878048780487805
Lum_binding	foldseek	0.9385474860335196
Ribosomal_L7Ae	foldseek	0.83
cyclo	foldseek	0.9476923076923077
FAD-oxidase_NC	foldseek	0.33036848792884366
Isochorismatase	foldseek	0.6430678466076697
tRNA_bind	foldseek	0.7150837988826815
Ran_BP1	foldseek	0.9277566539923955
P53	foldseek	0.9824561403508771
BAG	foldseek	0.9865470852017937
RuBisCO_large_N	foldseek	0.8493150684931506
FN2	foldseek	0.9545454545454545
ATP-synt_g	foldseek	0.8455696202531645
VAT-N	foldseek	0.783132530120482
Peptidase_C2_D1	foldseek	0.9973333333333333
Transaldolase	foldseek	0.9728
RuvA	foldseek	0.9415041782729804
Dehydratase_MU	foldseek	0.9775280898876404
chorismate_bind	foldseek	0.8410757946210269
Glyco_hydro_20b	foldseek	0.6446280991735538
oxidored_FMN	foldseek	0.8124031007751937
DNA_pol3_beta	foldseek	0.9041095890410958
CopC	foldseek	0.99
Cu_nir	foldseek	0.9984917043740573
UCH	foldseek	0.7611111111111112
MCR_beta	foldseek	0.991869918699187
Fimbrial	foldseek	0.7022222222222222
PyrI_NC	foldseek	0.94314381270903
Ribosomal_L5_NC	foldseek	0.8607594936708861
rvt	foldseek	0.8764044943820225
rnh	foldseek	0.7733333333333334
F_bP_aldolase	foldseek	0.9003690036900369
Fe-ADH	foldseek	0.9916897506925207
DHBP_synthase	foldseek	0.9820051413881749
ATP-sulfurylase	foldseek	0.8915422885572138
Peptidase_C2	foldseek	0.9339622641509434
Histidine_kinase	foldseek	0.7121212121212122
rhv	foldseek	0.1318506751389992
Adenylsucc_synt	foldseek	0.9845788849347569
cox	foldseek	0.5832349468713106
Peptidase_S15	foldseek	0.671625929861849
His_biosynth	foldseek	0.8185840707964601
GSH_synth_ATP	foldseek	0.9057665260196905
DHquinase_II	foldseek	0.9398496240601504
GFO_IDH_MocA_C	foldseek	0.4978165938864629
DAP_epimerase	foldseek	0.7755102040816326
tbpc	foldseek	0.9355742296918768
Elicitin	foldseek	1.0
RuBisCO_large	foldseek	0.8249566724436741
mdm2	foldseek	0.9940828402366864
aminotran_5	foldseek	0.9732770745428974
sti	foldseek	0.9393939393939394
SpoU_methylase_N	foldseek	0.5511811023622047
PAH	foldseek	0.9753086419753086
lacI	foldseek	0.7647058823529411
histone	foldseek	0.7169811320754716
Orn_Arg_deC_NC	foldseek	0.9755434782608696
PBP_C1	foldseek	1.0
Peptidase_S24	foldseek	0.935672514619883
oxidored_q6	foldseek	0.9306930693069306
bromodomain	foldseek	0.9674418604651163
sigma54	foldseek	0.7669172932330827
hsp90	foldseek	0.9975786924939467
MCR_gamma	foldseek	0.9855072463768116
S_100	foldseek	0.7464788732394366
Transglut_core	foldseek	0.9563812600969306
HTH_AraC	foldseek	0.5684210526315789
7kD_DNA_binding	foldseek	0.9682539682539683
WHEP-TRS	foldseek	0.9514563106796117
ace	foldseek	0.8908730158730157
merR	foldseek	0.9711538461538463
CMAS	foldseek	0.9964664310954063
CODH	foldseek	0.9983525535420099
ccH	foldseek	0.9911504424778761
DHPS	foldseek	0.9512670565302144
Amino_oxidase_D1	foldseek	0.698051948051948
OMPdecase	foldseek	0.6838407494145198
GEL	foldseek	0.44565217391304346
Glyco_transf_28	foldseek	0.7224806201550389
Propep_M14	foldseek	0.888888888888889
RHD	foldseek	0.9683098591549296
Stap_Strp_toxin	foldseek	0.7457627118644067
pnp	foldseek	0.7488986784140969
UvrD-helicase	foldseek	0.9474562135112594
PGM_PMM_NC	foldseek	0.9286376274328081
sialidase_N	foldseek	0.9251700680272109
CcmE	foldseek	0.99
PAS	foldseek	0.6949152542372881
Alpha_adaptin_C	foldseek	0.6132075471698114
ricin	foldseek	0.8535031847133757
NTP_transf_2	foldseek	0.9926578560939794
SNAP-25	foldseek	0.9843749999999999
aminotran_4	foldseek	0.8990476190476191
Plectin	foldseek	0.9918699186991871
GFP	foldseek	0.9358669833729216
phs	foldseek	0.9502551020408163
PAN	foldseek	0.6891891891891891
Glyco_hydro_18_D2	foldseek	0.8387096774193549
B	foldseek	0.8641975308641974
laminin_G	foldseek	0.7250755287009064
CAT_RBD	foldseek	0.9108910891089108
MutS_N	foldseek	0.9411764705882353
Lyase_8_N	foldseek	0.8082191780821917
mle	foldseek	0.8144927536231884
RGS	foldseek	0.8755020080321286
THAUMATIN	foldseek	0.9624060150375939
rnasemam	foldseek	0.7093596059113301
PTS_EIIA_2	foldseek	0.823529411764706
mthinb	foldseek	0.9
GFO_IDH_MocA	foldseek	0.8049792531120332
dpb	foldseek	0.8227848101265822
ABC_tran	foldseek	0.5858585858585857
Fe_Asc_oxidored	foldseek	0.7652859960552268
RNA_pol_A_bac	foldseek	0.9376443418013856
E1_dehydrog	foldseek	0.8592375366568915
MIF	foldseek	0.9734513274336283
pgk	foldseek	0.9809885931558936
Lipoprotein_6	foldseek	0.99375
IF3	foldseek	0.9886363636363636
RhoGEF	foldseek	0.7234042553191489
DNA_pol_B_exo	foldseek	0.975397973950796
DegT_DnrJ_EryC1	foldseek	0.739770867430442
dsrm	foldseek	0.9393939393939394
Peptidase_S15_N	foldseek	0.6611295681063122
pdc	foldseek	0.9330708661417323
UPF0033	foldseek	0.6493506493506493
UCR_14kD	foldseek	0.9509803921568627
malic	foldseek	0.9718574108818011
Rib_hydrolayse	foldseek	0.9445585215605751
PCI_1	foldseek	0.98
apbact	foldseek	0.7553816046966733
P-II	foldseek	0.9417989417989417
hpr	foldseek	0.976470588235294
Huristasin	foldseek	0.8089887640449438
P	foldseek	0.9019607843137255
PyrI	foldseek	0.9128205128205129
IFN-gamma	foldseek	0.995850622406639
aakinase	foldseek	0.9293924466338259
taf	foldseek	0.9682539682539683
neurotox	foldseek	0.8846153846153847
Sec23_NC	foldseek	0.7331240188383046
UcrQ	foldseek	0.896551724137931
Glu_synth_NTN	foldseek	0.969770253929867
DUF170	foldseek	0.8387096774193549
Binary_toxA	foldseek	0.8779220779220779
RuBisCO_large_NC	foldseek	0.8438287153652394
rnr	foldseek	0.8290909090909091
sermam	foldseek	0.8348623853211009
F5_F8_type_C	foldseek	0.9872611464968153
E2_C	foldseek	0.9308176100628932
Gly_radical	foldseek	0.4198645598194132
tRNA-synt_1d_C	foldseektm	0.9491525423728814
PNTB	foldseektm	0.9942857142857143
PGAM	foldseektm	0.854054054054054
DUF28	foldseektm	0.8463251670378619
adh	foldseektm	0.9973190348525469
PEPCK_ATP	foldseektm	0.9759999999999999
Cys_Met_Meta_PP	foldseektm	0.9306666666666666
blmb	foldseektm	0.7167919799498746
mcp2	foldseektm	0.9645390070921985
Glyco_hydro_19	foldseektm	0.995850622406639
Filamin	foldseektm	0.8588235294117647
DEAD	foldseektm	0.6158536585365852
Mur_ligase_C	foldseektm	0.7488151658767772
cat	foldseektm	0.985200845665962
MutS_D2	foldseektm	0.9224489795918367
mmob_upper	foldseektm	0.28571428571428575
lamb	foldseektm	0.9003984063745021
TIG	foldseektm	0.9875
ADF	foldseektm	0.9398496240601504
cyto	foldseektm	1.0
ltb	foldseektm	0.9738219895287958
Toprim	foldseektm	0.7848101265822784
igvar-l	foldseektm	0.949771689497717
Thioesterase	foldseektm	0.7796610169491525
tRNA-synt_1d_M	foldseektm	0.9035222052067381
svmp	foldseektm	1.0
pili_assembly	foldseektm	0.8042328042328043
fer2	foldseektm	0.7701149425287357
A2M_A	foldseektm	0.9457364341085271
Asp_Glu_race	foldseektm	0.7259615384615385
PGM_PMM_II	foldseektm	0.963963963963964
GGL	foldseektm	0.9719626168224299
Orn_DAP_Arg_deC	foldseektm	0.9444444444444443
TIR	foldseektm	0.8913043478260869
cah	foldseektm	0.8934426229508197
Aldolase_II	foldseektm	0.975609756097561
piplc	foldseektm	0.9176470588235294
RhoGAP	foldseektm	0.9355742296918768
transketolase_C	foldseektm	0.9075630252100839
mmp	foldseektm	0.9683544303797469
phosfruc	foldseektm	0.9968553459119497
Hint	foldseektm	0.9558823529411765
PX	foldseektm	0.8148148148148148
Sec7	foldseektm	0.752
AlaDh_PNT_D2	foldseektm	0.9632107023411371
ACPS	foldseektm	0.7
egf	foldseektm	0.6376811594202899
Rho_GDI	foldseektm	0.9926470588235294
Endonuclease_3	foldseektm	0.953771289537713
Band_41_NME	foldseektm	0.960747663551402
PCNA	foldseektm	0.9919354838709677
dCMP_cyt_deam	foldseektm	0.911764705882353
Ribosomal_L6	foldseektm	0.8706624605678234
cytochrome_b	foldseektm	0.9947089947089947
Agglutinin	foldseektm	0.9347826086956521
Pertussis_S2S3_N	foldseektm	1.0
Ribosomal_L1	foldseektm	0.5813333333333334
MCR_alpha	foldseektm	0.9963636363636363
mdd	foldseektm	0.9933949801849405
Lipase_3	foldseektm	0.9448818897637795
cks	foldseektm	0.7819548872180451
igV	foldseektm	0.892018779342723
INTERFERON_A_B_D	foldseektm	0.918238993710692
planttoxin	foldseektm	1.0
kazal	foldseektm	0.7378640776699028
NO_synthase	foldseektm	1.0
Bac_rhodopsin	foldseektm	0.9767441860465116
GAF	foldseektm	0.9541984732824428
Thr_dehydrat_C	foldseektm	0.6615384615384614
PK	foldseektm	0.8284153005464482
ppase	foldseektm	0.9212827988338192
PCMT	foldseektm	0.9658536585365853
Malate_synthase	foldseektm	0.9687964338781575
MutS_D3	foldseektm	0.981203007518797
UPF0076	foldseektm	0.991869918699187
SAM_PNT	foldseektm	0.7567567567567568
DNA_photolyase	foldseektm	0.9649122807017544
CBS	foldseektm	0.8524590163934426
fer4	foldseektm	0.5238095238095238
malt_amylase_NC	foldseektm	0.9948364888123924
Kchannel	foldseektm	0.865979381443299
urease_gamma	foldseektm	1.0
bowman	foldseektm	1.0
Glyco_hydro_18	foldseektm	0.9259796806966618
cytprime	foldseektm	0.931726907630522
MutS_NC	foldseektm	0.937062937062937
cpn60_TCP1	foldseektm	0.8065843621399176
ANATO	foldseektm	0.7317073170731708
Glyco_hydro_20	foldseektm	0.8443759630200308
HSP20	foldseektm	0.8090909090909091
Sm	foldseektm	0.9411764705882353
cytochr_c552	foldseektm	0.9978354978354979
RNA_dep_RNA_pol	foldseektm	0.8747967479674796
EGF_Lam	foldseektm	0.7755102040816326
cbm12	foldseektm	0.8461538461538461
Ferrochelatase	foldseektm	0.9576547231270358
ATP-synt_DE_N	foldseektm	0.9696969696969696
Cytidylyltransf	foldseektm	0.8170212765957446
SSB	foldseektm	0.9617486338797815
S_T_dehydratase	foldseektm	0.827906976744186
GHMP_kinases_C	foldseektm	0.6171875
Staphylokinase	foldseektm	0.41284403669724773
Lyase_8	foldseektm	0.9165048543689319
PBP_NC	foldseektm	0.9922480620155039
AhpC-TSA	foldseektm	0.8888888888888888
S4	foldseektm	1.0
Apocytochrome_F	foldseektm	0.9919678714859438
Colicin_Pyocin	foldseektm	0.9879518072289156
DSPc	foldseektm	0.9154929577464789
Ribosomal_S5_C	foldseektm	1.0
Bet_v_I	foldseektm	1.0
lyase_1	foldseektm	0.9706546275395034
acyo	foldseektm	0.9844559585492229
trfl	foldseektm	0.9873015873015873
DNA_ligase_C	foldseektm	0.9006622516556291
fibrinogen_C	foldseektm	0.9460154241645243
Sec1	foldseektm	0.9517374517374517
Sulfatase	foldseektm	0.8526434195725533
Fe_dep_repr_M	foldseektm	1.0
GA	foldseektm	0.9411764705882353
CYCc	foldseektm	0.9235127478753541
protg	foldseektm	0.9016393442622951
NADHdh_2	foldseektm	0.9695652173913043
GFO_IDH_MocA_NC	foldseektm	0.8607142857142858
DHOdehase	foldseektm	0.9430051813471502
MM_CoA_mutase	foldseektm	0.4701195219123505
Zn_dep_PLPC	foldseektm	0.9144144144144143
aadh	foldseektm	0.8823529411764706
sh3	foldseektm	0.5483870967741935
gpr	foldseektm	0.9795918367346939
plantltp	foldseektm	0.9608938547486034
Ala_racemase_N	foldseektm	0.8787878787878788
RNase_U2	foldseektm	0.9929577464788732
chromo	foldseektm	0.8181818181818182
pec_lyase	foldseektm	0.7414634146341463
TNFR_c6	foldseektm	0.6976744186046512
cystatin	foldseektm	0.7636363636363638
recA	foldseektm	1.0
LIF_OSM	foldseektm	0.9733333333333334
S-AdoMet_synt	foldseektm	1.0
Amidase	foldseektm	0.9185185185185185
MAAL_N	foldseektm	1.0
cpa	foldseektm	0.9609507640067912
Cu_bind_like	foldseektm	0.8795811518324607
zf-CCHC	foldseektm	0.9375
prt	foldseektm	0.8244274809160306
CARD	foldseektm	0.9050279329608939
DAHP_synth_1	foldseektm	0.8666666666666667
CCP_MauG_NC	foldseektm	0.8771331058020477
ghf16	foldseektm	1.0
PEP-utilizers	foldseektm	0.78
bontoxilysin	foldseektm	0.9625151148730351
NTP_transferase	foldseektm	0.8747346072186836
MM_CoA_mutase_N	foldseektm	0.95512082853855
CPS	foldseektm	0.7696629213483147
ModE_C	foldseektm	0.920152091254753
ribonuclease_T2	foldseektm	0.823529411764706
TrkA-N	foldseektm	0.8941176470588235
Dwarfin	foldseektm	0.989247311827957
TmpK	foldseektm	0.8432432432432434
ferritin	foldseektm	0.9933774834437086
ghf11	foldseektm	0.9408450704225352
arginase	foldseektm	0.9694915254237289
CUB	foldseektm	0.9493087557603688
SIR2	foldseektm	0.8525252525252525
Cys-protease-3C	foldseektm	0.9022988505747126
Bacterial_PQQ	foldseektm	0.9538745387453874
EFG_IV	foldseektm	0.9661016949152542
NHase_beta	foldseektm	0.9378238341968912
S-AdoMet_syntD2	foldseektm	1.0
avi	foldseektm	0.9606986899563318
SAP	foldseektm	1.0
Dehydratase_LU	foldseektm	0.9981851179673321
SRF-TF	foldseektm	0.8676470588235293
hom	foldseektm	0.9090909090909091
HIT	foldseektm	0.8177339901477833
ghf18	foldseektm	0.5412262156448202
flavbb	foldseektm	0.9835082458770614
hormone_rec	foldseektm	0.8037825059101654
HMG-CoA_red	foldseektm	0.8301329394387001
CBD_2	foldseektm	0.7441860465116278
lipase	foldseektm	0.9770642201834864
squash	foldseektm	0.6545454545454545
Uricase	foldseektm	0.9153846153846152
COX2	foldseektm	0.9736842105263158
Terpene_synth_C	foldseektm	0.987220447284345
dutpase	foldseektm	0.923728813559322
DNA_methylase	foldseektm	0.8512820512820513
pilin	foldseektm	0.5247524752475248
SHMT	foldseektm	0.9783132530120482
SAM	foldseektm	0.9503546099290779
Tymo_coat	foldseektm	0.9657320872274143
Cutinase	foldseektm	0.872093023255814
Transglutamin_C	foldseektm	0.8947368421052632
Phage_integrase	foldseektm	0.7987421383647798
PGM_PMM_I	foldseektm	0.9706666666666668
prenyltrans	foldseektm	0.6794425087108014
PTB	foldseektm	0.8559322033898306
sh2	foldseektm	0.8586387434554974
gln-synt_N	foldseektm	0.9847715736040609
Nitrophorin	foldseektm	0.9775280898876404
aabp	foldseektm	0.5924170616113744
kringle	foldseektm	0.9798657718120806
cys	foldseektm	0.9134615384615384
glnasn	foldseektm	0.9889763779527558
NHase_alpha	foldseektm	0.9711286089238844
PPTA	foldseektm	0.8561151079136691
Dala_Dala_ligas	foldseektm	0.9286898839137645
gag_p17	foldseektm	0.985645933014354
Furin-like	foldseektm	0.7256637168141593
ENTH	foldseektm	0.8452830188679246
sdr	foldseektm	0.8836104513064134
Spermine_synth	foldseektm	0.9807692307692307
bv	foldseektm	0.3598615916955017
Dala_Dala_ligas_C	foldseektm	0.9443099273607748
Bac_DNA_binding	foldseektm	0.9859154929577465
Ribosomal_L2_N	foldseektm	0.8976377952755906
UreE	foldseektm	0.8787878787878788
COX3	foldseektm	0.9613259668508287
CBD_3	foldseektm	0.8764044943820225
B_lectin	foldseektm	1.0
blm	foldseektm	0.9724409448818898
S-AdoMet_syntD3	foldseektm	0.9791666666666666
ETF_alpha	foldseektm	1.0
Ribosomal_L30	foldseektm	0.9827586206896551
PPDK_N_term	foldseektm	0.8669410150891632
HGTP_anticodon	foldseektm	0.9841269841269842
stpp	foldseektm	0.9424083769633508
SRP54	foldseektm	0.9675090252707581
GSH_synthase	foldseektm	0.9901960784313726
rrm	foldseektm	0.9315068493150684
intb	foldseektm	0.8786610878661089
dTDP_sugar_isom	foldseektm	0.988950276243094
ghf10	foldseektm	0.9608177172061328
tRNA-synt_1	foldseektm	0.871139510117146
NiFeSe_Hases	foldseektm	0.9905482041587902
CN_hydrolase	foldseektm	0.9190207156308852
hemopexin	foldseektm	0.9289617486338798
GSH_synthase_NC	foldseektm	0.9539473684210527
Pro_CA	foldseektm	0.8779220779220778
BIR	foldseektm	0.611764705882353
VAT-Nn	foldseektm	0.942528735632184
Fe_hyd_SSU	foldseektm	0.9310344827586206
GerE	foldseektm	0.9846153846153847
asp	foldseektm	0.9008130081300814
ARID	foldseektm	0.5759162303664922
GATA	foldseektm	0.9213483146067417
Ald_Xan_dh_1	foldseektm	0.9902912621359222
ghf17	foldseektm	0.978512396694215
kunitz	foldseektm	1.0
helicase_NC	foldseektm	0.4037267080745341
Ribosomal_S15	foldseektm	0.7712418300653594
LEM	foldseektm	0.8666666666666667
ghf28	foldseektm	0.9420731707317073
MHC_II_C	foldseektm	0.9393939393939394
mmob_lower	foldseektm	0.994750656167979
ghf6	foldseektm	0.8402154398563735
DHH	foldseektm	0.9945652173913043
ghf1	foldseektm	0.8758949880668259
spidertoxin	foldseektm	0.8478260869565218
Methyltransf_2	foldseektm	0.9506172839506173
ptpase	foldseektm	0.9622641509433962
GHMP_kinases	foldseektm	0.7327433628318584
BRCT	foldseektm	0.913907284768212
Hpr_kinase	foldseektm	0.9530201342281879
tetR	foldseektm	0.921875
Glyco_transf_6	foldseektm	0.9722222222222222
capsid_c	foldseektm	1.0
VPR	foldseektm	0.6
DHDPS	foldseektm	0.9827586206896551
XPG_NI	foldseektm	0.8654353562005278
DNA_ligase	foldseektm	0.8611898016997167
Ribosomal_S30AE	foldseektm	0.983957219251337
lipocalin	foldseektm	0.7523510971786835
Peptidase_C15	foldseektm	1.0
EFTU_2	foldseektm	0.9473684210526314
TyrKc	foldseektm	0.9505703422053232
PARP	foldseektm	0.9906103286384976
alpha-amylase_N	foldseektm	0.9830508474576272
Ribosomal_L12	foldseektm	1.0
Band_41_M	foldseektm	0.935960591133005
thymid_phosphorylase	foldseektm	0.9930715935334873
molybdopterin	foldseektm	0.7480314960629921
pro_aminopeptidase	foldseektm	0.9935897435897436
C1q	foldseektm	0.9508196721311475
CoA_binding	foldseektm	0.979253112033195
PDGF	foldseektm	0.8819875776397514
Glyco_transf_8	foldseektm	0.7549668874172184
transcript_fac2	foldseektm	0.9633507853403142
FAD_binding_2	foldseektm	0.891280947255113
FYVE	foldseektm	1.0
Egg_lysin	foldseektm	1.0
FAD-oxidase_C	foldseektm	0.4608695652173913
EFG_C	foldseektm	0.9777777777777777
Ribosomal_S7	foldseektm	0.9541984732824428
FAD_binding_5	foldseektm	0.9683098591549295
Sua5_yciO_yrdC	foldseektm	0.8813559322033898
SIS	foldseektm	0.8990825688073394
Pep_deformylase	foldseektm	0.96875
aldosered	foldseektm	0.8146788990825687
rub	foldseektm	1.0
psaA_psaB	foldseektm	0.9480614484272127
HATPase_c	foldseektm	0.7048710601719198
GP120	foldseektm	1.0
porin	foldseektm	0.8097014925373135
lh2	foldseektm	0.8842105263157894
Lyase_8_NC	foldseektm	0.8611764705882352
MCR_alpha_N	foldseektm	0.981203007518797
igC1	foldseektm	0.9583333333333334
Fapy_DNA_glyco	foldseektm	0.9883268482490273
Cytochrome_C1_C	foldseektm	1.0
galpha	foldseektm	0.9834983498349835
RNA_pol_N	foldseektm	0.8411214953271028
subt	foldseektm	0.6956521739130436
CytoC_RC	foldseektm	0.9166666666666667
Arg_repressor_N	foldseektm	0.9763779527559054
phycoerythr_ab	foldseektm	0.9848484848484849
RrnaAD	foldseektm	0.8967032967032967
malic_C	foldseektm	0.9824561403508771
Clp_N	foldseektm	0.96875
parv	foldseektm	0.9523809523809524
EF1BD	foldseektm	0.8160919540229884
DEATH	foldseektm	0.6918918918918919
ldh	foldseektm	0.8827586206896552
uce	foldseektm	0.8595744680851064
CH	foldseektm	0.8542713567839195
TMV_coat	foldseektm	0.8580645161290322
transketolase_PC	foldseektm	0.8671328671328671
Ribosomal_L14	foldseektm	0.9745762711864406
MIF4G	foldseektm	0.7084468664850136
Flavoprotein	foldseektm	0.9135802469135802
RNase_HII	foldseektm	0.9607843137254901
PHBH	foldseektm	0.8906882591093117
Inos-1-P_synth	foldseektm	0.7682539682539682
ghf9	foldseektm	0.8962148962148963
PBP_GOBP	foldseektm	0.4585365853658537
DNA_PPF	foldseektm	0.6382978723404256
Epimerase	foldseektm	0.8662207357859532
Heme_oxygenase	foldseektm	1.0
e3	foldseektm	0.9577464788732395
Orbi_VP7	foldseektm	0.992
ndk	foldseektm	1.0
Amidase_2	foldseektm	0.7049808429118773
ghf33	foldseektm	0.9090909090909092
eIF6	foldseektm	0.9864253393665159
ghf7	foldseektm	0.9366106080206986
trans_reg_C	foldseektm	0.8571428571428571
serbact	foldseektm	0.953929539295393
Syntaxin	foldseektm	0.6351931330472103
profilin	foldseektm	0.9590163934426229
FN1	foldseektm	0.9318181818181818
rvp	foldseektm	0.8877551020408163
ghf34	foldseektm	0.95
cryst	foldseektm	0.9408284023668639
Peptidase_C2_D2	foldseektm	0.9254901960784314
Ribosomal_L22	foldseektm	0.9252336448598131
gluts	foldseektm	1.0
Jacalin	foldseektm	1.0
PARP_reg	foldseektm	0.9921875
HMA	foldseektm	0.9104477611940298
Peptidase_M24	foldseektm	0.8366013071895425
isoamylase_N	foldseektm	0.9302325581395349
DISIN	foldseektm	1.0
TPK	foldseektm	0.9168356997971602
phosphotriesterase	foldseektm	0.9281961471103327
EFTU_C	foldseektm	1.0
Ribosomal_S8	foldseektm	0.9725490196078432
Pept_C1-like	foldseektm	0.9762174405436015
enolase	foldseektm	0.9953703703703703
helicase_C	foldseektm	0.6829268292682927
p450	foldseektm	0.8579088471849866
isoamylase_NC	foldseektm	0.8585558852621168
integrase	foldseektm	0.9019607843137255
RNA_pol_H	foldseektm	0.8840579710144927
Arginosuc_synth	foldseektm	0.9761904761904762
recA_C	foldseektm	1.0
TPK_catalytic	foldseektm	0.8730650154798761
FAD_binding_4	foldseektm	0.7012987012987013
FAA_hydrolase	foldseektm	0.9435897435897436
URO-D	foldseektm	0.9824561403508771
aminobp	foldseektm	0.997093023255814
Desulfoferrodox	foldseektm	0.8587570621468926
Transpeptidase	foldseektm	0.9936507936507937
C1	foldseektm	0.9347826086956522
DAO	foldseektm	0.934375
dNK	foldseektm	0.9639175257731959
CIDE-N	foldseektm	0.8121212121212121
phc	foldseektm	0.9096774193548387
ChtBD	foldseektm	0.9500000000000001
SPEC	foldseektm	0.8571428571428571
ATP-gua_Ptrans	foldseektm	0.8591954022988505
Amino_oxidase_D2	foldseektm	0.8440366972477065
VHS	foldseektm	0.9577464788732394
RNA_pol_A_CTD	foldseektm	0.9925925925925926
WD40	foldseektm	0.8982229402261711
TPK_B1_binding	foldseektm	0.9411764705882353
Glyco_hydro_67	foldseektm	0.9635258358662614
Mu_DNA_bind	foldseektm	0.8955223880597014
Arthro_defensin	foldseektm	0.8571428571428572
Ricin_B_lectin	foldseektm	1.0
hormone5	foldseektm	0.9036144578313252
citrate_synt	foldseektm	0.9239280774550485
LuxS	foldseektm	0.9608540925266905
adeno_fiber	foldseektm	0.9497206703910613
tgfb	foldseektm	0.8392857142857144
PGI	foldseektm	0.87409200968523
Lipoprotein_4	foldseektm	0.968342644320298
TGT	foldseektm	0.9487951807228916
START	foldseektm	0.9743589743589743
ICL	foldseektm	0.9547738693467336
SAICAR_synt	foldseektm	0.8822055137844612
Orn_Arg_deC_N	foldseektm	1.0
Astacin	foldseektm	0.9792746113989638
5_3_exonuclease	foldseektm	0.6711711711711711
kex	foldseektm	0.8617683686176837
Phage_G	foldseektm	0.9825581395348837
tRNA-synt_1d	foldseektm	0.865616311399444
tms	foldseektm	0.9578544061302683
Recep_L_domain	foldseektm	0.7142857142857142
SpoU_methylase_C	foldseektm	0.94
arrestin_NC	foldseektm	0.9728958630527819
tRNA-synt_1c	foldseektm	0.9230769230769231
Peptidase_S11	foldseektm	0.974025974025974
AP_endonucleas1	foldseektm	0.9258517034068137
tRNA-synt_1_edit	foldseektm	0.9347826086956522
tyrosinase	foldseektm	0.8410462776659959
annexin	foldseektm	0.9984101748807631
ALAD	foldseektm	0.9803921568627451
PBD	foldseektm	0.30357142857142855
il8	foldseektm	0.7394957983193277
PBP_C2	foldseektm	1.0
Ham1p_like	foldseektm	0.9111111111111111
SLT_beta	foldseektm	1.0
ACT	foldseektm	0.8025477707006369
tRNA-synt_2b	foldseektm	0.837719298245614
sodcu	foldseektm	0.9247311827956989
PDZ	foldseektm	0.9585798816568047
internalin	foldseektm	0.7266435986159171
myb_DNA-binding	foldseektm	0.7272727272727272
BChl_A	foldseektm	0.997134670487106
serpin	foldseektm	0.9570200573065903
CoA_trans	foldseektm	0.957345971563981
E2_N	foldseektm	0.9534883720930233
utg	foldseektm	1.0
PKD	foldseektm	0.8717948717948718
Acetyltransf	foldseektm	0.76
trp_syntA	foldseektm	0.8935281837160751
pentraxin	foldseektm	0.9950980392156863
NTP_transf_2_2	foldseektm	0.8214285714285714
Bac_globin	foldseektm	1.0
DHHA2	foldseektm	0.9957446808510638
GXGXG	foldseektm	0.9887218045112782
alk_phosphatase	foldseektm	0.8406524466750314
PAX	foldseektm	0.6985645933014354
DEFSN	foldseektm	0.9259259259259259
DUF50	foldseektm	0.9201877934272301
T-box	foldseektm	0.9888268156424581
Peptidase_S15_C	foldseektm	0.8587896253602304
Pertussis_S2S3_NC	foldseektm	1.0
toxin	foldseektm	0.7207207207207208
TNF	foldseektm	0.915129151291513
icd	foldseektm	0.8313253012048193
PBP	foldseektm	0.9266666666666666
DeoC	foldseektm	0.9553571428571429
Terpene_synth_NC	foldseektm	0.9614243323442137
ligase-CoA_NC	foldseektm	0.9490196078431373
FA58C	foldseektm	0.9927536231884058
HTH_AraC_2	foldseektm	1.0
vprotease	foldseektm	1.0
ETF_beta	foldseektm	1.0
Parvo_coat2	foldseektm	0.9851024208566108
ech	foldseektm	0.9427480916030534
urease	foldseektm	0.9964601769911504
Glyco_hydro_18_D1	foldseektm	0.9447415329768271
actin	foldseektm	0.8394648829431437
CC4	foldseektm	0.954954954954955
Peptidase_S21	foldseektm	0.8825065274151437
GLA	foldseektm	0.9428571428571428
MCR_beta_NC	foldseektm	1.0
alpha-amylase_NC	foldseektm	0.6869158878504672
tRNA-synt_2d	foldseektm	0.8409090909090909
Glucosamine_iso	foldseektm	0.9924812030075187
Integrase_Zn	foldseektm	1.0
MutS_C	foldseektm	0.9655172413793104
sodfe	foldseektm	0.9823677581863981
Lyase_8_C	foldseektm	0.8513513513513514
MATH	foldseektm	0.9795918367346939
Dehydratase_SU	foldseektm	0.9963369963369962
DPS	foldseektm	0.9858156028368794
tRNA-synt_1b	foldseektm	0.7212475633528265
phero	foldseektm	0.9166666666666666
mthina	foldseektm	1.0
PAC	foldseektm	0.9903846153846154
Nitroreductase	foldseektm	0.9627507163323782
WW	foldseektm	0.8059701492537312
Phage_F	foldseektm	1.0
PEP-utilizers_NC	foldseektm	0.8400473933649288
hemocyan	foldseektm	0.9562982005141388
MIP	foldseektm	0.7436489607390301
Arch_histone	foldseektm	1.0
RA	foldseektm	0.736196319018405
Cyclodex_gly_tran	foldseektm	0.9714714714714715
Glyco_hydro_47	foldseektm	0.9808342728297633
Ribosomal_L18p	foldseektm	0.9497206703910613
biopterin_H	foldseektm	0.9966329966329966
Asn_synthase	foldseektm	0.8979591836734694
GLUCAGON	foldseektm	1.0
AlaDh_PNT_D1	foldseektm	0.9027027027027027
recombinase	foldseektm	0.8764044943820224
DNA_gyraseB_N2	foldseektm	0.9487516425755584
Cucumo_coat	foldseektm	0.8996763754045307
gpdh	foldseektm	0.9648854961832061
thionin	foldseektm	0.9333333333333333
AAA	foldseektm	0.4736842105263158
Yers_vir_YopE	foldseektm	0.9868995633187774
pou	foldseektm	1.0
igps	foldseektm	0.795698924731183
IMPDH	foldseektm	0.9785714285714285
Hydrolase	foldseektm	0.9908256880733946
cyt5	foldseektm	0.9937106918238994
tln	foldseektm	0.9932432432432432
cpn10	foldseektm	0.8791208791208791
Ribosomal_L2	foldseektm	0.958490566037736
Usp	foldseektm	0.9266409266409267
DNA_pol_B	foldseektm	0.7914285714285716
hormone	foldseektm	0.9721362229102167
ANK	foldseektm	0.9836065573770492
cyclin	foldseektm	0.6490066225165563
S1	foldseektm	0.6769230769230768
Inh	foldseektm	0.97
LBP_BPI_CETP	foldseektm	0.8372093023255813
GATase_2	foldseektm	0.914798206278027
xia	foldseektm	0.9465449804432855
LysR_substrate	foldseektm	0.8441247002398082
DNA_polymeraseX	foldseektm	0.8109756097560975
MHC_II_beta_NC	foldseektm	0.9044943820224719
mmo	foldseektm	1.0
L15	foldseektm	0.7761194029850746
N6_N4_Mtase	foldseektm	0.8583690987124464
Peptidase_A6	foldseektm	0.9875
Frataxin_Cyay	foldseektm	0.9433962264150944
hemery	foldseektm	0.9823008849557522
tim	foldseektm	1.0
KAS	foldseektm	0.8928571428571428
Acetyltransf2	foldseektm	0.9850187265917604
hexokinase	foldseektm	0.9619377162629758
cytb	foldseektm	0.8322147651006713
CPSase_L_chain	foldseektm	0.6294416243654822
adk	foldseektm	0.6480836236933798
Glyco_hydro_2	foldseektm	0.17297297297297298
GATase	foldseektm	0.957983193277311
MGS	foldseektm	0.6456692913385826
GAD	foldseektm	0.9583333333333334
ins	foldseektm	0.7341772151898734
Trypan_glycop	foldseektm	0.8212703101920237
PGM_PMM_III	foldseektm	0.9824561403508771
envelope	foldseektm	0.22641509433962265
ligase-CoA	foldseektm	0.9224806201550387
A2M_B	foldseektm	1.0
aat	foldseektm	0.8074369189907039
DUF101	foldseektm	0.7796610169491526
igvar-h	foldseektm	0.9827586206896551
TIMP	foldseektm	0.9337175792507204
Flavin_Reduct	foldseektm	0.8366013071895425
int	foldseektm	0.9333333333333332
reductases	foldseektm	0.8167053364269142
Topoisomerase_I	foldseektm	0.9765258215962441
PGM_PMM	foldseektm	0.9844961240310077
igI	foldseektm	0.9333333333333333
lta	foldseektm	0.972972972972973
tubulin	foldseektm	0.966903073286052
cdh	foldseektm	1.0
tRNA-synt_1d_N	foldseektm	0.75
kinase	foldseektm	0.8
Ribosomal_L4	foldseektm	0.9103448275862069
QRPTase	foldseektm	0.992831541218638
abhydrolase_2	foldseektm	0.9674418604651163
flav	foldseektm	0.8962962962962963
AP_endonuc_2	foldseektm	0.6778242677824268
DNA_ligase_N	foldseektm	0.795774647887324
HMG_box	foldseektm	0.5899280575539568
GroEL	foldseektm	0.9559748427672956
dpo1	foldseektm	0.8392523364485982
Rhodanese	foldseektm	0.8250000000000001
FTR	foldseektm	0.8220338983050847
HSF_DNA-bind	foldseektm	0.975609756097561
gdh	foldseektm	0.8594249201277955
proteasome	foldseektm	0.770780856423174
Rop	foldseektm	0.9914529914529915
Glyco_hydro_48	foldseektm	0.9845904298459044
Ribosomal_S5_N	foldseektm	0.975609756097561
seatoxin	foldseektm	0.6329113924050633
Pertussis_S2S3	foldseektm	1.0
pot	foldseektm	0.9838709677419355
THF_DHG_CYH	foldseektm	0.978494623655914
EPSP_syntase	foldseektm	0.8575
sugbp	foldseektm	0.9703703703703703
SpoU_methylase	foldseektm	0.7601809954751131
rvintegrase	foldseektm	0.9516129032258064
peroxidase	foldseektm	0.922509225092251
PEP-utilizers_C	foldseektm	0.9626556016597511
oat	foldseektm	0.9056122448979592
GHMP_kinases_N	foldseektm	0.7733333333333333
aldedh	foldseektm	0.9309941520467837
Pectinesterase	foldseektm	0.934931506849315
DUF153	foldseektm	0.9560975609756097
AFOR	foldseektm	0.9847972972972973
MDH	foldseektm	1.0
gln-synt_NC	foldseektm	0.9763440860215054
cyt3	foldseektm	0.8844221105527638
acid_phosphat	foldseektm	0.7662957074721781
STAS	foldseektm	0.8036529680365296
Tautomerase	foldseektm	1.0
tryp_alpha_amyl	foldseektm	0.8944723618090452
arrestin_C	foldseektm	0.9916897506925207
Invasin	foldseektm	0.907103825136612
STAT	foldseektm	0.9704251386321626
PH	foldseektm	0.5741626794258373
Seedstore_7s	foldseektm	0.9714285714285714
Anperoxidase	foldseektm	0.8045197740112996
MBD	foldseektm	0.8217054263565892
ltn	foldseektm	0.8390022675736961
UPF0044	foldseektm	1.0
pcd	foldseektm	0.8160919540229884
PABP	foldseektm	0.9752066115702478
cytc	foldseektm	0.9702970297029703
FAD_binding	foldseektm	0.9126984126984127
MSP_domain	foldseektm	1.0
Amino_oxidase	foldseektm	0.8175355450236967
rep	foldseektm	0.832
phoslip	foldseektm	0.9652173913043478
6PF2K	foldseektm	1.0
Fe_hyd_lg_C	foldseektm	0.9719626168224299
IMS	foldseektm	0.9948979591836735
TIL	foldseektm	0.5504587155963302
GAL4	foldseektm	1.0
ku	foldseektm	0.642622950819672
Transglutamin_NC	foldseektm	0.9387442572741195
formyl_transf	foldseektm	0.8353658536585366
Asn_synthase_NC	foldseektm	0.8600682593856656
il10	foldseektm	0.9752650176678446
NTP_transf_2_N2	foldseektm	0.9758241758241758
Peptidase_S9	foldseektm	0.9169960474308301
ghf15	foldseektm	0.9511627906976745
Esterase	foldseektm	0.9946332737030412
PAP2	foldseektm	0.9441723800195886
Bcl-2	foldseektm	0.7973856209150326
Mur_ligase	foldseektm	0.7743732590529248
WH1	foldseektm	0.9903846153846154
Cu-oxidase	foldseektm	0.9217577706323686
aldose	foldseektm	0.9823529411764705
pp-binding	foldseektm	0.43661971830985913
PA_phosphatase	foldseektm	0.88715953307393
YgbB	foldseektm	0.8967971530249111
LDLa	foldseektm	0.8157894736842105
hip	foldseektm	0.9859154929577465
COX1	foldseektm	0.9841269841269841
Prismane	foldseektm	0.9813780260707635
LIM	foldseektm	0.5538461538461539
MCR_beta_N	foldseektm	1.0
msb	foldseektm	0.8350515463917526
hla	foldseektm	1.0
CCP_MauG_C	foldseektm	0.9315068493150684
AlaDh_PNT	foldseektm	0.937125748502994
eIF-1a	foldseektm	0.6709677419354839
bac_luciferase	foldseektm	0.8317757009345794
Asp_Glu_race_D	foldseektm	0.4975124378109453
PRK	foldseektm	0.7743589743589745
mycin	foldseektm	0.9369369369369369
biotin_lipoyl	foldseektm	0.7777777777777778
thiored	foldseektm	0.9722222222222222
ung	foldseektm	1.0
RRF	foldseektm	0.743661971830986
CBD_6	foldseektm	0.9065743944636678
Ribosomal_L6_D	foldseektm	0.8776978417266188
FolB	foldseektm	0.9658119658119658
Cu_amine_oxid	foldseektm	0.9489291598023064
DEP	foldseektm	0.7441860465116279
MAAL_C	foldseektm	0.9872881355932204
CBM_20	foldseektm	0.8272251308900523
gln-synt	foldseektm	0.9740791268758527
MoCF_biosynth	foldseektm	0.8029197080291971
nir	foldseektm	0.9906542056074765
DNA_mis_repair_M	foldseektm	0.9523809523809523
MAAL	foldseektm	0.9923664122137404
Topoisomerase_I_core	foldseektm	0.8211586901763224
UPP_synthetase	foldseektm	0.9976019184652278
lipoxygenase	foldseektm	0.9957907396271798
IU_nuc_hydro	foldseektm	0.9935897435897436
Cohesin	foldseektm	0.9782608695652174
KSI	foldseektm	1.0
OTCace	foldseektm	0.9380530973451328
ADP_PFK_GK	foldseektm	0.9731621936989497
TFIIS	foldseektm	0.9032258064516129
MYSc	foldseektm	0.8514851485148515
ghf46	foldseektm	0.8306997742663657
Phage_lysozyme	foldseektm	0.9785932721712537
Alpha_adaptinC12	foldseektm	0.4733178654292343
Peripla_BP_2	foldseektm	0.899581589958159
dhfr	foldseektm	0.8652037617554859
csp	foldseektm	1.0
hr	foldseektm	1.0
Alpha_adaptinC2	foldseektm	0.8623853211009174
aconitase	foldseektm	0.9082007343941249
DMRL_synthase	foldseektm	0.8776978417266187
TRANSTHYRETIN	foldseektm	1.0
fbpase	foldseektm	0.9935275080906149
Glu_syn_central	foldseektm	0.9836734693877551
TBCA	foldseektm	0.9354838709677419
cNMP	foldseektm	0.8608695652173913
ghf22	foldseektm	0.9262295081967213
VAT-Nc	foldseektm	0.7466666666666667
Colicin	foldseektm	0.7897727272727273
Peptidase_M17_N	foldseektm	0.75
Ald_Xan_dh_2	foldseektm	0.9015317286652078
Cytochrome_C1	foldseektm	0.9593147751605996
ghf14	foldseektm	0.9555273189326556
ISP	foldseektm	0.8426395939086294
Beta_elim_lyase	foldseektm	0.9882352941176471
SUI1	foldseektm	0.8774193548387098
SKI	foldseektm	0.9698996655518394
IF4E	foldseektm	0.7230320699708455
ribokinase	foldseektm	0.902229845626072
aspg	foldseektm	0.9739776951672863
Ribosomal_L2_C	foldseektm	0.9696969696969697
ALBUMIN	foldseektm	0.5474254742547425
Penicil_amidase	foldseektm	0.7318663406682967
prc	foldseektm	0.3704680290046144
Rotamase	foldseektm	0.7840909090909092
Dala_Dala_ligas_N	foldseektm	0.9574468085106385
Cytidylyl_trans	foldseektm	0.7949999999999999
UCR_TM	foldseektm	0.8965517241379309
G6PD	foldseektm	0.9297297297297298
zf-TAZ	foldseektm	0.7058823529411765
S-AdoMet_synt_NC	foldseektm	0.9945054945054945
SBP_bacterial_1	foldseektm	0.7260504201680671
HCV_NS3	foldseektm	0.9947089947089947
PAF-AH	foldseektm	1.0
MCR_alpha_NC	foldseektm	0.9870609981515711
ACBP	foldseektm	0.9761904761904763
slectin	foldseektm	0.9609375
TrpBP	foldseektm	1.0
RuBisCO_small	foldseektm	0.9951219512195122
UBQ	foldseektm	1.0
fer4_NifH	foldseektm	0.9962825278810409
G6PD_NC	foldseektm	0.9305263157894738
GTP_cyclohydroI	foldseektm	0.9399477806788512
DSBA	foldseektm	0.9523809523809524
cat3	foldseektm	0.7202072538860103
ModA	foldseektm	0.930957683741648
UBX	foldseektm	0.7814569536423841
az	foldseektm	0.8421052631578948
zf-CCHH	foldseektm	1.0
KH	foldseektm	0.8794326241134751
transket_pyr	foldseektm	0.8597560975609756
Ribonuclease_P	foldseektm	0.918918918918919
transketolase	foldseektm	0.9170896785109983
alpha-amylase	foldseektm	0.64576802507837
GBP_PSP	foldseektm	0.8292682926829269
Transglutamin_N	foldseektm	0.9398496240601504
PMSR	foldseektm	0.9893617021276596
CCP_MauG	foldseektm	0.8373702422145329
Terpene_synth_N	foldseektm	0.96875
6PGD	foldseektm	0.9494079655543596
Peptidase_M17	foldseektm	0.9921507064364207
malic_N	foldseektm	0.9959677419354839
Arg_repressor_C	foldseektm	0.9714285714285714
thiolase	foldseektm	0.7104377104377104
Activin_recp	foldseektm	0.5921052631578947
Cytochrome_C1_N	foldseektm	0.9490616621983915
rnase	foldseektm	0.9901960784313726
fkbp	foldseektm	0.9537037037037037
XPG_C	foldseektm	0.9814814814814815
IRF	foldseektm	0.9029126213592235
Extradiol_dioxy	foldseektm	0.929368029739777
SRP19	foldseektm	0.8764044943820224
igcon	foldseektm	0.8387096774193549
HPPK	foldseektm	0.9648562300319489
glob	foldseektm	0.6940298507462687
C4	foldseektm	0.9910313901345291
SRP54M	foldseektm	0.6503067484662577
Haloperoxidase	foldseektm	0.7642585551330799
G6PD_C	foldseektm	0.9401408450704226
Fe_dep_repress	foldseektm	0.9917355371900827
DnaJ	foldseektm	0.723404255319149
SAM_decarbox	foldseektm	0.9448275862068966
Amidinotransferase	foldseektm	0.9037900874635568
Me-amine-deh_L	foldseektm	0.9834710743801653
bac_lipase	foldseektm	0.9367909238249594
inositol_P	foldseektm	0.6688963210702341
igC2	foldseektm	0.6521739130434783
asprs	foldseektm	0.952054794520548
fabp	foldseektm	0.943089430894309
ghf2	foldseektm	0.856060606060606
MHC_II_alpha_NC	foldseektm	0.935933147632312
arrestin	foldseektm	0.9583333333333333
Urease_beta	foldseektm	1.0
Methyltransf_1	foldseektm	0.7123287671232877
FHA	foldseektm	0.8672566371681416
NMT	foldseektm	0.9845360824742269
ngf	foldseektm	0.9488372093023255
Cys_knot	foldseektm	0.975609756097561
CDC48	foldseektm	0.9212121212121213
gtp	foldseektm	0.9721362229102166
Topoisom_bac	foldseektm	0.6075949367088608
fn3	foldseektm	0.8374999999999999
MAP1_LC3	foldseektm	0.9868995633187774
APC10	foldseektm	0.9442622950819672
ghf5	foldseektm	0.7935943060498221
alpha-amylase_C	foldseektm	0.6055045871559633
mmoa	foldseektm	1.0
ATP-synt	foldseektm	0.8208616780045351
DNA_mis_repair_NM	foldseektm	0.8402777777777778
KISc	foldseektm	0.9818181818181818
Skp1	foldseektm	0.896969696969697
RING	foldseektm	0.8909090909090909
capsid_n	foldseektm	0.9268292682926831
ets	foldseektm	0.8681318681318682
Bacteriofer	foldseektm	0.9968051118210862
SCP2	foldseektm	0.9515418502202644
Peptidase_M10A	foldseektm	0.9692982456140351
Glyco_hydro_2_N	foldseektm	0.8502994011976047
mutT	foldseektm	0.7550200803212852
Exonuclease	foldseektm	0.9700598802395209
XPG_NC	foldseektm	0.8866666666666666
response_reg	foldseektm	0.7962962962962963
endotoxin	foldseektm	0.9163701067615658
NusB	foldseektm	0.9477911646586347
linker_histone	foldseektm	0.9
SLT	foldseektm	0.8267716535433071
MHC_II_N	foldseektm	0.8421052631578947
Ribosomal_L11	foldseektm	0.9848484848484849
SCP	foldseektm	0.8735632183908046
Pyridox_oxidase	foldseektm	0.9897435897435898
Band_41_N	foldseektm	0.9090909090909091
ERM	foldseektm	0.9425287356321839
Fork_head	foldseektm	0.9259259259259259
eIF-5a	foldseektm	0.9647058823529412
Sulfotransfer	foldseektm	0.6354166666666667
tcl1_mtcp1	foldseektm	0.9289099526066351
mofe	foldseektm	0.8842874543239951
voltage_CLC	foldseektm	1.0
RNA_pol_K	foldseektm	0.6202531645569621
Peptidase_M27	foldseektm	0.8940269749518305
SET	foldseektm	0.9525862068965517
LMWPc	foldseektm	0.9838187702265372
CAP_GLY	foldseektm	0.8554913294797687
PotD	foldseektm	0.956386292834891
TonB_dep_Rec	foldseektm	0.23243712055507373
PSI_PsaE	foldseektm	0.887218045112782
toxin_2	foldseektm	0.33898305084745767
CASc	foldseektm	0.9678899082568808
recA_N	foldseektm	1.0
leukocidin	foldseektm	0.9209486166007904
DNA_gyraseB	foldseektm	1.0
Antifreeze	foldseektm	0.96875
AMP-binding	foldseektm	0.8190899001109877
grs	foldseektm	0.5766423357664233
Peptidase_M16	foldseektm	0.9568345323741008
Ribosomal_S5	foldseektm	0.981132075471698
DNA_topoisoIV	foldseektm	0.8009367681498829
rasgap	foldseektm	0.9122807017543859
C2	foldseektm	0.9377593360995851
scorptoxin	foldseektm	0.8547008547008546
Fz	foldseektm	0.9491525423728814
Levi_coat	foldseektm	0.896551724137931
MurB_C	foldseektm	0.9423076923076923
Lum_binding	foldseektm	0.9456521739130435
Ribosomal_L7Ae	foldseektm	0.8159203980099503
cyclo	foldseektm	0.9878048780487805
FAD-oxidase_NC	foldseektm	0.569086651053864
Isochorismatase	foldseektm	0.9106628242074928
tRNA_bind	foldseektm	0.8631578947368421
Ran_BP1	foldseektm	0.9774436090225563
P53	foldseektm	0.8
BAG	foldseektm	0.9732142857142857
RuBisCO_large_N	foldseektm	0.9327354260089685
FN2	foldseektm	0.9438202247191012
ATP-synt_g	foldseektm	0.882051282051282
VAT-N	foldseektm	0.8466257668711655
Peptidase_C2_D1	foldseektm	1.0
Transaldolase	foldseektm	1.0
RuvA	foldseektm	0.9749303621169918
Dehydratase_MU	foldseektm	1.0
chorismate_bind	foldseektm	0.9292682926829268
Glyco_hydro_20b	foldseektm	0.8650793650793651
oxidored_FMN	foldseektm	0.8710166919575115
DNA_pol3_beta	foldseektm	0.9181818181818182
CopC	foldseektm	0.9447236180904524
Cu_nir	foldseektm	1.0
UCH	foldseektm	0.8287292817679558
MCR_beta	foldseektm	1.0
Fimbrial	foldseektm	0.7948717948717948
PyrI_NC	foldseektm	0.8222996515679442
Ribosomal_L5_NC	foldseektm	0.865546218487395
rvt	foldseektm	0.9487750556792872
rnh	foldseektm	0.8620689655172413
F_bP_aldolase	foldseektm	0.952029520295203
Fe-ADH	foldseektm	0.9834254143646409
DHBP_synthase	foldseektm	0.9847715736040609
ATP-sulfurylase	foldseektm	0.947680157946693
Peptidase_C2	foldseektm	0.7568438003220613
Histidine_kinase	foldseektm	0.7890625
rhv	foldseektm	0.2318840579710145
Adenylsucc_synt	foldseektm	0.9976303317535545
cox	foldseektm	0.7502903600464575
Peptidase_S15	foldseektm	0.7995846313603323
His_biosynth	foldseektm	0.8558758314855877
GSH_synth_ATP	foldseektm	0.9491525423728814
DHquinase_II	foldseektm	0.9779411764705882
GFO_IDH_MocA_C	foldseektm	0.8793103448275863
DAP_epimerase	foldseektm	0.8340080971659919
tbpc	foldseektm	0.9385474860335196
Elicitin	foldseektm	1.0
RuBisCO_large	foldseektm	0.9413793103448276
mdm2	foldseektm	0.9764705882352941
aminotran_5	foldseektm	0.9915966386554622
sti	foldseektm	0.9607250755287009
SpoU_methylase_N	foldseektm	0.9444444444444444
PAH	foldseektm	0.9333333333333333
lacI	foldseektm	0.7755102040816326
histone	foldseektm	0.6257668711656442
Orn_Arg_deC_NC	foldseektm	0.9785522788203753
PBP_C1	foldseektm	1.0
Peptidase_S24	foldseektm	0.9418604651162791
oxidored_q6	foldseektm	0.968503937007874
bromodomain	foldseektm	0.9585253456221198
sigma54	foldseektm	0.725925925925926
hsp90	foldseektm	1.0
MCR_gamma	foldseektm	0.9917355371900827
S_100	foldseektm	0.7692307692307693
Transglut_core	foldseektm	0.9453376205787781
HTH_AraC	foldseektm	0.9375
7kD_DNA_binding	foldseektm	0.9841269841269841
WHEP-TRS	foldseektm	0.8823529411764706
ace	foldseektm	0.9597644749754661
merR	foldseektm	0.9905660377358491
CMAS	foldseektm	1.0
CODH	foldseektm	0.9983525535420099
ccH	foldseektm	1.0
DHPS	foldseektm	0.9576923076923077
Amino_oxidase_D1	foldseektm	0.7731629392971245
OMPdecase	foldseektm	0.809090909090909
GEL	foldseektm	0.689655172413793
Glyco_transf_28	foldseektm	0.7850467289719626
Propep_M14	foldseektm	0.9411764705882353
RHD	foldseektm	0.962962962962963
Stap_Strp_toxin	foldseektm	0.8306010928961749
pnp	foldseektm	0.8626609442060086
UvrD-helicase	foldseektm	0.8525821596244132
PGM_PMM_NC	foldseektm	0.971375807940905
sialidase_N	foldseektm	0.9733333333333333
CcmE	foldseektm	0.9326424870466321
PAS	foldseektm	0.8070175438596491
Alpha_adaptin_C	foldseektm	0.8651162790697675
ricin	foldseektm	0.8972746331236897
NTP_transf_2	foldseektm	0.9941348973607038
SNAP-25	foldseektm	1.0
aminotran_4	foldseektm	0.9776119402985075
Plectin	foldseektm	0.9728260869565217
GFP	foldseektm	0.9812206572769953
phs	foldseektm	0.9593392630241423
PAN	foldseektm	0.6933333333333334
Glyco_hydro_18_D2	foldseektm	0.8709677419354839
B	foldseektm	0.7951807228915662
laminin_G	foldseektm	0.8206686930091185
CAT_RBD	foldseektm	0.9523809523809523
MutS_N	foldseektm	0.9811320754716981
Lyase_8_N	foldseektm	0.899505766062603
mle	foldseektm	0.9670014347202295
RGS	foldseektm	0.8932806324110673
THAUMATIN	foldseektm	0.9651741293532339
rnasemam	foldseektm	0.878048780487805
PTS_EIIA_2	foldseektm	0.9257950530035336
mthinb	foldseektm	0.9310344827586207
GFO_IDH_MocA	foldseektm	0.9135802469135802
dpb	foldseektm	0.5421558164354323
ABC_tran	foldseektm	0.5376884422110554
Fe_Asc_oxidored	foldseektm	0.8317214700193424
RNA_pol_A_bac	foldseektm	0.9053117782909931
E1_dehydrog	foldseektm	0.9613095238095238
MIF	foldseektm	0.9912280701754386
pgk	foldseektm	0.9314720812182741
Lipoprotein_6	foldseektm	0.9875
IF3	foldseektm	0.9714285714285714
RhoGEF	foldseektm	0.7228260869565218
DNA_pol_B_exo	foldseektm	0.9300291545189505
DegT_DnrJ_EryC1	foldseektm	0.6677215189873418
dsrm	foldseektm	0.8181818181818182
Peptidase_S15_N	foldseektm	0.8656716417910447
pdc	foldseektm	0.94140625
UPF0033	foldseektm	0.76
UCR_14kD	foldseektm	1.0
malic	foldseektm	0.9887429643527206
Rib_hydrolayse	foldseektm	0.8752556237218814
PCI_1	foldseektm	0.9504950495049505
apbact	foldseektm	0.7294117647058824
P-II	foldseektm	0.9518716577540107
hpr	foldseektm	0.6626506024096386
Huristasin	foldseektm	0.6987951807228915
P	foldseektm	0.8867924528301887
PyrI	foldseektm	0.7252747252747253
IFN-gamma	foldseektm	0.9626556016597511
aakinase	foldseektm	0.9190082644628099
taf	foldseektm	0.9767441860465116
Sec23_NC	foldseektm	0.8434108527131783
UcrQ	foldseektm	0.8717948717948718
Glu_synth_NTN	foldseektm	0.9782608695652174
DUF170	foldseektm	0.9344262295081968
Binary_toxA	foldseektm	0.9533678756476685
RuBisCO_large_NC	foldseektm	0.9054726368159204
rnr	foldseektm	0.9604316546762591
sermam	foldseektm	0.9136363636363637
F5_F8_type_C	foldseektm	0.9872611464968153
E2_C	foldseektm	0.9433962264150944
Gly_radical	foldseektm	0.828848223896663
tRNA-synt_1d_C	tmalign	0.9491525423728814
PNTB	tmalign	0.9942857142857143
PGAM	tmalign	0.854054054054054
DUF28	tmalign	0.841870824053452
adh	tmalign	0.9973190348525469
PEPCK_ATP	tmalign	0.9759999999999999
Cys_Met_Meta_PP	tmalign	0.9306666666666666
blmb	tmalign	0.7167919799498746
mcp2	tmalign	0.9645390070921985
Glyco_hydro_19	tmalign	0.995850622406639
Filamin	tmalign	0.8588235294117647
DEAD	tmalign	0.6121212121212121
Mur_ligase_C	tmalign	0.7488151658767772
cat	tmalign	0.986272439281943
MutS_D2	tmalign	0.9224489795918367
mmob_upper	tmalign	0.35897435897435903
lamb	tmalign	0.9003984063745021
TIG	tmalign	0.9875
ADF	tmalign	0.9398496240601504
cyto	tmalign	1.0
ltb	tmalign	0.9738219895287958
Toprim	tmalign	0.7848101265822784
igvar-l	tmalign	0.949771689497717
Thioesterase	tmalign	0.7893462469733656
tRNA-synt_1d_M	tmalign	0.9035222052067381
svmp	tmalign	1.0
pili_assembly	tmalign	0.8042328042328043
fer2	tmalign	0.7657142857142858
A2M_A	tmalign	0.9457364341085271
Asp_Glu_race	tmalign	0.7259615384615385
PGM_PMM_II	tmalign	0.963963963963964
GGL	tmalign	0.9719626168224299
Orn_DAP_Arg_deC	tmalign	0.9444444444444443
TIR	tmalign	0.8913043478260869
cah	tmalign	0.8934426229508197
Aldolase_II	tmalign	0.975609756097561
piplc	tmalign	0.9176470588235294
RhoGAP	tmalign	0.9355742296918768
transketolase_C	tmalign	0.9075630252100839
mmp	tmalign	0.9683544303797469
phosfruc	tmalign	0.9968553459119497
Hint	tmalign	0.9558823529411765
PX	tmalign	0.8148148148148148
Sec7	tmalign	0.752
AlaDh_PNT_D2	tmalign	0.9632107023411371
ACPS	tmalign	0.6777777777777778
egf	tmalign	0.6376811594202899
Rho_GDI	tmalign	0.9926470588235294
Endonuclease_3	tmalign	0.953771289537713
Band_41_NME	tmalign	0.960747663551402
PCNA	tmalign	0.9919354838709677
dCMP_cyt_deam	tmalign	0.911764705882353
Ribosomal_L6	tmalign	0.8706624605678234
cytochrome_b	tmalign	0.9947089947089947
Agglutinin	tmalign	0.9347826086956521
Pertussis_S2S3_N	tmalign	1.0
Ribosomal_L1	tmalign	0.5813333333333334
MCR_alpha	tmalign	0.9963636363636363
mdd	tmalign	0.9933949801849405
Lipase_3	tmalign	0.9448818897637795
cks	tmalign	0.7819548872180451
igV	tmalign	0.892018779342723
INTERFERON_A_B_D	tmalign	0.918238993710692
Chorismate_mut	tmalign	0.7941176470588235
planttoxin	tmalign	1.0
kazal	tmalign	0.7378640776699028
NO_synthase	tmalign	1.0
Bac_rhodopsin	tmalign	0.9767441860465116
GAF	tmalign	0.9541984732824428
Thr_dehydrat_C	tmalign	0.8549618320610687
PK	tmalign	0.8284153005464482
ppase	tmalign	0.9212827988338192
PCMT	tmalign	0.9658536585365853
Malate_synthase	tmalign	0.9687964338781575
MutS_D3	tmalign	0.981203007518797
UPF0076	tmalign	0.991869918699187
SAM_PNT	tmalign	0.7567567567567568
DNA_photolyase	tmalign	0.9649122807017544
CBS	tmalign	0.7868852459016393
fer4	tmalign	0.5279999999999999
malt_amylase_NC	tmalign	0.9948364888123924
Kchannel	tmalign	0.865979381443299
urease_gamma	tmalign	1.0
bowman	tmalign	1.0
Glyco_hydro_18	tmalign	0.9259796806966618
cytprime	tmalign	0.931726907630522
MutS_NC	tmalign	0.937062937062937
cpn60_TCP1	tmalign	0.8065843621399176
ANATO	tmalign	0.7317073170731708
Glyco_hydro_20	tmalign	0.8443759630200308
HSP20	tmalign	0.8090909090909091
Sm	tmalign	0.9411764705882353
cytochr_c552	tmalign	0.9978354978354979
RNA_dep_RNA_pol	tmalign	0.8747967479674796
EGF_Lam	tmalign	0.7755102040816326
cbm12	tmalign	0.9230769230769231
Ferrochelatase	tmalign	0.9576547231270358
ATP-synt_DE_N	tmalign	0.9696969696969696
Cytidylyltransf	tmalign	0.8170212765957446
SSB	tmalign	0.9617486338797815
S_T_dehydratase	tmalign	0.8310077519379845
GHMP_kinases_C	tmalign	0.5680933852140078
Staphylokinase	tmalign	0.42201834862385323
Lyase_8	tmalign	0.9165048543689319
PBP_NC	tmalign	0.9922480620155039
AhpC-TSA	tmalign	0.8888888888888888
S4	tmalign	1.0
Apocytochrome_F	tmalign	0.9919678714859438
Colicin_Pyocin	tmalign	0.9879518072289156
DSPc	tmalign	0.9154929577464789
Ribosomal_S5_C	tmalign	1.0
Bet_v_I	tmalign	1.0
lyase_1	tmalign	0.9706546275395034
acyo	tmalign	0.9844559585492229
trfl	tmalign	0.9873015873015873
DNA_ligase_C	tmalign	0.9006622516556291
fibrinogen_C	tmalign	0.9460154241645243
Sec1	tmalign	0.9517374517374517
Sulfatase	tmalign	0.8445945945945946
Fe_dep_repr_M	tmalign	1.0
GA	tmalign	0.9411764705882353
CYCc	tmalign	0.9235127478753541
protg	tmalign	0.9016393442622951
NADHdh_2	tmalign	0.9695652173913043
GFO_IDH_MocA_NC	tmalign	0.8607142857142858
DHOdehase	tmalign	0.9430051813471502
MM_CoA_mutase	tmalign	0.4701195219123505
Zn_dep_PLPC	tmalign	0.9054054054054054
aadh	tmalign	0.8823529411764706
sh3	tmalign	0.5483870967741935
gpr	tmalign	0.9795918367346939
plantltp	tmalign	0.9608938547486034
Ala_racemase_N	tmalign	0.8787878787878788
RNase_U2	tmalign	0.9929577464788732
chromo	tmalign	0.7522935779816514
pec_lyase	tmalign	0.7411003236245954
TNFR_c6	tmalign	0.6976744186046512
cystatin	tmalign	0.7636363636363638
recA	tmalign	1.0
LIF_OSM	tmalign	0.9733333333333334
S-AdoMet_synt	tmalign	1.0
Amidase	tmalign	0.9185185185185185
MAAL_N	tmalign	1.0
cpa	tmalign	0.9609507640067912
Cu_bind_like	tmalign	0.8795811518324607
zf-CCHC	tmalign	0.9375
prt	tmalign	0.8244274809160306
CARD	tmalign	0.9050279329608939
DAHP_synth_1	tmalign	0.8666666666666667
CCP_MauG_NC	tmalign	0.8771331058020477
ghf16	tmalign	1.0
PEP-utilizers	tmalign	0.78
bontoxilysin	tmalign	0.9625151148730351
NTP_transferase	tmalign	0.8747346072186836
MM_CoA_mutase_N	tmalign	0.9482163406214038
CPS	tmalign	0.7696629213483147
ModE_C	tmalign	0.920152091254753
ribonuclease_T2	tmalign	0.823529411764706
TrkA-N	tmalign	0.8941176470588235
Dwarfin	tmalign	0.989247311827957
TmpK	tmalign	0.8432432432432434
ferritin	tmalign	0.9933774834437086
ghf11	tmalign	0.9295774647887324
arginase	tmalign	0.9694915254237289
CUB	tmalign	0.9493087557603688
SIR2	tmalign	0.8525252525252525
Cys-protease-3C	tmalign	0.9022988505747126
Bacterial_PQQ	tmalign	0.9538745387453874
EFG_IV	tmalign	0.9661016949152542
NHase_beta	tmalign	0.9378238341968912
S-AdoMet_syntD2	tmalign	1.0
avi	tmalign	0.9606986899563318
SAP	tmalign	1.0
Dehydratase_LU	tmalign	0.9981851179673321
SRF-TF	tmalign	0.8676470588235293
hom	tmalign	0.9090909090909091
HIT	tmalign	0.8177339901477833
ghf18	tmalign	0.5369978858350951
flavbb	tmalign	0.9835082458770614
hormone_rec	tmalign	0.8037825059101654
HMG-CoA_red	tmalign	0.8478581979320532
CBD_2	tmalign	0.6976744186046512
lipase	tmalign	0.9770642201834864
squash	tmalign	0.5925925925925927
Uricase	tmalign	0.875968992248062
COX2	tmalign	0.9736842105263158
Terpene_synth_C	tmalign	0.987220447284345
dutpase	tmalign	0.923728813559322
DNA_methylase	tmalign	0.8512820512820513
pilin	tmalign	0.5346534653465347
SHMT	tmalign	0.9783132530120482
SAM	tmalign	0.9503546099290779
Tymo_coat	tmalign	0.9657320872274143
Cutinase	tmalign	0.872093023255814
Transglutamin_C	tmalign	0.8947368421052632
Phage_integrase	tmalign	0.7798742138364779
PGM_PMM_I	tmalign	0.9706666666666668
prenyltrans	tmalign	0.8402777777777778
PTB	tmalign	0.8474576271186441
sh2	tmalign	0.8586387434554974
gln-synt_N	tmalign	0.9847715736040609
Nitrophorin	tmalign	0.9775280898876404
aabp	tmalign	0.4916467780429594
kringle	tmalign	0.9798657718120806
cys	tmalign	0.9134615384615384
glnasn	tmalign	0.9889763779527558
NHase_alpha	tmalign	0.9711286089238844
PPTA	tmalign	0.8525179856115107
Dala_Dala_ligas	tmalign	0.9286898839137645
gag_p17	tmalign	0.985645933014354
Furin-like	tmalign	0.7256637168141593
ENTH	tmalign	0.830188679245283
sdr	tmalign	0.8836104513064134
Spermine_synth	tmalign	0.9807692307692307
bv	tmalign	0.4929577464788732
Dala_Dala_ligas_C	tmalign	0.9443099273607748
Bac_DNA_binding	tmalign	0.9859154929577465
Ribosomal_L2_N	tmalign	0.8976377952755906
UreE	tmalign	0.8787878787878788
COX3	tmalign	0.9613259668508287
CBD_3	tmalign	0.8764044943820225
B_lectin	tmalign	1.0
blm	tmalign	0.9724409448818898
S-AdoMet_syntD3	tmalign	0.9791666666666666
ETF_alpha	tmalign	1.0
Ribosomal_L30	tmalign	0.9827586206896551
PPDK_N_term	tmalign	0.8669410150891632
HGTP_anticodon	tmalign	0.9841269841269842
stpp	tmalign	0.9424083769633508
SRP54	tmalign	0.9602888086642599
GSH_synthase	tmalign	0.9901960784313726
rrm	tmalign	0.9452054794520548
intb	tmalign	0.8786610878661089
dTDP_sugar_isom	tmalign	0.988950276243094
ghf10	tmalign	0.9608177172061328
tRNA-synt_1	tmalign	0.871139510117146
NiFeSe_Hases	tmalign	0.9905482041587902
CN_hydrolase	tmalign	0.9190207156308852
hemopexin	tmalign	0.9289617486338798
GSH_synthase_NC	tmalign	0.9517543859649122
Pro_CA	tmalign	0.8779220779220778
BIR	tmalign	0.611764705882353
VAT-Nn	tmalign	0.942528735632184
Fe_hyd_SSU	tmalign	0.9310344827586206
GerE	tmalign	0.9612403100775193
asp	tmalign	0.9008130081300814
ARID	tmalign	0.5759162303664922
GATA	tmalign	0.8409090909090908
Ald_Xan_dh_1	tmalign	0.9902912621359222
ghf17	tmalign	0.978512396694215
kunitz	tmalign	1.0
helicase_NC	tmalign	0.4037267080745341
Ribosomal_S15	tmalign	0.7712418300653594
LEM	tmalign	0.9010989010989011
ghf28	tmalign	0.9420731707317073
MHC_II_C	tmalign	0.9393939393939394
mmob_lower	tmalign	0.994750656167979
ghf6	tmalign	0.8402154398563735
DHH	tmalign	0.9945652173913043
ghf1	tmalign	0.8758949880668259
spidertoxin	tmalign	0.8478260869565218
Methyltransf_2	tmalign	0.9506172839506173
ptpase	tmalign	0.9622641509433962
GHMP_kinases	tmalign	0.7327433628318584
BRCT	tmalign	0.8266666666666665
Hpr_kinase	tmalign	0.9530201342281879
tetR	tmalign	0.90625
Glyco_transf_6	tmalign	0.9702970297029704
capsid_c	tmalign	1.0
VPR	tmalign	0.6
DHDPS	tmalign	0.9827586206896551
XPG_NI	tmalign	0.8631578947368422
DNA_ligase	tmalign	0.8611898016997167
Ribosomal_S30AE	tmalign	0.983957219251337
lipocalin	tmalign	0.7523510971786835
Peptidase_C15	tmalign	1.0
EFTU_2	tmalign	0.9473684210526314
TyrKc	tmalign	0.9505703422053232
PARP	tmalign	0.9906103286384976
alpha-amylase_N	tmalign	0.9830508474576272
Ribosomal_L12	tmalign	0.9852941176470589
Band_41_M	tmalign	0.935960591133005
thymid_phosphorylase	tmalign	0.9930715935334873
molybdopterin	tmalign	0.7401574803149606
pro_aminopeptidase	tmalign	0.9935897435897436
C1q	tmalign	0.9508196721311475
CoA_binding	tmalign	0.979253112033195
PDGF	tmalign	0.8819875776397514
Glyco_transf_8	tmalign	0.7533039647577093
transcript_fac2	tmalign	0.9633507853403142
FAD_binding_2	tmalign	0.891280947255113
FYVE	tmalign	1.0
Egg_lysin	tmalign	1.0
FAD-oxidase_C	tmalign	0.41777777777777775
EFG_C	tmalign	0.9777777777777777
Ribosomal_S7	tmalign	0.9541984732824428
FAD_binding_5	tmalign	0.9683098591549295
Sua5_yciO_yrdC	tmalign	0.8813559322033898
SIS	tmalign	0.8990825688073394
Pep_deformylase	tmalign	0.96875
aldosered	tmalign	0.8634686346863468
rub	tmalign	1.0
psaA_psaB	tmalign	0.9480614484272127
HATPase_c	tmalign	0.6781609195402298
GP120	tmalign	1.0
porin	tmalign	0.8097014925373135
lh2	tmalign	0.8842105263157894
Lyase_8_NC	tmalign	0.8611764705882352
MCR_alpha_N	tmalign	0.981203007518797
igC1	tmalign	0.9583333333333334
Fapy_DNA_glyco	tmalign	0.9883268482490273
Cytochrome_C1_C	tmalign	1.0
galpha	tmalign	0.9834983498349835
RNA_pol_N	tmalign	0.8333333333333334
subt	tmalign	0.6837944664031621
CytoC_RC	tmalign	0.9166666666666667
Arg_repressor_N	tmalign	0.9763779527559054
phycoerythr_ab	tmalign	0.9848484848484849
RrnaAD	tmalign	0.8967032967032967
malic_C	tmalign	0.9824561403508771
Clp_N	tmalign	0.96875
parv	tmalign	0.9523809523809524
EF1BD	tmalign	0.875
DEATH	tmalign	0.7058823529411765
ldh	tmalign	0.8827586206896552
uce	tmalign	0.8595744680851064
CH	tmalign	0.8542713567839195
TMV_coat	tmalign	0.8580645161290322
transketolase_PC	tmalign	0.8741258741258742
Ribosomal_L14	tmalign	0.9745762711864406
MIF4G	tmalign	0.659400544959128
Flavoprotein	tmalign	0.9135802469135802
RNase_HII	tmalign	0.9607843137254901
PHBH	tmalign	0.8921832884097035
Inos-1-P_synth	tmalign	0.7682539682539682
ghf9	tmalign	0.8962148962148963
PBP_GOBP	tmalign	0.4585365853658537
DNA_PPF	tmalign	0.723404255319149
Epimerase	tmalign	0.8662207357859532
Heme_oxygenase	tmalign	1.0
e3	tmalign	0.9577464788732395
Orbi_VP7	tmalign	0.992
ndk	tmalign	1.0
Amidase_2	tmalign	0.6513409961685824
ghf33	tmalign	0.9122257053291537
eIF6	tmalign	0.9864253393665159
ghf7	tmalign	0.9366106080206986
trans_reg_C	tmalign	0.8571428571428571
serbact	tmalign	0.953929539295393
Syntaxin	tmalign	0.6351931330472103
profilin	tmalign	0.9590163934426229
FN1	tmalign	0.9318181818181818
rvp	tmalign	0.8877551020408163
ghf34	tmalign	0.95
cryst	tmalign	0.9408284023668639
Peptidase_C2_D2	tmalign	0.9254901960784314
Ribosomal_L22	tmalign	0.9252336448598131
gluts	tmalign	1.0
Jacalin	tmalign	1.0
PARP_reg	tmalign	0.9921875
HMA	tmalign	0.9104477611940298
Peptidase_M24	tmalign	0.832244008714597
isoamylase_N	tmalign	0.9302325581395349
DISIN	tmalign	0.9555555555555556
TPK	tmalign	0.9168356997971602
phosphotriesterase	tmalign	0.9281961471103327
EFTU_C	tmalign	1.0
Ribosomal_S8	tmalign	0.9725490196078432
Pept_C1-like	tmalign	0.9762174405436015
enolase	tmalign	0.9953703703703703
helicase_C	tmalign	0.6829268292682927
p450	tmalign	0.8579088471849866
isoamylase_NC	tmalign	0.8545994065281899
integrase	tmalign	0.9019607843137255
RNA_pol_H	tmalign	0.8840579710144927
Arginosuc_synth	tmalign	0.9761904761904762
recA_C	tmalign	1.0
TPK_catalytic	tmalign	0.8730650154798761
FAD_binding_4	tmalign	0.7012987012987013
FAA_hydrolase	tmalign	0.9333333333333333
URO-D	tmalign	0.97953216374269
aminobp	tmalign	0.997093023255814
Desulfoferrodox	tmalign	0.8587570621468926
Transpeptidase	tmalign	0.9936507936507937
C1	tmalign	0.9347826086956522
DAO	tmalign	0.93125
dNK	tmalign	0.9639175257731959
CIDE-N	tmalign	0.8121212121212121
phc	tmalign	0.9096774193548387
ChtBD	tmalign	0.9500000000000001
SPEC	tmalign	0.8571428571428571
ATP-gua_Ptrans	tmalign	0.8591954022988505
Amino_oxidase_D2	tmalign	0.8440366972477065
VHS	tmalign	0.9577464788732394
RNA_pol_A_CTD	tmalign	0.9925925925925926
WD40	tmalign	0.875605815831987
TPK_B1_binding	tmalign	0.9411764705882353
Glyco_hydro_67	tmalign	0.9635258358662614
Mu_DNA_bind	tmalign	0.8955223880597014
Arthro_defensin	tmalign	0.8571428571428572
Ricin_B_lectin	tmalign	1.0
hormone5	tmalign	0.9036144578313252
citrate_synt	tmalign	0.9239280774550485
LuxS	tmalign	0.9608540925266905
adeno_fiber	tmalign	0.9497206703910613
tgfb	tmalign	0.8392857142857144
PGI	tmalign	0.8765133171912832
Lipoprotein_4	tmalign	0.968342644320298
TGT	tmalign	0.9487951807228916
START	tmalign	0.9743589743589743
ICL	tmalign	0.9547738693467336
SAICAR_synt	tmalign	0.865
Orn_Arg_deC_N	tmalign	1.0
Astacin	tmalign	0.9792746113989638
5_3_exonuclease	tmalign	0.6711711711711711
kex	tmalign	0.8617683686176837
Phage_G	tmalign	0.9825581395348837
tRNA-synt_1d	tmalign	0.865616311399444
tms	tmalign	0.9578544061302683
Recep_L_domain	tmalign	0.7142857142857142
SpoU_methylase_C	tmalign	0.94
arrestin_NC	tmalign	0.9728958630527819
tRNA-synt_1c	tmalign	0.9230769230769231
Peptidase_S11	tmalign	0.974025974025974
AP_endonucleas1	tmalign	0.9258517034068137
tRNA-synt_1_edit	tmalign	0.9347826086956522
tyrosinase	tmalign	0.8410462776659959
annexin	tmalign	0.9984101748807631
ALAD	tmalign	0.9803921568627451
PBD	tmalign	0.6486486486486487
il8	tmalign	0.7457627118644067
PBP_C2	tmalign	1.0
Ham1p_like	tmalign	0.9111111111111111
SLT_beta	tmalign	1.0
ACT	tmalign	0.8025477707006369
tRNA-synt_2b	tmalign	0.837719298245614
sodcu	tmalign	0.917562724014337
PDZ	tmalign	0.9585798816568047
internalin	tmalign	0.7474048442906573
myb_DNA-binding	tmalign	0.7272727272727272
BChl_A	tmalign	0.997134670487106
serpin	tmalign	0.9570200573065903
CoA_trans	tmalign	0.957345971563981
E2_N	tmalign	0.9534883720930233
utg	tmalign	1.0
PKD	tmalign	0.8974358974358974
Acetyltransf	tmalign	0.76
trp_syntA	tmalign	0.8935281837160751
pentraxin	tmalign	0.9950980392156863
NTP_transf_2_2	tmalign	0.8214285714285714
Bac_globin	tmalign	1.0
DHHA2	tmalign	0.9957446808510638
GXGXG	tmalign	0.9887218045112782
alk_phosphatase	tmalign	0.8406524466750314
PAX	tmalign	0.7087378640776699
DEFSN	tmalign	0.9259259259259259
DUF50	tmalign	0.9201877934272301
T-box	tmalign	0.9888268156424581
Peptidase_S15_C	tmalign	0.8587896253602304
Pertussis_S2S3_NC	tmalign	1.0
toxin	tmalign	0.7207207207207208
TNF	tmalign	0.915129151291513
icd	tmalign	0.822289156626506
PBP	tmalign	0.9266666666666666
DeoC	tmalign	0.9553571428571429
Terpene_synth_NC	tmalign	0.9614243323442137
ligase-CoA_NC	tmalign	0.9490196078431373
FA58C	tmalign	0.9927536231884058
HTH_AraC_2	tmalign	1.0
vprotease	tmalign	1.0
ETF_beta	tmalign	1.0
Parvo_coat2	tmalign	0.9851024208566108
ech	tmalign	0.9427480916030534
urease	tmalign	0.9964601769911504
Glyco_hydro_18_D1	tmalign	0.9447415329768271
actin	tmalign	0.8394648829431437
CC4	tmalign	0.954954954954955
Peptidase_S21	tmalign	0.8825065274151437
GLA	tmalign	0.9428571428571428
MCR_beta_NC	tmalign	1.0
alpha-amylase_NC	tmalign	0.6869158878504672
tRNA-synt_2d	tmalign	0.8409090909090909
Glucosamine_iso	tmalign	0.9924812030075187
Integrase_Zn	tmalign	1.0
MutS_C	tmalign	0.9655172413793104
sodfe	tmalign	0.9823677581863981
Lyase_8_C	tmalign	0.8513513513513514
MATH	tmalign	0.9795918367346939
Dehydratase_SU	tmalign	0.9963369963369962
DPS	tmalign	0.9858156028368794
tRNA-synt_1b	tmalign	0.5642023346303502
phero	tmalign	0.9166666666666666
mthina	tmalign	1.0
PAC	tmalign	0.9903846153846154
Nitroreductase	tmalign	0.9627507163323782
WW	tmalign	0.8059701492537312
Phage_F	tmalign	1.0
PEP-utilizers_NC	tmalign	0.8400473933649288
hemocyan	tmalign	0.9562982005141388
MIP	tmalign	0.7436489607390301
Arch_histone	tmalign	1.0
RA	tmalign	0.617283950617284
Cyclodex_gly_tran	tmalign	0.9714714714714715
Glyco_hydro_47	tmalign	0.9808342728297633
Ribosomal_L18p	tmalign	0.9497206703910613
biopterin_H	tmalign	0.9966329966329966
Asn_synthase	tmalign	0.8979591836734694
GLUCAGON	tmalign	1.0
AlaDh_PNT_D1	tmalign	0.9027027027027027
recombinase	tmalign	0.8764044943820224
DNA_gyraseB_N2	tmalign	0.9487516425755584
Cucumo_coat	tmalign	0.8996763754045307
gpdh	tmalign	0.9648854961832061
thionin	tmalign	0.9333333333333333
AAA	tmalign	0.4682713347921226
Yers_vir_YopE	tmalign	0.9868995633187774
pou	tmalign	1.0
igps	tmalign	0.6970509383378016
IMPDH	tmalign	0.9785714285714285
Hydrolase	tmalign	0.9908256880733946
cyt5	tmalign	0.9937106918238994
tln	tmalign	0.9932432432432432
cpn10	tmalign	0.8791208791208791
Ribosomal_L2	tmalign	0.958490566037736
Usp	tmalign	0.9266409266409267
DNA_pol_B	tmalign	0.7885714285714285
hormone	tmalign	0.9721362229102167
ANK	tmalign	0.9836065573770492
cyclin	tmalign	0.7352297592997812
S1	tmalign	0.8062015503875968
Inh	tmalign	0.97
LBP_BPI_CETP	tmalign	0.8405797101449276
GATase_2	tmalign	0.914798206278027
xia	tmalign	0.9465449804432855
LysR_substrate	tmalign	0.8441247002398082
DNA_polymeraseX	tmalign	0.8170731707317073
MHC_II_beta_NC	tmalign	0.9044943820224719
mmo	tmalign	1.0
L15	tmalign	0.785185185185185
N6_N4_Mtase	tmalign	0.8583690987124464
Peptidase_A6	tmalign	0.9875
Frataxin_Cyay	tmalign	0.9433962264150944
hemery	tmalign	0.9823008849557522
tim	tmalign	1.0
KAS	tmalign	0.8928571428571428
Acetyltransf2	tmalign	0.9850187265917604
hexokinase	tmalign	0.9619377162629758
cytb	tmalign	0.8322147651006713
END	tmalign	0.11428571428571427
CPSase_L_chain	tmalign	0.6294416243654822
adk	tmalign	0.7137809187279152
Glyco_hydro_2	tmalign	0.17297297297297298
GATase	tmalign	0.9691876750700281
MGS	tmalign	0.7165354330708661
GAD	tmalign	0.9583333333333334
ins	tmalign	0.9069767441860465
Trypan_glycop	tmalign	0.8230088495575221
PGM_PMM_III	tmalign	0.9824561403508771
envelope	tmalign	0.22641509433962265
ligase-CoA	tmalign	0.9224806201550387
A2M_B	tmalign	1.0
aat	tmalign	0.8074369189907039
DUF101	tmalign	0.7966101694915253
igvar-h	tmalign	0.9827586206896551
TIMP	tmalign	0.9337175792507204
Flavin_Reduct	tmalign	0.8338762214983714
int	tmalign	0.9333333333333332
reductases	tmalign	0.8167053364269142
Topoisomerase_I	tmalign	0.9765258215962441
PGM_PMM	tmalign	0.9844961240310077
igI	tmalign	0.9333333333333333
lta	tmalign	0.972972972972973
tubulin	tmalign	0.9775678866587957
cdh	tmalign	1.0
tRNA-synt_1d_N	tmalign	0.75
kinase	tmalign	0.7984644913627639
Ribosomal_L4	tmalign	0.9103448275862069
QRPTase	tmalign	0.992831541218638
abhydrolase_2	tmalign	0.9674418604651163
flav	tmalign	0.8888888888888888
AP_endonuc_2	tmalign	0.6778242677824268
DNA_ligase_N	tmalign	0.795774647887324
HMG_box	tmalign	0.5899280575539568
GroEL	tmalign	0.9559748427672956
dpo1	tmalign	0.8347338935574229
Rhodanese	tmalign	0.8250000000000001
FTR	tmalign	0.8220338983050847
HSF_DNA-bind	tmalign	0.975609756097561
gdh	tmalign	0.8594249201277955
proteasome	tmalign	0.7808564231738037
Rop	tmalign	0.9914529914529915
Glyco_hydro_48	tmalign	0.9845904298459044
Ribosomal_S5_N	tmalign	0.975609756097561
seatoxin	tmalign	0.6329113924050633
Pertussis_S2S3	tmalign	1.0
pot	tmalign	0.9838709677419355
THF_DHG_CYH	tmalign	0.978494623655914
EPSP_syntase	tmalign	0.8625
sugbp	tmalign	0.9703703703703703
SpoU_methylase	tmalign	0.7601809954751131
rvintegrase	tmalign	0.9516129032258064
peroxidase	tmalign	0.922509225092251
PEP-utilizers_C	tmalign	0.9626556016597511
oat	tmalign	0.9081632653061225
GHMP_kinases_N	tmalign	0.7733333333333333
aldedh	tmalign	0.928654970760234
Pectinesterase	tmalign	0.934931506849315
DUF153	tmalign	0.9560975609756097
AFOR	tmalign	0.9847972972972973
MDH	tmalign	1.0
gln-synt_NC	tmalign	0.9763440860215054
cyt3	tmalign	0.8844221105527638
acid_phosphat	tmalign	0.765079365079365
STAS	tmalign	0.8493150684931506
Tautomerase	tmalign	1.0
tryp_alpha_amyl	tmalign	0.8944723618090452
arrestin_C	tmalign	0.9916897506925207
Invasin	tmalign	0.907103825136612
STAT	tmalign	0.9704251386321626
PH	tmalign	0.6509433962264151
Seedstore_7s	tmalign	0.9714285714285714
Anperoxidase	tmalign	0.8045197740112996
MBD	tmalign	0.8217054263565892
ltn	tmalign	0.9866071428571429
UPF0044	tmalign	1.0
pcd	tmalign	0.819484240687679
PABP	tmalign	0.9752066115702478
cytc	tmalign	0.9702970297029703
FAD_binding	tmalign	0.9126984126984127
MSP_domain	tmalign	1.0
Amino_oxidase	tmalign	0.8175355450236967
rep	tmalign	0.832
phoslip	tmalign	0.9652173913043478
6PF2K	tmalign	1.0
Fe_hyd_lg_C	tmalign	0.9719626168224299
IMS	tmalign	0.9948979591836735
TIL	tmalign	0.6181818181818182
GAL4	tmalign	1.0
ku	tmalign	0.6303162486368593
Transglutamin_NC	tmalign	0.9387442572741195
formyl_transf	tmalign	0.8353658536585366
Asn_synthase_NC	tmalign	0.8600682593856656
HLH	tmalign	0.875
il10	tmalign	0.9752650176678446
NTP_transf_2_N2	tmalign	0.9758241758241758
Peptidase_S9	tmalign	0.9169960474308301
ghf15	tmalign	0.9511627906976745
Esterase	tmalign	0.9946332737030412
PAP2	tmalign	0.9441723800195886
Bcl-2	tmalign	0.755700325732899
Mur_ligase	tmalign	0.7743732590529248
WH1	tmalign	0.9903846153846154
Cu-oxidase	tmalign	0.9217577706323686
aldose	tmalign	0.9823529411764705
pp-binding	tmalign	0.3943661971830986
PA_phosphatase	tmalign	0.8893203883495144
YgbB	tmalign	0.8967971530249111
LDLa	tmalign	0.736842105263158
hip	tmalign	0.9859154929577465
COX1	tmalign	0.9841269841269841
Prismane	tmalign	0.9813780260707635
LIM	tmalign	0.5538461538461539
MCR_beta_N	tmalign	1.0
msb	tmalign	0.8350515463917526
hla	tmalign	1.0
CCP_MauG_C	tmalign	0.9315068493150684
AlaDh_PNT	tmalign	0.937125748502994
eIF-1a	tmalign	0.6666666666666667
bac_luciferase	tmalign	0.8364485981308413
Asp_Glu_race_D	tmalign	0.47474747474747475
PRK	tmalign	0.7743589743589745
mycin	tmalign	0.9369369369369369
biotin_lipoyl	tmalign	0.7777777777777778
thiored	tmalign	0.9722222222222222
ung	tmalign	1.0
RRF	tmalign	0.743661971830986
CBD_6	tmalign	0.9065743944636678
Ribosomal_L6_D	tmalign	0.8776978417266188
FolB	tmalign	0.9658119658119658
Cu_amine_oxid	tmalign	0.9489291598023064
DEP	tmalign	0.7428571428571428
MAAL_C	tmalign	0.9872881355932204
CBM_20	tmalign	0.8272251308900523
gln-synt	tmalign	0.9740791268758527
MoCF_biosynth	tmalign	0.8029197080291971
nir	tmalign	0.9906542056074765
DNA_mis_repair_M	tmalign	0.9523809523809523
MAAL	tmalign	0.9923664122137404
Topoisomerase_I_core	tmalign	0.8060453400503779
UPP_synthetase	tmalign	0.9976019184652278
lipoxygenase	tmalign	0.9957907396271798
IU_nuc_hydro	tmalign	0.9935897435897436
Cohesin	tmalign	0.9782608695652174
KSI	tmalign	1.0
OTCace	tmalign	0.9132743362831858
ADP_PFK_GK	tmalign	0.969626168224299
TFIIS	tmalign	0.9032258064516129
MYSc	tmalign	0.8514851485148515
ghf46	tmalign	0.8306997742663657
Phage_lysozyme	tmalign	0.9785932721712537
Alpha_adaptinC12	tmalign	0.4801864801864802
Peripla_BP_2	tmalign	0.899581589958159
dhfr	tmalign	0.8652037617554859
csp	tmalign	1.0
hr	tmalign	1.0
Alpha_adaptinC2	tmalign	0.8623853211009174
aconitase	tmalign	0.9082007343941249
DMRL_synthase	tmalign	0.8776978417266187
TRANSTHYRETIN	tmalign	1.0
fbpase	tmalign	0.9935275080906149
Glu_syn_central	tmalign	0.9836734693877551
TBCA	tmalign	0.9354838709677419
cNMP	tmalign	0.8608695652173913
ghf22	tmalign	0.9262295081967213
VAT-Nc	tmalign	0.7466666666666667
Colicin	tmalign	0.7897727272727273
Peptidase_M17_N	tmalign	0.763888888888889
Ald_Xan_dh_2	tmalign	0.9015317286652078
Cytochrome_C1	tmalign	0.9593147751605996
ghf14	tmalign	0.9555273189326556
ISP	tmalign	0.8585858585858587
Beta_elim_lyase	tmalign	0.9882352941176471
SUI1	tmalign	0.8441558441558442
SKI	tmalign	0.9698996655518394
IF4E	tmalign	0.7230320699708455
ribokinase	tmalign	0.8885077186963978
aspg	tmalign	0.9739776951672863
Ribosomal_L2_C	tmalign	0.9696969696969697
ALBUMIN	tmalign	0.5776566757493188
Penicil_amidase	tmalign	0.7302363488182558
prc	tmalign	0.9704433497536945
Rotamase	tmalign	0.7840909090909092
Dala_Dala_ligas_N	tmalign	0.9574468085106385
Cytidylyl_trans	tmalign	0.8229426433915212
UCR_TM	tmalign	0.8965517241379309
G6PD	tmalign	0.9297297297297298
zf-TAZ	tmalign	0.7058823529411765
S-AdoMet_synt_NC	tmalign	0.9945054945054945
SBP_bacterial_1	tmalign	0.7495798319327731
HCV_NS3	tmalign	1.0
PAF-AH	tmalign	1.0
MCR_alpha_NC	tmalign	0.9870609981515711
ACBP	tmalign	0.9761904761904763
slectin	tmalign	0.9609375
TrpBP	tmalign	1.0
RuBisCO_small	tmalign	0.9951219512195122
UBQ	tmalign	1.0
fer4_NifH	tmalign	0.9962825278810409
G6PD_NC	tmalign	0.9295478443743428
GTP_cyclohydroI	tmalign	0.9399477806788512
DSBA	tmalign	0.9523809523809524
cat3	tmalign	0.7202072538860103
ModA	tmalign	0.930957683741648
UBX	tmalign	0.7814569536423841
az	tmalign	0.8421052631578948
zf-CCHH	tmalign	1.0
KH	tmalign	0.8794326241134751
transket_pyr	tmalign	0.8597560975609756
Ribonuclease_P	tmalign	0.918918918918919
transketolase	tmalign	0.9324324324324326
alpha-amylase	tmalign	0.62402496099844
GBP_PSP	tmalign	0.8292682926829269
Transglutamin_N	tmalign	0.9398496240601504
PMSR	tmalign	0.9893617021276596
CCP_MauG	tmalign	0.8373702422145329
Terpene_synth_N	tmalign	0.96875
6PGD	tmalign	0.9494079655543596
Peptidase_M17	tmalign	0.9921507064364207
malic_N	tmalign	0.9959677419354839
Arg_repressor_C	tmalign	0.9714285714285714
thiolase	tmalign	0.6835016835016835
Activin_recp	tmalign	0.5921052631578947
Cytochrome_C1_N	tmalign	0.9490616621983915
rnase	tmalign	0.9901960784313726
fkbp	tmalign	0.9537037037037037
XPG_C	tmalign	0.9814814814814815
IRF	tmalign	0.9029126213592235
Extradiol_dioxy	tmalign	0.929368029739777
SRP19	tmalign	0.8764044943820224
igcon	tmalign	0.8387096774193549
HPPK	tmalign	0.9648562300319489
glob	tmalign	0.8518518518518519
C4	tmalign	0.9910313901345291
SRP54M	tmalign	0.6503067484662577
Haloperoxidase	tmalign	0.7642585551330799
G6PD_C	tmalign	0.9401408450704226
Fe_dep_repress	tmalign	0.9917355371900827
DnaJ	tmalign	0.6906474820143884
SAM_decarbox	tmalign	0.9413793103448276
Amidinotransferase	tmalign	0.9037900874635568
Me-amine-deh_L	tmalign	0.9834710743801653
bac_lipase	tmalign	0.9367909238249594
inositol_P	tmalign	0.6688963210702341
igC2	tmalign	0.5652173913043478
asprs	tmalign	0.952054794520548
fabp	tmalign	0.943089430894309
ghf2	tmalign	0.856060606060606
MHC_II_alpha_NC	tmalign	0.935933147632312
arrestin	tmalign	0.9583333333333333
Urease_beta	tmalign	1.0
Methyltransf_1	tmalign	0.7123287671232877
FHA	tmalign	0.8672566371681416
NMT	tmalign	0.9845360824742269
ngf	tmalign	0.9488372093023255
Cys_knot	tmalign	0.975609756097561
CDC48	tmalign	0.9212121212121213
gtp	tmalign	0.9721362229102166
Topoisom_bac	tmalign	0.5672268907563025
fn3	tmalign	0.35
MAP1_LC3	tmalign	0.9868995633187774
APC10	tmalign	0.9442622950819672
ghf5	tmalign	0.7935943060498221
alpha-amylase_C	tmalign	0.6181818181818182
mmoa	tmalign	1.0
ATP-synt	tmalign	0.8493771234428085
DNA_mis_repair_NM	tmalign	0.8402777777777778
Cyclotide	tmalign	0.9047619047619048
KISc	tmalign	0.9818181818181818
Skp1	tmalign	0.896969696969697
RING	tmalign	0.8909090909090909
capsid_n	tmalign	0.9268292682926831
ets	tmalign	0.8681318681318682
Bacteriofer	tmalign	0.9968051118210862
SCP2	tmalign	0.9515418502202644
Peptidase_M10A	tmalign	0.9780701754385965
Glyco_hydro_2_N	tmalign	0.8502994011976047
mutT	tmalign	0.7857142857142857
Exonuclease	tmalign	0.9700598802395209
XPG_NC	tmalign	0.8866666666666666
response_reg	tmalign	0.7962962962962963
endotoxin	tmalign	0.9163701067615658
NusB	tmalign	0.9477911646586347
linker_histone	tmalign	0.9
SLT	tmalign	0.8267716535433071
MHC_II_N	tmalign	0.8421052631578947
Ribosomal_L11	tmalign	0.9848484848484849
SCP	tmalign	0.8735632183908046
Pyridox_oxidase	tmalign	0.9897435897435898
Band_41_N	tmalign	0.9090909090909091
ERM	tmalign	0.9425287356321839
Fork_head	tmalign	0.9259259259259259
eIF-5a	tmalign	0.9647058823529412
Sulfotransfer	tmalign	0.6370757180156659
tcl1_mtcp1	tmalign	0.9289099526066351
mofe	tmalign	0.8842874543239951
voltage_CLC	tmalign	1.0
RNA_pol_K	tmalign	0.751592356687898
Peptidase_M27	tmalign	0.8940269749518305
SET	tmalign	0.9525862068965517
LMWPc	tmalign	0.9838187702265372
CAP_GLY	tmalign	0.8554913294797687
PotD	tmalign	0.956386292834891
TonB_dep_Rec	tmalign	0.7711053089643168
PSI_PsaE	tmalign	0.887218045112782
toxin_2	tmalign	0.33898305084745767
CASc	tmalign	0.9678899082568808
recA_N	tmalign	1.0
leukocidin	tmalign	0.9209486166007904
DNA_gyraseB	tmalign	1.0
Antifreeze	tmalign	0.96875
AMP-binding	tmalign	0.8190899001109877
grs	tmalign	0.5156537753222836
Peptidase_M16	tmalign	0.9568345323741008
Ribosomal_S5	tmalign	0.981132075471698
DNA_topoisoIV	tmalign	0.8009367681498829
rasgap	tmalign	0.9122807017543859
C2	tmalign	0.9377593360995851
scorptoxin	tmalign	0.8547008547008546
Fz	tmalign	0.9491525423728814
Levi_coat	tmalign	0.896551724137931
MurB_C	tmalign	0.9423076923076923
Lum_binding	tmalign	0.9456521739130435
Ribosomal_L7Ae	tmalign	0.8159203980099503
cyclo	tmalign	0.9878048780487805
FAD-oxidase_NC	tmalign	0.5777777777777777
Isochorismatase	tmalign	0.9106628242074928
tRNA_bind	tmalign	0.8631578947368421
Ran_BP1	tmalign	0.9774436090225563
P53	tmalign	0.75
BAG	tmalign	0.9732142857142857
RuBisCO_large_N	tmalign	0.9327354260089685
FN2	tmalign	0.9438202247191012
ATP-synt_g	tmalign	0.882051282051282
VAT-N	tmalign	0.8466257668711655
Peptidase_C2_D1	tmalign	1.0
Transaldolase	tmalign	1.0
RuvA	tmalign	0.9749303621169918
Dehydratase_MU	tmalign	1.0
chorismate_bind	tmalign	0.9292682926829268
Glyco_hydro_20b	tmalign	0.8650793650793651
oxidored_FMN	tmalign	0.8710166919575115
DNA_pol3_beta	tmalign	0.9181818181818182
CopC	tmalign	0.9447236180904524
Cu_nir	tmalign	1.0
UCH	tmalign	0.8287292817679558
MCR_beta	tmalign	1.0
Fimbrial	tmalign	0.7948717948717948
PyrI_NC	tmalign	0.8222996515679442
Ribosomal_L5_NC	tmalign	0.865546218487395
rvt	tmalign	0.9443207126948775
rnh	tmalign	0.8620689655172413
F_bP_aldolase	tmalign	0.9171270718232044
Fe-ADH	tmalign	0.9834254143646409
DHBP_synthase	tmalign	0.9847715736040609
ATP-sulfurylase	tmalign	0.947680157946693
Peptidase_C2	tmalign	0.7568438003220613
Histidine_kinase	tmalign	0.7890625
rhv	tmalign	0.9128277817150956
Adenylsucc_synt	tmalign	0.9976303317535545
cox	tmalign	0.7502903600464575
Peptidase_S15	tmalign	0.7983367983367984
His_biosynth	tmalign	0.8558758314855877
GSH_synth_ATP	tmalign	0.9491525423728814
DHquinase_II	tmalign	0.9779411764705882
GFO_IDH_MocA_C	tmalign	0.8793103448275863
DAP_epimerase	tmalign	0.8340080971659919
tbpc	tmalign	0.9385474860335196
Elicitin	tmalign	1.0
RuBisCO_large	tmalign	0.9413793103448276
mdm2	tmalign	0.9764705882352941
aminotran_5	tmalign	0.9915966386554622
sti	tmalign	0.9607250755287009
SpoU_methylase_N	tmalign	0.9090909090909091
PAH	tmalign	0.9333333333333333
lacI	tmalign	0.7835051546391754
histone	tmalign	0.6296296296296295
Orn_Arg_deC_NC	tmalign	0.9919571045576407
PBP_C1	tmalign	1.0
Peptidase_S24	tmalign	0.9418604651162791
oxidored_q6	tmalign	0.968503937007874
bromodomain	tmalign	0.9585253456221198
sigma54	tmalign	0.725925925925926
hsp90	tmalign	1.0
MCR_gamma	tmalign	0.9917355371900827
S_100	tmalign	0.7692307692307693
Transglut_core	tmalign	0.9453376205787781
HTH_AraC	tmalign	0.9375
7kD_DNA_binding	tmalign	0.9841269841269841
WHEP-TRS	tmalign	0.8823529411764706
ace	tmalign	0.9588235294117647
merR	tmalign	0.9905660377358491
CMAS	tmalign	1.0
CODH	tmalign	0.9983525535420099
ccH	tmalign	1.0
DHPS	tmalign	0.9499999999999998
Amino_oxidase_D1	tmalign	0.7731629392971245
OMPdecase	tmalign	0.809090909090909
GEL	tmalign	0.6798029556650246
Glyco_transf_28	tmalign	0.7850467289719626
Propep_M14	tmalign	0.9411764705882353
RHD	tmalign	0.962962962962963
Stap_Strp_toxin	tmalign	0.8306010928961749
pnp	tmalign	0.8583690987124464
UvrD-helicase	tmalign	0.8525821596244132
PGM_PMM_NC	tmalign	0.971375807940905
sialidase_N	tmalign	0.9733333333333333
CcmE	tmalign	0.9326424870466321
PAS	tmalign	0.8034934497816593
Alpha_adaptin_C	tmalign	0.8651162790697675
ricin	tmalign	0.8972746331236897
NTP_transf_2	tmalign	0.9941348973607038
SNAP-25	tmalign	1.0
aminotran_4	tmalign	0.9813432835820896
Plectin	tmalign	0.9728260869565217
GFP	tmalign	0.9812206572769953
phs	tmalign	0.9593392630241423
PAN	tmalign	0.7631578947368421
Glyco_hydro_18_D2	tmalign	0.8709677419354839
B	tmalign	0.7951807228915662
laminin_G	tmalign	0.8206686930091185
CAT_RBD	tmalign	0.9523809523809523
MutS_N	tmalign	0.9811320754716981
Lyase_8_N	tmalign	0.8962108731466228
mle	tmalign	0.9670014347202295
RGS	tmalign	0.8932806324110673
THAUMATIN	tmalign	0.9651741293532339
rnasemam	tmalign	0.878048780487805
PTS_EIIA_2	tmalign	0.9257950530035336
mthinb	tmalign	0.9310344827586207
GFO_IDH_MocA	tmalign	0.9135802469135802
dpb	tmalign	0.5441020191285867
ABC_tran	tmalign	0.5376884422110554
Fe_Asc_oxidored	tmalign	0.8317214700193424
RNA_pol_A_bac	tmalign	0.9053117782909931
E1_dehydrog	tmalign	0.9613095238095238
MIF	tmalign	0.9912280701754386
pgk	tmalign	0.9314720812182741
Lipoprotein_6	tmalign	0.9875
IF3	tmalign	0.9714285714285714
RhoGEF	tmalign	0.7445652173913045
DNA_pol_B_exo	tmalign	0.9300291545189505
DegT_DnrJ_EryC1	tmalign	0.6677215189873418
dsrm	tmalign	0.8181818181818182
Peptidase_S15_N	tmalign	0.8656716417910447
pdc	tmalign	0.94140625
UPF0033	tmalign	0.76
UCR_14kD	tmalign	1.0
malic	tmalign	0.9887429643527206
Rib_hydrolayse	tmalign	0.8752556237218814
PCI_1	tmalign	0.9504950495049505
apbact	tmalign	0.7294117647058824
P-II	tmalign	0.9518716577540107
hpr	tmalign	0.6626506024096386
Huristasin	tmalign	0.6987951807228915
P	tmalign	0.8867924528301887
PyrI	tmalign	0.7362637362637363
IFN-gamma	tmalign	0.9626556016597511
aakinase	tmalign	0.9190082644628099
taf	tmalign	0.9767441860465116
neurotox	tmalign	0.8363636363636364
Sec23_NC	tmalign	0.8651162790697674
UcrQ	tmalign	0.7948717948717949
Glu_synth_NTN	tmalign	0.9782608695652174
DUF170	tmalign	0.9344262295081968
Binary_toxA	tmalign	0.9533678756476685
RuBisCO_large_NC	tmalign	0.9054726368159204
rnr	tmalign	0.9604316546762591
sermam	tmalign	0.9136363636363637
F5_F8_type_C	tmalign	0.9872611464968153
E2_C	tmalign	0.9433962264150944
Gly_radical	tmalign	0.8310010764262648
tRNA-synt_1d_C	dali	0.9915254237288136
PNTB	dali	0.971264367816092
PGAM	dali	0.9010989010989011
DUF28	dali	0.9151785714285716
adh	dali	0.9973190348525469
PEPCK_ATP	dali	0.9819639278557114
Cys_Met_Meta_PP	dali	0.941970310391363
blmb	dali	0.7249357326478149
mcp2	dali	0.9214285714285715
Glyco_hydro_19	dali	0.995850622406639
Filamin	dali	0.8690476190476191
DEAD	dali	0.6374999999999998
Mur_ligase_C	dali	0.7115384615384615
cat	dali	0.9894067796610171
MutS_D2	dali	0.9135802469135802
mmob_upper	dali	0.42758620689655175
lamb	dali	0.8933873144399459
TIG	dali	0.975
ADF	dali	0.9696969696969696
cyto	dali	1.0
ltb	dali	0.9791666666666666
Toprim	dali	0.9171974522292994
igvar-l	dali	0.9406392694063928
Thioesterase	dali	0.8029197080291971
tRNA-synt_1d_M	dali	0.9429892141756547
svmp	dali	1.0
pili_assembly	dali	0.943089430894309
fer2	dali	0.7485380116959064
A2M_A	dali	0.9370078740157479
Asp_Glu_race	dali	0.8402948402948403
PGM_PMM_II	dali	0.9683257918552037
Orn_DAP_Arg_deC	dali	0.9558232931726908
TIR	dali	0.8840579710144928
cah	dali	0.9423868312757202
Aldolase_II	dali	0.9535452322738386
piplc	dali	0.8994082840236687
RhoGAP	dali	0.9382022471910112
transketolase_C	dali	0.7863247863247863
mmp	dali	0.9872611464968154
phosfruc	dali	0.9968553459119497
Hint	dali	0.962962962962963
PX	dali	0.8200836820083681
Sec7	dali	0.8871391076115485
AlaDh_PNT_D2	dali	0.962962962962963
ACPS	dali	0.7428571428571428
Rho_GDI	dali	0.996309963099631
Endonuclease_3	dali	0.9365853658536586
Band_41_NME	dali	0.9305816135084427
PCNA	dali	0.9919354838709677
dCMP_cyt_deam	dali	0.9607843137254902
Ribosomal_L6	dali	0.9526813880126183
cytochrome_b	dali	0.9827814569536424
Agglutinin	dali	0.927536231884058
Pertussis_S2S3_N	dali	1.0
Ribosomal_L1	dali	0.7507002801120448
MCR_alpha	dali	0.9963636363636363
mdd	dali	0.9907529722589168
Lipase_3	dali	0.9173228346456693
cks	dali	0.7669172932330827
igV	dali	0.9186602870813396
INTERFERON_A_B_D	dali	0.9240506329113923
Chorismate_mut	dali	0.8132530120481928
planttoxin	dali	0.9879518072289156
kazal	dali	0.7884615384615384
NO_synthase	dali	1.0
Bac_rhodopsin	dali	0.986046511627907
GAF	dali	0.9448818897637795
Thr_dehydrat_C	dali	0.9160305343511451
PK	dali	0.9783549783549783
ppase	dali	0.935672514619883
PCMT	dali	0.9411764705882352
Malate_synthase	dali	0.9761904761904762
MutS_D3	dali	0.9773584905660377
UPF0076	dali	0.946938775510204
SAM_PNT	dali	0.8918918918918918
DNA_photolyase	dali	0.9276974416017797
fer4	dali	0.576271186440678
malt_amylase_NC	dali	0.9627705627705627
Kchannel	dali	0.8645833333333334
urease_gamma	dali	1.0
Glyco_hydro_18	dali	0.9210526315789473
cytprime	dali	0.9799196787148594
MutS_NC	dali	0.9648876404494383
cpn60_TCP1	dali	0.7999999999999999
ANATO	dali	0.8225806451612904
Glyco_hydro_20	dali	0.8571428571428571
HSP20	dali	0.8202764976958525
Sm	dali	0.9850746268656716
cytochr_c552	dali	0.9945828819068255
RNA_dep_RNA_pol	dali	0.8834154351395731
EGF_Lam	dali	0.7628865979381443
cbm12	dali	0.8266666666666667
Ferrochelatase	dali	0.9641693811074918
ATP-synt_DE_N	dali	0.9634146341463415
Cytidylyltransf	dali	0.8717948717948718
SSB	dali	0.9782608695652174
S_T_dehydratase	dali	0.8530805687203792
GHMP_kinases_C	dali	0.6960000000000001
Staphylokinase	dali	0.8301886792452831
Lyase_8	dali	0.933852140077821
PBP_NC	dali	0.9785992217898832
AhpC-TSA	dali	0.8714733542319749
S4	dali	1.0
Apocytochrome_F	dali	0.9899396378269617
Colicin_Pyocin	dali	0.9879518072289156
DSPc	dali	0.896797153024911
Ribosomal_S5_C	dali	1.0
Bet_v_I	dali	0.9968454258675079
lyase_1	dali	0.9785310734463276
acyo	dali	0.9738219895287958
DNA_ligase_C	dali	0.9403973509933774
fibrinogen_C	dali	0.9511568123393317
Sec1	dali	0.9855072463768116
Sulfatase	dali	0.8883774453394706
Fe_dep_repr_M	dali	1.0
GA	dali	0.8349514563106797
CYCc	dali	0.923076923076923
protg	dali	0.8959999999999999
NADHdh_2	dali	0.971677559912854
GFO_IDH_MocA_NC	dali	0.9150090415913201
DHOdehase	dali	0.9528795811518325
MM_CoA_mutase	dali	0.6244725738396625
Zn_dep_PLPC	dali	0.8979591836734694
aadh	dali	0.8925373134328358
gpr	dali	0.9795918367346939
plantltp	dali	0.9714285714285714
Ala_racemase_N	dali	0.8673469387755103
RNase_U2	dali	0.9929577464788732
chromo	dali	0.8518518518518519
pec_lyase	dali	0.7495854063018242
TNFR_c6	dali	0.7647058823529411
cystatin	dali	0.8170731707317075
recA	dali	1.0
LIF_OSM	dali	0.9559322033898304
S-AdoMet_synt	dali	1.0
Amidase	dali	0.9313358302122348
MAAL_N	dali	1.0
cpa	dali	0.9556313993174063
Cu_bind_like	dali	0.9574468085106383
prt	dali	0.8366533864541832
CARD	dali	0.9090909090909092
DAHP_synth_1	dali	0.8805031446540882
CCP_MauG_NC	dali	0.876949740034662
ghf16	dali	1.0
PEP-utilizers	dali	0.8205128205128204
bontoxilysin	dali	0.9387254901960784
NTP_transferase	dali	0.8717948717948718
MM_CoA_mutase_N	dali	0.9271676300578034
CPS	dali	0.8806366047745358
ModE_C	dali	0.9655172413793104
ribonuclease_T2	dali	0.8731563421828908
TrkA-N	dali	0.8984375
Dwarfin	dali	0.9919137466307278
TmpK	dali	0.888888888888889
ferritin	dali	0.9866666666666667
ghf11	dali	0.9659090909090908
arginase	dali	0.962457337883959
CUB	dali	0.9953917050691244
SIR2	dali	0.8624229979466119
Cys-protease-3C	dali	0.8959537572254336
Bacterial_PQQ	dali	0.9656453110492107
EFG_IV	dali	0.9617021276595744
NHase_beta	dali	0.9481865284974094
S-AdoMet_syntD2	dali	1.0
avi	dali	0.986784140969163
SAP	dali	0.9859154929577464
Dehydratase_LU	dali	0.9981851179673321
SRF-TF	dali	0.8613138686131386
hom	dali	0.8909090909090909
HIT	dali	0.8944723618090452
ghf18	dali	0.5838779956427015
flavbb	dali	0.9713423831070889
hormone_rec	dali	0.7726161369193154
HMG-CoA_red	dali	0.8048048048048048
CBD_2	dali	0.8588235294117648
lipase	dali	0.9687137891077636
Uricase	dali	0.8853754940711462
COX2	dali	0.9736842105263158
Terpene_synth_C	dali	0.9615384615384616
dutpase	dali	0.923076923076923
DNA_methylase	dali	0.8482758620689655
pilin	dali	0.4444444444444445
SHMT	dali	0.9867310012062726
SAM	dali	0.9571428571428572
Tymo_coat	dali	0.9719626168224299
Cutinase	dali	0.8690476190476191
Transglutamin_C	dali	0.8972972972972973
Phage_integrase	dali	0.7737704918032787
PGM_PMM_I	dali	0.9866666666666666
prenyltrans	dali	0.8853046594982079
PTB	dali	0.8595744680851064
sh2	dali	0.9206349206349206
gln-synt_N	dali	0.9795918367346939
Nitrophorin	dali	0.9887640449438202
aabp	dali	0.7751937984496124
kringle	dali	0.9178082191780821
cys	dali	0.9108433734939758
glnasn	dali	0.9889064976228209
NHase_alpha	dali	0.9553805774278215
PPTA	dali	0.9048473967684022
Dala_Dala_ligas	dali	0.9501661129568106
gag_p17	dali	0.976303317535545
Furin-like	dali	0.6982758620689655
ENTH	dali	0.844106463878327
sdr	dali	0.8260869565217391
Spermine_synth	dali	0.9923076923076923
bv	dali	0.3703703703703703
Dala_Dala_ligas_C	dali	0.9757281553398058
Bac_DNA_binding	dali	0.9859154929577465
Ribosomal_L2_N	dali	0.8730158730158729
UreE	dali	0.9498069498069498
COX3	dali	0.9749303621169917
CBD_3	dali	0.8796992481203009
B_lectin	dali	1.0
blm	dali	0.9546351084812624
S-AdoMet_syntD3	dali	0.926829268292683
ETF_alpha	dali	1.0
Ribosomal_L30	dali	1.0
PPDK_N_term	dali	0.9904761904761904
HGTP_anticodon	dali	0.9893617021276596
stpp	dali	0.9508771929824561
SRP54	dali	0.9253187613843352
GSH_synthase	dali	1.0
rrm	dali	0.9510489510489512
intb	dali	0.9067796610169492
dTDP_sugar_isom	dali	0.9944444444444445
ghf10	dali	0.9726962457337883
tRNA-synt_1	dali	0.8841201716738198
NiFeSe_Hases	dali	0.9886578449905482
CN_hydrolase	dali	0.8685714285714285
hemopexin	dali	0.9476584022038568
GSH_synthase_NC	dali	0.9570957095709571
Pro_CA	dali	0.8601036269430052
VAT-Nn	dali	0.9411764705882352
Fe_hyd_SSU	dali	0.9298245614035088
GerE	dali	0.9846153846153847
asp	dali	0.9461663947797716
ARID	dali	0.708994708994709
Ald_Xan_dh_1	dali	0.9902912621359222
ghf17	dali	1.0
kunitz	dali	1.0
helicase_NC	dali	0.07142857142857142
Ribosomal_S15	dali	0.8741721854304636
LEM	dali	0.9662921348314608
ghf28	dali	0.884437596302003
MHC_II_C	dali	0.9393939393939394
mmob_lower	dali	0.994750656167979
ghf6	dali	0.867513611615245
DHH	dali	1.0
ghf1	dali	0.9130434782608695
spidertoxin	dali	0.8351648351648352
Methyltransf_2	dali	0.9876923076923076
ptpase	dali	0.9449715370018975
GHMP_kinases	dali	0.7418181818181818
BRCT	dali	0.9379310344827586
Hpr_kinase	dali	0.9530201342281879
tetR	dali	0.9375
Glyco_transf_6	dali	0.9839357429718876
capsid_c	dali	1.0
DHDPS	dali	0.993103448275862
XPG_NI	dali	0.8640000000000001
DNA_ligase	dali	0.8529411764705882
Ribosomal_S30AE	dali	0.90625
lipocalin	dali	0.775244299674267
Peptidase_C15	dali	0.9976019184652278
EFTU_2	dali	0.9883720930232558
TyrKc	dali	0.9561904761904763
PARP	dali	0.9906103286384976
alpha-amylase_N	dali	0.982905982905983
Ribosomal_L12	dali	1.0
Band_41_M	dali	0.9405940594059405
thymid_phosphorylase	dali	0.9884526558891455
molybdopterin	dali	0.8444084278768235
EF_TS	dali	0.7633587786259541
pro_aminopeptidase	dali	0.9935897435897436
C1q	dali	0.9465020576131689
CoA_binding	dali	0.9833333333333334
PDGF	dali	0.9500000000000001
Glyco_transf_8	dali	0.7945823927765238
transcript_fac2	dali	0.9421052631578948
FAD_binding_2	dali	0.9145945945945946
FYVE	dali	1.0
Egg_lysin	dali	1.0
FAD-oxidase_C	dali	0.4895104895104895
EFG_C	dali	0.9777777777777777
Ribosomal_S7	dali	0.9808429118773947
FAD_binding_5	dali	0.9359430604982206
Sua5_yciO_yrdC	dali	0.9382022471910112
SIS	dali	0.8544891640866873
Pep_deformylase	dali	0.9529780564263324
aldosered	dali	0.9063670411985019
rub	dali	1.0
psaA_psaB	dali	0.9269372693726938
HATPase_c	dali	0.7129909365558913
GP120	dali	0.9983416252072967
porin	dali	0.827977315689981
lh2	dali	0.7999999999999999
Lyase_8_NC	dali	0.8650793650793651
MCR_alpha_N	dali	0.9792843691148777
igC1	dali	0.9735449735449735
Fapy_DNA_glyco	dali	0.9492187499999999
Cytochrome_C1_C	dali	1.0
galpha	dali	0.9834437086092715
RNA_pol_N	dali	0.9
subt	dali	0.7676767676767676
CytoC_RC	dali	0.9248747913188649
Arg_repressor_N	dali	0.9841269841269841
phycoerythr_ab	dali	0.9848484848484849
RrnaAD	dali	0.96
malic_C	dali	0.9614035087719298
Clp_N	dali	1.0
parv	dali	0.9523809523809524
EF1BD	dali	0.8117647058823529
DEATH	dali	0.6927374301675978
ldh	dali	0.8675958188153309
uce	dali	0.8956521739130435
CH	dali	0.8673469387755102
TMV_coat	dali	0.8599348534201955
transketolase_PC	dali	0.8586762075134167
Ribosomal_L14	dali	0.9872340425531915
MIF4G	dali	0.7624309392265194
Flavoprotein	dali	0.9629629629629629
RNase_HII	dali	0.9828009828009828
PHBH	dali	0.9073569482288829
Inos-1-P_synth	dali	0.8470209339774557
ghf9	dali	0.9032258064516129
PBP_GOBP	dali	0.8275862068965517
DNA_PPF	dali	0.6994535519125683
Epimerase	dali	0.8900169204737733
Heme_oxygenase	dali	1.0
Orbi_VP7	dali	1.0
ndk	dali	1.0
Amidase_2	dali	0.6852589641434264
ghf33	dali	0.9018987341772151
eIF6	dali	0.9864253393665159
ghf7	dali	0.9778933680104032
trans_reg_C	dali	0.9456521739130436
serbact	dali	0.9836956521739131
Syntaxin	dali	0.6465517241379309
profilin	dali	0.9590163934426229
FN1	dali	0.9545454545454546
rvp	dali	0.8775510204081631
ghf34	dali	0.9562913907284768
cryst	dali	0.9585798816568046
Peptidase_C2_D2	dali	0.889763779527559
Ribosomal_L22	dali	0.948356807511737
gluts	dali	1.0
Jacalin	dali	1.0
PARP_reg	dali	1.0
HMA	dali	0.9925925925925926
Peptidase_M24	dali	0.828193832599119
isoamylase_N	dali	0.9411764705882352
TPK	dali	0.9488752556237219
phosphotriesterase	dali	0.9094138543516875
EFTU_C	dali	1.0
Ribosomal_S8	dali	0.996078431372549
Pept_C1-like	dali	0.9762174405436015
enolase	dali	0.9930232558139536
helicase_C	dali	0.6694214876033058
p450	dali	0.8622100954979536
isoamylase_NC	dali	0.8473205257836198
integrase	dali	0.9504950495049505
RNA_pol_H	dali	0.9064748201438849
Arginosuc_synth	dali	0.9496021220159151
recA_C	dali	1.0
TPK_catalytic	dali	0.848297213622291
FAD_binding_4	dali	0.7513227513227514
FAA_hydrolase	dali	0.9562982005141388
URO-D	dali	0.9736842105263158
aminobp	dali	0.997093023255814
Desulfoferrodox	dali	0.9302325581395349
Transpeptidase	dali	0.9648562300319489
C1	dali	1.0
DAO	dali	0.95625
dNK	dali	0.9766233766233767
CIDE-N	dali	0.8484848484848485
phc	dali	0.8698412698412699
ChtBD	dali	0.975
SPEC	dali	0.9456521739130435
ATP-gua_Ptrans	dali	0.8956521739130435
Amino_oxidase_D2	dali	0.794392523364486
VHS	dali	0.9929078014184397
RNA_pol_A_CTD	dali	0.9925925925925926
WD40	dali	0.9076175040518638
TPK_B1_binding	dali	0.9112426035502958
Glyco_hydro_67	dali	0.9634146341463413
Mu_DNA_bind	dali	0.9927007299270074
Ricin_B_lectin	dali	1.0
hormone5	dali	0.9341317365269461
citrate_synt	dali	0.9232914923291492
LuxS	dali	0.9571428571428572
adeno_fiber	dali	0.9523809523809524
tgfb	dali	0.8214285714285714
PGI	dali	0.9057527539779682
Lipoprotein_4	dali	0.9440298507462687
TGT	dali	0.9424242424242424
START	dali	0.9536082474226804
ICL	dali	0.9683944374209862
SAICAR_synt	dali	0.9408740359897172
Orn_Arg_deC_N	dali	1.0
Astacin	dali	0.9792746113989638
5_3_exonuclease	dali	0.720183486238532
kex	dali	0.8589420654911839
Phage_G	dali	0.9912536443148688
tRNA-synt_1d	dali	0.930232558139535
tms	dali	0.963531669865643
Recep_L_domain	dali	0.7482517482517482
SpoU_methylase_C	dali	0.9158249158249158
arrestin_NC	dali	0.9640287769784172
tRNA-synt_1c	dali	0.9291044776119405
Peptidase_S11	dali	0.9783549783549783
AP_endonucleas1	dali	0.9014084507042253
tRNA-synt_1_edit	dali	0.9065934065934066
tyrosinase	dali	0.841237113402062
annexin	dali	0.9952153110047847
ALAD	dali	0.9737704918032787
PBD	dali	0.6055045871559634
il8	dali	0.7619047619047619
PBP_C2	dali	1.0
Ham1p_like	dali	0.9637883008356547
SLT_beta	dali	1.0
ACT	dali	0.8917197452229301
tRNA-synt_2b	dali	0.8295964125560538
sodcu	dali	0.9136690647482014
PDZ	dali	0.9704142011834319
myb_DNA-binding	dali	0.8080808080808081
BChl_A	dali	1.0
serpin	dali	0.9670014347202297
CoA_trans	dali	0.98812351543943
E2_N	dali	0.9689922480620154
utg	dali	1.0
PKD	dali	0.9290322580645162
Acetyltransf	dali	0.8524590163934426
trp_syntA	dali	0.8926315789473684
pentraxin	dali	1.0
NTP_transf_2_2	dali	0.8672566371681416
Bac_globin	dali	0.9956709956709957
DHHA2	dali	0.9957446808510638
GXGXG	dali	0.9905838041431262
alk_phosphatase	dali	0.8435897435897436
PAX	dali	0.8448275862068967
DUF50	dali	0.9514563106796117
T-box	dali	0.9887640449438202
Peptidase_S15_C	dali	0.8520710059171599
Pertussis_S2S3_NC	dali	1.0
toxin	dali	0.7407407407407407
TNF	dali	0.9368029739776952
icd	dali	0.9591527987897126
PBP	dali	0.9220338983050848
DeoC	dali	0.9571106094808127
Terpene_synth_NC	dali	0.955312810327706
ligase-CoA_NC	dali	1.0
FA58C	dali	0.9927536231884058
HTH_AraC_2	dali	1.0
vprotease	dali	1.0
ETF_beta	dali	0.9959183673469388
Parvo_coat2	dali	0.9822926374650514
ech	dali	0.8944337811900192
urease	dali	1.0
Glyco_hydro_18_D1	dali	0.9285714285714286
actin	dali	0.8688245315161839
CC4	dali	0.9425981873111783
Peptidase_S21	dali	0.8929503916449086
MCR_beta_NC	dali	0.9976798143851509
alpha-amylase_NC	dali	0.7359413202933985
tRNA-synt_2d	dali	0.8457142857142856
Glucosamine_iso	dali	0.9981167608286252
Integrase_Zn	dali	1.0
MutS_C	dali	0.9704433497536946
sodfe	dali	0.9848484848484849
Lyase_8_C	dali	0.8551724137931033
MATH	dali	0.9692832764505118
Dehydratase_SU	dali	0.9963369963369962
DPS	dali	0.9822064056939502
tRNA-synt_1b	dali	0.7692307692307692
phero	dali	0.9444444444444444
mthina	dali	1.0
PAC	dali	0.9903846153846154
Nitroreductase	dali	0.956772334293948
WW	dali	0.8656716417910447
Phage_F	dali	0.9987995198079231
PEP-utilizers_NC	dali	0.931223371880706
hemocyan	dali	0.9403630077787382
MIP	dali	0.619385342789598
Arch_histone	dali	1.0
RA	dali	0.6918238993710691
Cyclodex_gly_tran	dali	0.9834834834834835
Glyco_hydro_47	dali	0.9796380090497738
Ribosomal_L18p	dali	0.9777777777777777
biopterin_H	dali	0.9966329966329966
Asn_synthase	dali	0.8619402985074627
AlaDh_PNT_D1	dali	0.9322493224932249
recombinase	dali	0.9438202247191011
DNA_gyraseB_N2	dali	0.9776609724047306
Cucumo_coat	dali	0.9806451612903225
gpdh	dali	0.9679389312977099
thionin	dali	0.4000000000000001
AAA	dali	0.494061757719715
Yers_vir_YopE	dali	0.9868995633187774
pou	dali	1.0
igps	dali	0.8174386920980927
IMPDH	dali	0.9857142857142858
Hydrolase	dali	0.9954128440366973
cyt5	dali	0.9937106918238994
tln	dali	0.9763513513513513
cpn10	dali	0.918918918918919
Ribosomal_L2	dali	0.9509433962264151
Usp	dali	0.9019607843137255
DNA_pol_B	dali	0.8898426323319027
hormone	dali	0.9532710280373832
ANK	dali	0.9300411522633746
cyclin	dali	0.8187919463087248
S1	dali	0.7230769230769231
Inh	dali	0.98
LBP_BPI_CETP	dali	0.743202416918429
GATase_2	dali	0.9279279279279279
xia	dali	0.9500000000000001
LysR_substrate	dali	0.8361858190709047
DNA_polymeraseX	dali	0.8220858895705522
MHC_II_beta_NC	dali	0.9287749287749288
mmo	dali	1.0
L15	dali	0.7819548872180452
N6_N4_Mtase	dali	0.851528384279476
Peptidase_A6	dali	0.9796557120500783
Frataxin_Cyay	dali	0.9811320754716981
hemery	dali	0.18666666666666665
tim	dali	1.0
KAS	dali	0.8651315789473684
Acetyltransf2	dali	0.9775280898876405
hexokinase	dali	0.9723502304147466
cytb	dali	0.88
CPSase_L_chain	dali	0.6185567010309277
adk	dali	0.8218181818181819
Glyco_hydro_2	dali	0.17582417582417584
GATase	dali	0.9382022471910112
MGS	dali	0.846774193548387
GAD	dali	0.9583333333333334
ins	dali	0.988235294117647
Trypan_glycop	dali	0.8795180722891566
PGM_PMM_III	dali	0.9649122807017544
envelope	dali	0.8200000000000001
ligase-CoA	dali	0.9169960474308301
A2M_B	dali	1.0
aat	dali	0.7874659400544959
DUF101	dali	0.9230769230769231
igvar-h	dali	0.9827586206896551
TIMP	dali	0.927536231884058
Flavin_Reduct	dali	0.8250825082508252
int	dali	0.9157303370786516
reductases	dali	0.8093023255813954
Topoisomerase_I	dali	0.9811320754716981
PGM_PMM	dali	0.9844961240310077
igI	dali	0.9491525423728815
lta	dali	0.9837837837837838
tubulin	dali	0.9655990510083036
cdh	dali	1.0
tRNA-synt_1d_N	dali	0.7650273224043715
kinase	dali	0.8
Ribosomal_L4	dali	0.923611111111111
QRPTase	dali	0.990990990990991
abhydrolase_2	dali	0.9906976744186047
flav	dali	0.9328358208955223
AP_endonuc_2	dali	0.7383966244725739
DNA_ligase_N	dali	0.8149466192170819
HMG_box	dali	0.8405797101449274
GroEL	dali	0.9071729957805906
dpo1	dali	0.8702290076335878
Rhodanese	dali	0.8630705394190872
FTR	dali	0.7758620689655172
HSF_DNA-bind	dali	0.9878048780487805
gdh	dali	0.8695652173913044
proteasome	dali	0.8132992327365729
Rop	dali	1.0
Glyco_hydro_48	dali	0.9853896103896104
Ribosomal_S5_N	dali	0.9838709677419354
Pertussis_S2S3	dali	1.0
pot	dali	0.9838709677419355
THF_DHG_CYH	dali	0.978494623655914
EPSP_syntase	dali	0.8869123252858957
sugbp	dali	0.9795158286778398
SpoU_methylase	dali	0.8838268792710705
rvintegrase	dali	0.9354838709677419
peroxidase	dali	0.8667917448405253
PEP-utilizers_C	dali	0.970954356846473
oat	dali	0.8985879332477537
GHMP_kinases_N	dali	0.8082191780821919
aldedh	dali	0.9058823529411765
Pectinesterase	dali	0.9365351629502574
DUF153	dali	0.9371980676328503
AFOR	dali	0.9720575783234547
gln-synt_NC	dali	0.9525862068965517
cyt3	dali	0.8888888888888888
acid_phosphat	dali	0.6842105263157895
STAS	dali	0.9032258064516129
Tautomerase	dali	1.0
tryp_alpha_amyl	dali	0.9081632653061226
arrestin_C	dali	0.9972299168975068
Invasin	dali	0.8764044943820224
STAT	dali	0.9703153988868274
PH	dali	0.5829145728643216
Seedstore_7s	dali	0.9714285714285714
Anperoxidase	dali	0.8471411901983664
MBD	dali	0.8125
ltn	dali	0.9955357142857143
UPF0044	dali	1.0
pcd	dali	0.7840909090909091
PABP	dali	0.9747899159663865
cytc	dali	0.9900990099009901
FAD_binding	dali	0.9418837675350701
MSP_domain	dali	1.0
Amino_oxidase	dali	0.7544910179640719
rep	dali	0.848
phoslip	dali	0.9652173913043478
6PF2K	dali	1.0
Fe_hyd_lg_C	dali	0.9689608636977058
IMS	dali	0.9948979591836735
TIL	dali	0.7102803738317757
GAL4	dali	1.0
ku	dali	0.7237880496054115
Transglutamin_NC	dali	0.9515757109915449
formyl_transf	dali	0.8562691131498471
Asn_synthase_NC	dali	0.8361970217640321
il10	dali	1.0
NTP_transf_2_N2	dali	0.9647577092511013
Peptidase_S9	dali	0.9184890656063618
ghf15	dali	0.9458823529411765
Esterase	dali	0.9946332737030412
PAP2	dali	0.9242871189773845
Bcl-2	dali	0.8148148148148148
Mur_ligase	dali	0.7736389684813754
WH1	dali	0.9903846153846154
Cu-oxidase	dali	0.9154774972557629
aldose	dali	0.9867060561299853
pp-binding	dali	0.7067669172932332
PA_phosphatase	dali	0.9151873767258382
YgbB	dali	0.9032258064516129
hip	dali	0.9571428571428571
COX1	dali	0.9970149253731343
Prismane	dali	0.9897292250233426
LIM	dali	0.776978417266187
MCR_beta_N	dali	1.0
msb	dali	0.7875647668393781
hla	dali	0.9971830985915493
CCP_MauG_C	dali	0.8934707903780069
AlaDh_PNT	dali	0.9293233082706767
eIF-1a	dali	0.6447368421052633
bac_luciferase	dali	0.8509615384615385
Asp_Glu_race_D	dali	0.7794871794871795
PRK	dali	0.8825065274151436
mycin	dali	0.9680365296803655
biotin_lipoyl	dali	0.888888888888889
thiored	dali	0.965034965034965
ung	dali	0.9931034482758622
RRF	dali	0.7932011331444759
CBD_6	dali	0.9686411149825783
Ribosomal_L6_D	dali	0.9635036496350365
FolB	dali	0.8917748917748918
Cu_amine_oxid	dali	0.966996699669967
DEP	dali	0.8914285714285715
MAAL_C	dali	0.9723991507430997
CBM_20	dali	0.8376963350785339
gln-synt	dali	0.9466484268125854
MoCF_biosynth	dali	0.8178438661710038
nir	dali	0.9633802816901408
DNA_mis_repair_M	dali	0.9619047619047619
MAAL	dali	0.9744897959183674
Topoisomerase_I_core	dali	0.6857142857142857
UPP_synthetase	dali	0.9976019184652278
lipoxygenase	dali	0.9758454106280194
IU_nuc_hydro	dali	0.9741935483870969
Cohesin	dali	0.9890909090909091
KSI	dali	0.9917355371900827
OTCace	dali	0.9236234458259325
ADP_PFK_GK	dali	0.9964994165694282
TFIIS	dali	0.9583333333333334
MYSc	dali	0.9167303284950343
ghf46	dali	0.8192219679633866
Phage_lysozyme	dali	0.9847094801223242
Alpha_adaptinC12	dali	0.5536992840095466
Peripla_BP_2	dali	0.8
dhfr	dali	0.9211356466876972
csp	dali	0.9848484848484849
hr	dali	1.0
Alpha_adaptinC2	dali	0.9351851851851852
aconitase	dali	0.9124537607891491
DMRL_synthase	dali	0.9562043795620438
TRANSTHYRETIN	dali	0.9955947136563876
fbpase	dali	1.0
Glu_syn_central	dali	0.9850340136054422
cNMP	dali	0.9649122807017544
ghf22	dali	0.9754098360655737
VAT-Nc	dali	0.7733333333333334
Colicin	dali	0.8176470588235295
Peptidase_M17_N	dali	0.7676056338028168
Ald_Xan_dh_2	dali	0.9347028613352899
Cytochrome_C1	dali	0.9546436285097192
ghf14	dali	0.928388746803069
ISP	dali	0.826530612244898
Beta_elim_lyase	dali	0.9929078014184397
SUI1	dali	0.8947368421052632
SKI	dali	0.9698996655518394
IF4E	dali	0.78698224852071
ribokinase	dali	0.8695652173913043
aspg	dali	0.9850746268656717
Ribosomal_L2_C	dali	0.9848484848484849
ALBUMIN	dali	0.7479224376731302
Penicil_amidase	dali	0.7739783152627189
prc	dali	0.9696218226906387
Rotamase	dali	0.869047619047619
Dala_Dala_ligas_N	dali	0.9468085106382979
Cytidylyl_trans	dali	0.823529411764706
G6PD	dali	0.9373297002724795
zf-TAZ	dali	0.858974358974359
S-AdoMet_synt_NC	dali	0.9738651994497937
SBP_bacterial_1	dali	0.637137989778535
HCV_NS3	dali	1.0
PAF-AH	dali	1.0
MCR_alpha_NC	dali	0.9852125693160814
ACBP	dali	0.970059880239521
slectin	dali	0.953125
TrpBP	dali	1.0
RuBisCO_small	dali	0.9509803921568627
UBQ	dali	1.0
fer4_NifH	dali	1.0
G6PD_NC	dali	0.9414270500532481
GTP_cyclohydroI	dali	0.9473684210526315
DSBA	dali	0.9633802816901408
cat3	dali	0.7810026385224276
ModA	dali	0.9103139013452916
UBX	dali	0.6486486486486486
az	dali	0.8780487804878048
KH	dali	0.921985815602837
transket_pyr	dali	0.8430769230769231
Ribonuclease_P	dali	0.9865470852017937
transketolase	dali	0.8839590443686007
alpha-amylase	dali	0.6295081967213115
Transglutamin_N	dali	0.9473684210526315
PMSR	dali	0.9893617021276596
CCP_MauG	dali	0.833922261484099
Terpene_synth_N	dali	0.96875
6PGD	dali	0.9526881720430108
Peptidase_M17	dali	0.9921507064364207
malic_N	dali	0.9959677419354839
Arg_repressor_C	dali	0.9710144927536232
thiolase	dali	0.7395833333333333
Activin_recp	dali	0.6293706293706294
Cytochrome_C1_N	dali	0.948509485094851
rnase	dali	0.9901960784313726
fkbp	dali	0.9953488372093023
XPG_C	dali	0.9907407407407407
IRF	dali	0.8640776699029126
Extradiol_dioxy	dali	0.9176029962546817
SRP19	dali	0.9090909090909091
igcon	dali	0.8695652173913044
HPPK	dali	0.9648562300319489
glob	dali	0.7245283018867925
C4	dali	0.9707865168539327
SRP54M	dali	0.7160493827160495
Haloperoxidase	dali	0.7984644913627639
G6PD_C	dali	0.9397163120567376
Fe_dep_repress	dali	0.9917355371900827
DnaJ	dali	0.8840579710144927
SAM_decarbox	dali	0.9618055555555556
Amidinotransferase	dali	0.939617083946981
Me-amine-deh_L	dali	0.9917355371900827
bac_lipase	dali	0.9392446633825945
inositol_P	dali	0.6897746967071057
igC2	dali	0.8805970149253731
asprs	dali	0.9518348623853211
fabp	dali	0.959349593495935
ghf2	dali	0.842911877394636
MHC_II_alpha_NC	dali	0.9019607843137256
arrestin	dali	0.9244712990936556
Urease_beta	dali	1.0
Methyltransf_1	dali	0.8027681660899655
FHA	dali	0.8340807174887892
NMT	dali	0.9780645161290323
ngf	dali	0.9339622641509433
Cys_knot	dali	0.8823529411764707
CDC48	dali	0.9300911854103343
gtp	dali	0.978328173374613
Topoisom_bac	dali	0.8779443254817988
fn3	dali	0.8571428571428572
MAP1_LC3	dali	0.9824561403508771
APC10	dali	0.9311475409836065
ghf5	dali	0.8072727272727271
alpha-amylase_C	dali	0.6399999999999999
mmoa	dali	1.0
ATP-synt	dali	0.9068181818181819
DNA_mis_repair_NM	dali	0.9103690685413005
KISc	dali	0.97
Skp1	dali	0.8848484848484849
RING	dali	0.9107142857142857
capsid_n	dali	0.9300411522633746
ets	dali	0.9398907103825136
Bacteriofer	dali	0.9935897435897436
SCP2	dali	0.9464285714285714
Peptidase_M10A	dali	0.9634551495016611
Glyco_hydro_2_N	dali	0.8807339449541285
mutT	dali	0.7932489451476793
Exonuclease	dali	0.9369369369369371
XPG_NC	dali	0.9042016806722689
response_reg	dali	0.8169014084507044
endotoxin	dali	0.9677419354838709
NusB	dali	0.8594377510040161
linker_histone	dali	0.9154929577464788
SLT	dali	0.8273092369477912
MHC_II_N	dali	0.8888888888888887
Ribosomal_L11	dali	0.9848484848484849
SCP	dali	0.8695652173913043
Pyridox_oxidase	dali	0.9922879177377892
Band_41_N	dali	0.948051948051948
ERM	dali	0.9425287356321839
Fork_head	dali	0.9693251533742331
eIF-5a	dali	0.9490196078431371
Sulfotransfer	dali	0.6612466124661246
tcl1_mtcp1	dali	0.9904761904761905
mofe	dali	0.8567931456548347
voltage_CLC	dali	1.0
RNA_pol_K	dali	0.8125
Peptidase_M27	dali	0.8683693516699411
SET	dali	0.9762419006479481
LMWPc	dali	0.9935483870967742
CAP_GLY	dali	0.8538011695906433
PotD	dali	0.967238689547582
TonB_dep_Rec	dali	0.8162162162162162
PSI_PsaE	dali	0.9852941176470589
CASc	dali	0.9724770642201834
recA_N	dali	1.0
leukocidin	dali	0.9221556886227545
DNA_gyraseB	dali	1.0
Antifreeze	dali	1.0
AMP-binding	dali	0.7990970654627538
grs	dali	0.6215139442231076
Peptidase_M16	dali	0.9394673123486683
Ribosomal_S5	dali	0.981132075471698
DNA_topoisoIV	dali	0.832535885167464
rasgap	dali	0.9766536964980544
C2	dali	0.9579831932773109
scorptoxin	dali	0.94017094017094
Fz	dali	0.970464135021097
Levi_coat	dali	0.8722466960352423
MurB_C	dali	0.9665071770334929
Lum_binding	dali	0.9347826086956522
Ribosomal_L7Ae	dali	0.8712871287128712
cyclo	dali	0.9878048780487805
FAD-oxidase_NC	dali	0.5997552019583843
Isochorismatase	dali	0.9271137026239066
tRNA_bind	dali	0.8306010928961748
Ran_BP1	dali	0.9924812030075187
BAG	dali	0.9910714285714286
RuBisCO_large_N	dali	0.9642857142857143
FN2	dali	0.9772727272727273
ATP-synt_g	dali	0.8894601542416453
VAT-N	dali	0.8411214953271027
Peptidase_C2_D1	dali	0.9919571045576407
Transaldolase	dali	1.0
RuvA	dali	0.9859943977591036
Dehydratase_MU	dali	0.9971830985915493
chorismate_bind	dali	0.9325153374233128
Glyco_hydro_20b	dali	0.8547717842323652
oxidored_FMN	dali	0.8847926267281107
DNA_pol3_beta	dali	0.9545454545454546
CopC	dali	0.9746192893401014
Cu_nir	dali	1.0
UCH	dali	0.8426966292134831
MCR_beta	dali	0.9959514170040485
Fimbrial	dali	0.8571428571428571
PyrI_NC	dali	0.7971014492753623
Ribosomal_L5_NC	dali	0.9327731092436976
rvt	dali	0.9375
rnh	dali	0.9170305676855894
F_bP_aldolase	dali	0.9702602230483273
Fe-ADH	dali	0.9861878453038674
DHBP_synthase	dali	0.9974554707379135
ATP-sulfurylase	dali	0.9662698412698413
Peptidase_C2	dali	0.8966613672496024
Histidine_kinase	dali	0.880952380952381
rhv	dali	0.8679245283018868
Adenylsucc_synt	dali	0.9893238434163701
cox	dali	0.706875753920386
Peptidase_S15	dali	0.8445873526259378
His_biosynth	dali	0.8680089485458613
GSH_synth_ATP	dali	0.9403409090909091
DHquinase_II	dali	0.9926470588235294
GFO_IDH_MocA_C	dali	0.881057268722467
DAP_epimerase	dali	0.8099173553719008
tbpc	dali	0.9635854341736695
Elicitin	dali	1.0
RuBisCO_large	dali	0.9395509499136442
mdm2	dali	1.0
aminotran_5	dali	0.9915730337078652
sti	dali	0.9636363636363636
SpoU_methylase_N	dali	0.9166666666666666
PAH	dali	0.9325153374233127
lacI	dali	0.7474747474747474
histone	dali	0.6459627329192545
Orn_Arg_deC_NC	dali	1.0
PBP_C1	dali	1.0
Peptidase_S24	dali	0.9534883720930233
oxidored_q6	dali	0.968503937007874
bromodomain	dali	0.9769585253456221
sigma54	dali	0.7391304347826085
hsp90	dali	0.9902912621359223
MCR_gamma	dali	0.9958677685950413
S_100	dali	0.8251748251748251
Transglut_core	dali	0.9565217391304348
HTH_AraC	dali	0.9791666666666666
7kD_DNA_binding	dali	0.96
WHEP-TRS	dali	0.9411764705882353
ace	dali	0.9369369369369369
merR	dali	1.0
CMAS	dali	1.0
CODH	dali	0.9983525535420099
ccH	dali	1.0
DHPS	dali	0.9534883720930232
Amino_oxidase_D1	dali	0.7325769854132902
OMPdecase	dali	0.8679245283018869
GEL	dali	0.7959183673469389
Glyco_transf_28	dali	0.786053882725832
Propep_M14	dali	0.9349112426035503
RHD	dali	0.9911816578483243
Stap_Strp_toxin	dali	0.8491620111731844
pnp	dali	0.8502202643171806
UvrD-helicase	dali	0.8525821596244132
PGM_PMM_NC	dali	0.9750692520775623
sialidase_N	dali	0.9765886287625419
CcmE	dali	0.9690721649484536
PAS	dali	0.801762114537445
Alpha_adaptin_C	dali	0.9116279069767442
ricin	dali	0.8930817610062892
NTP_transf_2	dali	1.0
aminotran_4	dali	0.9813432835820896
Plectin	dali	0.9728260869565217
GFP	dali	0.9694117647058824
phs	dali	0.9595894804361771
PAN	dali	0.8979591836734694
Glyco_hydro_18_D2	dali	0.9152542372881356
B	dali	0.8395061728395061
laminin_G	dali	0.8134556574923547
CAT_RBD	dali	0.9259259259259259
MutS_N	dali	0.9905660377358491
Lyase_8_N	dali	0.9384359400998336
mle	dali	0.9626436781609196
RGS	dali	0.9407114624505929
THAUMATIN	dali	0.9800995024875622
rnasemam	dali	0.9009900990099011
PTS_EIIA_2	dali	0.9071428571428571
GFO_IDH_MocA	dali	0.8806584362139918
dpb	dali	0.877005347593583
ABC_tran	dali	0.596938775510204
Fe_Asc_oxidored	dali	0.8362919132149902
RNA_pol_A_bac	dali	0.9745958429561201
E1_dehydrog	dali	0.9410029498525073
MIF	dali	0.9912280701754386
pgk	dali	0.9949367088607595
Lipoprotein_6	dali	0.9875
IF3	dali	0.9595375722543352
RhoGEF	dali	0.7780821917808219
DNA_pol_B_exo	dali	0.9331352154531948
DegT_DnrJ_EryC1	dali	0.7640449438202247
dsrm	dali	0.8421052631578948
Peptidase_S15_N	dali	0.8590831918505943
pdc	dali	0.9588235294117646
UPF0033	dali	0.7027027027027026
UCR_14kD	dali	1.0
malic	dali	0.9877934272300469
Rib_hydrolayse	dali	0.9135802469135802
PCI_1	dali	0.98
apbact	dali	0.7839999999999999
P-II	dali	0.956989247311828
hpr	dali	0.6585365853658537
Huristasin	dali	0.7954545454545455
P	dali	0.8761904761904761
IFN-gamma	dali	0.9626556016597511
aakinase	dali	0.980327868852459
taf	dali	0.9843749999999999
Sec23_NC	dali	0.8796223446105429
Glu_synth_NTN	dali	0.9927536231884058
DUF170	dali	0.8429752066115702
Binary_toxA	dali	0.8789473684210526
RuBisCO_large_NC	dali	0.9488139825218477
rnr	dali	0.9294755877034359
F5_F8_type_C	dali	0.9745222929936306
E2_C	dali	0.9171974522292993
Gly_radical	dali	0.8206820682068208
tRNA-synt_1d_C	ce	0.9745762711864406
PNTB	ce	0.9971346704871061
PGAM	ce	0.9044943820224718
DUF28	ce	0.9424778761061946
adh	ce	0.9973190348525469
PEPCK_ATP	ce	0.9819277108433734
Cys_Met_Meta_PP	ce	0.9386084583901775
blmb	ce	0.7292817679558011
mcp2	ce	0.9747292418772563
Glyco_hydro_19	ce	0.995850622406639
Filamin	ce	0.9047619047619047
DEAD	ce	0.6086956521739131
Mur_ligase_C	ce	0.5140186915887851
cat	ce	0.985200845665962
MutS_D2	ce	0.9262295081967213
mmob_upper	ce	0.47852760736196315
lamb	ce	0.9153005464480874
TIG	ce	0.9875
ADF	ce	0.9548872180451128
cyto	ce	1.0
ltb	ce	0.9842931937172774
Toprim	ce	0.8930817610062892
igvar-l	ce	0.9345794392523364
Thioesterase	ce	0.7506172839506173
tRNA-synt_1d_M	ce	0.8992
svmp	ce	1.0
pili_assembly	ce	0.802139037433155
fer2	ce	0.7344632768361582
A2M_A	ce	0.9448818897637796
Asp_Glu_race	ce	0.7960199004975124
PGM_PMM_II	ce	0.9819819819819819
GGL	ce	0.9811320754716981
Orn_DAP_Arg_deC	ce	0.9754098360655737
TIR	ce	0.9230769230769231
cah	ce	0.9372384937238494
Aldolase_II	ce	0.9680589680589681
piplc	ce	0.9176470588235294
RhoGAP	ce	0.9553072625698324
transketolase_C	ce	0.8879310344827586
mmp	ce	0.9872611464968154
phosfruc	ce	0.9968553459119497
Hint	ce	0.9516728624535316
PX	ce	0.7325102880658436
Sec7	ce	0.8571428571428571
AlaDh_PNT_D2	ce	0.9764309764309763
ACPS	ce	0.223463687150838
egf	ce	0.3823529411764706
Rho_GDI	ce	0.996309963099631
Endonuclease_3	ce	0.9584352078239609
Band_41_NME	ce	0.9606003752345216
PCNA	ce	0.9919354838709677
dCMP_cyt_deam	ce	0.9560975609756097
Ribosomal_L6	ce	0.9182389937106918
cytochrome_b	ce	0.9946949602122016
Agglutinin	ce	0.8985507246376812
Pertussis_S2S3_N	ce	1.0
Ribosomal_L1	ce	0.16483516483516486
MCR_alpha	ce	0.9890909090909091
mdd	ce	0.9933774834437087
Lipase_3	ce	0.9370078740157481
cks	ce	0.8217054263565892
igV	ce	0.8224299065420562
INTERFERON_A_B_D	ce	0.9419354838709677
planttoxin	ce	0.9761904761904762
kazal	ce	0.7499999999999999
NO_synthase	ce	1.0
Bac_rhodopsin	ce	0.986046511627907
GAF	ce	0.9176470588235294
Thr_dehydrat_C	ce	0.931297709923664
PK	ce	0.8432304038004751
ppase	ce	0.9387755102040817
PCMT	ce	0.9729729729729729
Malate_synthase	ce	0.9970238095238095
MutS_D3	ce	0.9829867674858223
UPF0076	ce	0.991869918699187
SAM_PNT	ce	0.8767123287671235
DNA_photolyase	ce	0.9433962264150944
CBS	ce	0.4838709677419355
fer4	ce	0.7777777777777778
malt_amylase_NC	ce	0.9948364888123924
Kchannel	ce	0.8717948717948718
urease_gamma	ce	1.0
Glyco_hydro_18	ce	0.9518248175182481
cytprime	ce	0.9382716049382717
MutS_NC	ce	0.9372797744890768
cpn60_TCP1	ce	0.7966804979253113
ANATO	ce	0.9256198347107438
Glyco_hydro_20	ce	0.8503937007874015
HSP20	ce	0.8651162790697675
Sm	ce	0.9850746268656716
cytochr_c552	ce	0.991285403050109
RNA_dep_RNA_pol	ce	0.87248322147651
EGF_Lam	ce	0.66
cbm12	ce	0.6582278481012659
Ferrochelatase	ce	0.949096880131363
ATP-synt_DE_N	ce	0.9696969696969696
Cytidylyltransf	ce	0.825531914893617
SSB	ce	0.967391304347826
S_T_dehydratase	ce	0.8992
GHMP_kinases_C	ce	0.6848249027237354
Staphylokinase	ce	0.8202764976958524
Lyase_8	ce	0.8949416342412452
PBP_NC	ce	0.9794721407624634
AhpC-TSA	ce	0.9
S4	ce	1.0
Apocytochrome_F	ce	0.9859154929577465
Colicin_Pyocin	ce	0.9818181818181818
DSPc	ce	0.8848920863309352
Ribosomal_S5_C	ce	1.0
Bet_v_I	ce	0.9904761904761905
lyase_1	ce	0.976271186440678
acyo	ce	0.9791666666666666
trfl	ce	0.9919999999999999
DNA_ligase_C	ce	0.9199999999999999
fibrinogen_C	ce	0.9484536082474226
Sec1	ce	0.9011857707509882
Sulfatase	ce	0.8700696055684455
Fe_dep_repr_M	ce	1.0
GA	ce	0.9702970297029703
CYCc	ce	0.9310344827586207
protg	ce	0.8925619834710743
NADHdh_2	ce	0.9800443458980045
GFO_IDH_MocA_NC	ce	0.8833034111310591
DHOdehase	ce	0.9479166666666666
MM_CoA_mutase	ce	0.5203252032520325
Zn_dep_PLPC	ce	0.918918918918919
aadh	ce	0.9025487256371814
sh3	ce	0.7868852459016394
gpr	ce	0.9559322033898305
plantltp	ce	1.0
Ala_racemase_N	ce	0.8426395939086294
RNase_U2	ce	0.9929577464788732
chromo	ce	0.6226415094339622
pec_lyase	ce	0.7818791946308725
TNFR_c6	ce	0.7185628742514971
cystatin	ce	0.7439024390243902
recA	ce	1.0
LIF_OSM	ce	0.8677966101694914
S-AdoMet_synt	ce	1.0
Amidase	ce	0.9205955334987593
MAAL_N	ce	0.9967845659163987
cpa	ce	0.9692832764505118
Cu_bind_like	ce	0.8900523560209423
zf-CCHC	ce	0.9696969696969697
prt	ce	0.8142292490118577
CARD	ce	0.9545454545454545
DAHP_synth_1	ce	0.9037656903765691
CCP_MauG_NC	ce	0.875886524822695
ghf16	ce	0.9953051643192489
PEP-utilizers	ce	0.8181818181818183
bontoxilysin	ce	0.9635922330097088
NTP_transferase	ce	0.8827292110874199
MM_CoA_mutase_N	ce	0.9698375870069605
CPS	ce	0.6204986149584488
ModE_C	ce	0.9461538461538462
ribonuclease_T2	ce	0.8165680473372781
TrkA-N	ce	0.870967741935484
Dwarfin	ce	0.9783783783783785
TmpK	ce	0.8610354223433242
ferritin	ce	0.9933774834437086
ghf11	ce	0.934844192634561
arginase	ce	0.9625850340136054
CUB	ce	0.966824644549763
SIR2	ce	0.8489795918367348
Cys-protease-3C	ce	0.899135446685879
Bacterial_PQQ	ce	0.9786839666357738
EFG_IV	ce	0.9572649572649573
NHase_beta	ce	0.9319371727748691
S-AdoMet_syntD2	ce	1.0
avi	ce	0.986784140969163
SAP	ce	0.8955223880597015
Dehydratase_LU	ce	0.9981851179673321
SRF-TF	ce	0.9402985074626865
hom	ce	0.9433962264150945
HIT	ce	0.6764705882352942
ghf18	ce	0.6157112526539278
flavbb	ce	0.9575757575757574
hormone_rec	ce	0.7541766109785203
HMG-CoA_red	ce	0.8253012048192769
CBD_2	ce	0.9069767441860465
lipase	ce	0.962877030162413
squash	ce	0.6666666666666666
Uricase	ce	0.8784313725490195
COX2	ce	0.9691629955947135
Terpene_synth_C	ce	0.9904153354632588
dutpase	ce	0.9565217391304348
DNA_methylase	ce	0.8739205526770293
pilin	ce	0.2914572864321608
SHMT	ce	0.9794437726723096
SAM	ce	0.9571428571428572
Tymo_coat	ce	0.96875
Cutinase	ce	0.8764705882352942
Transglutamin_C	ce	0.8924731182795699
Phage_integrase	ce	0.9085173501577286
PGM_PMM_I	ce	0.9758713136729223
prenyltrans	ce	0.8586572438162545
PTB	ce	0.8305084745762712
sh2	ce	0.8586387434554974
gln-synt_N	ce	0.9847715736040609
Nitrophorin	ce	0.9631728045325779
aabp	ce	0.5591939546599496
kringle	ce	0.9659863945578231
cys	ce	0.9230769230769231
glnasn	ce	0.9873417721518988
NHase_alpha	ce	0.9655172413793104
PPTA	ce	0.8211678832116788
Dala_Dala_ligas	ce	0.9331103678929766
gag_p17	ce	0.9951690821256038
Furin-like	ce	0.7256637168141593
ENTH	ce	0.7862595419847328
sdr	ce	0.7951807228915663
Spermine_synth	ce	0.9884615384615385
bv	ce	0.06545454545454546
Dala_Dala_ligas_C	ce	0.953771289537713
Bac_DNA_binding	ce	0.9859154929577465
Ribosomal_L2_N	ce	0.9682539682539683
UreE	ce	0.7862595419847329
COX3	ce	0.9611111111111111
CBD_3	ce	0.8646616541353385
B_lectin	ce	1.0
blm	ce	0.9683794466403162
S-AdoMet_syntD3	ce	0.9714285714285714
ETF_alpha	ce	1.0
Ribosomal_L30	ce	0.9913043478260869
PPDK_N_term	ce	0.8446327683615819
HGTP_anticodon	ce	0.9893617021276596
stpp	ce	0.9657657657657657
SRP54	ce	0.9255898366606171
GSH_synthase	ce	0.9852216748768472
rrm	ce	0.041666666666666664
intb	ce	0.865546218487395
dTDP_sugar_isom	ce	0.9747899159663865
ghf10	ce	0.962457337883959
tRNA-synt_1	ce	0.8596112311015117
NiFeSe_Hases	ce	0.9924385633270322
CN_hydrolase	ce	0.9080459770114943
hemopexin	ce	0.9450549450549451
GSH_synthase_NC	ce	0.9252747252747252
Pro_CA	ce	0.8802083333333334
BIR	ce	0.608187134502924
VAT-Nn	ce	0.9595375722543352
Fe_hyd_SSU	ce	0.972972972972973
GerE	ce	0.9763779527559054
asp	ce	0.8968903436988543
ARID	ce	0.8673469387755103
GATA	ce	0.9662921348314606
Ald_Xan_dh_1	ce	0.9902912621359222
ghf17	ce	0.9966887417218543
kunitz	ce	1.0
helicase_NC	ce	0.08013355592654425
Ribosomal_S15	ce	0.8961038961038961
LEM	ce	0.9148936170212767
ghf28	ce	0.9208860759493671
MHC_II_C	ce	0.9484536082474226
mmob_lower	ce	0.994750656167979
ghf6	ce	0.9025270758122743
DHH	ce	0.9945652173913043
ghf1	ce	0.9223300970873788
spidertoxin	ce	0.896551724137931
Methyltransf_2	ce	0.9796557120500783
ptpase	ce	0.9773584905660377
GHMP_kinases	ce	0.7769784172661871
BRCT	ce	0.8707482993197279
Hpr_kinase	ce	0.9387755102040817
tetR	ce	0.959349593495935
Glyco_transf_6	ce	0.9839357429718876
capsid_c	ce	0.9929078014184397
VPR	ce	0.5205479452054794
DHDPS	ce	0.9753521126760564
XPG_NI	ce	0.8776595744680852
DNA_ligase	ce	0.8869565217391304
Ribosomal_S30AE	ce	0.9782608695652174
lipocalin	ce	0.7962382445141065
Peptidase_C15	ce	1.0
EFTU_2	ce	0.9883720930232558
TyrKc	ce	0.9361702127659575
PARP	ce	0.9906103286384976
alpha-amylase_N	ce	0.9658119658119658
Ribosomal_L12	ce	1.0
Band_41_M	ce	0.9651741293532337
thymid_phosphorylase	ce	0.9788732394366197
molybdopterin	ce	0.7257383966244726
pro_aminopeptidase	ce	0.9919743178170144
C1q	ce	0.9465020576131689
CoA_binding	ce	0.9833333333333334
PDGF	ce	0.9743589743589743
Glyco_transf_8	ce	0.781818181818182
transcript_fac2	ce	0.9679144385026738
FAD_binding_2	ce	0.9094874591057797
FYVE	ce	1.0
Egg_lysin	ce	0.9958847736625513
FAD-oxidase_C	ce	0.38826185101580135
EFG_C	ce	0.9777777777777777
Ribosomal_S7	ce	0.9808429118773947
FAD_binding_5	ce	0.9557522123893805
Sua5_yciO_yrdC	ce	0.9209039548022598
SIS	ce	0.8909657320872274
Pep_deformylase	ce	0.9584664536741213
aldosered	ce	0.9257142857142857
rub	ce	1.0
psaA_psaB	ce	0.9298892988929889
HATPase_c	ce	0.6465256797583082
GP120	ce	0.9950248756218905
lh2	ce	0.840909090909091
Lyase_8_NC	ce	0.8694955964771817
MCR_alpha_N	ce	0.9734848484848485
igC1	ce	0.9791666666666666
Fapy_DNA_glyco	ce	0.9667318982387475
Cytochrome_C1_C	ce	1.0
galpha	ce	0.9666666666666667
RNA_pol_N	ce	0.7735849056603773
subt	ce	0.7265469061876247
CytoC_RC	ce	0.9324324324324325
Arg_repressor_N	ce	0.9763779527559054
phycoerythr_ab	ce	0.9846153846153847
RrnaAD	ce	0.9103139013452914
malic_C	ce	0.9822695035460993
Clp_N	ce	0.9609375
parv	ce	0.9758454106280194
EF1BD	ce	0.9770114942528736
DEATH	ce	0.839779005524862
ldh	ce	0.8783068783068784
uce	ce	0.8765957446808511
CH	ce	0.8484848484848485
TMV_coat	ce	0.9090909090909091
transketolase_PC	ce	0.9178571428571428
Ribosomal_L14	ce	0.9745762711864406
MIF4G	ce	0.7362637362637361
Flavoprotein	ce	0.9102167182662538
RNase_HII	ce	0.9727047146401985
PHBH	ce	0.9021739130434783
Inos-1-P_synth	ce	0.7697262479871176
ghf9	ce	0.9169764560099132
PBP_GOBP	ce	0.4292682926829268
DNA_PPF	ce	0.4385026737967914
Epimerase	ce	0.806122448979592
Heme_oxygenase	ce	1.0
e3	ce	0.9577464788732395
Orbi_VP7	ce	0.992
ndk	ce	0.9964912280701755
Amidase_2	ce	0.738095238095238
ghf33	ce	0.7936
eIF6	ce	0.9864253393665159
ghf7	ce	0.9361147327249022
trans_reg_C	ce	0.9206349206349207
serbact	ce	0.9593495934959351
profilin	ce	0.8442622950819673
FN1	ce	0.9534883720930233
rvp	ce	0.882051282051282
ghf34	ce	0.9379128137384414
cryst	ce	0.9408284023668639
Peptidase_C2_D2	ce	0.8932806324110673
Ribosomal_L22	ce	0.9767441860465117
gluts	ce	1.0
Jacalin	ce	1.0
PARP_reg	ce	1.0
HMA	ce	1.0
Peptidase_M24	ce	0.8565121412803532
isoamylase_N	ce	0.8902439024390244
DISIN	ce	1.0
TPK	ce	0.9259259259259259
phosphotriesterase	ce	0.9411764705882353
EFTU_C	ce	1.0
Ribosomal_S8	ce	0.996078431372549
Pept_C1-like	ce	0.9852104664391353
enolase	ce	0.9883720930232558
helicase_C	ce	0.7407407407407408
p450	ce	0.8786610878661087
isoamylase_NC	ce	0.795131845841785
integrase	ce	0.9072164948453608
RNA_pol_H	ce	0.9714285714285714
Arginosuc_synth	ce	0.9721115537848605
recA_C	ce	1.0
TPK_catalytic	ce	0.9192546583850931
FAD_binding_4	ce	0.6788511749347259
FAA_hydrolase	ce	0.9487179487179487
URO-D	ce	0.988235294117647
aminobp	ce	0.997093023255814
Desulfoferrodox	ce	0.07142857142857142
Transpeptidase	ce	0.9677419354838709
C1	ce	1.0
DAO	ce	0.9592476489028213
dNK	ce	0.9714285714285715
CIDE-N	ce	0.9192546583850931
phc	ce	0.9139072847682119
ChtBD	ce	0.9230769230769231
SPEC	ce	0.9263157894736843
ATP-gua_Ptrans	ce	0.8921282798833821
Amino_oxidase_D2	ce	0.8348623853211009
VHS	ce	0.982078853046595
RNA_pol_A_CTD	ce	0.9618320610687023
WD40	ce	0.9157024793388431
TPK_B1_binding	ce	0.9529411764705882
Glyco_hydro_67	ce	0.9587786259541984
Mu_DNA_bind	ce	0.9777777777777777
Arthro_defensin	ce	0.8709677419354839
Ricin_B_lectin	ce	0.9961685823754789
hormone5	ce	0.9570552147239264
citrate_synt	ce	0.9410112359550562
LuxS	ce	0.9708029197080291
adeno_fiber	ce	0.9491525423728814
tgfb	ce	0.8214285714285714
PGI	ce	0.8985148514851484
Lipoprotein_4	ce	0.9646182495344506
TGT	ce	0.9591527987897126
START	ce	0.9360613810741688
ICL	ce	0.9645569620253165
SAICAR_synt	ce	0.8826530612244897
Orn_Arg_deC_N	ce	1.0
Astacin	ce	0.9792746113989638
5_3_exonuclease	ce	0.6976744186046512
kex	ce	0.8419721871049305
Phage_G	ce	0.9825581395348837
tRNA-synt_1d	ce	0.8280373831775701
tms	ce	0.9689922480620154
Recep_L_domain	ce	0.7241379310344828
SpoU_methylase_C	ce	0.9556313993174061
arrestin_NC	ce	0.9510086455331412
tRNA-synt_1c	ce	0.8221797323135756
Peptidase_S11	ce	0.9718004338394793
AP_endonucleas1	ce	0.8995983935742972
tRNA-synt_1_edit	ce	0.8664850136239781
tyrosinase	ce	0.8259109311740892
annexin	ce	0.9888000000000001
ALAD	ce	0.9769736842105262
PBD	ce	0.42477876106194695
il8	ce	0.7627118644067797
PBP_C2	ce	1.0
Ham1p_like	ce	0.9441340782122905
SLT_beta	ce	1.0
ACT	ce	0.8846153846153847
tRNA-synt_2b	ce	0.8590604026845639
sodcu	ce	0.9462365591397849
PDZ	ce	0.9523809523809523
internalin	ce	0.7730496453900709
myb_DNA-binding	ce	0.9387755102040817
BChl_A	ce	1.0
serpin	ce	0.9553956834532374
CoA_trans	ce	0.9352517985611511
E2_N	ce	0.9687500000000001
utg	ce	0.9928057553956835
PKD	ce	0.5569620253164557
Acetyltransf	ce	0.6554621848739496
trp_syntA	ce	0.8964059196617337
pentraxin	ce	0.9950980392156863
NTP_transf_2_2	ce	0.8687782805429863
Bac_globin	ce	0.9956709956709957
DHHA2	ce	0.9914529914529915
GXGXG	ce	0.9771863117870723
alk_phosphatase	ce	0.8659003831417624
PAX	ce	0.6460176991150443
DEFSN	ce	0.9454545454545454
DUF50	ce	0.9252336448598131
T-box	ce	0.9743589743589743
Peptidase_S15_C	ce	0.8529411764705882
Pertussis_S2S3_NC	ce	0.9896907216494846
toxin	ce	0.6862745098039216
TNF	ce	0.9626865671641791
icd	ce	0.9308755760368663
PBP	ce	0.9194630872483222
DeoC	ce	0.9571106094808127
Terpene_synth_NC	ce	0.9598393574297188
ligase-CoA_NC	ce	0.9410222804718218
FA58C	ce	0.9890909090909091
HTH_AraC_2	ce	1.0
vprotease	ce	1.0
ETF_beta	ce	1.0
Parvo_coat2	ce	0.9822926374650514
ech	ce	0.9471624266144815
urease	ce	0.9964601769911504
Glyco_hydro_18_D1	ce	0.9604316546762591
actin	ce	0.8087986463620982
CC4	ce	0.9698795180722892
Peptidase_S21	ce	0.896551724137931
GLA	ce	0.9428571428571428
MCR_beta_NC	ce	1.0
alpha-amylase_NC	ce	0.719406674907293
tRNA-synt_2d	ce	0.8695652173913043
Glucosamine_iso	ce	0.9905123339658444
Integrase_Zn	ce	1.0
MutS_C	ce	0.9753694581280788
sodfe	ce	0.9772151898734176
Lyase_8_C	ce	0.8970588235294118
MATH	ce	0.9931506849315068
Dehydratase_SU	ce	0.9963369963369962
DPS	ce	0.9822064056939502
tRNA-synt_1b	ce	0.7176470588235294
phero	ce	1.0
mthina	ce	0.9836065573770492
PAC	ce	0.9903846153846154
Nitroreductase	ce	0.9473684210526316
WW	ce	0.8484848484848485
Phage_F	ce	0.9804878048780487
PEP-utilizers_NC	ce	0.8169398907103824
hemocyan	ce	0.9587628865979382
MIP	ce	0.7251184834123222
Arch_histone	ce	1.0
RA	ce	0.6545454545454545
Cyclodex_gly_tran	ce	0.9683734939759036
Glyco_hydro_47	ce	0.9727891156462585
Ribosomal_L18p	ce	0.9555555555555556
biopterin_H	ce	0.9966329966329966
Asn_synthase	ce	0.900562851782364
GLUCAGON	ce	1.0
AlaDh_PNT_D1	ce	0.9337016574585636
recombinase	ce	0.9347826086956522
DNA_gyraseB_N2	ce	0.9447368421052632
Cucumo_coat	ce	0.9025974025974025
gpdh	ce	0.9648854961832061
thionin	ce	0.9777777777777777
AAA	ce	0.4598214285714286
Yers_vir_YopE	ce	0.9333333333333332
pou	ce	1.0
igps	ce	0.6738544474393531
IMPDH	ce	0.9635036496350364
Hydrolase	ce	0.9954128440366973
cyt5	ce	0.9743589743589742
tln	ce	0.9932432432432432
cpn10	ce	0.8633879781420766
Ribosomal_L2	ce	0.962121212121212
Usp	ce	0.9296875
DNA_pol_B	ce	0.7935578330893118
hormone	ce	0.9620253164556961
ANK	ce	0.9836065573770492
cyclin	ce	0.672686230248307
S1	ce	0.8153846153846154
Inh	ce	0.97
GATase_2	ce	0.9339407744874715
xia	ce	0.9442970822281167
LysR_substrate	ce	0.8415841584158414
DNA_polymeraseX	ce	0.8536585365853658
MHC_II_beta_NC	ce	0.8653295128939829
mmo	ce	1.0
L15	ce	0.8
N6_N4_Mtase	ce	0.8558758314855875
Peptidase_A6	ce	0.9858712715855572
Frataxin_Cyay	ce	0.9150943396226415
hemery	ce	0.9911504424778761
tim	ce	1.0
KAS	ce	0.8993506493506495
Acetyltransf2	ce	0.951830443159923
hexokinase	ce	0.959254947613504
cytb	ce	0.8266666666666667
END	ce	0.923076923076923
CPSase_L_chain	ce	0.6091370558375634
adk	ce	0.6064981949458483
Glyco_hydro_2	ce	0.16393442622950818
GATase	ce	0.9633802816901408
MGS	ce	0.7791164658634538
GAD	ce	0.9666666666666667
ins	ce	0.8
Trypan_glycop	ce	0.7957957957957958
PGM_PMM_III	ce	0.9824561403508771
envelope	ce	0.22641509433962265
ligase-CoA	ce	0.8888888888888888
A2M_B	ce	1.0
aat	ce	0.7700831024930749
DUF101	ce	0.7639484978540773
igvar-h	ce	0.9827586206896551
TIMP	ce	0.9306358381502892
Flavin_Reduct	ce	0.8770764119601329
int	ce	0.9545454545454546
reductases	ce	0.8009259259259258
Topoisomerase_I	ce	0.9857142857142858
PGM_PMM	ce	0.9922480620155039
igI	ce	0.9273743016759777
lta	ce	0.9837837837837838
tubulin	ce	0.9746070133010882
cdh	ce	0.9948186528497409
tRNA-synt_1d_N	ce	0.8191489361702128
kinase	ce	0.76078431372549
Ribosomal_L4	ce	0.9484536082474226
QRPTase	ce	0.9891696750902528
abhydrolase_2	ce	0.986046511627907
flav	ce	0.9037037037037037
AP_endonuc_2	ce	0.649789029535865
DNA_ligase_N	ce	0.8250000000000001
HMG_box	ce	0.7285714285714284
GroEL	ce	0.957983193277311
dpo1	ce	0.8011527377521614
Rhodanese	ce	0.896265560165975
FTR	ce	0.8632478632478633
HSF_DNA-bind	ce	0.9210526315789475
gdh	ce	0.877887788778878
proteasome	ce	0.781491002570694
Rop	ce	0.9827586206896551
Glyco_hydro_48	ce	0.9845653939886271
Ribosomal_S5_N	ce	0.768
seatoxin	ce	0.65
Pertussis_S2S3	ce	0.9814814814814815
pot	ce	0.975609756097561
THF_DHG_CYH	ce	0.9892086330935251
EPSP_syntase	ce	0.8987341772151899
sugbp	ce	0.9738805970149252
SpoU_methylase	ce	0.7909090909090909
rvintegrase	ce	0.9635627530364372
peroxidase	ce	0.9141791044776121
PEP-utilizers_C	ce	0.9551820728291317
oat	ce	0.9254498714652956
GHMP_kinases_N	ce	0.8
aldedh	ce	0.8946745562130177
Pectinesterase	ce	0.9462738301559792
DUF153	ce	0.9468599033816425
AFOR	ce	0.979591836734694
MDH	ce	1.0
gln-synt_NC	ce	0.978494623655914
cyt3	ce	0.8743718592964824
acid_phosphat	ce	0.7757774140752864
STAS	ce	0.990909090909091
Tautomerase	ce	1.0
tryp_alpha_amyl	ce	0.8989898989898989
arrestin_C	ce	0.9916897506925207
Invasin	ce	0.9111111111111111
STAT	ce	0.9538171536286522
PH	ce	0.4578313253012048
Seedstore_7s	ce	0.9699699699699699
Anperoxidase	ce	0.8190255220417634
MBD	ce	0.875
ltn	ce	0.9955357142857143
UPF0044	ce	1.0
pcd	ce	0.8289855072463768
PABP	ce	1.0
cytc	ce	0.9900990099009901
FAD_binding	ce	0.8812877263581489
MSP_domain	ce	0.9959514170040485
Amino_oxidase	ce	0.7731092436974789
rep	ce	0.6290322580645161
phoslip	ce	0.9739130434782609
6PF2K	ce	1.0
Fe_hyd_lg_C	ce	0.9674796747967479
IMS	ce	0.9948979591836735
TIL	ce	0.6037735849056605
GAL4	ce	1.0
ku	ce	0.4583808437856329
Transglutamin_NC	ce	0.9301611665387567
formyl_transf	ce	0.8641975308641975
Asn_synthase_NC	ce	0.8577981651376146
HLH	ce	0.9310344827586207
il10	ce	0.9893238434163701
NTP_transf_2_N2	ce	0.9735099337748344
Peptidase_S9	ce	0.9484126984126984
ghf15	ce	0.9385342789598108
Esterase	ce	0.992831541218638
PAP2	ce	0.9432835820895521
Bcl-2	ce	0.7066666666666667
Mur_ligase	ce	0.8148148148148147
WH1	ce	0.9903846153846154
Cu-oxidase	ce	0.86438809261301
aldose	ce	0.9867060561299853
pp-binding	ce	0.2302158273381295
PA_phosphatase	ce	0.8853754940711462
YgbB	ce	0.8967971530249111
LDLa	ce	0.8611111111111112
hip	ce	0.9787234042553192
COX1	ce	0.9920318725099602
Prismane	ce	0.9878618113912231
LIM	ce	0.5652173913043478
MCR_beta_N	ce	1.0
msb	ce	0.851063829787234
hla	ce	0.9971830985915493
CCP_MauG_C	ce	0.9181494661921707
AlaDh_PNT	ce	0.934351145038168
eIF-1a	ce	0.6835443037974684
bac_luciferase	ce	0.8672985781990522
Asp_Glu_race_D	ce	0.52
PRK	ce	0.8021390374331551
mycin	ce	0.9230769230769231
biotin_lipoyl	ce	0.8671328671328672
thiored	ce	0.979020979020979
ung	ce	0.9953917050691244
RRF	ce	0.7840909090909092
CBD_6	ce	0.9375
Ribosomal_L6_D	ce	0.8970588235294118
FolB	ce	0.9741379310344828
Cu_amine_oxid	ce	0.9561621174524401
DEP	ce	0.7657142857142857
MAAL_C	ce	0.9872340425531915
CBM_20	ce	0.8144329896907215
gln-synt	ce	0.9768076398362893
MoCF_biosynth	ce	0.8029197080291971
nir	ce	0.963531669865643
DNA_mis_repair_M	ce	0.9473684210526315
MAAL	ce	0.9859872611464968
Topoisomerase_I_core	ce	0.7212276214833759
UPP_synthetase	ce	0.9805825242718447
lipoxygenase	ce	0.983050847457627
IU_nuc_hydro	ce	0.9758454106280192
Cohesin	ce	0.9927536231884058
KSI	ce	0.995850622406639
OTCace	ce	0.9449378330373002
ADP_PFK_GK	ce	0.9730994152046785
TFIIS	ce	0.8247422680412372
MYSc	ce	0.8671328671328671
ghf46	ce	0.8558352402745995
Phage_lysozyme	ce	0.9847094801223242
Alpha_adaptinC12	ce	0.4402810304449649
Peripla_BP_2	ce	0.9133192389006344
dhfr	ce	0.9245283018867925
csp	ce	1.0
hr	ce	1.0
Alpha_adaptinC2	ce	0.7534883720930232
aconitase	ce	0.914004914004914
DMRL_synthase	ce	0.945054945054945
TRANSTHYRETIN	ce	1.0
fbpase	ce	0.9967532467532468
Glu_syn_central	ce	0.9904371584699453
cNMP	ce	0.9649122807017544
ghf22	ce	0.9590163934426229
VAT-Nc	ce	0.6580645161290323
Colicin	ce	0.8255813953488372
Peptidase_M17_N	ce	0.8989547038327526
Ald_Xan_dh_2	ce	0.9282576866764275
Cytochrome_C1	ce	0.9546436285097192
ghf14	ce	0.967989756722151
ISP	ce	0.8205128205128204
Beta_elim_lyase	ce	0.9662650602409638
SUI1	ce	0.7843137254901961
SKI	ce	0.9832775919732442
IF4E	ce	0.8587896253602305
ribokinase	ce	0.9201388888888888
aspg	ce	0.9850746268656717
Ribosomal_L2_C	ce	0.9848484848484849
ALBUMIN	ce	0.6170798898071624
Penicil_amidase	ce	0.6201696512723845
prc	ce	0.9658172778123058
Rotamase	ce	0.9195402298850575
Dala_Dala_ligas_N	ce	0.8961748633879781
Cytidylyl_trans	ce	0.7969543147208121
UCR_TM	ce	0.9217391304347826
G6PD	ce	0.9234972677595628
zf-TAZ	ce	0.8571428571428571
S-AdoMet_synt_NC	ce	0.9972451790633609
SBP_bacterial_1	ce	0.7858347386172007
HCV_NS3	ce	1.0
PAF-AH	ce	1.0
MCR_alpha_NC	ce	0.9814471243042671
ACBP	ce	0.951219512195122
slectin	ce	0.9274193548387096
TrpBP	ce	1.0
RuBisCO_small	ce	0.99009900990099
UBQ	ce	1.0
fer4_NifH	ce	0.9981378026070763
G6PD_NC	ce	0.9391675560298826
GTP_cyclohydroI	ce	0.9546666666666667
DSBA	ce	0.994413407821229
cat3	ce	0.7777777777777777
ModA	ce	0.9261744966442952
UBX	ce	0.6979865771812082
az	ce	0.8390243902439023
zf-CCHH	ce	0.56
KH	ce	0.9640287769784172
transket_pyr	ce	0.8867924528301888
Ribonuclease_P	ce	0.9819819819819819
transketolase	ce	0.9122203098106711
alpha-amylase	ce	0.6170598911070779
GBP_PSP	ce	0.85
Transglutamin_N	ce	0.9433962264150944
PMSR	ce	0.9893048128342246
CCP_MauG	ce	0.8368794326241135
Terpene_synth_N	ce	0.9268292682926829
6PGD	ce	0.96
Peptidase_M17	ce	0.9921259842519685
malic_N	ce	0.9959677419354839
Arg_repressor_C	ce	0.9565217391304348
thiolase	ce	0.6712564543889844
Activin_recp	ce	0.46153846153846156
Cytochrome_C1_N	ce	0.953929539295393
rnase	ce	0.9852216748768472
fkbp	ce	0.9722222222222222
XPG_C	ce	0.9907407407407407
IRF	ce	0.9320388349514563
Extradiol_dioxy	ce	0.9157088122605364
SRP19	ce	0.883977900552486
igcon	ce	0.9680851063829787
HPPK	ce	0.9704918032786886
glob	ce	0.9117647058823529
C4	ce	0.9955156950672646
SRP54M	ce	0.7080745341614906
Haloperoxidase	ce	0.8061420345489444
G6PD_C	ce	0.9395017793594306
Fe_dep_repress	ce	0.9833333333333333
DnaJ	ce	0.9185185185185185
SAM_decarbox	ce	0.9403508771929825
Amidinotransferase	ce	0.9676470588235294
Me-amine-deh_L	ce	0.9834710743801653
bac_lipase	ce	0.9433333333333335
inositol_P	ce	0.6621392190152801
igC2	ce	0.6461538461538463
asprs	ce	0.9186712485681559
fabp	ce	0.9508196721311475
ghf2	ce	0.8687258687258687
MHC_II_alpha_NC	ce	0.9183098591549296
arrestin	ce	0.9457831325301205
Urease_beta	ce	1.0
Methyltransf_1	ce	0.7474048442906575
FHA	ce	0.88
NMT	ce	0.9819121447028423
ngf	ce	0.9528301886792453
Cys_knot	ce	0.9595959595959597
CDC48	ce	0.8874172185430464
gtp	ce	0.9721362229102166
Topoisom_bac	ce	0.6537634408602151
fn3	ce	0.8481012658227848
MAP1_LC3	ce	0.9824561403508771
APC10	ce	0.9664429530201343
ghf5	ce	0.8619402985074627
alpha-amylase_C	ce	0.6481481481481481
mmoa	ce	0.9990186457311089
ATP-synt	ce	0.832183908045977
DNA_mis_repair_NM	ce	0.8727915194346291
KISc	ce	0.9647058823529412
Skp1	ce	0.9090909090909091
RING	ce	0.9345794392523364
capsid_n	ce	0.9554655870445343
ets	ce	0.9550561797752808
Bacteriofer	ce	0.9935897435897436
SCP2	ce	0.9321266968325793
Peptidase_M10A	ce	0.951219512195122
Glyco_hydro_2_N	ce	0.8795180722891566
mutT	ce	0.9098360655737705
Exonuclease	ce	0.9760479041916168
XPG_NC	ce	0.8691275167785236
response_reg	ce	0.7230046948356808
endotoxin	ce	0.9313113291703837
NusB	ce	0.9274193548387096
linker_histone	ce	0.8951048951048951
SLT	ce	0.8492063492063492
MHC_II_N	ce	0.8874172185430463
Ribosomal_L11	ce	0.9848484848484849
SCP	ce	0.9076923076923076
Pyridox_oxidase	ce	0.9871465295629821
Band_41_N	ce	0.8961038961038962
ERM	ce	0.9655172413793104
Fork_head	ce	0.9753086419753086
eIF-5a	ce	0.9721115537848606
Sulfotransfer	ce	0.6557377049180327
tcl1_mtcp1	ce	0.9082125603864735
mofe	ce	0.8789013732833957
voltage_CLC	ce	0.9988358556461001
RNA_pol_K	ce	0.8711656441717791
Peptidase_M27	ce	0.8640776699029126
SET	ce	0.9393939393939393
LMWPc	ce	0.9771986970684038
CAP_GLY	ce	0.8068181818181818
PotD	ce	0.9688473520249221
TonB_dep_Rec	ce	0.8294010889292197
PSI_PsaE	ce	0.9852941176470589
toxin_2	ce	0.4444444444444445
CASc	ce	0.9724770642201834
recA_N	ce	1.0
leukocidin	ce	0.9239999999999999
DNA_gyraseB	ce	1.0
Antifreeze	ce	0.9921259842519685
AMP-binding	ce	0.8183962264150944
grs	ce	0.34829443447037706
Peptidase_M16	ce	0.9722557297949337
Ribosomal_S5	ce	0.9772727272727273
DNA_topoisoIV	ce	0.8086124401913877
rasgap	ce	0.9649805447470817
C2	ce	0.9322033898305085
scorptoxin	ce	0.9473684210526316
Fz	ce	0.9831932773109243
Levi_coat	ce	0.9210526315789473
MurB_C	ce	0.9569377990430622
Lum_binding	ce	0.967032967032967
Ribosomal_L7Ae	ce	0.8934010152284263
cyclo	ce	0.9847094801223242
FAD-oxidase_NC	ce	0.62227602905569
Isochorismatase	ce	0.9154518950437318
tRNA_bind	ce	0.7593582887700535
Ran_BP1	ce	0.9692307692307692
P53	ce	0.7272727272727274
BAG	ce	0.9909909909909909
RuBisCO_large_N	ce	0.9553571428571429
FN2	ce	0.9545454545454545
ATP-synt_g	ce	0.8936170212765957
VAT-N	ce	0.782608695652174
Peptidase_C2_D1	ce	0.9973333333333333
Transaldolase	ce	0.988835725677831
RuvA	ce	0.8845070422535211
Dehydratase_MU	ce	0.9971830985915493
chorismate_bind	ce	0.9302325581395349
Glyco_hydro_20b	ce	0.5785123966942148
oxidored_FMN	ce	0.8813559322033899
DNA_pol3_beta	ce	0.9454545454545454
CopC	ce	0.9797979797979798
Cu_nir	ce	1.0
UCH	ce	0.8370786516853932
MCR_beta	ce	1.0
Fimbrial	ce	0.811965811965812
PyrI_NC	ce	0.8256227758007118
Ribosomal_L5_NC	ce	0.9333333333333333
rvt	ce	0.9417040358744394
rnh	ce	0.9130434782608695
F_bP_aldolase	ce	0.9393939393939394
Fe-ADH	ce	0.984743411927878
DHBP_synthase	ce	0.9948979591836734
ATP-sulfurylase	ce	0.9703557312252964
Peptidase_C2	ce	0.7614379084967319
Histidine_kinase	ce	0.824
rhv	ce	0.8969072164948454
Adenylsucc_synt	ce	0.9797377830750893
cox	ce	0.6634615384615385
Peptidase_S15	ce	0.8313641245972073
His_biosynth	ce	0.8903803131991053
GSH_synth_ATP	ce	0.9263456090651558
DHquinase_II	ce	0.988929889298893
GFO_IDH_MocA_C	ce	0.88
DAP_epimerase	ce	0.8674698795180722
tbpc	ce	0.9772727272727273
Elicitin	ce	1.0
RuBisCO_large	ce	0.919104991394148
mdm2	ce	1.0
aminotran_5	ce	0.9929478138222848
sti	ce	0.9607250755287009
SpoU_methylase_N	ce	0.9571428571428572
PAH	ce	0.9382716049382716
lacI	ce	0.8686868686868686
histone	ce	0.6037735849056604
Orn_Arg_deC_NC	ce	0.9822646657571623
PBP_C1	ce	1.0
Peptidase_S24	ce	0.9529411764705882
oxidored_q6	ce	0.9743589743589743
bromodomain	ce	0.9528301886792454
sigma54	ce	0.732824427480916
hsp90	ce	1.0
MCR_gamma	ce	0.9958677685950413
S_100	ce	0.8767123287671234
Transglut_core	ce	0.9497568881685575
HTH_AraC	ce	0.7708333333333333
7kD_DNA_binding	ce	0.976
WHEP-TRS	ce	0.9306930693069307
ace	ce	0.9472636815920398
merR	ce	0.9905660377358491
CMAS	ce	0.9929078014184397
CODH	ce	0.9983525535420099
ccH	ce	1.0
DHPS	ce	0.94140625
Amino_oxidase_D1	ce	0.7339743589743588
OMPdecase	ce	0.8287037037037037
GEL	ce	0.7244897959183674
Glyco_transf_28	ce	0.660347551342812
Propep_M14	ce	0.9285714285714286
RHD	ce	0.9735449735449736
Stap_Strp_toxin	ce	0.8515406162464987
pnp	ce	0.8789237668161435
UvrD-helicase	ce	0.7346514047866806
PGM_PMM_NC	ce	0.969472710453284
sialidase_N	ce	0.9696969696969697
CcmE	ce	0.9430051813471503
PAS	ce	0.8230088495575222
Alpha_adaptin_C	ce	0.8878504672897196
ricin	ce	0.9056603773584907
NTP_transf_2	ce	1.0
SNAP-25	ce	0.9922480620155039
aminotran_4	ce	1.0
Plectin	ce	0.9809264305177112
GFP	ce	0.976303317535545
phs	ce	0.9562419562419564
PAN	ce	0.8689655172413793
Glyco_hydro_18_D2	ce	0.9193548387096774
B	ce	0.891566265060241
laminin_G	ce	0.8123076923076924
CAT_RBD	ce	0.9523809523809523
MutS_N	ce	0.9615384615384616
Lyase_8_N	ce	0.9382303839732888
mle	ce	0.9697841726618706
RGS	ce	0.9365079365079365
THAUMATIN	ce	0.9751243781094527
rnasemam	ce	0.9365853658536586
PTS_EIIA_2	ce	0.950354609929078
mthinb	ce	0.912280701754386
GFO_IDH_MocA	ce	0.919831223628692
dpb	ce	0.6556603773584906
ABC_tran	ce	0.5260416666666667
Fe_Asc_oxidored	ce	0.8622047244094488
RNA_pol_A_bac	ce	0.9302325581395349
E1_dehydrog	ce	0.9640718562874252
MIF	ce	0.9912280701754386
pgk	ce	0.6980392156862745
Lipoprotein_6	ce	0.9875
IF3	ce	0.9828571428571428
RhoGEF	ce	0.6942148760330579
DNA_pol_B_exo	ce	0.9390787518573551
DegT_DnrJ_EryC1	ce	0.552901023890785
dsrm	ce	0.7611940298507462
Peptidase_S15_N	ce	0.7783417935702199
pdc	ce	0.9559255631733593
UPF0033	ce	0.778523489932886
UCR_14kD	ce	0.9952606635071091
malic	ce	0.9858356940509915
Rib_hydrolayse	ce	0.8870636550308009
PCI_1	ce	0.9696969696969697
apbact	ce	0.8183632734530938
P-II	ce	0.956989247311828
hpr	ce	0.8520710059171597
Huristasin	ce	0.7126436781609196
P	ce	0.9215686274509803
PyrI	ce	0.7709497206703911
IFN-gamma	ce	0.9916666666666667
aakinase	ce	0.9238578680203047
taf	ce	0.9843749999999999
neurotox	ce	0.8679245283018867
Sec23_NC	ce	0.8869565217391304
UcrQ	ce	0.9200000000000002
Glu_synth_NTN	ce	0.9830917874396136
DUF170	ce	0.859504132231405
Binary_toxA	ce	0.961038961038961
RuBisCO_large_NC	ce	0.9090909090909091
rnr	ce	0.9511754068716094
sermam	ce	0.9333333333333333
F5_F8_type_C	ce	1.0
E2_C	ce	0.9487179487179489
Gly_radical	ce	0.8441988950276242
tRNA-synt_1d_C	clesw	0.6982758620689654
PNTB	clesw	0.9294117647058823
PGAM	clesw	0.7217630853994491
DUF28	clesw	0.9017857142857143
adh	clesw	0.9878869448183043
PEPCK_ATP	clesw	0.9272727272727272
Cys_Met_Meta_PP	clesw	0.907859078590786
blmb	clesw	0.4615384615384615
mcp2	clesw	0.6397058823529412
Glyco_hydro_19	clesw	0.9853862212943632
Filamin	clesw	0.863905325443787
DEAD	clesw	0.30625
Mur_ligase_C	clesw	0.40196078431372545
cat	clesw	0.9426751592356688
MutS_D2	clesw	0.6899563318777292
mmob_upper	clesw	0.6125
lamb	clesw	0.7540106951871658
TIG	clesw	0.9419354838709678
ADF	clesw	0.920152091254753
cyto	clesw	0.975609756097561
ltb	clesw	0.656084656084656
Toprim	clesw	0.47058823529411764
igvar-l	clesw	0.8093023255813954
Thioesterase	clesw	0.6262626262626263
tRNA-synt_1d_M	clesw	0.7387944358578051
svmp	clesw	0.9923273657289001
pili_assembly	clesw	0.7904509283819627
fer2	clesw	0.4497041420118343
A2M_A	clesw	0.873015873015873
Asp_Glu_race	clesw	0.57356608478803
PGM_PMM_II	clesw	0.903225806451613
GGL	clesw	0.9306930693069307
Orn_DAP_Arg_deC	clesw	0.9547325102880659
TIR	clesw	0.7629629629629631
cah	clesw	0.8240165631469979
Aldolase_II	clesw	0.8246913580246914
piplc	clesw	0.6444007858546168
RhoGAP	clesw	0.676300578034682
transketolase_C	clesw	0.6347826086956522
mmp	clesw	0.9419354838709677
phosfruc	clesw	0.9463722397476341
Hint	clesw	0.7629629629629631
PX	clesw	0.7773279352226721
Sec7	clesw	0.9813333333333333
AlaDh_PNT_D2	clesw	0.8013468013468014
ACPS	clesw	0.7046632124352332
egf	clesw	0.393939393939394
Rho_GDI	clesw	0.9446494464944649
Endonuclease_3	clesw	0.7389162561576355
Band_41_NME	clesw	0.690566037735849
PCNA	clesw	0.9352226720647773
dCMP_cyt_deam	clesw	0.9411764705882353
Ribosomal_L6	clesw	0.8253968253968254
cytochrome_b	clesw	0.9907038512616202
Agglutinin	clesw	0.7686567164179104
Pertussis_S2S3_N	clesw	0.9822485207100593
Ribosomal_L1	clesw	0.7979797979797979
MCR_alpha	clesw	0.956043956043956
mdd	clesw	0.9826897470039946
Lipase_3	clesw	0.7643564356435644
cks	clesw	0.9503546099290779
igV	clesw	0.6824644549763034
INTERFERON_A_B_D	clesw	0.7987220447284346
Chorismate_mut	clesw	0.2598870056497175
planttoxin	clesw	0.775
kazal	clesw	0.796116504854369
NO_synthase	clesw	0.9963636363636363
Bac_rhodopsin	clesw	0.730679156908665
GAF	clesw	0.5658914728682171
Thr_dehydrat_C	clesw	0.4375
PK	clesw	0.9379760609357998
ppase	clesw	0.8579881656804733
PCMT	clesw	0.9554455445544553
Malate_synthase	clesw	0.876773711725168
MutS_D3	clesw	0.8333333333333333
UPF0076	clesw	0.8360655737704918
SAM_PNT	clesw	0.6715328467153285
DNA_photolyase	clesw	0.7745535714285714
CBS	clesw	0.17241379310344826
fer4	clesw	0.18461538461538463
malt_amylase_NC	clesw	0.9567474048442908
Kchannel	clesw	0.8397790055248618
urease_gamma	clesw	0.9795918367346939
Glyco_hydro_18	clesw	0.8668639053254438
cytprime	clesw	0.6153846153846155
MutS_NC	clesw	0.7867698803659394
cpn60_TCP1	clesw	0.5263157894736841
ANATO	clesw	0.44800000000000006
Glyco_hydro_20	clesw	0.8098159509202455
HSP20	clesw	0.8294930875576038
Sm	clesw	0.8396946564885497
cytochr_c552	clesw	0.982532751091703
RNA_dep_RNA_pol	clesw	0.6303630363036303
EGF_Lam	clesw	0.5714285714285714
cbm12	clesw	0.4931506849315069
pp	clesw	0.8571428571428571
Ferrochelatase	clesw	0.901639344262295
ATP-synt_DE_N	clesw	0.7999999999999999
Cytidylyltransf	clesw	0.7807017543859649
SSB	clesw	0.5164835164835165
S_T_dehydratase	clesw	0.6749999999999999
GHMP_kinases_C	clesw	0.45081967213114754
Staphylokinase	clesw	0.42857142857142855
Lyase_8	clesw	0.8359375
PBP_NC	clesw	0.9640427599611273
AhpC-TSA	clesw	0.7735849056603773
S4	clesw	0.945054945054945
Apocytochrome_F	clesw	0.9776876267748479
Colicin_Pyocin	clesw	0.8148148148148148
DSPc	clesw	0.9181494661921707
Ribosomal_S5_C	clesw	0.9784172661870503
Bet_v_I	clesw	0.9904761904761905
lyase_1	clesw	0.9647326507394767
acyo	clesw	0.962962962962963
trfl	clesw	0.9871382636655948
DNA_ligase_C	clesw	0.8441558441558442
fibrinogen_C	clesw	0.9457364341085271
Sec1	clesw	0.7733847637415623
Sulfatase	clesw	0.7182448036951501
Fe_dep_repr_M	clesw	0.9798657718120806
GA	clesw	0.7676767676767676
CYCc	clesw	0.7365269461077845
NADHdh_2	clesw	0.9494505494505495
GFO_IDH_MocA_NC	clesw	0.5724508050089446
DHOdehase	clesw	0.7241379310344827
MM_CoA_mutase	clesw	0.2868852459016394
Zn_dep_PLPC	clesw	0.6332574031890661
aadh	clesw	0.6933333333333332
sh3	clesw	0.761904761904762
gpr	clesw	0.9589041095890412
plantltp	clesw	0.9772727272727273
Ala_racemase_N	clesw	0.6102564102564103
RNase_U2	clesw	0.9822064056939502
chromo	clesw	0.19130434782608693
pec_lyase	clesw	0.6048780487804878
TNFR_c6	clesw	0.7529411764705881
cystatin	clesw	0.6380368098159509
recA	clesw	0.9650582362728786
LIF_OSM	clesw	0.6442953020134228
S-AdoMet_synt	clesw	0.9847715736040609
Amidase	clesw	0.7189054726368159
MAAL_N	clesw	0.8932038834951457
cpa	clesw	0.8547297297297297
Cu_bind_like	clesw	0.8829787234042553
zf-CCHC	clesw	0.8666666666666666
prt	clesw	0.19685039370078738
CARD	clesw	0.6206896551724138
DAHP_synth_1	clesw	0.7068607068607069
CCP_MauG_NC	clesw	0.7932203389830508
ghf16	clesw	0.9929411764705882
PEP-utilizers	clesw	0.86
bontoxilysin	clesw	0.8235294117647058
NTP_transferase	clesw	0.8739130434782609
MM_CoA_mutase_N	clesw	0.8700696055684455
CPS	clesw	0.8775510204081632
ModE_C	clesw	0.8171206225680934
ribonuclease_T2	clesw	0.7514792899408285
TrkA-N	clesw	0.8932806324110673
Dwarfin	clesw	0.9322493224932249
TmpK	clesw	0.8264462809917356
ferritin	clesw	0.74
ghf11	clesw	0.8056338028169014
arginase	clesw	0.9243986254295532
CUB	clesw	0.966824644549763
SIR2	clesw	0.7265135699373695
Cys-protease-3C	clesw	0.5889212827988339
Bacterial_PQQ	clesw	0.8995391705069125
EFG_IV	clesw	0.7394957983193278
NHase_beta	clesw	0.7857142857142857
S-AdoMet_syntD2	clesw	0.9310344827586208
avi	clesw	0.6814159292035398
SAP	clesw	0.8923076923076924
Dehydratase_LU	clesw	0.997270245677889
SRF-TF	clesw	0.7101449275362318
hom	clesw	0.576923076923077
HIT	clesw	0.6130653266331658
ghf18	clesw	0.33839479392624733
flavbb	clesw	0.9009009009009009
hormone_rec	clesw	0.5129411764705882
HMG-CoA_red	clesw	0.5533141210374639
CBD_2	clesw	0.8402366863905325
lipase	clesw	0.9316628701594534
squash	clesw	0.52
Uricase	clesw	0.39062500000000006
COX2	clesw	0.8571428571428571
Terpene_synth_C	clesw	0.9695024077046549
dutpase	clesw	0.7644444444444444
DNA_methylase	clesw	0.8382838283828383
pilin	clesw	0.2583732057416268
SHMT	clesw	0.9088699878493317
SAM	clesw	0.9645390070921985
Tymo_coat	clesw	0.8945686900958466
Cutinase	clesw	0.4821428571428571
Transglutamin_C	clesw	0.5185185185185186
Phage_integrase	clesw	0.6242424242424243
PGM_PMM_I	clesw	0.9193548387096774
prenyltrans	clesw	0.5919439579684763
PTB	clesw	0.5315315315315314
sh2	clesw	0.8148148148148148
gln-synt_N	clesw	0.9015544041450777
Nitrophorin	clesw	0.9540229885057471
aabp	clesw	0.8831775700934581
kringle	clesw	0.6956521739130435
cys	clesw	0.7614457831325302
glnasn	clesw	0.9636650868878357
NHase_alpha	clesw	0.9572192513368983
PPTA	clesw	0.7358834244080146
Dala_Dala_ligas	clesw	0.8414023372287146
gag_p17	clesw	0.9803921568627451
Furin-like	clesw	0.5344129554655871
ENTH	clesw	0.5917602996254681
sdr	clesw	0.49029126213592233
Spermine_synth	clesw	0.9343629343629343
bv	clesw	0.2587412587412587
Dala_Dala_ligas_C	clesw	0.8753056234718827
Bac_DNA_binding	clesw	0.9352517985611511
Ribosomal_L2_N	clesw	0.8067226890756303
UreE	clesw	0.8505747126436781
COX3	clesw	0.4581005586592179
CBD_3	clesw	0.5886792452830188
B_lectin	clesw	0.9859154929577464
blm	clesw	0.8840000000000001
S-AdoMet_syntD3	clesw	0.9142857142857143
ETF_alpha	clesw	0.930921052631579
Ribosomal_L30	clesw	0.9734513274336283
PPDK_N_term	clesw	0.8953168044077134
HGTP_anticodon	clesw	0.8901098901098901
stpp	clesw	0.945326278659612
SRP54	clesw	0.8
GSH_synthase	clesw	0.9400000000000001
rrm	clesw	0.3880597014925373
intb	clesw	0.6034482758620691
dTDP_sugar_isom	clesw	0.8895184135977336
ghf10	clesw	0.8767123287671232
tRNA-synt_1	clesw	0.6990496304118269
NiFeSe_Hases	clesw	0.9838862559241707
CN_hydrolase	clesw	0.8544061302681993
hemopexin	clesw	0.8245125348189416
GSH_synthase_NC	clesw	0.7761852260198456
Pro_CA	clesw	0.8645833333333333
BIR	clesw	0.6129032258064516
VAT-Nn	clesw	0.783132530120482
Fe_hyd_SSU	clesw	0.9345794392523363
GerE	clesw	0.9516129032258065
asp	clesw	0.8098360655737705
ARID	clesw	0.9
GATA	clesw	0.8045977011494252
Ald_Xan_dh_1	clesw	0.9738562091503268
ghf17	clesw	0.9667774086378739
kunitz	clesw	0.9734513274336283
helicase_NC	clesw	0.433587786259542
Ribosomal_S15	clesw	0.9171974522292993
LEM	clesw	0.6292134831460675
ghf28	clesw	0.6296296296296297
MHC_II_C	clesw	0.9743589743589745
mmob_lower	clesw	0.9960474308300395
ghf6	clesw	0.5044722719141324
DHH	clesw	0.8986301369863015
ghf1	clesw	0.744578313253012
spidertoxin	clesw	0.738095238095238
Methyltransf_2	clesw	0.8660436137071651
ptpase	clesw	0.8833652007648184
GHMP_kinases	clesw	0.5985401459854015
BRCT	clesw	0.8551724137931034
Hpr_kinase	clesw	0.9158249158249158
tetR	clesw	0.9421487603305785
Glyco_transf_6	clesw	0.9392712550607287
capsid_c	clesw	0.9635036496350364
DHDPS	clesw	0.9409722222222222
XPG_NI	clesw	0.8865979381443297
DNA_ligase	clesw	0.7652173913043477
Ribosomal_S30AE	clesw	0.9555555555555556
lipocalin	clesw	0.6366559485530546
Peptidase_C15	clesw	0.9516908212560385
EFTU_2	clesw	0.7719298245614037
TyrKc	clesw	0.8943396226415095
PARP	clesw	0.954653937947494
alpha-amylase_N	clesw	0.9098712446351932
Ribosomal_L12	clesw	0.9473684210526316
Band_41_M	clesw	0.9154228855721392
thymid_phosphorylase	clesw	0.9803012746234068
molybdopterin	clesw	0.7353407290015848
EF_TS	clesw	0.126984126984127
pro_aminopeptidase	clesw	0.9935483870967742
C1q	clesw	0.9
CoA_binding	clesw	0.9704641350210972
PDGF	clesw	0.7922077922077922
Glyco_transf_8	clesw	0.5543237250554324
transcript_fac2	clesw	0.9629629629629629
FAD_binding_2	clesw	0.8774617067833697
FYVE	clesw	0.976
Egg_lysin	clesw	0.9833333333333333
FAD-oxidase_C	clesw	0.02745995423340961
EFG_C	clesw	0.8700564971751412
Ribosomal_S7	clesw	0.7215686274509803
FAD_binding_5	clesw	0.9107142857142856
Sua5_yciO_yrdC	clesw	0.8863636363636364
SIS	clesw	0.7452229299363057
Pep_deformylase	clesw	0.7823343848580442
aldosered	clesw	0.7293233082706767
rub	clesw	0.896551724137931
psaA_psaB	clesw	0.8813559322033899
HATPase_c	clesw	0.21387283236994223
GP120	clesw	0.9816971713810316
porin	clesw	0.45871559633027525
lh2	clesw	0.7032967032967034
Lyase_8_NC	clesw	0.6944667201283079
MCR_alpha_N	clesw	0.9487666034155596
igC1	clesw	0.9417989417989417
Fapy_DNA_glyco	clesw	0.9098039215686275
Cytochrome_C1_C	clesw	0.9662921348314606
galpha	clesw	0.8848080133555928
RNA_pol_N	clesw	0.8113207547169811
subt	clesw	0.49003984063745015
CytoC_RC	clesw	0.8697068403908794
Arg_repressor_N	clesw	0.9508196721311476
phycoerythr_ab	clesw	0.9523809523809523
RrnaAD	clesw	0.8325991189427313
malic_C	clesw	0.9276895943562611
Clp_N	clesw	0.8458498023715415
parv	clesw	0.9326923076923077
EF1BD	clesw	0.6706586826347306
ldh	clesw	0.6344827586206896
uce	clesw	0.6905829596412556
CH	clesw	0.48704663212435234
TMV_coat	clesw	0.625
transketolase_PC	clesw	0.6254416961130741
Ribosomal_L14	clesw	0.9224137931034483
MIF4G	clesw	0.24225352112676055
Flavoprotein	clesw	0.8089171974522292
RNase_HII	clesw	0.9185185185185186
PHBH	clesw	0.7328671328671329
Inos-1-P_synth	clesw	0.6603174603174603
ghf9	clesw	0.723404255319149
PBP_GOBP	clesw	0.5656565656565657
DNA_PPF	clesw	0.6276595744680851
Epimerase	clesw	0.6722408026755853
Heme_oxygenase	clesw	0.9216152019002375
e3	clesw	0.9577464788732395
Orbi_VP7	clesw	0.9512195121951219
ndk	clesw	0.989399293286219
Amidase_2	clesw	0.48249027237354086
ghf33	clesw	0.4531722054380665
eIF6	clesw	0.963302752293578
ghf7	clesw	0.9142857142857143
trans_reg_C	clesw	0.6559139784946236
serbact	clesw	0.9201101928374656
Syntaxin	clesw	0.3247863247863248
profilin	clesw	0.7883817427385893
FN1	clesw	0.7126436781609196
rvp	clesw	0.900523560209424
ghf34	clesw	0.883289124668435
cryst	clesw	0.937313432835821
Peptidase_C2_D2	clesw	0.7686274509803921
Ribosomal_L22	clesw	0.9056603773584906
gluts	clesw	0.9930394431554525
Jacalin	clesw	0.988593155893536
PARP_reg	clesw	0.9721115537848606
HMA	clesw	0.8333333333333333
Peptidase_M24	clesw	0.7880085653104926
isoamylase_N	clesw	0.7848101265822784
DISIN	clesw	0.9285714285714286
TPK	clesw	0.8273092369477912
phosphotriesterase	clesw	0.8541300527240773
EFTU_C	clesw	0.9836065573770492
Ribosomal_S8	clesw	0.9841269841269841
Pept_C1-like	clesw	0.9068181818181817
enolase	clesw	0.989522700814901
helicase_C	clesw	0.4792626728110599
p450	clesw	0.7410468319559229
isoamylase_NC	clesw	0.5649606299212598
integrase	clesw	0.9052631578947369
RNA_pol_H	clesw	0.7518796992481204
Arginosuc_synth	clesw	0.8335552596537948
recA_C	clesw	0.9655172413793104
TPK_catalytic	clesw	0.7794561933534743
FAD_binding_4	clesw	0.5612244897959183
FAA_hydrolase	clesw	0.6378378378378378
URO-D	clesw	0.9808541973490427
aminobp	clesw	0.9781021897810218
Desulfoferrodox	clesw	0.6303030303030304
Transpeptidase	clesw	0.9536000000000001
C1	clesw	0.9195402298850575
DAO	clesw	0.7886435331230284
dNK	clesw	0.9028871391076114
CIDE-N	clesw	0.5662650602409638
phc	clesw	0.9597523219814241
ChtBD	clesw	0.8461538461538461
SPEC	clesw	0.2513089005235602
ATP-gua_Ptrans	clesw	0.8475073313782991
Amino_oxidase_D2	clesw	0.6346153846153847
VHS	clesw	0.7841726618705036
RNA_pol_A_CTD	clesw	0.9457364341085273
WD40	clesw	0.8707037643207856
TPK_B1_binding	clesw	0.8363636363636364
Glyco_hydro_67	clesw	0.9525267993874426
Mu_DNA_bind	clesw	0.8923076923076922
Arthro_defensin	clesw	0.8709677419354839
Ricin_B_lectin	clesw	0.9769230769230769
hormone5	clesw	0.9333333333333333
citrate_synt	clesw	0.8078541374474053
LuxS	clesw	0.8044280442804428
adeno_fiber	clesw	0.9322033898305084
tgfb	clesw	0.6326530612244898
PGI	clesw	0.660217654171705
Lipoprotein_4	clesw	0.830827067669173
TGT	clesw	0.8571428571428571
START	clesw	0.8238341968911916
ICL	clesw	0.8187579214195184
SAICAR_synt	clesw	0.6733167082294265
Orn_Arg_deC_N	clesw	0.9713024282560705
Astacin	clesw	0.9105263157894736
5_3_exonuclease	clesw	0.45
kex	clesw	0.789873417721519
Phage_G	clesw	0.9239766081871345
tRNA-synt_1d	clesw	0.7173708920187793
tms	clesw	0.8735632183908046
Recep_L_domain	clesw	0.6666666666666667
SpoU_methylase_C	clesw	0.7576791808873721
arrestin_NC	clesw	0.9140401146131804
tRNA-synt_1c	clesw	0.7948717948717948
Peptidase_S11	clesw	0.8602620087336245
AP_endonucleas1	clesw	0.6382113821138211
tRNA-synt_1_edit	clesw	0.8010899182561306
tyrosinase	clesw	0.6234817813765182
annexin	clesw	0.970967741935484
ALAD	clesw	0.922824302134647
PBD	clesw	0.43298969072164945
il8	clesw	0.6890756302521007
PBP_C2	clesw	0.9734513274336283
Ham1p_like	clesw	0.8314606741573033
SLT_beta	clesw	0.9774436090225563
ACT	clesw	0.5844155844155844
tRNA-synt_2b	clesw	0.625
sodcu	clesw	0.8913043478260869
PDZ	clesw	0.7976190476190476
myb_DNA-binding	clesw	0.8
BChl_A	clesw	0.9812949640287769
serpin	clesw	0.8333333333333333
CoA_trans	clesw	0.8973747016706445
E2_N	clesw	0.9692307692307692
utg	clesw	0.9781021897810218
PKD	clesw	0.3513513513513513
Acetyltransf	clesw	0.5714285714285714
trp_syntA	clesw	0.9006342494714588
pentraxin	clesw	0.9925925925925926
NTP_transf_2_2	clesw	0.5882352941176471
Bac_globin	clesw	0.9427312775330396
DHHA2	clesw	0.9827586206896551
GXGXG	clesw	0.9411764705882353
alk_phosphatase	clesw	0.7822685788787483
PAX	clesw	0.9876543209876543
DEFSN	clesw	0.7272727272727273
DUF50	clesw	0.7358490566037735
T-box	clesw	0.9631728045325779
Peptidase_S15_C	clesw	0.3657817109144542
Pertussis_S2S3_NC	clesw	0.9818181818181818
toxin	clesw	0.5094339622641509
TNF	clesw	0.6390977443609023
icd	clesw	0.8345978755690439
PBP	clesw	0.8813559322033899
DeoC	clesw	0.8136363636363635
Terpene_synth_NC	clesw	0.9204431017119838
ligase-CoA_NC	clesw	0.9593709043250327
FA58C	clesw	0.9523809523809523
HTH_AraC_2	clesw	0.8546255506607928
vprotease	clesw	0.9898305084745762
ETF_beta	clesw	0.9938650306748467
Parvo_coat2	clesw	0.9822595704948646
ech	clesw	0.9507575757575758
urease	clesw	0.9937888198757764
Glyco_hydro_18_D1	clesw	0.9097472924187725
actin	clesw	0.47000000000000003
CC4	clesw	0.8085106382978723
Peptidase_S21	clesw	0.768421052631579
GLA	clesw	0.6363636363636364
MCR_beta_NC	clesw	0.9953379953379953
alpha-amylase_NC	clesw	0.4254335260115607
tRNA-synt_2d	clesw	0.5375722543352601
Glucosamine_iso	clesw	0.9943289224952742
Integrase_Zn	clesw	0.9545454545454545
MutS_C	clesw	0.6633416458852868
sodfe	clesw	0.9567430025445293
Lyase_8_C	clesw	0.6417910447761194
MATH	clesw	0.9379310344827587
Dehydratase_SU	clesw	0.9814126394052044
DPS	clesw	0.924187725631769
tRNA-synt_1b	clesw	0.6386233269598469
phero	clesw	0.5757575757575758
mthina	clesw	0.9122807017543859
PAC	clesw	0.975609756097561
Nitroreductase	clesw	0.8843930635838151
WW	clesw	0.7741935483870968
Phage_F	clesw	0.996389891696751
PEP-utilizers_NC	clesw	0.9049295774647886
hemocyan	clesw	0.8529411764705882
MIP	clesw	0.22641509433962267
Arch_histone	clesw	0.9774436090225563
RA	clesw	0.5421686746987953
Cyclodex_gly_tran	clesw	0.9510173323285607
Glyco_hydro_47	clesw	0.8866213151927438
Ribosomal_L18p	clesw	0.8700564971751412
biopterin_H	clesw	0.9847715736040609
Asn_synthase	clesw	0.5741088180112571
GLUCAGON	clesw	0.9259259259259259
AlaDh_PNT_D1	clesw	0.8626373626373626
recombinase	clesw	0.9176470588235294
DNA_gyraseB_N2	clesw	0.9908015768725361
Cucumo_coat	clesw	0.8636363636363638
gpdh	clesw	0.9570552147239263
thionin	clesw	0.8735632183908046
AAA	clesw	0.3688888888888889
Yers_vir_YopE	clesw	0.6755555555555555
pou	clesw	0.9710144927536231
igps	clesw	0.717391304347826
IMPDH	clesw	0.8172043010752688
Hydrolase	clesw	0.9468822170900694
cyt5	clesw	0.8974358974358974
tln	clesw	0.8976109215017065
cpn10	clesw	0.8663101604278075
Ribosomal_L2	clesw	0.9182879377431907
Usp	clesw	0.40157480314960636
DNA_pol_B	clesw	0.7303851640513551
hormone	clesw	0.6075949367088607
ANK	clesw	0.888888888888889
cyclin	clesw	0.4205816554809843
S1	clesw	0.3966942148760331
Inh	clesw	0.9238578680203046
LBP_BPI_CETP	clesw	0.2058823529411765
GATase_2	clesw	0.7165532879818594
xia	clesw	0.9257294429708224
LysR_substrate	clesw	0.7902439024390244
DNA_polymeraseX	clesw	0.8201892744479494
MHC_II_beta_NC	clesw	0.8907563025210085
mmo	clesw	0.9906542056074767
L15	clesw	0.6119402985074627
N6_N4_Mtase	clesw	0.8272921108742004
Peptidase_A6	clesw	0.9699842022116903
Frataxin_Cyay	clesw	0.9090909090909091
hemery	clesw	0.9506726457399104
tim	clesw	0.9939148073022313
KAS	clesw	0.8013136288998358
Acetyltransf2	clesw	0.9152542372881356
hexokinase	clesw	0.8116279069767441
cytb	clesw	0.8435374149659863
CPSase_L_chain	clesw	0.5863874345549738
adk	clesw	0.16312056737588654
Glyco_hydro_2	clesw	0.24864864864864866
GATase	clesw	0.7718309859154929
MGS	clesw	0.728
GAD	clesw	0.8068669527896997
ins	clesw	0.9069767441860465
Trypan_glycop	clesw	0.6401225114854517
PGM_PMM_III	clesw	0.9285714285714285
envelope	clesw	0.23529411764705882
ligase-CoA	clesw	0.7773279352226722
A2M_B	clesw	0.994535519125683
aat	clesw	0.5254470426409903
DUF101	clesw	0.6302521008403361
igvar-h	clesw	0.8859649122807018
TIMP	clesw	0.8728323699421965
Flavin_Reduct	clesw	0.778523489932886
int	clesw	0.7377521613832853
reductases	clesw	0.676056338028169
Topoisomerase_I	clesw	0.9523809523809524
PGM_PMM	clesw	0.7686274509803923
igI	clesw	0.7752808988764045
lta	clesw	0.9256198347107438
tubulin	clesw	0.9311163895486937
cdh	clesw	0.9842931937172774
tRNA-synt_1d_N	clesw	0.6927374301675977
kinase	clesw	0.5166340508806262
Ribosomal_L4	clesw	0.4836601307189542
QRPTase	clesw	0.9205776173285197
abhydrolase_2	clesw	0.8141176470588234
flav	clesw	0.6466165413533835
AP_endonuc_2	clesw	0.5833333333333334
DNA_ligase_N	clesw	0.8429752066115703
HMG_box	clesw	0.9503546099290779
GroEL	clesw	0.772823779193206
dpo1	clesw	0.5986779981114259
Rhodanese	clesw	0.8362068965517241
FTR	clesw	0.5569620253164557
HSF_DNA-bind	clesw	0.8846153846153847
gdh	clesw	0.7813504823151125
proteasome	clesw	0.5670103092783505
Rop	clesw	0.45614035087719296
Glyco_hydro_48	clesw	0.9440389294403893
Ribosomal_S5_N	clesw	0.9291338582677166
seatoxin	clesw	0.15789473684210525
Pertussis_S2S3	clesw	0.9671361502347418
pot	clesw	0.9752066115702479
THF_DHG_CYH	clesw	0.972972972972973
EPSP_syntase	clesw	0.7854454203262232
sugbp	clesw	0.8934579439252336
SpoU_methylase	clesw	0.7917620137299772
rvintegrase	clesw	0.5891472868217055
peroxidase	clesw	0.6567717996289425
PEP-utilizers_C	clesw	0.9019607843137255
oat	clesw	0.7948717948717949
GHMP_kinases_N	clesw	0.7517241379310345
aldedh	clesw	0.794811320754717
Pectinesterase	clesw	0.7874564459930314
DUF153	clesw	0.7121951219512195
AFOR	clesw	0.9549702633814784
MDH	clesw	0.972972972972973
gln-synt_NC	clesw	0.948051948051948
cyt3	clesw	0.6628571428571428
acid_phosphat	clesw	0.6089743589743589
STAS	clesw	0.6948356807511737
Tautomerase	clesw	0.9739130434782608
cbp	clesw	0.7080291970802919
tryp_alpha_amyl	clesw	0.6701570680628273
arrestin_C	clesw	0.9693593314763231
Invasin	clesw	0.6553672316384181
STAT	clesw	0.8794063079777364
PH	clesw	0.42201834862385323
Seedstore_7s	clesw	0.9055472263868065
Anperoxidase	clesw	0.7502876869965478
MBD	clesw	0.7218045112781953
ltn	clesw	0.9887640449438202
UPF0044	clesw	0.9842931937172774
pcd	clesw	0.7692307692307693
PABP	clesw	0.9391304347826086
cytc	clesw	0.85
FAD_binding	clesw	0.7601626016260163
MSP_domain	clesw	0.9836065573770492
Amino_oxidase	clesw	0.7040194884287454
rep	clesw	0.6
phoslip	clesw	0.6991150442477877
6PF2K	clesw	0.9596199524940617
Fe_hyd_lg_C	clesw	0.9385026737967915
IMS	clesw	0.8688946015424165
TIL	clesw	0.6296296296296297
GAL4	clesw	0.8620689655172413
ku	clesw	0.7266739846322722
Transglutamin_NC	clesw	0.9345650500384911
formyl_transf	clesw	0.6904761904761905
Asn_synthase_NC	clesw	0.6130536130536131
HLH	clesw	0.8495575221238938
il10	clesw	0.9857142857142858
NTP_transf_2_N2	clesw	0.9102990033222592
Peptidase_S9	clesw	0.8725099601593627
ghf15	clesw	0.8564705882352941
Esterase	clesw	0.9873873873873874
PAP2	clesw	0.747534516765286
Bcl-2	clesw	0.7382550335570469
Mur_ligase	clesw	0.5625
WH1	clesw	0.911764705882353
Cu-oxidase	clesw	0.7999999999999999
aldose	clesw	0.9778434268833087
pp-binding	clesw	0.5714285714285715
PA_phosphatase	clesw	0.697495183044316
YgbB	clesw	0.9351535836177475
LDLa	clesw	0.6176470588235294
hip	clesw	0.8467153284671534
COX1	clesw	0.9581673306772909
Prismane	clesw	0.9841269841269842
LIM	clesw	0.6993006993006994
MCR_beta_N	clesw	0.9917355371900827
msb	clesw	0.5196078431372549
hla	clesw	0.9886363636363636
CCP_MauG_C	clesw	0.8484848484848485
AlaDh_PNT	clesw	0.8640483383685801
eIF-1a	clesw	0.6493506493506495
bac_luciferase	clesw	0.6320754716981132
Asp_Glu_race_D	clesw	0.36000000000000004
PRK	clesw	0.5654450261780105
mycin	clesw	0.8990825688073394
thiored	clesw	0.7464788732394366
ung	clesw	0.988399071925754
RRF	clesw	0.7329545454545454
CBD_6	clesw	0.8510638297872339
Ribosomal_L6_D	clesw	0.4626865671641791
FolB	clesw	0.9391304347826088
Cu_amine_oxid	clesw	0.8410596026490065
DEP	clesw	0.5644171779141105
MAAL_C	clesw	0.8450106157112527
CBM_20	clesw	0.8888888888888888
gln-synt	clesw	0.9587912087912088
MoCF_biosynth	clesw	0.6324110671936759
nir	clesw	0.9428303655107778
DNA_mis_repair_M	clesw	0.8
MAAL	clesw	0.8724489795918366
Topoisomerase_I_core	clesw	0.5599999999999999
UPP_synthetase	clesw	0.9516908212560385
lipoxygenase	clesw	0.9656419529837252
IU_nuc_hydro	clesw	0.9320388349514563
Cohesin	clesw	0.9632352941176471
KSI	clesw	0.9707112970711298
OTCace	clesw	0.8602150537634409
ADP_PFK_GK	clesw	0.935672514619883
TFIIS	clesw	0.851063829787234
MYSc	clesw	0.8526785714285714
ghf46	clesw	0.6837209302325582
Phage_lysozyme	clesw	0.9629629629629629
Alpha_adaptinC12	clesw	0.6448598130841122
Peripla_BP_2	clesw	0.6753246753246754
dhfr	clesw	0.7174603174603174
csp	clesw	0.9767441860465117
hr	clesw	0.96875
Alpha_adaptinC2	clesw	0.6388888888888888
aconitase	clesw	0.8019801980198019
DMRL_synthase	clesw	0.6240601503759399
TRANSTHYRETIN	clesw	0.9866666666666666
fbpase	clesw	0.9821138211382113
Glu_syn_central	clesw	0.9499657299520219
TBCA	clesw	0.19251336898395724
cNMP	clesw	0.8251121076233183
ghf22	clesw	0.9098712446351932
VAT-Nc	clesw	0.7843137254901961
Colicin	clesw	0.7653631284916201
Peptidase_M17_N	clesw	0.7013888888888888
Ald_Xan_dh_2	clesw	0.841246290801187
Cytochrome_C1	clesw	0.9267241379310345
ghf14	clesw	0.7974193548387096
ISP	clesw	0.7461139896373056
Beta_elim_lyase	clesw	0.9527186761229315
SUI1	clesw	0.693877551020408
SKI	clesw	0.962962962962963
IF4E	clesw	0.7356321839080459
ribokinase	clesw	0.806338028169014
aspg	clesw	0.9660377358490566
Ribosomal_L2_C	clesw	0.9612403100775193
ALBUMIN	clesw	0.6612021857923498
Penicil_amidase	clesw	0.6012861736334405
Rotamase	clesw	0.5988023952095809
Dala_Dala_ligas_N	clesw	0.745945945945946
Cytidylyl_trans	clesw	0.5532994923857868
UCR_TM	clesw	0.8571428571428572
G6PD	clesw	0.8603351955307263
zf-TAZ	clesw	0.5030674846625767
S-AdoMet_synt_NC	clesw	0.9331476323119777
SBP_bacterial_1	clesw	0.5536332179930796
HCV_NS3	clesw	0.983957219251337
PAF-AH	clesw	0.9928741092636578
MCR_alpha_NC	clesw	0.9563602599814298
ACBP	clesw	0.9382716049382717
slectin	clesw	0.8446215139442231
TrpBP	clesw	0.9774436090225563
RuBisCO_small	clesw	0.99009900990099
UBQ	clesw	0.9790209790209791
fer4_NifH	clesw	0.9887640449438202
G6PD_NC	clesw	0.9110396570203644
GTP_cyclohydroI	clesw	0.8191489361702128
DSBA	clesw	0.8983050847457626
cat3	clesw	0.6851385390428212
ModA	clesw	0.898876404494382
UBX	clesw	0.8299319727891157
az	clesw	0.48514851485148514
zf-CCHH	clesw	0.8260869565217391
KH	clesw	0.6176470588235294
transket_pyr	clesw	0.6829268292682927
Ribonuclease_P	clesw	0.9865470852017937
transketolase	clesw	0.6596491228070176
alpha-amylase	clesw	0.39324116743471577
GBP_PSP	clesw	0.5945945945945946
Transglutamin_N	clesw	0.801526717557252
PMSR	clesw	0.9675675675675677
CCP_MauG	clesw	0.7241379310344827
Terpene_synth_N	clesw	0.8446866485013624
6PGD	clesw	0.9154013015184382
Peptidase_M17	clesw	0.957345971563981
malic_N	clesw	0.81947261663286
Arg_repressor_C	clesw	0.7368421052631577
thiolase	clesw	0.5414551607445007
Activin_recp	clesw	0.15172413793103448
Cytochrome_C1_N	clesw	0.9081081081081082
rnase	clesw	0.9751243781094527
fkbp	clesw	0.9483568075117371
XPG_C	clesw	0.9671361502347416
IRF	clesw	0.7352941176470589
Extradiol_dioxy	clesw	0.8636363636363635
SRP19	clesw	0.7045454545454546
igcon	clesw	0.6111111111111112
HPPK	clesw	0.9260450160771704
glob	clesw	0.8981132075471697
C4	clesw	0.9726027397260273
SRP54M	clesw	0.8571428571428571
Haloperoxidase	clesw	0.5686653771760154
G6PD_C	clesw	0.9505300353356891
Fe_dep_repress	clesw	0.9661016949152543
DnaJ	clesw	0.7913669064748201
SAM_decarbox	clesw	0.8749999999999999
Amidinotransferase	clesw	0.8846153846153846
Me-amine-deh_L	clesw	0.9205020920502093
bac_lipase	clesw	0.9196141479099679
inositol_P	clesw	0.42810457516339867
igC2	clesw	0.39062499999999994
asprs	clesw	0.9310344827586208
fabp	clesw	0.884297520661157
ghf2	clesw	0.6755218216318785
MHC_II_alpha_NC	clesw	0.8707865168539326
arrestin	clesw	0.912912912912913
Urease_beta	clesw	0.9849246231155778
Methyltransf_1	clesw	0.6372881355932204
FHA	clesw	0.6106194690265486
NMT	clesw	0.9571984435797665
ngf	clesw	0.8857142857142858
Cys_knot	clesw	0.9852216748768473
CDC48	clesw	0.7083333333333334
gtp	clesw	0.7307692307692308
Topoisom_bac	clesw	0.8272921108742004
fn3	clesw	0.5786163522012578
MAP1_LC3	clesw	0.9515418502202643
APC10	clesw	0.8778877887788779
ghf5	clesw	0.5981981981981982
mmoa	clesw	0.9960629921259843
ATP-synt	clesw	0.8558352402745995
DNA_mis_repair_NM	clesw	0.8091068301225921
KISc	clesw	0.8855218855218855
Skp1	clesw	0.8176100628930818
RING	clesw	0.8484848484848485
capsid_n	clesw	0.7078189300411522
ets	clesw	0.7398843930635839
Bacteriofer	clesw	0.9839228295819937
SCP2	clesw	0.9216589861751152
Peptidase_M10A	clesw	0.893569844789357
Glyco_hydro_2_N	clesw	0.6050955414012739
mutT	clesw	0.544
Exonuclease	clesw	0.6848484848484849
XPG_NC	clesw	0.9225700164744645
response_reg	clesw	0.44651162790697674
endotoxin	clesw	0.881508078994614
NusB	clesw	0.5263157894736842
linker_histone	clesw	0.8873239436619719
SLT	clesw	0.50199203187251
MHC_II_N	clesw	0.4635761589403974
Ribosomal_L11	clesw	0.9457364341085271
SCP	clesw	0.4365079365079365
Pyridox_oxidase	clesw	0.7958656330749354
Band_41_N	clesw	0.6308724832214765
ERM	clesw	0.788235294117647
Fork_head	clesw	0.7341772151898734
eIF-5a	clesw	0.9359999999999999
Sulfotransfer	clesw	0.4514285714285714
tcl1_mtcp1	clesw	0.8780487804878049
mofe	clesw	0.7564894932014834
voltage_CLC	clesw	0.9953271028037384
RNA_pol_K	clesw	0.8780487804878048
Peptidase_M27	clesw	0.8538011695906432
SET	clesw	0.8464912280701755
LMWPc	clesw	0.9407894736842105
CAP_GLY	clesw	0.6547619047619048
PotD	clesw	0.8503937007874016
TonB_dep_Rec	clesw	0.3968804159445407
PSI_PsaE	clesw	0.9696969696969697
toxin_2	clesw	0.4444444444444445
CASc	clesw	0.8914549653579676
recA_N	clesw	0.9585062240663901
leukocidin	clesw	0.8582089552238806
DNA_gyraseB	clesw	0.9912023460410557
Antifreeze	clesw	0.959349593495935
AMP-binding	clesw	0.7858672376873662
grs	clesw	0.6063829787234043
Peptidase_M16	clesw	0.9079903147699758
Ribosomal_S5	clesw	0.9442379182156134
DNA_topoisoIV	clesw	0.6619385342789598
rasgap	clesw	0.7680311890838207
C2	clesw	0.811715481171548
scorptoxin	clesw	0.4220183486238532
Fz	clesw	0.9385964912280701
Levi_coat	clesw	0.5089285714285714
MurB_C	clesw	0.923076923076923
Lum_binding	clesw	0.9550561797752809
Ribosomal_L7Ae	clesw	0.8844221105527638
cyclo	clesw	0.96
FAD-oxidase_NC	clesw	0.2595238095238095
Isochorismatase	clesw	0.7906976744186047
tRNA_bind	clesw	0.7262569832402234
Ran_BP1	clesw	0.920152091254753
P53	clesw	0.9259259259259259
BAG	clesw	0.9724770642201834
RuBisCO_large_N	clesw	0.8807339449541285
FN2	clesw	0.9047619047619048
ATP-synt_g	clesw	0.37092731829573933
VAT-N	clesw	0.8036809815950922
Peptidase_C2_D1	clesw	0.9919571045576407
Transaldolase	clesw	0.9695999999999999
RuvA	clesw	0.8281690140845069
Dehydratase_MU	clesw	0.9886363636363636
chorismate_bind	clesw	0.7788697788697788
Glyco_hydro_20b	clesw	0.6097560975609756
oxidored_FMN	clesw	0.7682926829268293
DNA_pol3_beta	clesw	0.7981651376146789
CopC	clesw	0.8717948717948718
Cu_nir	clesw	0.9954614220877459
UCH	clesw	0.7619047619047619
MCR_beta	clesw	0.9918367346938776
Fimbrial	clesw	0.42727272727272725
PyrI_NC	clesw	0.8611111111111112
Ribosomal_L5_NC	clesw	0.6857142857142857
rvt	clesw	0.8997772828507795
rnh	clesw	0.646288209606987
F_bP_aldolase	clesw	0.9087523277467412
Fe-ADH	clesw	0.9510489510489509
DHBP_synthase	clesw	0.9408740359897172
ATP-sulfurylase	clesw	0.8749999999999999
Peptidase_C2	clesw	0.873015873015873
Histidine_kinase	clesw	0.47692307692307695
rhv	clesw	0.7276565798733285
Adenylsucc_synt	clesw	0.8806682577565633
cox	clesw	0.6713947990543735
Peptidase_S15	clesw	0.5819327731092436
His_biosynth	clesw	0.7849223946784922
GSH_synth_ATP	clesw	0.7283072546230439
DHquinase_II	clesw	0.9814126394052045
GFO_IDH_MocA_C	clesw	0.48648648648648646
DAP_epimerase	clesw	0.5081967213114755
tbpc	clesw	0.9577464788732395
Elicitin	clesw	0.9844559585492229
RuBisCO_large	clesw	0.7692307692307693
mdm2	clesw	0.9759036144578312
aminotran_5	clesw	0.9576271186440678
sti	clesw	0.852760736196319
SpoU_methylase_N	clesw	0.8201438848920863
PAH	clesw	0.8695652173913043
lacI	clesw	0.8297872340425532
histone	clesw	0.7532467532467533
Orn_Arg_deC_NC	clesw	0.9578231292517007
PBP_C1	clesw	0.9747899159663865
Peptidase_S24	clesw	0.8452380952380953
oxidored_q6	clesw	0.8968253968253967
bromodomain	clesw	0.9351851851851851
sigma54	clesw	0.7518796992481203
hsp90	clesw	0.9121951219512194
MCR_gamma	clesw	0.9771309771309772
S_100	clesw	0.4142857142857143
Transglut_core	clesw	0.9609120521172638
HTH_AraC	clesw	0.5591397849462364
7kD_DNA_binding	clesw	0.9586776859504132
WHEP-TRS	clesw	0.4285714285714286
ace	clesw	0.8378109452736318
merR	clesw	0.6796116504854369
CMAS	clesw	0.9911190053285969
CODH	clesw	0.9867549668874172
ccH	clesw	0.9636363636363636
DHPS	clesw	0.9221789883268483
Amino_oxidase_D1	clesw	0.7168576104746318
OMPdecase	clesw	0.6635514018691588
GEL	clesw	0.527363184079602
Glyco_transf_28	clesw	0.5552147239263804
Propep_M14	clesw	0.830188679245283
RHD	clesw	0.9432624113475176
Stap_Strp_toxin	clesw	0.6759776536312849
pnp	clesw	0.5695364238410595
UvrD-helicase	clesw	0.8428093645484951
PGM_PMM_NC	clesw	0.8979591836734693
sialidase_N	clesw	0.9559322033898304
CcmE	clesw	0.9847715736040609
PAS	clesw	0.6637931034482759
Alpha_adaptin_C	clesw	0.5588235294117648
ricin	clesw	0.8347457627118644
NTP_transf_2	clesw	0.9337260677466862
SNAP-25	clesw	0.9763779527559054
aminotran_4	clesw	0.8667917448405252
Plectin	clesw	0.9589041095890412
GFP	clesw	0.863961813842482
phs	clesw	0.884318766066838
PAN	clesw	0.5695364238410596
Glyco_hydro_18_D2	clesw	0.7333333333333333
B	clesw	0.7848101265822784
laminin_G	clesw	0.6869300911854103
CAT_RBD	clesw	0.912621359223301
MutS_N	clesw	0.832535885167464
Lyase_8_N	clesw	0.6621621621621621
mle	clesw	0.8328530259365995
RGS	clesw	0.8130081300813008
THAUMATIN	clesw	0.9473684210526316
rnasemam	clesw	0.6733668341708543
PTS_EIIA_2	clesw	0.7591240875912408
mthinb	clesw	0.7719298245614035
GFO_IDH_MocA	clesw	0.778688524590164
dpb	clesw	0.8308977035490606
ABC_tran	clesw	0.3209876543209877
Fe_Asc_oxidored	clesw	0.7301587301587301
RNA_pol_A_bac	clesw	0.8101851851851852
E1_dehydrog	clesw	0.7741935483870968
MIF	clesw	0.9599999999999999
pgk	clesw	0.9670050761421319
Lipoprotein_6	clesw	0.7823343848580442
IF3	clesw	0.9651162790697674
RhoGEF	clesw	0.19073569482288827
DNA_pol_B_exo	clesw	0.9317851959361393
DegT_DnrJ_EryC1	clesw	0.4813008130081301
dsrm	clesw	0.7938931297709924
Peptidase_S15_N	clesw	0.6644736842105262
pdc	clesw	0.9022704837117472
UPF0033	clesw	0.6666666666666666
UCR_14kD	clesw	0.9807692307692307
malic	clesw	0.8824082784571965
Rib_hydrolayse	clesw	0.9527720739219712
PCI_1	clesw	0.9696969696969697
apbact	clesw	0.6299212598425197
P-II	clesw	0.9565217391304347
hpr	clesw	0.7904191616766467
Huristasin	clesw	0.5333333333333333
P	clesw	0.8775510204081634
PyrI	clesw	0.8044692737430167
IFN-gamma	clesw	0.9831932773109243
aakinase	clesw	0.870860927152318
taf	clesw	0.9600000000000001
neurotox	clesw	0.3773584905660378
Sec23_NC	clesw	0.7533490937746257
UcrQ	clesw	0.8366013071895425
Glu_synth_NTN	clesw	0.9320388349514563
DUF170	clesw	0.6942148760330579
Binary_toxA	clesw	0.7000000000000001
RuBisCO_large_NC	clesw	0.7849056603773585
rnr	clesw	0.8028933092224232
sermam	clesw	0.030379746835443037
F5_F8_type_C	clesw	0.9839228295819937
E2_C	clesw	0.8974358974358975
Gly_radical	clesw	0.45701849836779107
tRNA-synt_1d_C	mmseqs	0.22556390977443605
PNTB	mmseqs	0.695364238410596
PGAM	mmseqs	0.08290155440414508
DUF28	mmseqs	0.5087281795511222
adh	mmseqs	0.912621359223301
PEPCK_ATP	mmseqs	0.5761511216056671
Cys_Met_Meta_PP	mmseqs	0.1271393643031785
blmb	mmseqs	0.07692307692307693
mcp2	mmseqs	0.9747292418772563
Glyco_hydro_19	mmseqs	0.944206008583691
Filamin	mmseqs	0.14583333333333334
DEAD	mmseqs	0.09625668449197862
cat	mmseqs	0.6484472049689441
MutS_D2	mmseqs	0.33918128654970764
lamb	mmseqs	0.08173076923076923
ADF	mmseqs	0.5067873303167421
cyto	mmseqs	0.9862068965517241
igvar-l	mmseqs	0.550561797752809
tRNA-synt_1d_M	mmseqs	0.04838709677419355
svmp	mmseqs	0.6888888888888889
pili_assembly	mmseqs	0.39711191335740076
fer2	mmseqs	0.1391304347826087
A2M_A	mmseqs	0.9224806201550388
PGM_PMM_II	mmseqs	0.7999999999999999
GGL	mmseqs	0.6021505376344085
Orn_DAP_Arg_deC	mmseqs	0.9372384937238494
TIR	mmseqs	0.6984126984126985
cah	mmseqs	0.25263157894736843
piplc	mmseqs	0.19935691318327972
mmp	mmseqs	0.8684210526315789
phosfruc	mmseqs	0.781725888324873
Sec7	mmseqs	0.9787234042553191
AlaDh_PNT_D2	mmseqs	0.18404907975460125
egf	mmseqs	0.21052631578947367
Rho_GDI	mmseqs	0.9545454545454545
Endonuclease_3	mmseqs	0.12658227848101267
Band_41_NME	mmseqs	0.2965116279069767
PCNA	mmseqs	0.5894206549118388
dCMP_cyt_deam	mmseqs	0.3125
cytochrome_b	mmseqs	0.8683853459972863
Agglutinin	mmseqs	0.22857142857142854
Pertussis_S2S3_N	mmseqs	0.9249999999999999
Ribosomal_L1	mmseqs	0.22614840989399293
MCR_alpha	mmseqs	0.9053030303030304
mdd	mmseqs	0.37735849056603776
Lipase_3	mmseqs	0.40740740740740744
cks	mmseqs	0.703125
igV	mmseqs	0.19847328244274812
INTERFERON_A_B_D	mmseqs	0.4418604651162791
planttoxin	mmseqs	0.32
kazal	mmseqs	0.6823529411764705
NO_synthase	mmseqs	0.8508997429305913
Bac_rhodopsin	mmseqs	0.19999999999999998
PK	mmseqs	0.6997635933806147
ppase	mmseqs	0.06557377049180328
PCMT	mmseqs	0.33076923076923076
Malate_synthase	mmseqs	0.845136186770428
MutS_D3	mmseqs	0.5853658536585366
UPF0076	mmseqs	0.30344827586206896
SAM_PNT	mmseqs	0.48076923076923084
DNA_photolyase	mmseqs	0.4919941775836973
CBS	mmseqs	0.23529411764705882
malt_amylase_NC	mmseqs	0.675146771037182
Kchannel	mmseqs	0.3357664233576642
urease_gamma	mmseqs	0.9137055837563451
bowman	mmseqs	0.962962962962963
Glyco_hydro_18	mmseqs	0.11488250652741512
cytprime	mmseqs	0.5308056872037915
MutS_NC	mmseqs	0.6103795507358637
ANATO	mmseqs	0.9682539682539683
Glyco_hydro_20	mmseqs	0.2606516290726817
HSP20	mmseqs	0.2627737226277372
cytochr_c552	mmseqs	0.9726775956284154
EGF_Lam	mmseqs	0.6027397260273973
pp	mmseqs	0.8437499999999999
Ferrochelatase	mmseqs	0.18487394957983194
SSB	mmseqs	0.6351351351351352
Staphylokinase	mmseqs	0.042857142857142864
Lyase_8	mmseqs	0.1167883211678832
PBP_NC	mmseqs	0.9806201550387597
AhpC-TSA	mmseqs	0.32673267326732675
Apocytochrome_F	mmseqs	0.9128630705394192
Colicin_Pyocin	mmseqs	0.7532467532467533
DSPc	mmseqs	0.34375
Ribosomal_S5_C	mmseqs	0.8854961832061069
Bet_v_I	mmseqs	0.8410596026490067
lyase_1	mmseqs	0.5964912280701753
acyo	mmseqs	0.907103825136612
trfl	mmseqs	0.8914473684210527
fibrinogen_C	mmseqs	0.6623794212218649
Sec1	mmseqs	0.8967551622418879
Sulfatase	mmseqs	0.263653483992467
Fe_dep_repr_M	mmseqs	0.9387755102040817
GA	mmseqs	0.6493506493506493
CYCc	mmseqs	0.3269230769230769
NADHdh_2	mmseqs	0.6391752577319587
GFO_IDH_MocA_NC	mmseqs	0.06711409395973156
DHOdehase	mmseqs	0.04697986577181209
MM_CoA_mutase	mmseqs	0.1506849315068493
Zn_dep_PLPC	mmseqs	0.06956521739130435
plantltp	mmseqs	0.9285714285714286
RNase_U2	mmseqs	0.9750889679715302
chromo	mmseqs	0.16129032258064516
pec_lyase	mmseqs	0.05
TNFR_c6	mmseqs	0.46153846153846156
cystatin	mmseqs	0.21505376344086022
recA	mmseqs	0.8070175438596491
LIF_OSM	mmseqs	0.14634146341463417
S-AdoMet_synt	mmseqs	0.7868852459016394
Amidase	mmseqs	0.14512471655328796
MAAL_N	mmseqs	0.6609442060085837
cpa	mmseqs	0.3867684478371501
Cu_bind_like	mmseqs	0.4033613445378152
zf-CCHC	mmseqs	0.5217391304347826
DAHP_synth_1	mmseqs	0.022727272727272724
CCP_MauG_NC	mmseqs	0.6399999999999999
ghf16	mmseqs	0.9569377990430622
bontoxilysin	mmseqs	0.5142857142857143
NTP_transferase	mmseqs	0.10569105691056911
MM_CoA_mutase_N	mmseqs	0.27443609022556387
ModE_C	mmseqs	0.5340314136125653
ribonuclease_T2	mmseqs	0.22448979591836732
TrkA-N	mmseqs	0.2424242424242424
Dwarfin	mmseqs	0.6761363636363638
TmpK	mmseqs	0.26006191950464397
ferritin	mmseqs	0.9292929292929293
ghf11	mmseqs	0.7112676056338028
arginase	mmseqs	0.6169772256728778
CUB	mmseqs	0.5966850828729281
SIR2	mmseqs	0.2098360655737705
Cys-protease-3C	mmseqs	0.08465608465608465
Bacterial_PQQ	mmseqs	0.317037037037037
EFG_IV	mmseqs	0.12307692307692307
NHase_beta	mmseqs	0.22222222222222224
S-AdoMet_syntD2	mmseqs	0.6534653465346536
avi	mmseqs	0.27737226277372257
SAP	mmseqs	0.5384615384615385
Dehydratase_LU	mmseqs	0.9450139794967382
SRF-TF	mmseqs	0.35789473684210527
hom	mmseqs	0.19354838709677416
flavbb	mmseqs	0.42888402625820565
HMG-CoA_red	mmseqs	0.06451612903225808
lipase	mmseqs	0.9495412844036697
squash	mmseqs	0.4
COX2	mmseqs	0.44067796610169496
Terpene_synth_C	mmseqs	0.3752759381898454
DNA_methylase	mmseqs	0.14772727272727273
SHMT	mmseqs	0.6817538896746818
SAM	mmseqs	0.6212121212121212
Tymo_coat	mmseqs	0.5923076923076923
Cutinase	mmseqs	0.056179775280898875
PGM_PMM_I	mmseqs	0.5714285714285715
sh2	mmseqs	0.2095238095238095
gln-synt_N	mmseqs	0.5398773006134969
Nitrophorin	mmseqs	0.736842105263158
aabp	mmseqs	0.09917355371900827
kringle	mmseqs	0.28260869565217395
cys	mmseqs	0.07441860465116279
glnasn	mmseqs	0.6725043782837128
NHase_alpha	mmseqs	0.6416382252559727
Dala_Dala_ligas	mmseqs	0.29508196721311475
gag_p17	mmseqs	0.776595744680851
Furin-like	mmseqs	0.31292517006802717
ENTH	mmseqs	0.13749999999999998
Spermine_synth	mmseqs	0.3782234957020057
Dala_Dala_ligas_C	mmseqs	0.35335689045936397
Bac_DNA_binding	mmseqs	0.2222222222222222
Ribosomal_L2_N	mmseqs	0.41975308641975306
UreE	mmseqs	0.1
CBD_3	mmseqs	0.09756097560975611
B_lectin	mmseqs	1.0
blm	mmseqs	0.508557457212714
S-AdoMet_syntD3	mmseqs	0.7849056603773585
ETF_alpha	mmseqs	0.7161410018552875
Ribosomal_L30	mmseqs	0.3188405797101449
PPDK_N_term	mmseqs	0.7253731343283581
HGTP_anticodon	mmseqs	0.14545454545454545
stpp	mmseqs	0.546236559139785
SRP54	mmseqs	0.4646017699115044
GSH_synthase	mmseqs	0.6122448979591837
dTDP_sugar_isom	mmseqs	0.7925696594427244
ghf10	mmseqs	0.45116279069767445
tRNA-synt_1	mmseqs	0.03578528827037773
NiFeSe_Hases	mmseqs	0.8503937007874016
hemopexin	mmseqs	0.12307692307692307
GSH_synthase_NC	mmseqs	0.4347826086956521
Pro_CA	mmseqs	0.27983539094650206
BIR	mmseqs	0.3442622950819672
VAT-Nn	mmseqs	0.1075268817204301
GerE	mmseqs	0.3333333333333333
asp	mmseqs	0.14545454545454545
ARID	mmseqs	0.12499999999999999
GATA	mmseqs	0.7901234567901234
Ald_Xan_dh_1	mmseqs	0.11042944785276072
ghf17	mmseqs	0.7972027972027972
kunitz	mmseqs	0.3188405797101449
Ribosomal_S15	mmseqs	0.8533333333333333
LEM	mmseqs	0.2191780821917808
MHC_II_C	mmseqs	0.1320754716981132
mmob_lower	mmseqs	0.874828060522696
DHH	mmseqs	0.8285714285714286
ghf1	mmseqs	0.141280353200883
spidertoxin	mmseqs	0.967741935483871
Methyltransf_2	mmseqs	0.1375661375661376
ptpase	mmseqs	0.4962025316455696
BRCT	mmseqs	0.2608695652173913
Hpr_kinase	mmseqs	0.6007604562737642
tetR	mmseqs	0.1875
Glyco_transf_6	mmseqs	0.5339578454332553
capsid_c	mmseqs	0.7538461538461537
XPG_NI	mmseqs	0.7796610169491526
DNA_ligase	mmseqs	0.07239819004524888
Ribosomal_S30AE	mmseqs	0.9278350515463918
Peptidase_C15	mmseqs	0.5636363636363636
TyrKc	mmseqs	0.6045454545454546
PARP	mmseqs	0.7792207792207791
alpha-amylase_N	mmseqs	0.5628140703517587
Ribosomal_L12	mmseqs	0.9558823529411765
Band_41_M	mmseqs	0.21052631578947367
thymid_phosphorylase	mmseqs	0.4909090909090909
pro_aminopeptidase	mmseqs	0.864406779661017
C1q	mmseqs	0.7227722772277229
CoA_binding	mmseqs	0.8796296296296297
PDGF	mmseqs	0.4615384615384615
Glyco_transf_8	mmseqs	0.0979591836734694
transcript_fac2	mmseqs	0.4
FAD_binding_2	mmseqs	0.41655172413793096
FYVE	mmseqs	0.45999999999999996
Egg_lysin	mmseqs	0.9316239316239318
EFG_C	mmseqs	0.0851063829787234
Ribosomal_S7	mmseqs	0.7935222672064778
FAD_binding_5	mmseqs	0.11111111111111112
Sua5_yciO_yrdC	mmseqs	0.2167487684729064
Pep_deformylase	mmseqs	0.17733990147783252
aldosered	mmseqs	0.04347826086956522
rub	mmseqs	0.7901234567901234
psaA_psaB	mmseqs	0.6246006389776357
HATPase_c	mmseqs	0.08294930875576038
GP120	mmseqs	0.9493243243243243
porin	mmseqs	0.06081081081081082
lh2	mmseqs	0.36111111111111105
Lyase_8_NC	mmseqs	0.03697996918335902
MCR_alpha_N	mmseqs	0.8400852878464818
igC1	mmseqs	0.13084112149532712
Fapy_DNA_glyco	mmseqs	0.5968819599109131
Cytochrome_C1_C	mmseqs	0.33333333333333337
galpha	mmseqs	0.5983935742971888
RNA_pol_N	mmseqs	0.7422680412371134
subt	mmseqs	0.05947955390334572
CytoC_RC	mmseqs	0.6690391459074734
Arg_repressor_N	mmseqs	0.21153846153846154
phycoerythr_ab	mmseqs	0.7889908256880734
RrnaAD	mmseqs	0.7178217821782178
malic_C	mmseqs	0.6793893129770993
parv	mmseqs	0.7032967032967034
ldh	mmseqs	0.15141955835962143
TMV_coat	mmseqs	0.4137931034482759
Ribosomal_L14	mmseqs	0.4530386740331492
Flavoprotein	mmseqs	0.31623931623931617
RNase_HII	mmseqs	0.4080459770114942
ghf9	mmseqs	0.15349887133182843
Epimerase	mmseqs	0.22099447513812154
Heme_oxygenase	mmseqs	0.9952606635071091
Orbi_VP7	mmseqs	0.46766169154228854
ndk	mmseqs	0.7622950819672132
Amidase_2	mmseqs	0.18421052631578946
eIF6	mmseqs	0.2847682119205298
ghf7	mmseqs	0.5000000000000001
trans_reg_C	mmseqs	0.4096385542168674
serbact	mmseqs	0.27312775330396477
GP41	mmseqs	0.6
profilin	mmseqs	0.05970149253731344
rvp	mmseqs	0.26666666666666666
ghf34	mmseqs	0.21363636363636365
Peptidase_C2_D2	mmseqs	0.7377049180327868
Ribosomal_L22	mmseqs	0.1864406779661017
gluts	mmseqs	0.9433962264150944
Jacalin	mmseqs	0.988593155893536
PARP_reg	mmseqs	0.14492753623188406
HMA	mmseqs	0.15217391304347824
DISIN	mmseqs	0.7123287671232876
TPK	mmseqs	0.26380368098159507
phosphotriesterase	mmseqs	0.29608938547486036
EFTU_C	mmseqs	0.27777777777777773
Ribosomal_S8	mmseqs	0.7807017543859649
Pept_C1-like	mmseqs	0.4578313253012048
enolase	mmseqs	0.8961352657004831
p450	mmseqs	0.06315789473684211
integrase	mmseqs	0.21875
RNA_pol_H	mmseqs	0.6774193548387097
Arginosuc_synth	mmseqs	0.15765765765765766
recA_C	mmseqs	0.7692307692307692
TPK_catalytic	mmseqs	0.3553719008264463
FAA_hydrolase	mmseqs	0.0693069306930693
URO-D	mmseqs	0.3695652173913044
aminobp	mmseqs	0.9349112426035502
Desulfoferrodox	mmseqs	0.28846153846153844
Transpeptidase	mmseqs	0.9872611464968153
DAO	mmseqs	0.15425531914893617
dNK	mmseqs	0.4842767295597484
CIDE-N	mmseqs	0.4615384615384615
phc	mmseqs	0.6829268292682927
ChtBD	mmseqs	0.6666666666666666
SPEC	mmseqs	0.09615384615384616
ATP-gua_Ptrans	mmseqs	0.36701030927835054
Amino_oxidase_D2	mmseqs	0.22764227642276422
VHS	mmseqs	0.3251231527093596
RNA_pol_A_CTD	mmseqs	0.26506024096385544
TPK_B1_binding	mmseqs	0.13186813186813187
Glyco_hydro_67	mmseqs	0.5984555984555984
Mu_DNA_bind	mmseqs	0.4222222222222222
Arthro_defensin	mmseqs	0.37499999999999994
Ricin_B_lectin	mmseqs	0.844
hormone5	mmseqs	0.9240506329113923
citrate_synt	mmseqs	0.057291666666666664
LuxS	mmseqs	0.4999999999999999
adeno_fiber	mmseqs	0.6397515527950312
PGI	mmseqs	0.07982261640798227
Lipoprotein_4	mmseqs	0.1969230769230769
ICL	mmseqs	0.27667984189723316
SAICAR_synt	mmseqs	0.07048458149779736
Orn_Arg_deC_N	mmseqs	0.986842105263158
Astacin	mmseqs	0.3125
kex	mmseqs	0.18666666666666668
Phage_G	mmseqs	0.4872727272727273
tRNA-synt_1d	mmseqs	0.07999999999999999
tms	mmseqs	0.4975845410628019
SpoU_methylase_C	mmseqs	0.41897233201581036
arrestin_NC	mmseqs	0.8107302533532041
tRNA-synt_1c	mmseqs	0.028070175438596492
Peptidase_S11	mmseqs	0.17624521072796936
AP_endonucleas1	mmseqs	0.13571428571428573
tRNA-synt_1_edit	mmseqs	0.2564102564102564
tyrosinase	mmseqs	0.09056603773584905
annexin	mmseqs	0.8778877887788779
ALAD	mmseqs	0.40271493212669685
il8	mmseqs	0.08823529411764706
PBP_C2	mmseqs	1.0
Ham1p_like	mmseqs	0.42804428044280446
SLT_beta	mmseqs	0.9696969696969697
sodcu	mmseqs	0.09589041095890412
myb_DNA-binding	mmseqs	0.1951219512195122
BChl_A	mmseqs	0.9666182873730044
serpin	mmseqs	0.29521829521829523
CoA_trans	mmseqs	0.07272727272727274
E2_N	mmseqs	0.8130081300813007
utg	mmseqs	0.8091603053435115
trp_syntA	mmseqs	0.15849056603773584
pentraxin	mmseqs	0.8272251308900522
NTP_transf_2_2	mmseqs	0.2589928057553956
Bac_globin	mmseqs	0.6127167630057804
DHHA2	mmseqs	0.6794258373205742
GXGXG	mmseqs	0.6547884187082407
alk_phosphatase	mmseqs	0.09004739336492892
PAX	mmseqs	0.9288702928870294
DEFSN	mmseqs	0.17647058823529413
T-box	mmseqs	0.7755102040816327
Pertussis_S2S3_NC	mmseqs	0.9312169312169313
toxin	mmseqs	0.10526315789473682
TNF	mmseqs	0.125
icd	mmseqs	0.0471976401179941
PBP	mmseqs	0.08
DeoC	mmseqs	0.31034482758620696
Terpene_synth_NC	mmseqs	0.490272373540856
ligase-CoA_NC	mmseqs	0.3729508196721312
FA58C	mmseqs	0.3508771929824562
HTH_AraC_2	mmseqs	0.5222222222222223
vprotease	mmseqs	0.9513888888888888
ETF_beta	mmseqs	0.7245119305856832
Parvo_coat2	mmseqs	0.7544041450777202
ech	mmseqs	0.04428044280442804
urease	mmseqs	0.9153153153153154
Glyco_hydro_18_D1	mmseqs	0.11486486486486486
CC4	mmseqs	0.3121951219512195
Peptidase_S21	mmseqs	0.28571428571428575
GLA	mmseqs	0.4782608695652174
MCR_beta_NC	mmseqs	0.7899371069182389
tRNA-synt_2d	mmseqs	0.15384615384615385
Glucosamine_iso	mmseqs	0.891566265060241
Integrase_Zn	mmseqs	0.5569620253164557
MutS_C	mmseqs	0.7513812154696133
sodfe	mmseqs	0.5813953488372093
MATH	mmseqs	0.7445255474452555
Dehydratase_SU	mmseqs	0.9063670411985019
DPS	mmseqs	0.3813559322033898
phero	mmseqs	0.4347826086956522
mthina	mmseqs	1.0
PAC	mmseqs	0.48611111111111105
Nitroreductase	mmseqs	0.2574257425742575
WW	mmseqs	0.15
Phage_F	mmseqs	0.9023485784919655
PEP-utilizers_NC	mmseqs	0.7378277153558053
hemocyan	mmseqs	0.43973214285714285
MIP	mmseqs	0.2172284644194757
Arch_histone	mmseqs	0.9618320610687023
RA	mmseqs	0.5430463576158939
Cyclodex_gly_tran	mmseqs	0.5477031802120141
Glyco_hydro_47	mmseqs	0.5888456549935149
biopterin_H	mmseqs	0.904679376083189
Asn_synthase	mmseqs	0.31764705882352945
GLUCAGON	mmseqs	1.0
AlaDh_PNT_D1	mmseqs	0.1658986175115207
DNA_gyraseB_N2	mmseqs	0.6742209631728046
Cucumo_coat	mmseqs	0.6807017543859649
gpdh	mmseqs	0.6809917355371901
thionin	mmseqs	0.5714285714285715
AAA	mmseqs	0.08695652173913045
Yers_vir_YopE	mmseqs	0.21276595744680848
pou	mmseqs	0.9104477611940299
IMPDH	mmseqs	0.31024930747922436
Hydrolase	mmseqs	0.8
cyt5	mmseqs	0.9743589743589742
tln	mmseqs	0.7032136105860113
cpn10	mmseqs	0.5833333333333334
Ribosomal_L2	mmseqs	0.597938144329897
Usp	mmseqs	0.21794871794871795
DNA_pol_B	mmseqs	0.1065989847715736
hormone	mmseqs	1.0
ANK	mmseqs	0.3625
Inh	mmseqs	0.248062015503876
xia	mmseqs	0.8233576642335766
LysR_substrate	mmseqs	0.0990990990990991
MHC_II_beta_NC	mmseqs	0.3008849557522124
mmo	mmseqs	0.8734177215189873
L15	mmseqs	0.44943820224719105
Peptidase_A6	mmseqs	0.7326732673267327
hemery	mmseqs	0.7889908256880733
tim	mmseqs	0.9380165289256198
Acetyltransf2	mmseqs	0.47000000000000003
hexokinase	mmseqs	0.6692307692307693
cytb	mmseqs	0.33333333333333337
END	mmseqs	0.8333333333333333
MGS	mmseqs	0.1568627450980392
GAD	mmseqs	0.08759124087591243
ins	mmseqs	0.28
PGM_PMM_III	mmseqs	0.8687782805429863
envelope	mmseqs	0.5
A2M_B	mmseqs	0.961038961038961
igvar-h	mmseqs	0.6086956521739131
TIMP	mmseqs	0.48000000000000004
int	mmseqs	0.22222222222222224
Topoisomerase_I	mmseqs	0.6914893617021276
PGM_PMM	mmseqs	0.6919831223628692
lta	mmseqs	0.8294117647058823
tubulin	mmseqs	0.6462765957446808
cdh	mmseqs	0.9157894736842105
QRPTase	mmseqs	0.5916666666666667
abhydrolase_2	mmseqs	0.4773413897280967
DNA_ligase_N	mmseqs	0.5443037974683544
HMG_box	mmseqs	0.13157894736842107
GroEL	mmseqs	0.22448979591836735
dpo1	mmseqs	0.07317073170731707
HSF_DNA-bind	mmseqs	0.7050359712230214
gdh	mmseqs	0.18128654970760233
Rop	mmseqs	0.9743589743589743
Glyco_hydro_48	mmseqs	0.7934027777777778
Ribosomal_S5_N	mmseqs	0.6382978723404255
Pertussis_S2S3	mmseqs	0.8780487804878049
pot	mmseqs	0.2758620689655172
THF_DHG_CYH	mmseqs	0.6444906444906445
EPSP_syntase	mmseqs	0.03800475059382422
sugbp	mmseqs	0.13253012048192772
SpoU_methylase	mmseqs	0.32515337423312884
rvintegrase	mmseqs	0.1343283582089552
PEP-utilizers_C	mmseqs	0.7125382262996942
GHMP_kinases_N	mmseqs	0.08588957055214724
aldedh	mmseqs	0.30347349177330896
Pectinesterase	mmseqs	0.2914572864321608
DUF153	mmseqs	0.45197740112994345
AFOR	mmseqs	0.4087256027554535
MDH	mmseqs	0.972972972972973
gln-synt_NC	mmseqs	0.712778429073857
cyt3	mmseqs	0.16071428571428573
acid_phosphat	mmseqs	0.034653465346534656
STAS	mmseqs	0.43999999999999995
Tautomerase	mmseqs	1.0
tryp_alpha_amyl	mmseqs	0.37142857142857144
arrestin_C	mmseqs	0.7616279069767442
STAT	mmseqs	0.805528134254689
Seedstore_7s	mmseqs	0.7917329093799683
Anperoxidase	mmseqs	0.11666666666666668
MBD	mmseqs	0.24000000000000002
ltn	mmseqs	0.6470588235294118
UPF0044	mmseqs	0.9578947368421052
pcd	mmseqs	0.20627802690582958
PABP	mmseqs	0.7476635514018691
cytc	mmseqs	0.3166666666666667
FAD_binding	mmseqs	0.2714681440443213
MSP_domain	mmseqs	0.9959514170040485
Amino_oxidase	mmseqs	0.12295081967213116
rep	mmseqs	0.3544303797468354
phoslip	mmseqs	0.6169154228855721
6PF2K	mmseqs	0.9073170731707318
Fe_hyd_lg_C	mmseqs	0.6697388632872504
IMS	mmseqs	0.8053333333333333
TIL	mmseqs	0.30303030303030304
Transglutamin_NC	mmseqs	0.4399141630901288
Asn_synthase_NC	mmseqs	0.2121807465618861
il10	mmseqs	0.9929078014184397
NTP_transf_2_N2	mmseqs	0.5907928388746803
ghf15	mmseqs	0.3557858376511226
Esterase	mmseqs	0.9465930018416207
PAP2	mmseqs	0.2631578947368421
Bcl-2	mmseqs	0.1871345029239766
WH1	mmseqs	0.9015544041450776
Cu-oxidase	mmseqs	0.14772727272727273
aldose	mmseqs	0.8934169278996866
YgbB	mmseqs	0.4
LDLa	mmseqs	0.6779661016949152
hip	mmseqs	0.8307692307692307
COX1	mmseqs	0.7105538140020898
Prismane	mmseqs	0.8140900195694716
LIM	mmseqs	0.7692307692307692
neur_chan_memb	mmseqs	0.8372093023255814
MCR_beta_N	mmseqs	0.6990881458966566
hla	mmseqs	0.9186046511627907
CCP_MauG_C	mmseqs	0.4502164502164502
AlaDh_PNT	mmseqs	0.0347394540942928
eIF-1a	mmseqs	0.38181818181818183
bac_luciferase	mmseqs	0.06808510638297872
thiored	mmseqs	0.32558139534883723
ung	mmseqs	0.770448548812665
RRF	mmseqs	0.5031055900621118
CBD_6	mmseqs	0.2681564245810056
Cu_amine_oxid	mmseqs	0.07290015847860538
MAAL_C	mmseqs	0.7533632286995515
CBM_20	mmseqs	0.36923076923076925
gln-synt	mmseqs	0.7500000000000001
nir	mmseqs	0.9092682926829269
MAAL	mmseqs	0.7561643835616438
Topoisomerase_I_core	mmseqs	0.04405286343612334
UPP_synthetase	mmseqs	0.3843416370106762
lipoxygenase	mmseqs	0.9550425273390036
IU_nuc_hydro	mmseqs	0.9705882352941176
Cohesin	mmseqs	0.9207547169811321
KSI	mmseqs	0.4484848484848485
OTCace	mmseqs	0.06825938566552901
ADP_PFK_GK	mmseqs	0.7193877551020408
TFIIS	mmseqs	0.4
MYSc	mmseqs	0.6328699918233851
ghf46	mmseqs	0.0885608856088561
Phage_lysozyme	mmseqs	0.6797385620915033
dhfr	mmseqs	0.2717391304347826
csp	mmseqs	0.7804878048780488
hr	mmseqs	0.7636363636363637
aconitase	mmseqs	0.10706638115631692
DMRL_synthase	mmseqs	0.163265306122449
TRANSTHYRETIN	mmseqs	1.0
fbpase	mmseqs	0.9918433931484503
Glu_syn_central	mmseqs	0.6966966966966966
TBCA	mmseqs	0.44274809160305345
ghf22	mmseqs	0.6666666666666665
VAT-Nc	mmseqs	0.17647058823529413
Ald_Xan_dh_2	mmseqs	0.06433566433566434
Cytochrome_C1	mmseqs	0.7982062780269058
ghf14	mmseqs	0.34137291280148424
ISP	mmseqs	0.5314685314685315
Beta_elim_lyase	mmseqs	0.7277486910994765
SUI1	mmseqs	0.34074074074074073
SKI	mmseqs	0.46428571428571436
IF4E	mmseqs	0.33962264150943394
ribokinase	mmseqs	0.18518518518518517
aspg	mmseqs	0.2692307692307693
Ribosomal_L2_C	mmseqs	0.577319587628866
Penicil_amidase	mmseqs	0.0737327188940092
prc	mmseqs	0.4266666666666667
Rotamase	mmseqs	0.35772357723577236
Dala_Dala_ligas_N	mmseqs	0.21666666666666667
Cytidylyl_trans	mmseqs	0.13852813852813853
UCR_TM	mmseqs	0.40707964601769914
G6PD	mmseqs	0.19999999999999998
zf-TAZ	mmseqs	0.3709677419354839
S-AdoMet_synt_NC	mmseqs	0.7548291233283803
HCV_NS3	mmseqs	0.9893048128342246
PAF-AH	mmseqs	0.8697916666666667
MCR_alpha_NC	mmseqs	0.8805528134254689
slectin	mmseqs	0.2181818181818182
TrpBP	mmseqs	0.9850746268656716
RuBisCO_small	mmseqs	0.1639344262295082
UBQ	mmseqs	0.8029197080291972
fer4_NifH	mmseqs	0.9087452471482889
G6PD_NC	mmseqs	0.3087027914614121
GTP_cyclohydroI	mmseqs	0.363013698630137
DSBA	mmseqs	0.4262295081967213
ModA	mmseqs	0.2814814814814815
UBX	mmseqs	0.09876543209876544
zf-CCHH	mmseqs	0.2758620689655173
KH	mmseqs	0.20253164556962025
Ribonuclease_P	mmseqs	0.6813186813186812
transketolase	mmseqs	0.05844155844155845
GBP_PSP	mmseqs	1.0
Transglutamin_N	mmseqs	0.09580838323353293
PMSR	mmseqs	0.7142857142857143
CCP_MauG	mmseqs	0.7942238267148015
Terpene_synth_N	mmseqs	0.6688102893890676
6PGD	mmseqs	0.3387096774193548
Peptidase_M17	mmseqs	0.5285412262156448
malic_N	mmseqs	0.864406779661017
Arg_repressor_C	mmseqs	0.5742574257425743
Activin_recp	mmseqs	0.15909090909090906
Cytochrome_C1_N	mmseqs	0.8961748633879781
rnase	mmseqs	0.9393939393939394
fkbp	mmseqs	0.6594594594594594
XPG_C	mmseqs	0.5444444444444445
IRF	mmseqs	0.6731707317073171
SRP19	mmseqs	0.3893805309734513
igcon	mmseqs	0.6060606060606061
HPPK	mmseqs	0.8
C4	mmseqs	0.8711943793911007
SRP54M	mmseqs	0.1818181818181818
Haloperoxidase	mmseqs	0.12099644128113878
G6PD_C	mmseqs	0.35127478753541075
Fe_dep_repress	mmseqs	0.9833333333333333
DnaJ	mmseqs	0.65
SAM_decarbox	mmseqs	0.31797235023041476
Amidinotransferase	mmseqs	0.376940133037694
Me-amine-deh_L	mmseqs	0.9067796610169492
bac_lipase	mmseqs	0.984076433121019
asprs	mmseqs	0.5187319884726226
ghf2	mmseqs	0.21082621082621084
arrestin	mmseqs	0.8580246913580247
Urease_beta	mmseqs	0.8783068783068783
Methyltransf_1	mmseqs	0.37948717948717947
FHA	mmseqs	0.144
NMT	mmseqs	0.7475592747559275
ngf	mmseqs	0.8932038834951458
Cys_knot	mmseqs	0.35200000000000004
CDC48	mmseqs	0.0782122905027933
gtp	mmseqs	0.4098360655737705
Topoisom_bac	mmseqs	0.09774436090225565
MAP1_LC3	mmseqs	0.9174311926605505
APC10	mmseqs	0.4444444444444445
mmoa	mmseqs	0.9871159563924677
ATP-synt	mmseqs	0.08805031446540881
DNA_mis_repair_NM	mmseqs	0.2717948717948718
KISc	mmseqs	0.527306967984934
RING	mmseqs	0.15151515151515152
ets	mmseqs	0.7826086956521738
Bacteriofer	mmseqs	0.8142857142857143
SCP2	mmseqs	0.37575757575757573
Peptidase_M10A	mmseqs	0.7313237221494101
mutT	mmseqs	0.1095890410958904
XPG_NC	mmseqs	0.7005444646098004
endotoxin	mmseqs	0.4211711711711712
NusB	mmseqs	0.16058394160583941
linker_histone	mmseqs	0.3404255319148936
SLT	mmseqs	0.145985401459854
Ribosomal_L11	mmseqs	0.7812499999999999
SCP	mmseqs	0.12949640287769784
Pyridox_oxidase	mmseqs	0.5961538461538463
Band_41_N	mmseqs	0.24489795918367346
Fork_head	mmseqs	0.7368421052631579
eIF-5a	mmseqs	0.45794392523364486
tcl1_mtcp1	mmseqs	0.5257142857142857
voltage_CLC	mmseqs	0.9540636042402827
RNA_pol_K	mmseqs	0.923076923076923
Peptidase_M27	mmseqs	0.36951501154734406
SET	mmseqs	0.6212534059945504
LMWPc	mmseqs	0.5447470817120622
CAP_GLY	mmseqs	0.16
PotD	mmseqs	0.5797598627787307
PSI_PsaE	mmseqs	0.84375
CASc	mmseqs	0.16101694915254236
recA_N	mmseqs	0.840085287846482
leukocidin	mmseqs	0.30547550432276654
DNA_gyraseB	mmseqs	0.6032786885245901
Antifreeze	mmseqs	0.9120000000000001
AMP-binding	mmseqs	0.06517311608961303
grs	mmseqs	0.11038961038961038
Peptidase_M16	mmseqs	0.12903225806451613
Ribosomal_S5	mmseqs	0.8489795918367348
rasgap	mmseqs	0.41666666666666663
C2	mmseqs	0.2074074074074074
scorptoxin	mmseqs	0.5957446808510638
Fz	mmseqs	0.6974358974358975
MurB_C	mmseqs	0.27906976744186046
Lum_binding	mmseqs	0.1346153846153846
cyclo	mmseqs	0.5333333333333333
Ran_BP1	mmseqs	0.8482490272373541
P53	mmseqs	1.0
BAG	mmseqs	0.9819819819819819
RuBisCO_large_N	mmseqs	0.4320987654320988
FN2	mmseqs	0.23529411764705882
ATP-synt_g	mmseqs	0.091324200913242
VAT-N	mmseqs	0.09473684210526315
Peptidase_C2_D1	mmseqs	0.9813333333333334
Transaldolase	mmseqs	0.8397976391231028
RuvA	mmseqs	0.2644628099173554
Dehydratase_MU	mmseqs	0.7889908256880735
chorismate_bind	mmseqs	0.4844517184942717
Glyco_hydro_20b	mmseqs	0.1232876712328767
oxidored_FMN	mmseqs	0.2776349614395887
CopC	mmseqs	0.9484536082474226
Cu_nir	mmseqs	0.9908814589665653
UCH	mmseqs	0.3022222222222222
MCR_beta	mmseqs	0.8601694915254238
PyrI_NC	mmseqs	0.9261744966442954
Ribosomal_L5_NC	mmseqs	0.3855421686746988
rvt	mmseqs	0.2712933753943218
rnh	mmseqs	0.1958041958041958
Fe-ADH	mmseqs	0.6271186440677966
DHBP_synthase	mmseqs	0.6912181303116147
ATP-sulfurylase	mmseqs	0.7553072625698324
Peptidase_C2	mmseqs	0.90032154340836
Histidine_kinase	mmseqs	0.14388489208633093
Adenylsucc_synt	mmseqs	0.5678670360110805
GSH_synth_ATP	mmseqs	0.40720720720720716
DHquinase_II	mmseqs	0.638655462184874
DAP_epimerase	mmseqs	0.08633093525179858
tbpc	mmseqs	0.3525179856115108
Elicitin	mmseqs	1.0
RuBisCO_large	mmseqs	0.39361702127659576
mdm2	mmseqs	0.9940828402366864
aminotran_5	mmseqs	0.732612055641422
sti	mmseqs	0.7974683544303798
PAH	mmseqs	0.8944099378881989
lacI	mmseqs	0.6136363636363636
Orn_Arg_deC_NC	mmseqs	0.947075208913649
PBP_C1	mmseqs	0.9833333333333333
Peptidase_S24	mmseqs	0.48387096774193555
oxidored_q6	mmseqs	0.5736434108527132
hsp90	mmseqs	0.8771929824561404
MCR_gamma	mmseqs	0.823529411764706
Transglut_core	mmseqs	0.701627486437613
HTH_AraC	mmseqs	0.3448275862068966
7kD_DNA_binding	mmseqs	0.8907563025210083
WHEP-TRS	mmseqs	0.8865979381443299
ace	mmseqs	0.27184466019417475
merR	mmseqs	0.2601626016260163
CMAS	mmseqs	0.8468809073724006
CODH	mmseqs	0.858611825192802
ccH	mmseqs	0.3037974683544304
DHPS	mmseqs	0.5021834061135371
Amino_oxidase_D1	mmseqs	0.18734177215189873
OMPdecase	mmseqs	0.1889763779527559
GEL	mmseqs	0.08620689655172413
Propep_M14	mmseqs	0.22916666666666669
RHD	mmseqs	0.8226691042047533
UvrD-helicase	mmseqs	0.5597775718257647
PGM_PMM_NC	mmseqs	0.705765407554672
CcmE	mmseqs	0.7419354838709676
PAS	mmseqs	0.24827586206896549
ricin	mmseqs	0.1522491349480969
NTP_transf_2	mmseqs	0.6496
SNAP-25	mmseqs	0.8387096774193548
aminotran_4	mmseqs	0.1533546325878594
GFP	mmseqs	0.22580645161290322
phs	mmseqs	0.6222547584187408
B	mmseqs	0.85
CAT_RBD	mmseqs	0.6464646464646464
MutS_N	mmseqs	0.3448275862068966
Lyase_8_N	mmseqs	0.08832807570977919
THAUMATIN	mmseqs	0.7826086956521738
rnasemam	mmseqs	0.23333333333333334
PTS_EIIA_2	mmseqs	0.15757575757575756
mthinb	mmseqs	0.9
GFO_IDH_MocA	mmseqs	0.14285714285714285
dpb	mmseqs	0.06286836935166994
ABC_tran	mmseqs	0.15044247787610618
RNA_pol_A_bac	mmseqs	0.6373626373626373
E1_dehydrog	mmseqs	0.5290806754221388
MIF	mmseqs	0.46357615894039744
pgk	mmseqs	0.6917712691771271
Lipoprotein_6	mmseqs	0.8590163934426229
IF3	mmseqs	0.8470588235294119
DNA_pol_B_exo	mmseqs	0.8323170731707317
DegT_DnrJ_EryC1	mmseqs	0.13670886075949368
pdc	mmseqs	0.18968386023294506
UPF0033	mmseqs	0.18390804597701146
UCR_14kD	mmseqs	0.40845070422535207
malic	mmseqs	0.7650602409638553
Rib_hydrolayse	mmseqs	0.21908127208480563
PCI_1	mmseqs	0.9375
P-II	mmseqs	0.6285714285714286
hpr	mmseqs	0.9325153374233129
Huristasin	mmseqs	0.5411764705882353
P	mmseqs	0.4057971014492754
PyrI	mmseqs	0.9128205128205129
IFN-gamma	mmseqs	0.9162995594713657
aakinase	mmseqs	0.5658914728682171
neurotox	mmseqs	0.19354838709677416
Glu_synth_NTN	mmseqs	0.6209677419354839
RuBisCO_large_NC	mmseqs	0.30390143737166325
rnr	mmseqs	0.16560509554140126
sermam	mmseqs	0.2307692307692308
F5_F8_type_C	mmseqs	0.5811965811965812
E2_C	mmseqs	0.46031746031746035
